<?xml version="1.0" encoding="UTF-8"?>
<gpx version="1.1" creator="dolomites-trip" xmlns="http://www.topografix.com/GPX/1/1">
  <metadata><name>День 3: Belluno → Feltre (Val Belluna)</name></metadata>
  <trk>
    <name>День 3: Belluno → Feltre (Val Belluna)</name>
    <trkseg>
      <trkpt lat="46.13916" lon="12.21667"><ele>387</ele></trkpt>
      <trkpt lat="46.13910" lon="12.21647"><ele>388</ele></trkpt>
      <trkpt lat="46.13909" lon="12.21644"><ele>388</ele></trkpt>
      <trkpt lat="46.13908" lon="12.21645"><ele>388</ele></trkpt>
      <trkpt lat="46.13899" lon="12.21651"><ele>387</ele></trkpt>
      <trkpt lat="46.13895" lon="12.21653"><ele>387</ele></trkpt>
      <trkpt lat="46.13891" lon="12.21654"><ele>387</ele></trkpt>
      <trkpt lat="46.13889" lon="12.21652"><ele>387</ele></trkpt>
      <trkpt lat="46.13887" lon="12.21653"><ele>387</ele></trkpt>
      <trkpt lat="46.13885" lon="12.21647"><ele>387</ele></trkpt>
      <trkpt lat="46.13873" lon="12.21623"><ele>386</ele></trkpt>
      <trkpt lat="46.13863" lon="12.21588"><ele>386</ele></trkpt>
      <trkpt lat="46.13861" lon="12.21580"><ele>386</ele></trkpt>
      <trkpt lat="46.13853" lon="12.21556"><ele>386</ele></trkpt>
      <trkpt lat="46.13851" lon="12.21551"><ele>386</ele></trkpt>
      <trkpt lat="46.13849" lon="12.21548"><ele>385</ele></trkpt>
      <trkpt lat="46.13846" lon="12.21546"><ele>384</ele></trkpt>
      <trkpt lat="46.13830" lon="12.21591"><ele>384</ele></trkpt>
      <trkpt lat="46.13828" lon="12.21600"><ele>383</ele></trkpt>
      <trkpt lat="46.13827" lon="12.21609"><ele>383</ele></trkpt>
      <trkpt lat="46.13827" lon="12.21626"><ele>384</ele></trkpt>
      <trkpt lat="46.13830" lon="12.21651"><ele>385</ele></trkpt>
      <trkpt lat="46.13831" lon="12.21661"><ele>385</ele></trkpt>
      <trkpt lat="46.13831" lon="12.21666"><ele>385</ele></trkpt>
      <trkpt lat="46.13830" lon="12.21670"><ele>385</ele></trkpt>
      <trkpt lat="46.13817" lon="12.21677"><ele>385</ele></trkpt>
      <trkpt lat="46.13813" lon="12.21681"><ele>385</ele></trkpt>
      <trkpt lat="46.13808" lon="12.21686"><ele>385</ele></trkpt>
      <trkpt lat="46.13805" lon="12.21691"><ele>385</ele></trkpt>
      <trkpt lat="46.13801" lon="12.21701"><ele>384</ele></trkpt>
      <trkpt lat="46.13799" lon="12.21710"><ele>384</ele></trkpt>
      <trkpt lat="46.13797" lon="12.21721"><ele>384</ele></trkpt>
      <trkpt lat="46.13797" lon="12.21730"><ele>384</ele></trkpt>
      <trkpt lat="46.13797" lon="12.21738"><ele>384</ele></trkpt>
      <trkpt lat="46.13798" lon="12.21744"><ele>384</ele></trkpt>
      <trkpt lat="46.13798" lon="12.21749"><ele>384</ele></trkpt>
      <trkpt lat="46.13796" lon="12.21752"><ele>384</ele></trkpt>
      <trkpt lat="46.13793" lon="12.21754"><ele>384</ele></trkpt>
      <trkpt lat="46.13773" lon="12.21763"><ele>385</ele></trkpt>
      <trkpt lat="46.13768" lon="12.21764"><ele>385</ele></trkpt>
      <trkpt lat="46.13761" lon="12.21760"><ele>385</ele></trkpt>
      <trkpt lat="46.13753" lon="12.21756"><ele>385</ele></trkpt>
      <trkpt lat="46.13749" lon="12.21754"><ele>384</ele></trkpt>
      <trkpt lat="46.13744" lon="12.21754"><ele>383</ele></trkpt>
      <trkpt lat="46.13742" lon="12.21755"><ele>382</ele></trkpt>
      <trkpt lat="46.13722" lon="12.21771"><ele>379</ele></trkpt>
      <trkpt lat="46.13687" lon="12.21816"><ele>378</ele></trkpt>
      <trkpt lat="46.13642" lon="12.21871"><ele>379</ele></trkpt>
      <trkpt lat="46.13581" lon="12.21922"><ele>376</ele></trkpt>
      <trkpt lat="46.13555" lon="12.21952"><ele>375</ele></trkpt>
      <trkpt lat="46.13549" lon="12.21959"><ele>374</ele></trkpt>
      <trkpt lat="46.13537" lon="12.21980"><ele>373</ele></trkpt>
      <trkpt lat="46.13532" lon="12.21989"><ele>373</ele></trkpt>
      <trkpt lat="46.13527" lon="12.22001"><ele>372</ele></trkpt>
      <trkpt lat="46.13524" lon="12.22013"><ele>370</ele></trkpt>
      <trkpt lat="46.13521" lon="12.22026"><ele>368</ele></trkpt>
      <trkpt lat="46.13520" lon="12.22040"><ele>367</ele></trkpt>
      <trkpt lat="46.13520" lon="12.22052"><ele>367</ele></trkpt>
      <trkpt lat="46.13521" lon="12.22064"><ele>367</ele></trkpt>
      <trkpt lat="46.13523" lon="12.22078"><ele>368</ele></trkpt>
      <trkpt lat="46.13527" lon="12.22094"><ele>369</ele></trkpt>
      <trkpt lat="46.13532" lon="12.22109"><ele>370</ele></trkpt>
      <trkpt lat="46.13538" lon="12.22129"><ele>368</ele></trkpt>
      <trkpt lat="46.13547" lon="12.22152"><ele>366</ele></trkpt>
      <trkpt lat="46.13551" lon="12.22158"><ele>366</ele></trkpt>
      <trkpt lat="46.13554" lon="12.22160"><ele>366</ele></trkpt>
      <trkpt lat="46.13559" lon="12.22160"><ele>366</ele></trkpt>
      <trkpt lat="46.13565" lon="12.22157"><ele>367</ele></trkpt>
      <trkpt lat="46.13569" lon="12.22154"><ele>367</ele></trkpt>
      <trkpt lat="46.13589" lon="12.22133"><ele>370</ele></trkpt>
      <trkpt lat="46.13593" lon="12.22130"><ele>370</ele></trkpt>
      <trkpt lat="46.13605" lon="12.22124"><ele>370</ele></trkpt>
      <trkpt lat="46.13623" lon="12.22118"><ele>370</ele></trkpt>
      <trkpt lat="46.13630" lon="12.22118"><ele>368</ele></trkpt>
      <trkpt lat="46.13632" lon="12.22120"><ele>368</ele></trkpt>
      <trkpt lat="46.13634" lon="12.22125"><ele>366</ele></trkpt>
      <trkpt lat="46.13634" lon="12.22129"><ele>364</ele></trkpt>
      <trkpt lat="46.13634" lon="12.22132"><ele>363</ele></trkpt>
      <trkpt lat="46.13632" lon="12.22136"><ele>362</ele></trkpt>
      <trkpt lat="46.13627" lon="12.22143"><ele>361</ele></trkpt>
      <trkpt lat="46.13558" lon="12.22196"><ele>354</ele></trkpt>
      <trkpt lat="46.13533" lon="12.22214"><ele>352</ele></trkpt>
      <trkpt lat="46.13521" lon="12.22219"><ele>352</ele></trkpt>
      <trkpt lat="46.13510" lon="12.22221"><ele>352</ele></trkpt>
      <trkpt lat="46.13504" lon="12.22220"><ele>352</ele></trkpt>
      <trkpt lat="46.13482" lon="12.22221"><ele>351</ele></trkpt>
      <trkpt lat="46.13475" lon="12.22218"><ele>351</ele></trkpt>
      <trkpt lat="46.13470" lon="12.22215"><ele>351</ele></trkpt>
      <trkpt lat="46.13465" lon="12.22209"><ele>351</ele></trkpt>
      <trkpt lat="46.13461" lon="12.22203"><ele>351</ele></trkpt>
      <trkpt lat="46.13458" lon="12.22196"><ele>351</ele></trkpt>
      <trkpt lat="46.13456" lon="12.22189"><ele>351</ele></trkpt>
      <trkpt lat="46.13450" lon="12.22154"><ele>350</ele></trkpt>
      <trkpt lat="46.13448" lon="12.22139"><ele>350</ele></trkpt>
      <trkpt lat="46.13444" lon="12.22124"><ele>350</ele></trkpt>
      <trkpt lat="46.13441" lon="12.22101"><ele>349</ele></trkpt>
      <trkpt lat="46.13431" lon="12.22034"><ele>342</ele></trkpt>
      <trkpt lat="46.13431" lon="12.22027"><ele>341</ele></trkpt>
      <trkpt lat="46.13430" lon="12.22016"><ele>340</ele></trkpt>
      <trkpt lat="46.13430" lon="12.22004"><ele>338</ele></trkpt>
      <trkpt lat="46.13432" lon="12.21990"><ele>338</ele></trkpt>
      <trkpt lat="46.13433" lon="12.21983"><ele>338</ele></trkpt>
      <trkpt lat="46.13435" lon="12.21977"><ele>338</ele></trkpt>
      <trkpt lat="46.13438" lon="12.21971"><ele>338</ele></trkpt>
      <trkpt lat="46.13453" lon="12.21942"><ele>339</ele></trkpt>
      <trkpt lat="46.13463" lon="12.21925"><ele>338</ele></trkpt>
      <trkpt lat="46.13468" lon="12.21918"><ele>338</ele></trkpt>
      <trkpt lat="46.13480" lon="12.21906"><ele>341</ele></trkpt>
      <trkpt lat="46.13495" lon="12.21892"><ele>342</ele></trkpt>
      <trkpt lat="46.13502" lon="12.21881"><ele>343</ele></trkpt>
      <trkpt lat="46.13549" lon="12.21802"><ele>339</ele></trkpt>
      <trkpt lat="46.13562" lon="12.21774"><ele>337</ele></trkpt>
      <trkpt lat="46.13580" lon="12.21730"><ele>337</ele></trkpt>
      <trkpt lat="46.13581" lon="12.21733"><ele>337</ele></trkpt>
      <trkpt lat="46.13584" lon="12.21737"><ele>338</ele></trkpt>
      <trkpt lat="46.13587" lon="12.21739"><ele>338</ele></trkpt>
      <trkpt lat="46.13591" lon="12.21741"><ele>338</ele></trkpt>
      <trkpt lat="46.13596" lon="12.21740"><ele>338</ele></trkpt>
      <trkpt lat="46.13598" lon="12.21739"><ele>338</ele></trkpt>
      <trkpt lat="46.13601" lon="12.21737"><ele>338</ele></trkpt>
      <trkpt lat="46.13603" lon="12.21735"><ele>338</ele></trkpt>
      <trkpt lat="46.13607" lon="12.21728"><ele>338</ele></trkpt>
      <trkpt lat="46.13608" lon="12.21718"><ele>338</ele></trkpt>
      <trkpt lat="46.13607" lon="12.21711"><ele>337</ele></trkpt>
      <trkpt lat="46.13605" lon="12.21706"><ele>337</ele></trkpt>
      <trkpt lat="46.13602" lon="12.21702"><ele>337</ele></trkpt>
      <trkpt lat="46.13596" lon="12.21698"><ele>336</ele></trkpt>
      <trkpt lat="46.13593" lon="12.21697"><ele>336</ele></trkpt>
      <trkpt lat="46.13588" lon="12.21698"><ele>336</ele></trkpt>
      <trkpt lat="46.13585" lon="12.21701"><ele>336</ele></trkpt>
      <trkpt lat="46.13581" lon="12.21705"><ele>336</ele></trkpt>
      <trkpt lat="46.13580" lon="12.21707"><ele>336</ele></trkpt>
      <trkpt lat="46.13578" lon="12.21705"><ele>336</ele></trkpt>
      <trkpt lat="46.13569" lon="12.21697"><ele>335</ele></trkpt>
      <trkpt lat="46.13493" lon="12.21625"><ele>331</ele></trkpt>
      <trkpt lat="46.13488" lon="12.21621"><ele>331</ele></trkpt>
      <trkpt lat="46.13479" lon="12.21618"><ele>332</ele></trkpt>
      <trkpt lat="46.13474" lon="12.21617"><ele>332</ele></trkpt>
      <trkpt lat="46.13468" lon="12.21619"><ele>332</ele></trkpt>
      <trkpt lat="46.13459" lon="12.21626"><ele>332</ele></trkpt>
      <trkpt lat="46.13455" lon="12.21630"><ele>332</ele></trkpt>
      <trkpt lat="46.13452" lon="12.21636"><ele>332</ele></trkpt>
      <trkpt lat="46.13443" lon="12.21659"><ele>332</ele></trkpt>
      <trkpt lat="46.13435" lon="12.21677"><ele>332</ele></trkpt>
      <trkpt lat="46.13429" lon="12.21686"><ele>333</ele></trkpt>
      <trkpt lat="46.13422" lon="12.21694"><ele>334</ele></trkpt>
      <trkpt lat="46.13417" lon="12.21700"><ele>334</ele></trkpt>
      <trkpt lat="46.13404" lon="12.21711"><ele>336</ele></trkpt>
      <trkpt lat="46.13397" lon="12.21714"><ele>336</ele></trkpt>
      <trkpt lat="46.13388" lon="12.21717"><ele>338</ele></trkpt>
      <trkpt lat="46.13359" lon="12.21720"><ele>342</ele></trkpt>
      <trkpt lat="46.13350" lon="12.21720"><ele>343</ele></trkpt>
      <trkpt lat="46.13345" lon="12.21719"><ele>344</ele></trkpt>
      <trkpt lat="46.13332" lon="12.21712"><ele>345</ele></trkpt>
      <trkpt lat="46.13330" lon="12.21710"><ele>345</ele></trkpt>
      <trkpt lat="46.13327" lon="12.21710"><ele>346</ele></trkpt>
      <trkpt lat="46.13324" lon="12.21710"><ele>346</ele></trkpt>
      <trkpt lat="46.13321" lon="12.21712"><ele>346</ele></trkpt>
      <trkpt lat="46.13320" lon="12.21714"><ele>346</ele></trkpt>
      <trkpt lat="46.13317" lon="12.21720"><ele>346</ele></trkpt>
      <trkpt lat="46.13317" lon="12.21723"><ele>347</ele></trkpt>
      <trkpt lat="46.13317" lon="12.21727"><ele>347</ele></trkpt>
      <trkpt lat="46.13318" lon="12.21731"><ele>347</ele></trkpt>
      <trkpt lat="46.13320" lon="12.21734"><ele>347</ele></trkpt>
      <trkpt lat="46.13325" lon="12.21737"><ele>347</ele></trkpt>
      <trkpt lat="46.13330" lon="12.21741"><ele>347</ele></trkpt>
      <trkpt lat="46.13336" lon="12.21749"><ele>347</ele></trkpt>
      <trkpt lat="46.13343" lon="12.21758"><ele>347</ele></trkpt>
      <trkpt lat="46.13356" lon="12.21775"><ele>344</ele></trkpt>
      <trkpt lat="46.13376" lon="12.21795"><ele>342</ele></trkpt>
      <trkpt lat="46.13387" lon="12.21809"><ele>342</ele></trkpt>
      <trkpt lat="46.13394" lon="12.21819"><ele>340</ele></trkpt>
      <trkpt lat="46.13397" lon="12.21828"><ele>339</ele></trkpt>
      <trkpt lat="46.13397" lon="12.21832"><ele>339</ele></trkpt>
      <trkpt lat="46.13397" lon="12.21836"><ele>338</ele></trkpt>
      <trkpt lat="46.13395" lon="12.21841"><ele>339</ele></trkpt>
      <trkpt lat="46.13392" lon="12.21847"><ele>339</ele></trkpt>
      <trkpt lat="46.13386" lon="12.21855"><ele>340</ele></trkpt>
      <trkpt lat="46.13379" lon="12.21863"><ele>340</ele></trkpt>
      <trkpt lat="46.13369" lon="12.21872"><ele>340</ele></trkpt>
      <trkpt lat="46.13363" lon="12.21871"><ele>341</ele></trkpt>
      <trkpt lat="46.13320" lon="12.21854"><ele>348</ele></trkpt>
      <trkpt lat="46.13317" lon="12.21853"><ele>348</ele></trkpt>
      <trkpt lat="46.13312" lon="12.21855"><ele>349</ele></trkpt>
      <trkpt lat="46.13308" lon="12.21858"><ele>350</ele></trkpt>
      <trkpt lat="46.13304" lon="12.21864"><ele>350</ele></trkpt>
      <trkpt lat="46.13301" lon="12.21871"><ele>350</ele></trkpt>
      <trkpt lat="46.13297" lon="12.21887"><ele>352</ele></trkpt>
      <trkpt lat="46.13294" lon="12.21895"><ele>352</ele></trkpt>
      <trkpt lat="46.13291" lon="12.21900"><ele>353</ele></trkpt>
      <trkpt lat="46.13284" lon="12.21910"><ele>354</ele></trkpt>
      <trkpt lat="46.13280" lon="12.21913"><ele>355</ele></trkpt>
      <trkpt lat="46.13210" lon="12.21963"><ele>365</ele></trkpt>
      <trkpt lat="46.13193" lon="12.21980"><ele>368</ele></trkpt>
      <trkpt lat="46.13190" lon="12.21997"><ele>370</ele></trkpt>
      <trkpt lat="46.13188" lon="12.22068"><ele>375</ele></trkpt>
      <trkpt lat="46.13170" lon="12.22192"><ele>386</ele></trkpt>
      <trkpt lat="46.13184" lon="12.22261"><ele>382</ele></trkpt>
      <trkpt lat="46.13181" lon="12.22293"><ele>382</ele></trkpt>
      <trkpt lat="46.13176" lon="12.22319"><ele>383</ele></trkpt>
      <trkpt lat="46.13172" lon="12.22358"><ele>383</ele></trkpt>
      <trkpt lat="46.13152" lon="12.22425"><ele>382</ele></trkpt>
      <trkpt lat="46.13132" lon="12.22480"><ele>382</ele></trkpt>
      <trkpt lat="46.13126" lon="12.22507"><ele>381</ele></trkpt>
      <trkpt lat="46.13128" lon="12.22535"><ele>380</ele></trkpt>
      <trkpt lat="46.13122" lon="12.22611"><ele>384</ele></trkpt>
      <trkpt lat="46.13101" lon="12.22678"><ele>390</ele></trkpt>
      <trkpt lat="46.13097" lon="12.22686"><ele>390</ele></trkpt>
      <trkpt lat="46.13091" lon="12.22694"><ele>392</ele></trkpt>
      <trkpt lat="46.13084" lon="12.22701"><ele>393</ele></trkpt>
      <trkpt lat="46.13076" lon="12.22705"><ele>394</ele></trkpt>
      <trkpt lat="46.13068" lon="12.22706"><ele>396</ele></trkpt>
      <trkpt lat="46.13013" lon="12.22709"><ele>402</ele></trkpt>
      <trkpt lat="46.13003" lon="12.22712"><ele>404</ele></trkpt>
      <trkpt lat="46.12996" lon="12.22716"><ele>404</ele></trkpt>
      <trkpt lat="46.12978" lon="12.22729"><ele>407</ele></trkpt>
      <trkpt lat="46.12933" lon="12.22760"><ele>412</ele></trkpt>
      <trkpt lat="46.12928" lon="12.22763"><ele>412</ele></trkpt>
      <trkpt lat="46.12925" lon="12.22763"><ele>412</ele></trkpt>
      <trkpt lat="46.12923" lon="12.22759"><ele>413</ele></trkpt>
      <trkpt lat="46.12912" lon="12.22764"><ele>413</ele></trkpt>
      <trkpt lat="46.12880" lon="12.22773"><ele>414</ele></trkpt>
      <trkpt lat="46.12868" lon="12.22778"><ele>413</ele></trkpt>
      <trkpt lat="46.12763" lon="12.22812"><ele>410</ele></trkpt>
      <trkpt lat="46.12755" lon="12.22817"><ele>410</ele></trkpt>
      <trkpt lat="46.12751" lon="12.22820"><ele>410</ele></trkpt>
      <trkpt lat="46.12745" lon="12.22829"><ele>411</ele></trkpt>
      <trkpt lat="46.12741" lon="12.22843"><ele>411</ele></trkpt>
      <trkpt lat="46.12732" lon="12.22881"><ele>412</ele></trkpt>
      <trkpt lat="46.12729" lon="12.22892"><ele>412</ele></trkpt>
      <trkpt lat="46.12720" lon="12.22931"><ele>412</ele></trkpt>
      <trkpt lat="46.12716" lon="12.22957"><ele>414</ele></trkpt>
      <trkpt lat="46.12715" lon="12.22965"><ele>414</ele></trkpt>
      <trkpt lat="46.12708" lon="12.22967"><ele>415</ele></trkpt>
      <trkpt lat="46.12680" lon="12.22988"><ele>418</ele></trkpt>
      <trkpt lat="46.12652" lon="12.23009"><ele>422</ele></trkpt>
      <trkpt lat="46.12641" lon="12.23022"><ele>424</ele></trkpt>
      <trkpt lat="46.12631" lon="12.23033"><ele>426</ele></trkpt>
      <trkpt lat="46.12587" lon="12.23076"><ele>430</ele></trkpt>
      <trkpt lat="46.12581" lon="12.23081"><ele>430</ele></trkpt>
      <trkpt lat="46.12570" lon="12.23091"><ele>431</ele></trkpt>
      <trkpt lat="46.12567" lon="12.23095"><ele>431</ele></trkpt>
      <trkpt lat="46.12566" lon="12.23101"><ele>431</ele></trkpt>
      <trkpt lat="46.12561" lon="12.23108"><ele>432</ele></trkpt>
      <trkpt lat="46.12550" lon="12.23121"><ele>433</ele></trkpt>
      <trkpt lat="46.12542" lon="12.23133"><ele>434</ele></trkpt>
      <trkpt lat="46.12550" lon="12.23121"><ele>433</ele></trkpt>
      <trkpt lat="46.12561" lon="12.23108"><ele>432</ele></trkpt>
      <trkpt lat="46.12566" lon="12.23101"><ele>431</ele></trkpt>
      <trkpt lat="46.12560" lon="12.23088"><ele>432</ele></trkpt>
      <trkpt lat="46.12552" lon="12.23075"><ele>432</ele></trkpt>
      <trkpt lat="46.12541" lon="12.23054"><ele>434</ele></trkpt>
      <trkpt lat="46.12523" lon="12.23017"><ele>435</ele></trkpt>
      <trkpt lat="46.12519" lon="12.23010"><ele>435</ele></trkpt>
      <trkpt lat="46.12505" lon="12.22984"><ele>436</ele></trkpt>
      <trkpt lat="46.12495" lon="12.22967"><ele>437</ele></trkpt>
      <trkpt lat="46.12489" lon="12.22943"><ele>438</ele></trkpt>
      <trkpt lat="46.12485" lon="12.22921"><ele>438</ele></trkpt>
      <trkpt lat="46.12483" lon="12.22913"><ele>438</ele></trkpt>
      <trkpt lat="46.12470" lon="12.22868"><ele>438</ele></trkpt>
      <trkpt lat="46.12464" lon="12.22850"><ele>438</ele></trkpt>
      <trkpt lat="46.12460" lon="12.22845"><ele>438</ele></trkpt>
      <trkpt lat="46.12458" lon="12.22843"><ele>438</ele></trkpt>
      <trkpt lat="46.12447" lon="12.22837"><ele>439</ele></trkpt>
      <trkpt lat="46.12428" lon="12.22822"><ele>438</ele></trkpt>
      <trkpt lat="46.12416" lon="12.22807"><ele>439</ele></trkpt>
      <trkpt lat="46.12410" lon="12.22794"><ele>439</ele></trkpt>
      <trkpt lat="46.12397" lon="12.22767"><ele>439</ele></trkpt>
      <trkpt lat="46.12369" lon="12.22696"><ele>438</ele></trkpt>
      <trkpt lat="46.12359" lon="12.22673"><ele>438</ele></trkpt>
      <trkpt lat="46.12354" lon="12.22666"><ele>438</ele></trkpt>
      <trkpt lat="46.12351" lon="12.22663"><ele>438</ele></trkpt>
      <trkpt lat="46.12348" lon="12.22662"><ele>438</ele></trkpt>
      <trkpt lat="46.12340" lon="12.22660"><ele>438</ele></trkpt>
      <trkpt lat="46.12337" lon="12.22661"><ele>438</ele></trkpt>
      <trkpt lat="46.12329" lon="12.22666"><ele>438</ele></trkpt>
      <trkpt lat="46.12290" lon="12.22700"><ele>436</ele></trkpt>
      <trkpt lat="46.12266" lon="12.22723"><ele>436</ele></trkpt>
      <trkpt lat="46.12250" lon="12.22751"><ele>435</ele></trkpt>
      <trkpt lat="46.12235" lon="12.22781"><ele>434</ele></trkpt>
      <trkpt lat="46.12230" lon="12.22786"><ele>433</ele></trkpt>
      <trkpt lat="46.12224" lon="12.22787"><ele>433</ele></trkpt>
      <trkpt lat="46.12212" lon="12.22785"><ele>432</ele></trkpt>
      <trkpt lat="46.12178" lon="12.22776"><ele>428</ele></trkpt>
      <trkpt lat="46.12151" lon="12.22762"><ele>426</ele></trkpt>
      <trkpt lat="46.12118" lon="12.22743"><ele>424</ele></trkpt>
      <trkpt lat="46.12089" lon="12.22716"><ele>423</ele></trkpt>
      <trkpt lat="46.12036" lon="12.22655"><ele>422</ele></trkpt>
      <trkpt lat="46.12032" lon="12.22574"><ele>424</ele></trkpt>
      <trkpt lat="46.12027" lon="12.22549"><ele>424</ele></trkpt>
      <trkpt lat="46.12019" lon="12.22531"><ele>424</ele></trkpt>
      <trkpt lat="46.11993" lon="12.22496"><ele>424</ele></trkpt>
      <trkpt lat="46.11936" lon="12.22451"><ele>420</ele></trkpt>
      <trkpt lat="46.11880" lon="12.22402"><ele>418</ele></trkpt>
      <trkpt lat="46.11825" lon="12.22335"><ele>412</ele></trkpt>
      <trkpt lat="46.11790" lon="12.22285"><ele>409</ele></trkpt>
      <trkpt lat="46.11774" lon="12.22268"><ele>406</ele></trkpt>
      <trkpt lat="46.11756" lon="12.22265"><ele>404</ele></trkpt>
      <trkpt lat="46.11740" lon="12.22268"><ele>402</ele></trkpt>
      <trkpt lat="46.11722" lon="12.22274"><ele>400</ele></trkpt>
      <trkpt lat="46.11714" lon="12.22269"><ele>399</ele></trkpt>
      <trkpt lat="46.11701" lon="12.22252"><ele>398</ele></trkpt>
      <trkpt lat="46.11674" lon="12.22228"><ele>396</ele></trkpt>
      <trkpt lat="46.11642" lon="12.22205"><ele>395</ele></trkpt>
      <trkpt lat="46.11620" lon="12.22186"><ele>396</ele></trkpt>
      <trkpt lat="46.11609" lon="12.22177"><ele>398</ele></trkpt>
      <trkpt lat="46.11591" lon="12.22165"><ele>402</ele></trkpt>
      <trkpt lat="46.11541" lon="12.22154"><ele>407</ele></trkpt>
      <trkpt lat="46.11508" lon="12.22141"><ele>412</ele></trkpt>
      <trkpt lat="46.11476" lon="12.22127"><ele>414</ele></trkpt>
      <trkpt lat="46.11445" lon="12.22111"><ele>415</ele></trkpt>
      <trkpt lat="46.11430" lon="12.22106"><ele>416</ele></trkpt>
      <trkpt lat="46.11417" lon="12.22104"><ele>418</ele></trkpt>
      <trkpt lat="46.11353" lon="12.22107"><ele>416</ele></trkpt>
      <trkpt lat="46.11335" lon="12.22104"><ele>415</ele></trkpt>
      <trkpt lat="46.11326" lon="12.22100"><ele>415</ele></trkpt>
      <trkpt lat="46.11319" lon="12.22095"><ele>414</ele></trkpt>
      <trkpt lat="46.11311" lon="12.22087"><ele>414</ele></trkpt>
      <trkpt lat="46.11304" lon="12.22077"><ele>414</ele></trkpt>
      <trkpt lat="46.11289" lon="12.22051"><ele>414</ele></trkpt>
      <trkpt lat="46.11238" lon="12.21954"><ele>411</ele></trkpt>
      <trkpt lat="46.11229" lon="12.21942"><ele>410</ele></trkpt>
      <trkpt lat="46.11218" lon="12.21939"><ele>410</ele></trkpt>
      <trkpt lat="46.11184" lon="12.21941"><ele>408</ele></trkpt>
      <trkpt lat="46.11153" lon="12.21938"><ele>406</ele></trkpt>
      <trkpt lat="46.11149" lon="12.21936"><ele>406</ele></trkpt>
      <trkpt lat="46.11144" lon="12.21932"><ele>406</ele></trkpt>
      <trkpt lat="46.11105" lon="12.21898"><ele>403</ele></trkpt>
      <trkpt lat="46.11070" lon="12.21852"><ele>403</ele></trkpt>
      <trkpt lat="46.11030" lon="12.21805"><ele>401</ele></trkpt>
      <trkpt lat="46.11007" lon="12.21794"><ele>400</ele></trkpt>
      <trkpt lat="46.10986" lon="12.21787"><ele>400</ele></trkpt>
      <trkpt lat="46.10980" lon="12.21788"><ele>400</ele></trkpt>
      <trkpt lat="46.10975" lon="12.21791"><ele>400</ele></trkpt>
      <trkpt lat="46.10944" lon="12.21814"><ele>402</ele></trkpt>
      <trkpt lat="46.10936" lon="12.21818"><ele>402</ele></trkpt>
      <trkpt lat="46.10928" lon="12.21819"><ele>402</ele></trkpt>
      <trkpt lat="46.10889" lon="12.21815"><ele>402</ele></trkpt>
      <trkpt lat="46.10884" lon="12.21815"><ele>402</ele></trkpt>
      <trkpt lat="46.10873" lon="12.21818"><ele>403</ele></trkpt>
      <trkpt lat="46.10853" lon="12.21829"><ele>404</ele></trkpt>
      <trkpt lat="46.10846" lon="12.21836"><ele>404</ele></trkpt>
      <trkpt lat="46.10832" lon="12.21853"><ele>405</ele></trkpt>
      <trkpt lat="46.10828" lon="12.21856"><ele>405</ele></trkpt>
      <trkpt lat="46.10822" lon="12.21858"><ele>405</ele></trkpt>
      <trkpt lat="46.10818" lon="12.21856"><ele>405</ele></trkpt>
      <trkpt lat="46.10816" lon="12.21853"><ele>405</ele></trkpt>
      <trkpt lat="46.10800" lon="12.21808"><ele>404</ele></trkpt>
      <trkpt lat="46.10795" lon="12.21797"><ele>404</ele></trkpt>
      <trkpt lat="46.10790" lon="12.21790"><ele>404</ele></trkpt>
      <trkpt lat="46.10775" lon="12.21767"><ele>404</ele></trkpt>
      <trkpt lat="46.10758" lon="12.21751"><ele>404</ele></trkpt>
      <trkpt lat="46.10726" lon="12.21724"><ele>404</ele></trkpt>
      <trkpt lat="46.10694" lon="12.21703"><ele>404</ele></trkpt>
      <trkpt lat="46.10670" lon="12.21690"><ele>405</ele></trkpt>
      <trkpt lat="46.10665" lon="12.21681"><ele>405</ele></trkpt>
      <trkpt lat="46.10634" lon="12.21656"><ele>405</ele></trkpt>
      <trkpt lat="46.10602" lon="12.21630"><ele>403</ele></trkpt>
      <trkpt lat="46.10696" lon="12.21468"><ele>400</ele></trkpt>
      <trkpt lat="46.10722" lon="12.21425"><ele>399</ele></trkpt>
      <trkpt lat="46.10733" lon="12.21408"><ele>398</ele></trkpt>
      <trkpt lat="46.10800" lon="12.21325"><ele>395</ele></trkpt>
      <trkpt lat="46.10878" lon="12.21236"><ele>390</ele></trkpt>
      <trkpt lat="46.10883" lon="12.21229"><ele>391</ele></trkpt>
      <trkpt lat="46.10889" lon="12.21221"><ele>391</ele></trkpt>
      <trkpt lat="46.10893" lon="12.21213"><ele>391</ele></trkpt>
      <trkpt lat="46.10898" lon="12.21202"><ele>392</ele></trkpt>
      <trkpt lat="46.10902" lon="12.21189"><ele>393</ele></trkpt>
      <trkpt lat="46.10927" lon="12.21115"><ele>399</ele></trkpt>
      <trkpt lat="46.10932" lon="12.21102"><ele>400</ele></trkpt>
      <trkpt lat="46.10936" lon="12.21091"><ele>399</ele></trkpt>
      <trkpt lat="46.10948" lon="12.21070"><ele>399</ele></trkpt>
      <trkpt lat="46.10970" lon="12.21039"><ele>399</ele></trkpt>
      <trkpt lat="46.10977" lon="12.21024"><ele>399</ele></trkpt>
      <trkpt lat="46.10990" lon="12.20992"><ele>400</ele></trkpt>
      <trkpt lat="46.10999" lon="12.20953"><ele>399</ele></trkpt>
      <trkpt lat="46.11014" lon="12.20915"><ele>397</ele></trkpt>
      <trkpt lat="46.11077" lon="12.20846"><ele>390</ele></trkpt>
      <trkpt lat="46.11107" lon="12.20807"><ele>387</ele></trkpt>
      <trkpt lat="46.11167" lon="12.20761"><ele>382</ele></trkpt>
      <trkpt lat="46.11175" lon="12.20753"><ele>382</ele></trkpt>
      <trkpt lat="46.11185" lon="12.20744"><ele>382</ele></trkpt>
      <trkpt lat="46.11198" lon="12.20724"><ele>382</ele></trkpt>
      <trkpt lat="46.11210" lon="12.20705"><ele>382</ele></trkpt>
      <trkpt lat="46.11246" lon="12.20639"><ele>383</ele></trkpt>
      <trkpt lat="46.11251" lon="12.20629"><ele>383</ele></trkpt>
      <trkpt lat="46.11254" lon="12.20620"><ele>383</ele></trkpt>
      <trkpt lat="46.11255" lon="12.20611"><ele>383</ele></trkpt>
      <trkpt lat="46.11256" lon="12.20600"><ele>382</ele></trkpt>
      <trkpt lat="46.11256" lon="12.20589"><ele>382</ele></trkpt>
      <trkpt lat="46.11255" lon="12.20579"><ele>382</ele></trkpt>
      <trkpt lat="46.11254" lon="12.20568"><ele>382</ele></trkpt>
      <trkpt lat="46.11248" lon="12.20545"><ele>382</ele></trkpt>
      <trkpt lat="46.11189" lon="12.20352"><ele>377</ele></trkpt>
      <trkpt lat="46.11187" lon="12.20341"><ele>377</ele></trkpt>
      <trkpt lat="46.11186" lon="12.20327"><ele>377</ele></trkpt>
      <trkpt lat="46.11187" lon="12.20310"><ele>376</ele></trkpt>
      <trkpt lat="46.11190" lon="12.20291"><ele>376</ele></trkpt>
      <trkpt lat="46.11207" lon="12.20224"><ele>371</ele></trkpt>
      <trkpt lat="46.11209" lon="12.20212"><ele>370</ele></trkpt>
      <trkpt lat="46.11211" lon="12.20205"><ele>370</ele></trkpt>
      <trkpt lat="46.11214" lon="12.20185"><ele>368</ele></trkpt>
      <trkpt lat="46.11216" lon="12.20172"><ele>368</ele></trkpt>
      <trkpt lat="46.11219" lon="12.20142"><ele>366</ele></trkpt>
      <trkpt lat="46.11227" lon="12.20070"><ele>362</ele></trkpt>
      <trkpt lat="46.11237" lon="12.19945"><ele>355</ele></trkpt>
      <trkpt lat="46.11243" lon="12.19879"><ele>353</ele></trkpt>
      <trkpt lat="46.11225" lon="12.19871"><ele>354</ele></trkpt>
      <trkpt lat="46.11180" lon="12.19857"><ele>354</ele></trkpt>
      <trkpt lat="46.11120" lon="12.19850"><ele>354</ele></trkpt>
      <trkpt lat="46.11107" lon="12.19850"><ele>355</ele></trkpt>
      <trkpt lat="46.10960" lon="12.19845"><ele>352</ele></trkpt>
      <trkpt lat="46.10900" lon="12.19845"><ele>352</ele></trkpt>
      <trkpt lat="46.10881" lon="12.19843"><ele>352</ele></trkpt>
      <trkpt lat="46.10868" lon="12.19839"><ele>352</ele></trkpt>
      <trkpt lat="46.10840" lon="12.19825"><ele>351</ele></trkpt>
      <trkpt lat="46.10806" lon="12.19797"><ele>352</ele></trkpt>
      <trkpt lat="46.10796" lon="12.19788"><ele>351</ele></trkpt>
      <trkpt lat="46.10789" lon="12.19776"><ele>351</ele></trkpt>
      <trkpt lat="46.10771" lon="12.19744"><ele>352</ele></trkpt>
      <trkpt lat="46.10762" lon="12.19724"><ele>352</ele></trkpt>
      <trkpt lat="46.10754" lon="12.19703"><ele>353</ele></trkpt>
      <trkpt lat="46.10746" lon="12.19675"><ele>354</ele></trkpt>
      <trkpt lat="46.10740" lon="12.19647"><ele>354</ele></trkpt>
      <trkpt lat="46.10736" lon="12.19648"><ele>354</ele></trkpt>
      <trkpt lat="46.10730" lon="12.19651"><ele>355</ele></trkpt>
      <trkpt lat="46.10712" lon="12.19657"><ele>355</ele></trkpt>
      <trkpt lat="46.10697" lon="12.19660"><ele>354</ele></trkpt>
      <trkpt lat="46.10689" lon="12.19661"><ele>355</ele></trkpt>
      <trkpt lat="46.10683" lon="12.19661"><ele>355</ele></trkpt>
      <trkpt lat="46.10677" lon="12.19659"><ele>356</ele></trkpt>
      <trkpt lat="46.10670" lon="12.19655"><ele>357</ele></trkpt>
      <trkpt lat="46.10663" lon="12.19650"><ele>358</ele></trkpt>
      <trkpt lat="46.10652" lon="12.19639"><ele>360</ele></trkpt>
      <trkpt lat="46.10648" lon="12.19632"><ele>360</ele></trkpt>
      <trkpt lat="46.10643" lon="12.19623"><ele>361</ele></trkpt>
      <trkpt lat="46.10640" lon="12.19615"><ele>361</ele></trkpt>
      <trkpt lat="46.10618" lon="12.19535"><ele>364</ele></trkpt>
      <trkpt lat="46.10573" lon="12.19390"><ele>362</ele></trkpt>
      <trkpt lat="46.10562" lon="12.19320"><ele>361</ele></trkpt>
      <trkpt lat="46.10531" lon="12.19124"><ele>360</ele></trkpt>
      <trkpt lat="46.10528" lon="12.19053"><ele>359</ele></trkpt>
      <trkpt lat="46.10527" lon="12.19042"><ele>358</ele></trkpt>
      <trkpt lat="46.10523" lon="12.19022"><ele>358</ele></trkpt>
      <trkpt lat="46.10511" lon="12.18977"><ele>358</ele></trkpt>
      <trkpt lat="46.10506" lon="12.18952"><ele>358</ele></trkpt>
      <trkpt lat="46.10493" lon="12.18933"><ele>358</ele></trkpt>
      <trkpt lat="46.10483" lon="12.18922"><ele>358</ele></trkpt>
      <trkpt lat="46.10477" lon="12.18917"><ele>358</ele></trkpt>
      <trkpt lat="46.10460" lon="12.18908"><ele>358</ele></trkpt>
      <trkpt lat="46.10451" lon="12.18905"><ele>358</ele></trkpt>
      <trkpt lat="46.10442" lon="12.18876"><ele>358</ele></trkpt>
      <trkpt lat="46.10412" lon="12.18786"><ele>355</ele></trkpt>
      <trkpt lat="46.10394" lon="12.18726"><ele>355</ele></trkpt>
      <trkpt lat="46.10392" lon="12.18716"><ele>355</ele></trkpt>
      <trkpt lat="46.10389" lon="12.18696"><ele>354</ele></trkpt>
      <trkpt lat="46.10385" lon="12.18619"><ele>354</ele></trkpt>
      <trkpt lat="46.10347" lon="12.18636"><ele>353</ele></trkpt>
      <trkpt lat="46.10319" lon="12.18650"><ele>353</ele></trkpt>
      <trkpt lat="46.10290" lon="12.18665"><ele>353</ele></trkpt>
      <trkpt lat="46.10238" lon="12.18691"><ele>353</ele></trkpt>
      <trkpt lat="46.10180" lon="12.18718"><ele>354</ele></trkpt>
      <trkpt lat="46.10137" lon="12.18596"><ele>353</ele></trkpt>
      <trkpt lat="46.10094" lon="12.18464"><ele>350</ele></trkpt>
      <trkpt lat="46.10066" lon="12.18379"><ele>350</ele></trkpt>
      <trkpt lat="46.10040" lon="12.18327"><ele>351</ele></trkpt>
      <trkpt lat="46.10029" lon="12.18310"><ele>352</ele></trkpt>
      <trkpt lat="46.10014" lon="12.18290"><ele>353</ele></trkpt>
      <trkpt lat="46.10013" lon="12.18278"><ele>353</ele></trkpt>
      <trkpt lat="46.10008" lon="12.18275"><ele>353</ele></trkpt>
      <trkpt lat="46.09963" lon="12.18227"><ele>359</ele></trkpt>
      <trkpt lat="46.09938" lon="12.18195"><ele>363</ele></trkpt>
      <trkpt lat="46.09929" lon="12.18190"><ele>363</ele></trkpt>
      <trkpt lat="46.09918" lon="12.18187"><ele>364</ele></trkpt>
      <trkpt lat="46.09910" lon="12.18186"><ele>364</ele></trkpt>
      <trkpt lat="46.09902" lon="12.18186"><ele>364</ele></trkpt>
      <trkpt lat="46.09901" lon="12.18171"><ele>364</ele></trkpt>
      <trkpt lat="46.09899" lon="12.18129"><ele>364</ele></trkpt>
      <trkpt lat="46.09894" lon="12.18097"><ele>364</ele></trkpt>
      <trkpt lat="46.09890" lon="12.18060"><ele>365</ele></trkpt>
      <trkpt lat="46.09888" lon="12.18045"><ele>365</ele></trkpt>
      <trkpt lat="46.09885" lon="12.17997"><ele>364</ele></trkpt>
      <trkpt lat="46.09884" lon="12.17973"><ele>364</ele></trkpt>
      <trkpt lat="46.09885" lon="12.17965"><ele>364</ele></trkpt>
      <trkpt lat="46.09884" lon="12.17939"><ele>364</ele></trkpt>
      <trkpt lat="46.09887" lon="12.17902"><ele>362</ele></trkpt>
      <trkpt lat="46.09900" lon="12.17807"><ele>361</ele></trkpt>
      <trkpt lat="46.09902" lon="12.17780"><ele>360</ele></trkpt>
      <trkpt lat="46.09906" lon="12.17740"><ele>358</ele></trkpt>
      <trkpt lat="46.09906" lon="12.17727"><ele>358</ele></trkpt>
      <trkpt lat="46.09905" lon="12.17714"><ele>358</ele></trkpt>
      <trkpt lat="46.09904" lon="12.17703"><ele>358</ele></trkpt>
      <trkpt lat="46.09901" lon="12.17693"><ele>357</ele></trkpt>
      <trkpt lat="46.09892" lon="12.17671"><ele>357</ele></trkpt>
      <trkpt lat="46.09886" lon="12.17662"><ele>356</ele></trkpt>
      <trkpt lat="46.09877" lon="12.17652"><ele>355</ele></trkpt>
      <trkpt lat="46.09869" lon="12.17644"><ele>355</ele></trkpt>
      <trkpt lat="46.09828" lon="12.17614"><ele>355</ele></trkpt>
      <trkpt lat="46.09788" lon="12.17582"><ele>355</ele></trkpt>
      <trkpt lat="46.09778" lon="12.17569"><ele>354</ele></trkpt>
      <trkpt lat="46.09752" lon="12.17515"><ele>353</ele></trkpt>
      <trkpt lat="46.09730" lon="12.17459"><ele>355</ele></trkpt>
      <trkpt lat="46.09691" lon="12.17354"><ele>351</ele></trkpt>
      <trkpt lat="46.09681" lon="12.17321"><ele>351</ele></trkpt>
      <trkpt lat="46.09682" lon="12.17304"><ele>351</ele></trkpt>
      <trkpt lat="46.09683" lon="12.17298"><ele>351</ele></trkpt>
      <trkpt lat="46.09685" lon="12.17297"><ele>351</ele></trkpt>
      <trkpt lat="46.09687" lon="12.17294"><ele>351</ele></trkpt>
      <trkpt lat="46.09689" lon="12.17291"><ele>351</ele></trkpt>
      <trkpt lat="46.09690" lon="12.17287"><ele>351</ele></trkpt>
      <trkpt lat="46.09689" lon="12.17280"><ele>351</ele></trkpt>
      <trkpt lat="46.09687" lon="12.17276"><ele>351</ele></trkpt>
      <trkpt lat="46.09685" lon="12.17274"><ele>351</ele></trkpt>
      <trkpt lat="46.09682" lon="12.17272"><ele>351</ele></trkpt>
      <trkpt lat="46.09679" lon="12.17273"><ele>351</ele></trkpt>
      <trkpt lat="46.09660" lon="12.17261"><ele>351</ele></trkpt>
      <trkpt lat="46.09645" lon="12.17248"><ele>351</ele></trkpt>
      <trkpt lat="46.09645" lon="12.17244"><ele>351</ele></trkpt>
      <trkpt lat="46.09642" lon="12.17236"><ele>351</ele></trkpt>
      <trkpt lat="46.09640" lon="12.17234"><ele>351</ele></trkpt>
      <trkpt lat="46.09638" lon="12.17232"><ele>351</ele></trkpt>
      <trkpt lat="46.09638" lon="12.17229"><ele>351</ele></trkpt>
      <trkpt lat="46.09634" lon="12.17222"><ele>351</ele></trkpt>
      <trkpt lat="46.09618" lon="12.17202"><ele>351</ele></trkpt>
      <trkpt lat="46.09580" lon="12.17161"><ele>351</ele></trkpt>
      <trkpt lat="46.09570" lon="12.17151"><ele>352</ele></trkpt>
      <trkpt lat="46.09494" lon="12.17073"><ele>352</ele></trkpt>
      <trkpt lat="46.09432" lon="12.17009"><ele>354</ele></trkpt>
      <trkpt lat="46.09424" lon="12.17002"><ele>355</ele></trkpt>
      <trkpt lat="46.09420" lon="12.17003"><ele>354</ele></trkpt>
      <trkpt lat="46.09416" lon="12.17006"><ele>354</ele></trkpt>
      <trkpt lat="46.09264" lon="12.16762"><ele>351</ele></trkpt>
      <trkpt lat="46.09161" lon="12.16586"><ele>350</ele></trkpt>
      <trkpt lat="46.09150" lon="12.16555"><ele>350</ele></trkpt>
      <trkpt lat="46.09128" lon="12.16501"><ele>349</ele></trkpt>
      <trkpt lat="46.09126" lon="12.16496"><ele>349</ele></trkpt>
      <trkpt lat="46.09126" lon="12.16490"><ele>349</ele></trkpt>
      <trkpt lat="46.09125" lon="12.16472"><ele>349</ele></trkpt>
      <trkpt lat="46.09125" lon="12.16466"><ele>349</ele></trkpt>
      <trkpt lat="46.09128" lon="12.16460"><ele>348</ele></trkpt>
      <trkpt lat="46.09128" lon="12.16456"><ele>348</ele></trkpt>
      <trkpt lat="46.09127" lon="12.16450"><ele>348</ele></trkpt>
      <trkpt lat="46.09125" lon="12.16445"><ele>348</ele></trkpt>
      <trkpt lat="46.09120" lon="12.16441"><ele>348</ele></trkpt>
      <trkpt lat="46.09115" lon="12.16439"><ele>348</ele></trkpt>
      <trkpt lat="46.09099" lon="12.16432"><ele>348</ele></trkpt>
      <trkpt lat="46.09094" lon="12.16428"><ele>347</ele></trkpt>
      <trkpt lat="46.09084" lon="12.16416"><ele>347</ele></trkpt>
      <trkpt lat="46.09080" lon="12.16409"><ele>347</ele></trkpt>
      <trkpt lat="46.09075" lon="12.16396"><ele>346</ele></trkpt>
      <trkpt lat="46.09057" lon="12.16318"><ele>346</ele></trkpt>
      <trkpt lat="46.09045" lon="12.16277"><ele>345</ele></trkpt>
      <trkpt lat="46.09040" lon="12.16266"><ele>344</ele></trkpt>
      <trkpt lat="46.09036" lon="12.16260"><ele>344</ele></trkpt>
      <trkpt lat="46.09028" lon="12.16253"><ele>344</ele></trkpt>
      <trkpt lat="46.09019" lon="12.16248"><ele>344</ele></trkpt>
      <trkpt lat="46.09015" lon="12.16246"><ele>343</ele></trkpt>
      <trkpt lat="46.09008" lon="12.16245"><ele>343</ele></trkpt>
      <trkpt lat="46.08974" lon="12.16245"><ele>341</ele></trkpt>
      <trkpt lat="46.08960" lon="12.16235"><ele>340</ele></trkpt>
      <trkpt lat="46.08953" lon="12.16226"><ele>340</ele></trkpt>
      <trkpt lat="46.08949" lon="12.16217"><ele>340</ele></trkpt>
      <trkpt lat="46.08946" lon="12.16211"><ele>340</ele></trkpt>
      <trkpt lat="46.08942" lon="12.16197"><ele>339</ele></trkpt>
      <trkpt lat="46.08937" lon="12.16142"><ele>339</ele></trkpt>
      <trkpt lat="46.08935" lon="12.16132"><ele>339</ele></trkpt>
      <trkpt lat="46.08932" lon="12.16119"><ele>339</ele></trkpt>
      <trkpt lat="46.08924" lon="12.16097"><ele>339</ele></trkpt>
      <trkpt lat="46.08915" lon="12.16080"><ele>339</ele></trkpt>
      <trkpt lat="46.08906" lon="12.16069"><ele>339</ele></trkpt>
      <trkpt lat="46.08894" lon="12.16057"><ele>339</ele></trkpt>
      <trkpt lat="46.08880" lon="12.16048"><ele>338</ele></trkpt>
      <trkpt lat="46.08872" lon="12.16045"><ele>338</ele></trkpt>
      <trkpt lat="46.08810" lon="12.16028"><ele>330</ele></trkpt>
      <trkpt lat="46.08802" lon="12.16026"><ele>330</ele></trkpt>
      <trkpt lat="46.08786" lon="12.16019"><ele>330</ele></trkpt>
      <trkpt lat="46.08757" lon="12.15999"><ele>330</ele></trkpt>
      <trkpt lat="46.08742" lon="12.15984"><ele>328</ele></trkpt>
      <trkpt lat="46.08730" lon="12.15965"><ele>326</ele></trkpt>
      <trkpt lat="46.08724" lon="12.15956"><ele>326</ele></trkpt>
      <trkpt lat="46.08721" lon="12.15950"><ele>328</ele></trkpt>
      <trkpt lat="46.08717" lon="12.15940"><ele>330</ele></trkpt>
      <trkpt lat="46.08713" lon="12.15927"><ele>330</ele></trkpt>
      <trkpt lat="46.08690" lon="12.15842"><ele>333</ele></trkpt>
      <trkpt lat="46.08682" lon="12.15811"><ele>334</ele></trkpt>
      <trkpt lat="46.08670" lon="12.15784"><ele>334</ele></trkpt>
      <trkpt lat="46.08580" lon="12.15588"><ele>339</ele></trkpt>
      <trkpt lat="46.08554" lon="12.15544"><ele>340</ele></trkpt>
      <trkpt lat="46.08546" lon="12.15528"><ele>340</ele></trkpt>
      <trkpt lat="46.08519" lon="12.15462"><ele>340</ele></trkpt>
      <trkpt lat="46.08474" lon="12.15359"><ele>339</ele></trkpt>
      <trkpt lat="46.08466" lon="12.15343"><ele>340</ele></trkpt>
      <trkpt lat="46.08458" lon="12.15328"><ele>339</ele></trkpt>
      <trkpt lat="46.08449" lon="12.15314"><ele>337</ele></trkpt>
      <trkpt lat="46.08438" lon="12.15299"><ele>336</ele></trkpt>
      <trkpt lat="46.08426" lon="12.15284"><ele>336</ele></trkpt>
      <trkpt lat="46.08368" lon="12.15214"><ele>332</ele></trkpt>
      <trkpt lat="46.08279" lon="12.15106"><ele>335</ele></trkpt>
      <trkpt lat="46.08257" lon="12.15071"><ele>336</ele></trkpt>
      <trkpt lat="46.08246" lon="12.15054"><ele>336</ele></trkpt>
      <trkpt lat="46.08139" lon="12.14796"><ele>339</ele></trkpt>
      <trkpt lat="46.08133" lon="12.14781"><ele>339</ele></trkpt>
      <trkpt lat="46.08137" lon="12.14776"><ele>339</ele></trkpt>
      <trkpt lat="46.08138" lon="12.14770"><ele>338</ele></trkpt>
      <trkpt lat="46.08139" lon="12.14763"><ele>338</ele></trkpt>
      <trkpt lat="46.08138" lon="12.14757"><ele>338</ele></trkpt>
      <trkpt lat="46.08135" lon="12.14752"><ele>338</ele></trkpt>
      <trkpt lat="46.08131" lon="12.14749"><ele>338</ele></trkpt>
      <trkpt lat="46.08126" lon="12.14749"><ele>338</ele></trkpt>
      <trkpt lat="46.08121" lon="12.14750"><ele>338</ele></trkpt>
      <trkpt lat="46.08118" lon="12.14742"><ele>338</ele></trkpt>
      <trkpt lat="46.08103" lon="12.14686"><ele>337</ele></trkpt>
      <trkpt lat="46.08072" lon="12.14575"><ele>337</ele></trkpt>
      <trkpt lat="46.08060" lon="12.14535"><ele>337</ele></trkpt>
      <trkpt lat="46.08026" lon="12.14413"><ele>335</ele></trkpt>
      <trkpt lat="46.07996" lon="12.14302"><ele>334</ele></trkpt>
      <trkpt lat="46.07951" lon="12.14139"><ele>332</ele></trkpt>
      <trkpt lat="46.07928" lon="12.14064"><ele>330</ele></trkpt>
      <trkpt lat="46.07882" lon="12.13890"><ele>329</ele></trkpt>
      <trkpt lat="46.07845" lon="12.13765"><ele>330</ele></trkpt>
      <trkpt lat="46.07837" lon="12.13738"><ele>330</ele></trkpt>
      <trkpt lat="46.07835" lon="12.13733"><ele>330</ele></trkpt>
      <trkpt lat="46.07829" lon="12.13704"><ele>330</ele></trkpt>
      <trkpt lat="46.07832" lon="12.13699"><ele>331</ele></trkpt>
      <trkpt lat="46.07834" lon="12.13692"><ele>331</ele></trkpt>
      <trkpt lat="46.07833" lon="12.13689"><ele>331</ele></trkpt>
      <trkpt lat="46.07831" lon="12.13683"><ele>330</ele></trkpt>
      <trkpt lat="46.07828" lon="12.13682"><ele>330</ele></trkpt>
      <trkpt lat="46.07823" lon="12.13681"><ele>330</ele></trkpt>
      <trkpt lat="46.07821" lon="12.13683"><ele>331</ele></trkpt>
      <trkpt lat="46.07819" lon="12.13685"><ele>331</ele></trkpt>
      <trkpt lat="46.07777" lon="12.13638"><ele>332</ele></trkpt>
      <trkpt lat="46.07672" lon="12.13525"><ele>333</ele></trkpt>
      <trkpt lat="46.07661" lon="12.13513"><ele>331</ele></trkpt>
      <trkpt lat="46.07621" lon="12.13469"><ele>334</ele></trkpt>
      <trkpt lat="46.07597" lon="12.13452"><ele>336</ele></trkpt>
      <trkpt lat="46.07587" lon="12.13447"><ele>337</ele></trkpt>
      <trkpt lat="46.07520" lon="12.13427"><ele>340</ele></trkpt>
      <trkpt lat="46.07477" lon="12.13410"><ele>342</ele></trkpt>
      <trkpt lat="46.07466" lon="12.13400"><ele>342</ele></trkpt>
      <trkpt lat="46.07446" lon="12.13380"><ele>342</ele></trkpt>
      <trkpt lat="46.07411" lon="12.13318"><ele>345</ele></trkpt>
      <trkpt lat="46.07381" lon="12.13263"><ele>347</ele></trkpt>
      <trkpt lat="46.07378" lon="12.13255"><ele>346</ele></trkpt>
      <trkpt lat="46.07370" lon="12.13230"><ele>346</ele></trkpt>
      <trkpt lat="46.07349" lon="12.13148"><ele>347</ele></trkpt>
      <trkpt lat="46.07328" lon="12.13063"><ele>347</ele></trkpt>
      <trkpt lat="46.07314" lon="12.13005"><ele>345</ele></trkpt>
      <trkpt lat="46.07307" lon="12.12977"><ele>344</ele></trkpt>
      <trkpt lat="46.07295" lon="12.12934"><ele>344</ele></trkpt>
      <trkpt lat="46.07285" lon="12.12896"><ele>344</ele></trkpt>
      <trkpt lat="46.07280" lon="12.12877"><ele>345</ele></trkpt>
      <trkpt lat="46.07278" lon="12.12869"><ele>345</ele></trkpt>
      <trkpt lat="46.07271" lon="12.12843"><ele>344</ele></trkpt>
      <trkpt lat="46.07253" lon="12.12781"><ele>344</ele></trkpt>
      <trkpt lat="46.07232" lon="12.12707"><ele>344</ele></trkpt>
      <trkpt lat="46.07225" lon="12.12680"><ele>344</ele></trkpt>
      <trkpt lat="46.07209" lon="12.12620"><ele>344</ele></trkpt>
      <trkpt lat="46.07186" lon="12.12529"><ele>342</ele></trkpt>
      <trkpt lat="46.07184" lon="12.12521"><ele>342</ele></trkpt>
      <trkpt lat="46.07188" lon="12.12488"><ele>342</ele></trkpt>
      <trkpt lat="46.07190" lon="12.12477"><ele>341</ele></trkpt>
      <trkpt lat="46.07193" lon="12.12476"><ele>341</ele></trkpt>
      <trkpt lat="46.07196" lon="12.12472"><ele>341</ele></trkpt>
      <trkpt lat="46.07199" lon="12.12467"><ele>340</ele></trkpt>
      <trkpt lat="46.07202" lon="12.12459"><ele>340</ele></trkpt>
      <trkpt lat="46.07202" lon="12.12451"><ele>340</ele></trkpt>
      <trkpt lat="46.07201" lon="12.12443"><ele>340</ele></trkpt>
      <trkpt lat="46.07198" lon="12.12436"><ele>340</ele></trkpt>
      <trkpt lat="46.07201" lon="12.12421"><ele>338</ele></trkpt>
      <trkpt lat="46.07205" lon="12.12410"><ele>338</ele></trkpt>
      <trkpt lat="46.07220" lon="12.12390"><ele>335</ele></trkpt>
      <trkpt lat="46.07244" lon="12.12361"><ele>335</ele></trkpt>
      <trkpt lat="46.07263" lon="12.12341"><ele>335</ele></trkpt>
      <trkpt lat="46.07271" lon="12.12335"><ele>335</ele></trkpt>
      <trkpt lat="46.07274" lon="12.12334"><ele>335</ele></trkpt>
      <trkpt lat="46.07279" lon="12.12333"><ele>335</ele></trkpt>
      <trkpt lat="46.07287" lon="12.12333"><ele>334</ele></trkpt>
      <trkpt lat="46.07290" lon="12.12334"><ele>334</ele></trkpt>
      <trkpt lat="46.07297" lon="12.12337"><ele>334</ele></trkpt>
      <trkpt lat="46.07300" lon="12.12341"><ele>334</ele></trkpt>
      <trkpt lat="46.07305" lon="12.12348"><ele>334</ele></trkpt>
      <trkpt lat="46.07309" lon="12.12356"><ele>334</ele></trkpt>
      <trkpt lat="46.07310" lon="12.12362"><ele>334</ele></trkpt>
      <trkpt lat="46.07312" lon="12.12373"><ele>333</ele></trkpt>
      <trkpt lat="46.07312" lon="12.12378"><ele>333</ele></trkpt>
      <trkpt lat="46.07309" lon="12.12396"><ele>333</ele></trkpt>
      <trkpt lat="46.07307" lon="12.12403"><ele>333</ele></trkpt>
      <trkpt lat="46.07304" lon="12.12408"><ele>333</ele></trkpt>
      <trkpt lat="46.07298" lon="12.12414"><ele>333</ele></trkpt>
      <trkpt lat="46.07291" lon="12.12417"><ele>334</ele></trkpt>
      <trkpt lat="46.07284" lon="12.12419"><ele>334</ele></trkpt>
      <trkpt lat="46.07280" lon="12.12420"><ele>334</ele></trkpt>
      <trkpt lat="46.07273" lon="12.12418"><ele>334</ele></trkpt>
      <trkpt lat="46.07257" lon="12.12408"><ele>334</ele></trkpt>
      <trkpt lat="46.07253" lon="12.12406"><ele>334</ele></trkpt>
      <trkpt lat="46.07237" lon="12.12385"><ele>334</ele></trkpt>
      <trkpt lat="46.07207" lon="12.12346"><ele>336</ele></trkpt>
      <trkpt lat="46.07178" lon="12.12303"><ele>336</ele></trkpt>
      <trkpt lat="46.07142" lon="12.12240"><ele>338</ele></trkpt>
      <trkpt lat="46.07095" lon="12.12137"><ele>340</ele></trkpt>
      <trkpt lat="46.07099" lon="12.12133"><ele>339</ele></trkpt>
      <trkpt lat="46.06966" lon="12.11804"><ele>339</ele></trkpt>
      <trkpt lat="46.06953" lon="12.11761"><ele>338</ele></trkpt>
      <trkpt lat="46.06941" lon="12.11688"><ele>333</ele></trkpt>
      <trkpt lat="46.06938" lon="12.11601"><ele>330</ele></trkpt>
      <trkpt lat="46.06935" lon="12.11531"><ele>337</ele></trkpt>
      <trkpt lat="46.06940" lon="12.11490"><ele>338</ele></trkpt>
      <trkpt lat="46.06958" lon="12.11355"><ele>340</ele></trkpt>
      <trkpt lat="46.06956" lon="12.11308"><ele>340</ele></trkpt>
      <trkpt lat="46.06943" lon="12.11234"><ele>340</ele></trkpt>
      <trkpt lat="46.06927" lon="12.11177"><ele>339</ele></trkpt>
      <trkpt lat="46.06922" lon="12.11163"><ele>339</ele></trkpt>
      <trkpt lat="46.06918" lon="12.11154"><ele>339</ele></trkpt>
      <trkpt lat="46.06916" lon="12.11153"><ele>339</ele></trkpt>
      <trkpt lat="46.06913" lon="12.11150"><ele>339</ele></trkpt>
      <trkpt lat="46.06903" lon="12.11146"><ele>340</ele></trkpt>
      <trkpt lat="46.06898" lon="12.11146"><ele>340</ele></trkpt>
      <trkpt lat="46.06893" lon="12.11141"><ele>340</ele></trkpt>
      <trkpt lat="46.06888" lon="12.11130"><ele>340</ele></trkpt>
      <trkpt lat="46.06884" lon="12.11083"><ele>339</ele></trkpt>
      <trkpt lat="46.06870" lon="12.10982"><ele>338</ele></trkpt>
      <trkpt lat="46.06869" lon="12.10969"><ele>338</ele></trkpt>
      <trkpt lat="46.06857" lon="12.10909"><ele>336</ele></trkpt>
      <trkpt lat="46.06798" lon="12.10665"><ele>335</ele></trkpt>
      <trkpt lat="46.06765" lon="12.10532"><ele>333</ele></trkpt>
      <trkpt lat="46.06760" lon="12.10512"><ele>333</ele></trkpt>
      <trkpt lat="46.06720" lon="12.10360"><ele>331</ele></trkpt>
      <trkpt lat="46.06679" lon="12.10195"><ele>328</ele></trkpt>
      <trkpt lat="46.06654" lon="12.10098"><ele>327</ele></trkpt>
      <trkpt lat="46.06625" lon="12.09968"><ele>326</ele></trkpt>
      <trkpt lat="46.06603" lon="12.09866"><ele>324</ele></trkpt>
      <trkpt lat="46.06598" lon="12.09844"><ele>324</ele></trkpt>
      <trkpt lat="46.06578" lon="12.09753"><ele>324</ele></trkpt>
      <trkpt lat="46.06557" lon="12.09652"><ele>324</ele></trkpt>
      <trkpt lat="46.06541" lon="12.09578"><ele>326</ele></trkpt>
      <trkpt lat="46.06518" lon="12.09459"><ele>324</ele></trkpt>
      <trkpt lat="46.06483" lon="12.09291"><ele>321</ele></trkpt>
      <trkpt lat="46.06480" lon="12.09276"><ele>320</ele></trkpt>
      <trkpt lat="46.06475" lon="12.09253"><ele>319</ele></trkpt>
      <trkpt lat="46.06433" lon="12.09049"><ele>322</ele></trkpt>
      <trkpt lat="46.06411" lon="12.08938"><ele>323</ele></trkpt>
      <trkpt lat="46.06396" lon="12.08861"><ele>320</ele></trkpt>
      <trkpt lat="46.06389" lon="12.08834"><ele>321</ele></trkpt>
      <trkpt lat="46.06378" lon="12.08774"><ele>321</ele></trkpt>
      <trkpt lat="46.06371" lon="12.08740"><ele>322</ele></trkpt>
      <trkpt lat="46.06361" lon="12.08689"><ele>323</ele></trkpt>
      <trkpt lat="46.06356" lon="12.08667"><ele>323</ele></trkpt>
      <trkpt lat="46.06348" lon="12.08625"><ele>325</ele></trkpt>
      <trkpt lat="46.06335" lon="12.08562"><ele>331</ele></trkpt>
      <trkpt lat="46.06323" lon="12.08501"><ele>334</ele></trkpt>
      <trkpt lat="46.06316" lon="12.08469"><ele>336</ele></trkpt>
      <trkpt lat="46.06295" lon="12.08399"><ele>339</ele></trkpt>
      <trkpt lat="46.06292" lon="12.08389"><ele>339</ele></trkpt>
      <trkpt lat="46.06242" lon="12.08247"><ele>343</ele></trkpt>
      <trkpt lat="46.06195" lon="12.08114"><ele>348</ele></trkpt>
      <trkpt lat="46.06187" lon="12.08086"><ele>349</ele></trkpt>
      <trkpt lat="46.06186" lon="12.08078"><ele>349</ele></trkpt>
      <trkpt lat="46.06187" lon="12.08071"><ele>349</ele></trkpt>
      <trkpt lat="46.06195" lon="12.08043"><ele>350</ele></trkpt>
      <trkpt lat="46.06197" lon="12.08032"><ele>351</ele></trkpt>
      <trkpt lat="46.06198" lon="12.08012"><ele>351</ele></trkpt>
      <trkpt lat="46.06199" lon="12.07986"><ele>351</ele></trkpt>
      <trkpt lat="46.06195" lon="12.07973"><ele>351</ele></trkpt>
      <trkpt lat="46.06197" lon="12.07973"><ele>351</ele></trkpt>
      <trkpt lat="46.06213" lon="12.07962"><ele>352</ele></trkpt>
      <trkpt lat="46.06233" lon="12.07950"><ele>354</ele></trkpt>
      <trkpt lat="46.06238" lon="12.07948"><ele>354</ele></trkpt>
      <trkpt lat="46.06234" lon="12.07919"><ele>354</ele></trkpt>
      <trkpt lat="46.06229" lon="12.07922"><ele>353</ele></trkpt>
      <trkpt lat="46.06215" lon="12.07932"><ele>352</ele></trkpt>
      <trkpt lat="46.06193" lon="12.07968"><ele>351</ele></trkpt>
      <trkpt lat="46.06192" lon="12.07969"><ele>351</ele></trkpt>
      <trkpt lat="46.06188" lon="12.07965"><ele>351</ele></trkpt>
      <trkpt lat="46.06178" lon="12.07952"><ele>350</ele></trkpt>
      <trkpt lat="46.06175" lon="12.07945"><ele>350</ele></trkpt>
      <trkpt lat="46.06173" lon="12.07934"><ele>350</ele></trkpt>
      <trkpt lat="46.06170" lon="12.07899"><ele>348</ele></trkpt>
      <trkpt lat="46.06174" lon="12.07866"><ele>347</ele></trkpt>
      <trkpt lat="46.06175" lon="12.07841"><ele>347</ele></trkpt>
      <trkpt lat="46.06174" lon="12.07826"><ele>346</ele></trkpt>
      <trkpt lat="46.06168" lon="12.07788"><ele>346</ele></trkpt>
      <trkpt lat="46.06166" lon="12.07758"><ele>345</ele></trkpt>
      <trkpt lat="46.06171" lon="12.07708"><ele>343</ele></trkpt>
      <trkpt lat="46.06174" lon="12.07694"><ele>342</ele></trkpt>
      <trkpt lat="46.06186" lon="12.07645"><ele>340</ele></trkpt>
      <trkpt lat="46.06202" lon="12.07581"><ele>336</ele></trkpt>
      <trkpt lat="46.06212" lon="12.07549"><ele>333</ele></trkpt>
      <trkpt lat="46.06217" lon="12.07538"><ele>332</ele></trkpt>
      <trkpt lat="46.06221" lon="12.07533"><ele>332</ele></trkpt>
      <trkpt lat="46.06228" lon="12.07529"><ele>331</ele></trkpt>
      <trkpt lat="46.06237" lon="12.07529"><ele>330</ele></trkpt>
      <trkpt lat="46.06246" lon="12.07530"><ele>330</ele></trkpt>
      <trkpt lat="46.06258" lon="12.07533"><ele>330</ele></trkpt>
      <trkpt lat="46.06289" lon="12.07546"><ele>328</ele></trkpt>
      <trkpt lat="46.06294" lon="12.07547"><ele>328</ele></trkpt>
      <trkpt lat="46.06296" lon="12.07544"><ele>327</ele></trkpt>
      <trkpt lat="46.06296" lon="12.07540"><ele>327</ele></trkpt>
      <trkpt lat="46.06296" lon="12.07535"><ele>326</ele></trkpt>
      <trkpt lat="46.06288" lon="12.07523"><ele>326</ele></trkpt>
      <trkpt lat="46.06197" lon="12.07399"><ele>317</ele></trkpt>
      <trkpt lat="46.06187" lon="12.07384"><ele>316</ele></trkpt>
      <trkpt lat="46.06181" lon="12.07373"><ele>315</ele></trkpt>
      <trkpt lat="46.06179" lon="12.07366"><ele>314</ele></trkpt>
      <trkpt lat="46.06178" lon="12.07354"><ele>314</ele></trkpt>
      <trkpt lat="46.06162" lon="12.07274"><ele>310</ele></trkpt>
      <trkpt lat="46.06160" lon="12.07261"><ele>309</ele></trkpt>
      <trkpt lat="46.06156" lon="12.07238"><ele>308</ele></trkpt>
      <trkpt lat="46.06152" lon="12.07221"><ele>307</ele></trkpt>
      <trkpt lat="46.06132" lon="12.07157"><ele>305</ele></trkpt>
      <trkpt lat="46.06119" lon="12.07109"><ele>303</ele></trkpt>
      <trkpt lat="46.06118" lon="12.07096"><ele>302</ele></trkpt>
      <trkpt lat="46.06119" lon="12.07083"><ele>300</ele></trkpt>
      <trkpt lat="46.06123" lon="12.07069"><ele>298</ele></trkpt>
      <trkpt lat="46.06133" lon="12.07048"><ele>296</ele></trkpt>
      <trkpt lat="46.06138" lon="12.07038"><ele>296</ele></trkpt>
      <trkpt lat="46.06144" lon="12.07029"><ele>296</ele></trkpt>
      <trkpt lat="46.06189" lon="12.06997"><ele>292</ele></trkpt>
      <trkpt lat="46.06200" lon="12.06991"><ele>289</ele></trkpt>
      <trkpt lat="46.06204" lon="12.06985"><ele>287</ele></trkpt>
      <trkpt lat="46.06205" lon="12.06979"><ele>286</ele></trkpt>
      <trkpt lat="46.06204" lon="12.06974"><ele>284</ele></trkpt>
      <trkpt lat="46.06195" lon="12.06969"><ele>284</ele></trkpt>
      <trkpt lat="46.06189" lon="12.06969"><ele>284</ele></trkpt>
      <trkpt lat="46.06181" lon="12.06970"><ele>285</ele></trkpt>
      <trkpt lat="46.06172" lon="12.06975"><ele>286</ele></trkpt>
      <trkpt lat="46.06125" lon="12.07014"><ele>290</ele></trkpt>
      <trkpt lat="46.06120" lon="12.07019"><ele>289</ele></trkpt>
      <trkpt lat="46.06112" lon="12.07021"><ele>288</ele></trkpt>
      <trkpt lat="46.06104" lon="12.07019"><ele>286</ele></trkpt>
      <trkpt lat="46.06099" lon="12.07016"><ele>286</ele></trkpt>
      <trkpt lat="46.06095" lon="12.07015"><ele>285</ele></trkpt>
      <trkpt lat="46.06090" lon="12.07009"><ele>284</ele></trkpt>
      <trkpt lat="46.06082" lon="12.07001"><ele>282</ele></trkpt>
      <trkpt lat="46.06076" lon="12.06989"><ele>281</ele></trkpt>
      <trkpt lat="46.06073" lon="12.06977"><ele>280</ele></trkpt>
      <trkpt lat="46.06072" lon="12.06961"><ele>279</ele></trkpt>
      <trkpt lat="46.06073" lon="12.06946"><ele>278</ele></trkpt>
      <trkpt lat="46.06077" lon="12.06877"><ele>278</ele></trkpt>
      <trkpt lat="46.06088" lon="12.06703"><ele>280</ele></trkpt>
      <trkpt lat="46.06088" lon="12.06687"><ele>280</ele></trkpt>
      <trkpt lat="46.06086" lon="12.06676"><ele>280</ele></trkpt>
      <trkpt lat="46.06083" lon="12.06669"><ele>281</ele></trkpt>
      <trkpt lat="46.06078" lon="12.06660"><ele>280</ele></trkpt>
      <trkpt lat="46.06070" lon="12.06650"><ele>280</ele></trkpt>
      <trkpt lat="46.06029" lon="12.06610"><ele>285</ele></trkpt>
      <trkpt lat="46.06018" lon="12.06601"><ele>285</ele></trkpt>
      <trkpt lat="46.06010" lon="12.06597"><ele>286</ele></trkpt>
      <trkpt lat="46.06002" lon="12.06595"><ele>287</ele></trkpt>
      <trkpt lat="46.05980" lon="12.06595"><ele>290</ele></trkpt>
      <trkpt lat="46.05945" lon="12.06601"><ele>291</ele></trkpt>
      <trkpt lat="46.05937" lon="12.06600"><ele>290</ele></trkpt>
      <trkpt lat="46.05928" lon="12.06597"><ele>289</ele></trkpt>
      <trkpt lat="46.05918" lon="12.06589"><ele>290</ele></trkpt>
      <trkpt lat="46.05886" lon="12.06559"><ele>292</ele></trkpt>
      <trkpt lat="46.05864" lon="12.06536"><ele>294</ele></trkpt>
      <trkpt lat="46.05857" lon="12.06527"><ele>295</ele></trkpt>
      <trkpt lat="46.05850" lon="12.06516"><ele>295</ele></trkpt>
      <trkpt lat="46.05828" lon="12.06464"><ele>296</ele></trkpt>
      <trkpt lat="46.05759" lon="12.06311"><ele>296</ele></trkpt>
      <trkpt lat="46.05749" lon="12.06281"><ele>296</ele></trkpt>
      <trkpt lat="46.05741" lon="12.06247"><ele>296</ele></trkpt>
      <trkpt lat="46.05726" lon="12.06178"><ele>297</ele></trkpt>
      <trkpt lat="46.05696" lon="12.06024"><ele>297</ele></trkpt>
      <trkpt lat="46.05690" lon="12.06006"><ele>297</ele></trkpt>
      <trkpt lat="46.05681" lon="12.05990"><ele>297</ele></trkpt>
      <trkpt lat="46.05670" lon="12.05978"><ele>298</ele></trkpt>
      <trkpt lat="46.05656" lon="12.05966"><ele>298</ele></trkpt>
      <trkpt lat="46.05641" lon="12.05961"><ele>298</ele></trkpt>
      <trkpt lat="46.05593" lon="12.05944"><ele>300</ele></trkpt>
      <trkpt lat="46.05580" lon="12.05935"><ele>299</ele></trkpt>
      <trkpt lat="46.05566" lon="12.05920"><ele>299</ele></trkpt>
      <trkpt lat="46.05555" lon="12.05903"><ele>299</ele></trkpt>
      <trkpt lat="46.05541" lon="12.05877"><ele>298</ele></trkpt>
      <trkpt lat="46.05523" lon="12.05839"><ele>298</ele></trkpt>
      <trkpt lat="46.05419" lon="12.05628"><ele>297</ele></trkpt>
      <trkpt lat="46.05342" lon="12.05477"><ele>295</ele></trkpt>
      <trkpt lat="46.05327" lon="12.05446"><ele>295</ele></trkpt>
      <trkpt lat="46.05299" lon="12.05385"><ele>295</ele></trkpt>
      <trkpt lat="46.05292" lon="12.05378"><ele>295</ele></trkpt>
      <trkpt lat="46.05291" lon="12.05366"><ele>295</ele></trkpt>
      <trkpt lat="46.05282" lon="12.05347"><ele>298</ele></trkpt>
      <trkpt lat="46.05241" lon="12.05277"><ele>303</ele></trkpt>
      <trkpt lat="46.05232" lon="12.05260"><ele>303</ele></trkpt>
      <trkpt lat="46.05225" lon="12.05239"><ele>304</ele></trkpt>
      <trkpt lat="46.05200" lon="12.05043"><ele>306</ele></trkpt>
      <trkpt lat="46.05192" lon="12.05003"><ele>306</ele></trkpt>
      <trkpt lat="46.05174" lon="12.04928"><ele>305</ele></trkpt>
      <trkpt lat="46.05132" lon="12.04791"><ele>306</ele></trkpt>
      <trkpt lat="46.05122" lon="12.04754"><ele>305</ele></trkpt>
      <trkpt lat="46.05112" lon="12.04700"><ele>305</ele></trkpt>
      <trkpt lat="46.05100" lon="12.04662"><ele>306</ele></trkpt>
      <trkpt lat="46.05091" lon="12.04602"><ele>306</ele></trkpt>
      <trkpt lat="46.05062" lon="12.04472"><ele>305</ele></trkpt>
      <trkpt lat="46.05060" lon="12.04453"><ele>305</ele></trkpt>
      <trkpt lat="46.05050" lon="12.04409"><ele>306</ele></trkpt>
      <trkpt lat="46.05047" lon="12.04383"><ele>306</ele></trkpt>
      <trkpt lat="46.05028" lon="12.04278"><ele>305</ele></trkpt>
      <trkpt lat="46.05022" lon="12.04236"><ele>302</ele></trkpt>
      <trkpt lat="46.05009" lon="12.04163"><ele>301</ele></trkpt>
      <trkpt lat="46.04998" lon="12.04111"><ele>298</ele></trkpt>
      <trkpt lat="46.04990" lon="12.04075"><ele>297</ele></trkpt>
      <trkpt lat="46.04972" lon="12.04046"><ele>297</ele></trkpt>
      <trkpt lat="46.04954" lon="12.04012"><ele>295</ele></trkpt>
      <trkpt lat="46.04927" lon="12.03951"><ele>294</ele></trkpt>
      <trkpt lat="46.04918" lon="12.03920"><ele>294</ele></trkpt>
      <trkpt lat="46.04912" lon="12.03888"><ele>291</ele></trkpt>
      <trkpt lat="46.04909" lon="12.03852"><ele>289</ele></trkpt>
      <trkpt lat="46.04909" lon="12.03834"><ele>288</ele></trkpt>
      <trkpt lat="46.04898" lon="12.03834"><ele>288</ele></trkpt>
      <trkpt lat="46.04882" lon="12.03831"><ele>286</ele></trkpt>
      <trkpt lat="46.04876" lon="12.03834"><ele>285</ele></trkpt>
      <trkpt lat="46.04876" lon="12.03870"><ele>284</ele></trkpt>
      <trkpt lat="46.04877" lon="12.03881"><ele>284</ele></trkpt>
      <trkpt lat="46.04877" lon="12.03892"><ele>284</ele></trkpt>
      <trkpt lat="46.04875" lon="12.03900"><ele>284</ele></trkpt>
      <trkpt lat="46.04873" lon="12.03905"><ele>283</ele></trkpt>
      <trkpt lat="46.04870" lon="12.03908"><ele>282</ele></trkpt>
      <trkpt lat="46.04856" lon="12.03911"><ele>280</ele></trkpt>
      <trkpt lat="46.04856" lon="12.03881"><ele>280</ele></trkpt>
      <trkpt lat="46.04854" lon="12.03867"><ele>281</ele></trkpt>
      <trkpt lat="46.04852" lon="12.03851"><ele>281</ele></trkpt>
      <trkpt lat="46.04847" lon="12.03838"><ele>280</ele></trkpt>
      <trkpt lat="46.04837" lon="12.03813"><ele>279</ele></trkpt>
      <trkpt lat="46.04723" lon="12.03543"><ele>275</ele></trkpt>
      <trkpt lat="46.04718" lon="12.03531"><ele>276</ele></trkpt>
      <trkpt lat="46.04709" lon="12.03504"><ele>275</ele></trkpt>
      <trkpt lat="46.04705" lon="12.03489"><ele>274</ele></trkpt>
      <trkpt lat="46.04703" lon="12.03475"><ele>274</ele></trkpt>
      <trkpt lat="46.04701" lon="12.03450"><ele>271</ele></trkpt>
      <trkpt lat="46.04683" lon="12.03234"><ele>279</ele></trkpt>
      <trkpt lat="46.04681" lon="12.03210"><ele>279</ele></trkpt>
      <trkpt lat="46.04680" lon="12.03201"><ele>280</ele></trkpt>
      <trkpt lat="46.04677" lon="12.03191"><ele>280</ele></trkpt>
      <trkpt lat="46.04672" lon="12.03176"><ele>280</ele></trkpt>
      <trkpt lat="46.04667" lon="12.03168"><ele>280</ele></trkpt>
      <trkpt lat="46.04660" lon="12.03159"><ele>280</ele></trkpt>
      <trkpt lat="46.04651" lon="12.03153"><ele>280</ele></trkpt>
      <trkpt lat="46.04614" lon="12.03130"><ele>280</ele></trkpt>
      <trkpt lat="46.04584" lon="12.03114"><ele>276</ele></trkpt>
      <trkpt lat="46.04542" lon="12.03087"><ele>273</ele></trkpt>
      <trkpt lat="46.04532" lon="12.03077"><ele>272</ele></trkpt>
      <trkpt lat="46.04526" lon="12.03068"><ele>271</ele></trkpt>
      <trkpt lat="46.04520" lon="12.03056"><ele>270</ele></trkpt>
      <trkpt lat="46.04516" lon="12.03044"><ele>270</ele></trkpt>
      <trkpt lat="46.04512" lon="12.03029"><ele>270</ele></trkpt>
      <trkpt lat="46.04510" lon="12.03008"><ele>270</ele></trkpt>
      <trkpt lat="46.04511" lon="12.02995"><ele>269</ele></trkpt>
      <trkpt lat="46.04515" lon="12.02955"><ele>267</ele></trkpt>
      <trkpt lat="46.04523" lon="12.02878"><ele>266</ele></trkpt>
      <trkpt lat="46.04526" lon="12.02850"><ele>266</ele></trkpt>
      <trkpt lat="46.04529" lon="12.02820"><ele>265</ele></trkpt>
      <trkpt lat="46.04531" lon="12.02789"><ele>265</ele></trkpt>
      <trkpt lat="46.04531" lon="12.02772"><ele>264</ele></trkpt>
      <trkpt lat="46.04529" lon="12.02762"><ele>264</ele></trkpt>
      <trkpt lat="46.04525" lon="12.02744"><ele>264</ele></trkpt>
      <trkpt lat="46.04521" lon="12.02727"><ele>263</ele></trkpt>
      <trkpt lat="46.04518" lon="12.02709"><ele>264</ele></trkpt>
      <trkpt lat="46.04515" lon="12.02685"><ele>264</ele></trkpt>
      <trkpt lat="46.04513" lon="12.02670"><ele>265</ele></trkpt>
      <trkpt lat="46.04512" lon="12.02649"><ele>265</ele></trkpt>
      <trkpt lat="46.04513" lon="12.02627"><ele>265</ele></trkpt>
      <trkpt lat="46.04523" lon="12.02515"><ele>264</ele></trkpt>
      <trkpt lat="46.04526" lon="12.02488"><ele>264</ele></trkpt>
      <trkpt lat="46.04531" lon="12.02441"><ele>263</ele></trkpt>
      <trkpt lat="46.04531" lon="12.02415"><ele>263</ele></trkpt>
      <trkpt lat="46.04527" lon="12.02368"><ele>262</ele></trkpt>
      <trkpt lat="46.04519" lon="12.02312"><ele>261</ele></trkpt>
      <trkpt lat="46.04508" lon="12.02244"><ele>262</ele></trkpt>
      <trkpt lat="46.04505" lon="12.02233"><ele>261</ele></trkpt>
      <trkpt lat="46.04497" lon="12.02188"><ele>261</ele></trkpt>
      <trkpt lat="46.04495" lon="12.02181"><ele>261</ele></trkpt>
      <trkpt lat="46.04482" lon="12.02133"><ele>261</ele></trkpt>
      <trkpt lat="46.04480" lon="12.02135"><ele>261</ele></trkpt>
      <trkpt lat="46.04482" lon="12.02133"><ele>261</ele></trkpt>
      <trkpt lat="46.04486" lon="12.02129"><ele>261</ele></trkpt>
      <trkpt lat="46.04492" lon="12.02120"><ele>261</ele></trkpt>
      <trkpt lat="46.04500" lon="12.02103"><ele>260</ele></trkpt>
      <trkpt lat="46.04516" lon="12.02063"><ele>260</ele></trkpt>
      <trkpt lat="46.04522" lon="12.02050"><ele>260</ele></trkpt>
      <trkpt lat="46.04527" lon="12.02037"><ele>260</ele></trkpt>
      <trkpt lat="46.04530" lon="12.02015"><ele>259</ele></trkpt>
      <trkpt lat="46.04527" lon="12.01973"><ele>259</ele></trkpt>
      <trkpt lat="46.04520" lon="12.01887"><ele>258</ele></trkpt>
      <trkpt lat="46.04511" lon="12.01742"><ele>256</ele></trkpt>
      <trkpt lat="46.04510" lon="12.01730"><ele>256</ele></trkpt>
      <trkpt lat="46.04515" lon="12.01685"><ele>255</ele></trkpt>
      <trkpt lat="46.04524" lon="12.01582"><ele>254</ele></trkpt>
      <trkpt lat="46.04517" lon="12.01551"><ele>254</ele></trkpt>
      <trkpt lat="46.04510" lon="12.01536"><ele>254</ele></trkpt>
      <trkpt lat="46.04504" lon="12.01518"><ele>254</ele></trkpt>
      <trkpt lat="46.04492" lon="12.01495"><ele>254</ele></trkpt>
      <trkpt lat="46.04482" lon="12.01457"><ele>253</ele></trkpt>
      <trkpt lat="46.04479" lon="12.01384"><ele>252</ele></trkpt>
      <trkpt lat="46.04460" lon="12.01338"><ele>250</ele></trkpt>
      <trkpt lat="46.04405" lon="12.01205"><ele>250</ele></trkpt>
      <trkpt lat="46.04401" lon="12.01200"><ele>250</ele></trkpt>
      <trkpt lat="46.04407" lon="12.01191"><ele>249</ele></trkpt>
      <trkpt lat="46.04420" lon="12.01182"><ele>248</ele></trkpt>
      <trkpt lat="46.04432" lon="12.01177"><ele>248</ele></trkpt>
      <trkpt lat="46.04442" lon="12.01172"><ele>247</ele></trkpt>
      <trkpt lat="46.04461" lon="12.01153"><ele>246</ele></trkpt>
      <trkpt lat="46.04524" lon="12.01105"><ele>246</ele></trkpt>
      <trkpt lat="46.04560" lon="12.01078"><ele>245</ele></trkpt>
      <trkpt lat="46.04574" lon="12.01074"><ele>245</ele></trkpt>
      <trkpt lat="46.04586" lon="12.01078"><ele>245</ele></trkpt>
      <trkpt lat="46.04593" lon="12.01087"><ele>245</ele></trkpt>
      <trkpt lat="46.04608" lon="12.01109"><ele>244</ele></trkpt>
      <trkpt lat="46.04616" lon="12.01102"><ele>244</ele></trkpt>
      <trkpt lat="46.04637" lon="12.01088"><ele>244</ele></trkpt>
      <trkpt lat="46.04642" lon="12.01082"><ele>244</ele></trkpt>
      <trkpt lat="46.04646" lon="12.01052"><ele>244</ele></trkpt>
      <trkpt lat="46.04650" lon="12.01033"><ele>244</ele></trkpt>
      <trkpt lat="46.04658" lon="12.01004"><ele>244</ele></trkpt>
      <trkpt lat="46.04660" lon="12.00983"><ele>244</ele></trkpt>
      <trkpt lat="46.04665" lon="12.00967"><ele>244</ele></trkpt>
      <trkpt lat="46.04639" lon="12.00884"><ele>244</ele></trkpt>
      <trkpt lat="46.04615" lon="12.00844"><ele>244</ele></trkpt>
      <trkpt lat="46.04597" lon="12.00786"><ele>243</ele></trkpt>
      <trkpt lat="46.04577" lon="12.00725"><ele>243</ele></trkpt>
      <trkpt lat="46.04544" lon="12.00688"><ele>243</ele></trkpt>
      <trkpt lat="46.04525" lon="12.00641"><ele>242</ele></trkpt>
      <trkpt lat="46.04508" lon="12.00606"><ele>242</ele></trkpt>
      <trkpt lat="46.04509" lon="12.00595"><ele>242</ele></trkpt>
      <trkpt lat="46.04522" lon="12.00588"><ele>242</ele></trkpt>
      <trkpt lat="46.04527" lon="12.00578"><ele>243</ele></trkpt>
      <trkpt lat="46.04524" lon="12.00559"><ele>242</ele></trkpt>
      <trkpt lat="46.04498" lon="12.00508"><ele>241</ele></trkpt>
      <trkpt lat="46.04482" lon="12.00464"><ele>241</ele></trkpt>
      <trkpt lat="46.04470" lon="12.00397"><ele>241</ele></trkpt>
      <trkpt lat="46.04455" lon="12.00370"><ele>240</ele></trkpt>
      <trkpt lat="46.04432" lon="12.00351"><ele>240</ele></trkpt>
      <trkpt lat="46.04385" lon="12.00280"><ele>240</ele></trkpt>
      <trkpt lat="46.04339" lon="12.00249"><ele>240</ele></trkpt>
      <trkpt lat="46.04293" lon="12.00195"><ele>239</ele></trkpt>
      <trkpt lat="46.04262" lon="12.00152"><ele>239</ele></trkpt>
      <trkpt lat="46.04237" lon="12.00113"><ele>239</ele></trkpt>
      <trkpt lat="46.04229" lon="12.00100"><ele>239</ele></trkpt>
      <trkpt lat="46.04191" lon="12.00055"><ele>239</ele></trkpt>
      <trkpt lat="46.04177" lon="12.00015"><ele>239</ele></trkpt>
      <trkpt lat="46.04157" lon="11.99966"><ele>239</ele></trkpt>
      <trkpt lat="46.04141" lon="11.99937"><ele>239</ele></trkpt>
      <trkpt lat="46.04128" lon="11.99924"><ele>239</ele></trkpt>
      <trkpt lat="46.04092" lon="11.99920"><ele>239</ele></trkpt>
      <trkpt lat="46.04080" lon="11.99895"><ele>239</ele></trkpt>
      <trkpt lat="46.04053" lon="11.99868"><ele>238</ele></trkpt>
      <trkpt lat="46.04027" lon="11.99842"><ele>238</ele></trkpt>
      <trkpt lat="46.04053" lon="11.99818"><ele>238</ele></trkpt>
      <trkpt lat="46.04065" lon="11.99800"><ele>238</ele></trkpt>
      <trkpt lat="46.04089" lon="11.99659"><ele>238</ele></trkpt>
      <trkpt lat="46.04124" lon="11.99623"><ele>237</ele></trkpt>
      <trkpt lat="46.04114" lon="11.99603"><ele>237</ele></trkpt>
      <trkpt lat="46.04106" lon="11.99554"><ele>237</ele></trkpt>
      <trkpt lat="46.04010" lon="11.99416"><ele>236</ele></trkpt>
      <trkpt lat="46.04002" lon="11.99386"><ele>236</ele></trkpt>
      <trkpt lat="46.03929" lon="11.99326"><ele>238</ele></trkpt>
      <trkpt lat="46.03884" lon="11.99311"><ele>240</ele></trkpt>
      <trkpt lat="46.03874" lon="11.99269"><ele>242</ele></trkpt>
      <trkpt lat="46.03851" lon="11.99171"><ele>242</ele></trkpt>
      <trkpt lat="46.03828" lon="11.99137"><ele>242</ele></trkpt>
      <trkpt lat="46.03818" lon="11.99127"><ele>241</ele></trkpt>
      <trkpt lat="46.03800" lon="11.99078"><ele>242</ele></trkpt>
      <trkpt lat="46.03782" lon="11.99036"><ele>240</ele></trkpt>
      <trkpt lat="46.03772" lon="11.99004"><ele>237</ele></trkpt>
      <trkpt lat="46.03760" lon="11.98965"><ele>234</ele></trkpt>
      <trkpt lat="46.03770" lon="11.98599"><ele>238</ele></trkpt>
      <trkpt lat="46.03776" lon="11.98574"><ele>240</ele></trkpt>
      <trkpt lat="46.03784" lon="11.98563"><ele>239</ele></trkpt>
      <trkpt lat="46.03801" lon="11.98543"><ele>239</ele></trkpt>
      <trkpt lat="46.03820" lon="11.98525"><ele>239</ele></trkpt>
      <trkpt lat="46.03824" lon="11.98528"><ele>238</ele></trkpt>
      <trkpt lat="46.03859" lon="11.98447"><ele>243</ele></trkpt>
      <trkpt lat="46.03872" lon="11.98401"><ele>243</ele></trkpt>
      <trkpt lat="46.03874" lon="11.98384"><ele>244</ele></trkpt>
      <trkpt lat="46.03876" lon="11.98361"><ele>244</ele></trkpt>
      <trkpt lat="46.03881" lon="11.98338"><ele>244</ele></trkpt>
      <trkpt lat="46.03884" lon="11.98332"><ele>245</ele></trkpt>
      <trkpt lat="46.03890" lon="11.98324"><ele>246</ele></trkpt>
      <trkpt lat="46.03894" lon="11.98318"><ele>246</ele></trkpt>
      <trkpt lat="46.03898" lon="11.98314"><ele>246</ele></trkpt>
      <trkpt lat="46.03902" lon="11.98312"><ele>246</ele></trkpt>
      <trkpt lat="46.03905" lon="11.98311"><ele>246</ele></trkpt>
      <trkpt lat="46.03914" lon="11.98311"><ele>246</ele></trkpt>
      <trkpt lat="46.03898" lon="11.98293"><ele>247</ele></trkpt>
      <trkpt lat="46.03894" lon="11.98288"><ele>248</ele></trkpt>
      <trkpt lat="46.03891" lon="11.98284"><ele>248</ele></trkpt>
      <trkpt lat="46.03887" lon="11.98279"><ele>248</ele></trkpt>
      <trkpt lat="46.03882" lon="11.98276"><ele>247</ele></trkpt>
      <trkpt lat="46.03875" lon="11.98274"><ele>246</ele></trkpt>
      <trkpt lat="46.03862" lon="11.98254"><ele>247</ele></trkpt>
      <trkpt lat="46.03854" lon="11.98239"><ele>247</ele></trkpt>
      <trkpt lat="46.03856" lon="11.98236"><ele>247</ele></trkpt>
      <trkpt lat="46.03864" lon="11.98226"><ele>248</ele></trkpt>
      <trkpt lat="46.03892" lon="11.98190"><ele>252</ele></trkpt>
      <trkpt lat="46.03946" lon="11.98132"><ele>250</ele></trkpt>
      <trkpt lat="46.03957" lon="11.98120"><ele>250</ele></trkpt>
      <trkpt lat="46.03964" lon="11.98113"><ele>249</ele></trkpt>
      <trkpt lat="46.04005" lon="11.98067"><ele>250</ele></trkpt>
      <trkpt lat="46.04023" lon="11.98048"><ele>252</ele></trkpt>
      <trkpt lat="46.04036" lon="11.98050"><ele>252</ele></trkpt>
      <trkpt lat="46.04052" lon="11.98053"><ele>251</ele></trkpt>
      <trkpt lat="46.04062" lon="11.98057"><ele>252</ele></trkpt>
      <trkpt lat="46.04070" lon="11.98063"><ele>252</ele></trkpt>
      <trkpt lat="46.04092" lon="11.98083"><ele>253</ele></trkpt>
      <trkpt lat="46.04096" lon="11.98084"><ele>254</ele></trkpt>
      <trkpt lat="46.04098" lon="11.98084"><ele>254</ele></trkpt>
      <trkpt lat="46.04105" lon="11.98080"><ele>255</ele></trkpt>
      <trkpt lat="46.04109" lon="11.98074"><ele>256</ele></trkpt>
      <trkpt lat="46.04118" lon="11.98060"><ele>260</ele></trkpt>
      <trkpt lat="46.04121" lon="11.98054"><ele>261</ele></trkpt>
      <trkpt lat="46.04121" lon="11.98049"><ele>262</ele></trkpt>
      <trkpt lat="46.04119" lon="11.98043"><ele>262</ele></trkpt>
      <trkpt lat="46.04114" lon="11.98036"><ele>262</ele></trkpt>
      <trkpt lat="46.04080" lon="11.97993"><ele>264</ele></trkpt>
      <trkpt lat="46.04074" lon="11.97978"><ele>264</ele></trkpt>
      <trkpt lat="46.04074" lon="11.97966"><ele>265</ele></trkpt>
      <trkpt lat="46.04079" lon="11.97958"><ele>266</ele></trkpt>
      <trkpt lat="46.04085" lon="11.97955"><ele>266</ele></trkpt>
      <trkpt lat="46.04102" lon="11.97959"><ele>266</ele></trkpt>
      <trkpt lat="46.04117" lon="11.97976"><ele>267</ele></trkpt>
      <trkpt lat="46.04126" lon="11.97990"><ele>266</ele></trkpt>
      <trkpt lat="46.04143" lon="11.98007"><ele>266</ele></trkpt>
      <trkpt lat="46.04158" lon="11.98016"><ele>266</ele></trkpt>
      <trkpt lat="46.04175" lon="11.98024"><ele>266</ele></trkpt>
      <trkpt lat="46.04181" lon="11.98015"><ele>265</ele></trkpt>
      <trkpt lat="46.04185" lon="11.97997"><ele>265</ele></trkpt>
      <trkpt lat="46.04191" lon="11.97963"><ele>266</ele></trkpt>
      <trkpt lat="46.04198" lon="11.97942"><ele>267</ele></trkpt>
      <trkpt lat="46.04206" lon="11.97931"><ele>268</ele></trkpt>
      <trkpt lat="46.04232" lon="11.97924"><ele>276</ele></trkpt>
      <trkpt lat="46.04268" lon="11.97894"><ele>283</ele></trkpt>
      <trkpt lat="46.04276" lon="11.97880"><ele>285</ele></trkpt>
      <trkpt lat="46.04281" lon="11.97865"><ele>285</ele></trkpt>
      <trkpt lat="46.04284" lon="11.97853"><ele>286</ele></trkpt>
      <trkpt lat="46.04288" lon="11.97823"><ele>286</ele></trkpt>
      <trkpt lat="46.04293" lon="11.97803"><ele>287</ele></trkpt>
      <trkpt lat="46.04298" lon="11.97789"><ele>288</ele></trkpt>
      <trkpt lat="46.04306" lon="11.97779"><ele>290</ele></trkpt>
      <trkpt lat="46.04330" lon="11.97763"><ele>289</ele></trkpt>
      <trkpt lat="46.04359" lon="11.97750"><ele>291</ele></trkpt>
      <trkpt lat="46.04373" lon="11.97749"><ele>290</ele></trkpt>
      <trkpt lat="46.04381" lon="11.97753"><ele>290</ele></trkpt>
      <trkpt lat="46.04435" lon="11.97800"><ele>293</ele></trkpt>
      <trkpt lat="46.04443" lon="11.97802"><ele>294</ele></trkpt>
      <trkpt lat="46.04455" lon="11.97803"><ele>295</ele></trkpt>
      <trkpt lat="46.04472" lon="11.97801"><ele>295</ele></trkpt>
      <trkpt lat="46.04498" lon="11.97794"><ele>295</ele></trkpt>
      <trkpt lat="46.04522" lon="11.97783"><ele>296</ele></trkpt>
      <trkpt lat="46.04535" lon="11.97775"><ele>296</ele></trkpt>
      <trkpt lat="46.04546" lon="11.97770"><ele>298</ele></trkpt>
      <trkpt lat="46.04622" lon="11.97758"><ele>302</ele></trkpt>
      <trkpt lat="46.04641" lon="11.97747"><ele>302</ele></trkpt>
      <trkpt lat="46.04676" lon="11.97714"><ele>300</ele></trkpt>
      <trkpt lat="46.04706" lon="11.97691"><ele>301</ele></trkpt>
      <trkpt lat="46.04758" lon="11.97656"><ele>303</ele></trkpt>
      <trkpt lat="46.04771" lon="11.97650"><ele>304</ele></trkpt>
      <trkpt lat="46.04780" lon="11.97650"><ele>304</ele></trkpt>
      <trkpt lat="46.04784" lon="11.97651"><ele>304</ele></trkpt>
      <trkpt lat="46.04811" lon="11.97638"><ele>305</ele></trkpt>
      <trkpt lat="46.04823" lon="11.97637"><ele>304</ele></trkpt>
      <trkpt lat="46.04861" lon="11.97640"><ele>304</ele></trkpt>
      <trkpt lat="46.04916" lon="11.97655"><ele>303</ele></trkpt>
      <trkpt lat="46.04936" lon="11.97676"><ele>302</ele></trkpt>
      <trkpt lat="46.04970" lon="11.97722"><ele>303</ele></trkpt>
      <trkpt lat="46.04991" lon="11.97749"><ele>303</ele></trkpt>
      <trkpt lat="46.05001" lon="11.97761"><ele>303</ele></trkpt>
      <trkpt lat="46.05083" lon="11.97944"><ele>301</ele></trkpt>
      <trkpt lat="46.05093" lon="11.97943"><ele>300</ele></trkpt>
      <trkpt lat="46.05120" lon="11.97922"><ele>302</ele></trkpt>
      <trkpt lat="46.05130" lon="11.97914"><ele>302</ele></trkpt>
      <trkpt lat="46.05138" lon="11.97901"><ele>304</ele></trkpt>
      <trkpt lat="46.05177" lon="11.97940"><ele>303</ele></trkpt>
      <trkpt lat="46.05258" lon="11.98051"><ele>304</ele></trkpt>
      <trkpt lat="46.05309" lon="11.98123"><ele>305</ele></trkpt>
      <trkpt lat="46.05403" lon="11.98240"><ele>306</ele></trkpt>
      <trkpt lat="46.05405" lon="11.98246"><ele>306</ele></trkpt>
      <trkpt lat="46.05405" lon="11.98255"><ele>305</ele></trkpt>
      <trkpt lat="46.05408" lon="11.98277"><ele>304</ele></trkpt>
      <trkpt lat="46.05413" lon="11.98295"><ele>304</ele></trkpt>
      <trkpt lat="46.05423" lon="11.98320"><ele>303</ele></trkpt>
      <trkpt lat="46.05428" lon="11.98336"><ele>302</ele></trkpt>
      <trkpt lat="46.05434" lon="11.98348"><ele>302</ele></trkpt>
      <trkpt lat="46.05474" lon="11.98392"><ele>304</ele></trkpt>
      <trkpt lat="46.05483" lon="11.98418"><ele>304</ele></trkpt>
      <trkpt lat="46.05492" lon="11.98453"><ele>303</ele></trkpt>
      <trkpt lat="46.05495" lon="11.98477"><ele>303</ele></trkpt>
      <trkpt lat="46.05491" lon="11.98516"><ele>301</ele></trkpt>
      <trkpt lat="46.05494" lon="11.98529"><ele>300</ele></trkpt>
      <trkpt lat="46.05495" lon="11.98536"><ele>300</ele></trkpt>
      <trkpt lat="46.05501" lon="11.98548"><ele>300</ele></trkpt>
      <trkpt lat="46.05547" lon="11.98606"><ele>300</ele></trkpt>
      <trkpt lat="46.05604" lon="11.98639"><ele>295</ele></trkpt>
      <trkpt lat="46.05622" lon="11.98644"><ele>295</ele></trkpt>
      <trkpt lat="46.05627" lon="11.98644"><ele>295</ele></trkpt>
      <trkpt lat="46.05630" lon="11.98642"><ele>296</ele></trkpt>
      <trkpt lat="46.05631" lon="11.98647"><ele>295</ele></trkpt>
      <trkpt lat="46.05633" lon="11.98651"><ele>294</ele></trkpt>
      <trkpt lat="46.05637" lon="11.98657"><ele>294</ele></trkpt>
      <trkpt lat="46.05654" lon="11.98675"><ele>292</ele></trkpt>
      <trkpt lat="46.05660" lon="11.98684"><ele>292</ele></trkpt>
      <trkpt lat="46.05664" lon="11.98691"><ele>291</ele></trkpt>
      <trkpt lat="46.05667" lon="11.98699"><ele>291</ele></trkpt>
      <trkpt lat="46.05669" lon="11.98708"><ele>292</ele></trkpt>
      <trkpt lat="46.05670" lon="11.98718"><ele>292</ele></trkpt>
      <trkpt lat="46.05669" lon="11.98732"><ele>292</ele></trkpt>
      <trkpt lat="46.05666" lon="11.98761"><ele>293</ele></trkpt>
      <trkpt lat="46.05664" lon="11.98790"><ele>294</ele></trkpt>
      <trkpt lat="46.05665" lon="11.98835"><ele>295</ele></trkpt>
      <trkpt lat="46.05669" lon="11.98921"><ele>300</ele></trkpt>
      <trkpt lat="46.05671" lon="11.98934"><ele>302</ele></trkpt>
      <trkpt lat="46.05669" lon="11.98939"><ele>302</ele></trkpt>
      <trkpt lat="46.05665" lon="11.98963"><ele>303</ele></trkpt>
      <trkpt lat="46.05658" lon="11.99001"><ele>301</ele></trkpt>
      <trkpt lat="46.05662" lon="11.99004"><ele>301</ele></trkpt>
      <trkpt lat="46.05691" lon="11.99018"><ele>300</ele></trkpt>
      <trkpt lat="46.05773" lon="11.99046"><ele>298</ele></trkpt>
      <trkpt lat="46.05806" lon="11.99054"><ele>299</ele></trkpt>
      <trkpt lat="46.05826" lon="11.99055"><ele>300</ele></trkpt>
      <trkpt lat="46.05835" lon="11.99057"><ele>300</ele></trkpt>
      <trkpt lat="46.05900" lon="11.99011"><ele>303</ele></trkpt>
      <trkpt lat="46.05911" lon="11.99004"><ele>304</ele></trkpt>
      <trkpt lat="46.05953" lon="11.98975"><ele>305</ele></trkpt>
      <trkpt lat="46.05976" lon="11.98960"><ele>306</ele></trkpt>
      <trkpt lat="46.06117" lon="11.98872"><ele>312</ele></trkpt>
      <trkpt lat="46.06131" lon="11.98865"><ele>314</ele></trkpt>
      <trkpt lat="46.06159" lon="11.98858"><ele>316</ele></trkpt>
      <trkpt lat="46.06165" lon="11.98857"><ele>316</ele></trkpt>
      <trkpt lat="46.06181" lon="11.98856"><ele>317</ele></trkpt>
      <trkpt lat="46.06328" lon="11.98895"><ele>323</ele></trkpt>
      <trkpt lat="46.06337" lon="11.98896"><ele>323</ele></trkpt>
      <trkpt lat="46.06345" lon="11.98896"><ele>322</ele></trkpt>
      <trkpt lat="46.06349" lon="11.98895"><ele>322</ele></trkpt>
      <trkpt lat="46.06398" lon="11.98875"><ele>323</ele></trkpt>
      <trkpt lat="46.06403" lon="11.98871"><ele>323</ele></trkpt>
      <trkpt lat="46.06406" lon="11.98868"><ele>324</ele></trkpt>
      <trkpt lat="46.06413" lon="11.98855"><ele>325</ele></trkpt>
      <trkpt lat="46.06484" lon="11.98696"><ele>329</ele></trkpt>
      <trkpt lat="46.06488" lon="11.98685"><ele>329</ele></trkpt>
      <trkpt lat="46.06491" lon="11.98677"><ele>329</ele></trkpt>
      <trkpt lat="46.06493" lon="11.98665"><ele>329</ele></trkpt>
      <trkpt lat="46.06494" lon="11.98598"><ele>330</ele></trkpt>
      <trkpt lat="46.06495" lon="11.98580"><ele>331</ele></trkpt>
      <trkpt lat="46.06497" lon="11.98574"><ele>330</ele></trkpt>
      <trkpt lat="46.06500" lon="11.98569"><ele>330</ele></trkpt>
      <trkpt lat="46.06505" lon="11.98564"><ele>330</ele></trkpt>
      <trkpt lat="46.06537" lon="11.98551"><ele>330</ele></trkpt>
      <trkpt lat="46.06543" lon="11.98551"><ele>330</ele></trkpt>
      <trkpt lat="46.06547" lon="11.98552"><ele>330</ele></trkpt>
      <trkpt lat="46.06551" lon="11.98555"><ele>330</ele></trkpt>
      <trkpt lat="46.06554" lon="11.98558"><ele>330</ele></trkpt>
      <trkpt lat="46.06557" lon="11.98563"><ele>330</ele></trkpt>
      <trkpt lat="46.06562" lon="11.98575"><ele>330</ele></trkpt>
      <trkpt lat="46.06594" lon="11.98657"><ele>334</ele></trkpt>
      <trkpt lat="46.06597" lon="11.98664"><ele>334</ele></trkpt>
      <trkpt lat="46.06603" lon="11.98674"><ele>334</ele></trkpt>
      <trkpt lat="46.06607" lon="11.98678"><ele>335</ele></trkpt>
      <trkpt lat="46.06616" lon="11.98685"><ele>336</ele></trkpt>
      <trkpt lat="46.06620" lon="11.98687"><ele>336</ele></trkpt>
      <trkpt lat="46.06631" lon="11.98688"><ele>337</ele></trkpt>
      <trkpt lat="46.06641" lon="11.98689"><ele>338</ele></trkpt>
      <trkpt lat="46.06646" lon="11.98688"><ele>338</ele></trkpt>
      <trkpt lat="46.06652" lon="11.98686"><ele>338</ele></trkpt>
      <trkpt lat="46.06661" lon="11.98681"><ele>339</ele></trkpt>
      <trkpt lat="46.06669" lon="11.98672"><ele>340</ele></trkpt>
      <trkpt lat="46.06675" lon="11.98662"><ele>340</ele></trkpt>
      <trkpt lat="46.06680" lon="11.98646"><ele>341</ele></trkpt>
      <trkpt lat="46.06682" lon="11.98626"><ele>342</ele></trkpt>
      <trkpt lat="46.06692" lon="11.98512"><ele>346</ele></trkpt>
      <trkpt lat="46.06692" lon="11.98499"><ele>346</ele></trkpt>
      <trkpt lat="46.06692" lon="11.98490"><ele>346</ele></trkpt>
      <trkpt lat="46.06690" lon="11.98475"><ele>346</ele></trkpt>
      <trkpt lat="46.06683" lon="11.98443"><ele>347</ele></trkpt>
      <trkpt lat="46.06683" lon="11.98435"><ele>348</ele></trkpt>
      <trkpt lat="46.06683" lon="11.98425"><ele>348</ele></trkpt>
      <trkpt lat="46.06685" lon="11.98419"><ele>348</ele></trkpt>
      <trkpt lat="46.06688" lon="11.98413"><ele>349</ele></trkpt>
      <trkpt lat="46.06693" lon="11.98409"><ele>350</ele></trkpt>
      <trkpt lat="46.06698" lon="11.98408"><ele>350</ele></trkpt>
      <trkpt lat="46.06704" lon="11.98408"><ele>351</ele></trkpt>
      <trkpt lat="46.06708" lon="11.98410"><ele>352</ele></trkpt>
      <trkpt lat="46.06713" lon="11.98416"><ele>352</ele></trkpt>
      <trkpt lat="46.06718" lon="11.98425"><ele>353</ele></trkpt>
      <trkpt lat="46.06817" lon="11.98657"><ele>368</ele></trkpt>
      <trkpt lat="46.06822" lon="11.98666"><ele>368</ele></trkpt>
      <trkpt lat="46.06828" lon="11.98673"><ele>368</ele></trkpt>
      <trkpt lat="46.06834" lon="11.98678"><ele>369</ele></trkpt>
      <trkpt lat="46.06842" lon="11.98682"><ele>369</ele></trkpt>
      <trkpt lat="46.06850" lon="11.98683"><ele>370</ele></trkpt>
      <trkpt lat="46.06868" lon="11.98685"><ele>372</ele></trkpt>
      <trkpt lat="46.06877" lon="11.98685"><ele>373</ele></trkpt>
      <trkpt lat="46.06888" lon="11.98683"><ele>375</ele></trkpt>
      <trkpt lat="46.06918" lon="11.98673"><ele>378</ele></trkpt>
      <trkpt lat="46.07027" lon="11.98630"><ele>385</ele></trkpt>
      <trkpt lat="46.07049" lon="11.98620"><ele>386</ele></trkpt>
      <trkpt lat="46.07063" lon="11.98616"><ele>386</ele></trkpt>
      <trkpt lat="46.07079" lon="11.98616"><ele>386</ele></trkpt>
      <trkpt lat="46.07087" lon="11.98617"><ele>387</ele></trkpt>
      <trkpt lat="46.07097" lon="11.98620"><ele>388</ele></trkpt>
      <trkpt lat="46.07106" lon="11.98625"><ele>388</ele></trkpt>
      <trkpt lat="46.07115" lon="11.98631"><ele>389</ele></trkpt>
      <trkpt lat="46.07182" lon="11.98691"><ele>392</ele></trkpt>
      <trkpt lat="46.07197" lon="11.98705"><ele>393</ele></trkpt>
      <trkpt lat="46.07206" lon="11.98711"><ele>394</ele></trkpt>
      <trkpt lat="46.07215" lon="11.98715"><ele>394</ele></trkpt>
      <trkpt lat="46.07226" lon="11.98718"><ele>394</ele></trkpt>
      <trkpt lat="46.07355" lon="11.98744"><ele>400</ele></trkpt>
      <trkpt lat="46.07387" lon="11.98754"><ele>402</ele></trkpt>
      <trkpt lat="46.07416" lon="11.98767"><ele>402</ele></trkpt>
      <trkpt lat="46.07483" lon="11.98807"><ele>407</ele></trkpt>
      <trkpt lat="46.07582" lon="11.98865"><ele>416</ele></trkpt>
      <trkpt lat="46.07610" lon="11.98880"><ele>419</ele></trkpt>
      <trkpt lat="46.07627" lon="11.98886"><ele>421</ele></trkpt>
      <trkpt lat="46.07648" lon="11.98890"><ele>423</ele></trkpt>
      <trkpt lat="46.07673" lon="11.98892"><ele>425</ele></trkpt>
      <trkpt lat="46.07706" lon="11.98891"><ele>429</ele></trkpt>
      <trkpt lat="46.07730" lon="11.98888"><ele>432</ele></trkpt>
      <trkpt lat="46.07748" lon="11.98884"><ele>434</ele></trkpt>
      <trkpt lat="46.07765" lon="11.98879"><ele>435</ele></trkpt>
      <trkpt lat="46.07781" lon="11.98870"><ele>436</ele></trkpt>
      <trkpt lat="46.07796" lon="11.98860"><ele>436</ele></trkpt>
      <trkpt lat="46.07812" lon="11.98847"><ele>437</ele></trkpt>
      <trkpt lat="46.07828" lon="11.98831"><ele>438</ele></trkpt>
      <trkpt lat="46.07858" lon="11.98800"><ele>436</ele></trkpt>
      <trkpt lat="46.07874" lon="11.98782"><ele>435</ele></trkpt>
      <trkpt lat="46.07916" lon="11.98739"><ele>434</ele></trkpt>
      <trkpt lat="46.07931" lon="11.98728"><ele>434</ele></trkpt>
      <trkpt lat="46.07977" lon="11.98701"><ele>433</ele></trkpt>
      <trkpt lat="46.08079" lon="11.98641"><ele>430</ele></trkpt>
      <trkpt lat="46.08099" lon="11.98633"><ele>430</ele></trkpt>
      <trkpt lat="46.08117" lon="11.98628"><ele>430</ele></trkpt>
      <trkpt lat="46.08136" lon="11.98623"><ele>430</ele></trkpt>
      <trkpt lat="46.08180" lon="11.98612"><ele>431</ele></trkpt>
      <trkpt lat="46.08241" lon="11.98600"><ele>431</ele></trkpt>
      <trkpt lat="46.08299" lon="11.98596"><ele>432</ele></trkpt>
      <trkpt lat="46.08370" lon="11.98586"><ele>436</ele></trkpt>
      <trkpt lat="46.08377" lon="11.98587"><ele>436</ele></trkpt>
      <trkpt lat="46.08390" lon="11.98588"><ele>436</ele></trkpt>
      <trkpt lat="46.08465" lon="11.98602"><ele>442</ele></trkpt>
      <trkpt lat="46.08471" lon="11.98604"><ele>443</ele></trkpt>
      <trkpt lat="46.08475" lon="11.98605"><ele>443</ele></trkpt>
      <trkpt lat="46.08483" lon="11.98609"><ele>444</ele></trkpt>
      <trkpt lat="46.08490" lon="11.98615"><ele>445</ele></trkpt>
      <trkpt lat="46.08501" lon="11.98625"><ele>446</ele></trkpt>
      <trkpt lat="46.08512" lon="11.98641"><ele>448</ele></trkpt>
      <trkpt lat="46.08546" lon="11.98695"><ele>452</ele></trkpt>
      <trkpt lat="46.08552" lon="11.98703"><ele>452</ele></trkpt>
      <trkpt lat="46.08564" lon="11.98716"><ele>453</ele></trkpt>
      <trkpt lat="46.08582" lon="11.98731"><ele>455</ele></trkpt>
      <trkpt lat="46.08612" lon="11.98753"><ele>458</ele></trkpt>
      <trkpt lat="46.08628" lon="11.98764"><ele>460</ele></trkpt>
      <trkpt lat="46.08631" lon="11.98766"><ele>460</ele></trkpt>
      <trkpt lat="46.08636" lon="11.98765"><ele>461</ele></trkpt>
      <trkpt lat="46.08636" lon="11.98769"><ele>461</ele></trkpt>
      <trkpt lat="46.08637" lon="11.98773"><ele>461</ele></trkpt>
      <trkpt lat="46.08639" lon="11.98777"><ele>461</ele></trkpt>
      <trkpt lat="46.08642" lon="11.98779"><ele>461</ele></trkpt>
      <trkpt lat="46.08644" lon="11.98780"><ele>462</ele></trkpt>
      <trkpt lat="46.08647" lon="11.98780"><ele>462</ele></trkpt>
      <trkpt lat="46.08650" lon="11.98779"><ele>462</ele></trkpt>
      <trkpt lat="46.08652" lon="11.98777"><ele>463</ele></trkpt>
      <trkpt lat="46.08655" lon="11.98780"><ele>463</ele></trkpt>
      <trkpt lat="46.08660" lon="11.98786"><ele>464</ele></trkpt>
      <trkpt lat="46.08693" lon="11.98823"><ele>466</ele></trkpt>
      <trkpt lat="46.08714" lon="11.98845"><ele>468</ele></trkpt>
      <trkpt lat="46.08722" lon="11.98852"><ele>469</ele></trkpt>
      <trkpt lat="46.08731" lon="11.98859"><ele>470</ele></trkpt>
      <trkpt lat="46.08744" lon="11.98865"><ele>471</ele></trkpt>
      <trkpt lat="46.08762" lon="11.98866"><ele>473</ele></trkpt>
      <trkpt lat="46.08794" lon="11.98867"><ele>477</ele></trkpt>
      <trkpt lat="46.08807" lon="11.98864"><ele>479</ele></trkpt>
      <trkpt lat="46.08815" lon="11.98858"><ele>480</ele></trkpt>
      <trkpt lat="46.08819" lon="11.98852"><ele>481</ele></trkpt>
      <trkpt lat="46.08821" lon="11.98848"><ele>482</ele></trkpt>
      <trkpt lat="46.08835" lon="11.98810"><ele>486</ele></trkpt>
      <trkpt lat="46.08848" lon="11.98788"><ele>488</ele></trkpt>
      <trkpt lat="46.08873" lon="11.98767"><ele>490</ele></trkpt>
      <trkpt lat="46.08879" lon="11.98760"><ele>493</ele></trkpt>
      <trkpt lat="46.08873" lon="11.98767"><ele>490</ele></trkpt>
      <trkpt lat="46.08848" lon="11.98788"><ele>488</ele></trkpt>
      <trkpt lat="46.08847" lon="11.98783"><ele>488</ele></trkpt>
      <trkpt lat="46.08841" lon="11.98744"><ele>489</ele></trkpt>
      <trkpt lat="46.08839" lon="11.98729"><ele>489</ele></trkpt>
      <trkpt lat="46.08839" lon="11.98716"><ele>489</ele></trkpt>
      <trkpt lat="46.08841" lon="11.98702"><ele>490</ele></trkpt>
      <trkpt lat="46.08845" lon="11.98693"><ele>490</ele></trkpt>
      <trkpt lat="46.08842" lon="11.98682"><ele>490</ele></trkpt>
      <trkpt lat="46.08837" lon="11.98656"><ele>488</ele></trkpt>
      <trkpt lat="46.08836" lon="11.98635"><ele>488</ele></trkpt>
      <trkpt lat="46.08839" lon="11.98615"><ele>488</ele></trkpt>
      <trkpt lat="46.08844" lon="11.98597"><ele>488</ele></trkpt>
      <trkpt lat="46.08849" lon="11.98584"><ele>488</ele></trkpt>
      <trkpt lat="46.08852" lon="11.98569"><ele>490</ele></trkpt>
      <trkpt lat="46.08850" lon="11.98547"><ele>491</ele></trkpt>
      <trkpt lat="46.08847" lon="11.98538"><ele>490</ele></trkpt>
      <trkpt lat="46.08819" lon="11.98495"><ele>488</ele></trkpt>
      <trkpt lat="46.08801" lon="11.98462"><ele>488</ele></trkpt>
      <trkpt lat="46.08785" lon="11.98431"><ele>487</ele></trkpt>
      <trkpt lat="46.08767" lon="11.98403"><ele>486</ele></trkpt>
      <trkpt lat="46.08762" lon="11.98394"><ele>486</ele></trkpt>
      <trkpt lat="46.08757" lon="11.98381"><ele>486</ele></trkpt>
      <trkpt lat="46.08749" lon="11.98357"><ele>486</ele></trkpt>
      <trkpt lat="46.08742" lon="11.98332"><ele>483</ele></trkpt>
      <trkpt lat="46.08736" lon="11.98324"><ele>484</ele></trkpt>
      <trkpt lat="46.08725" lon="11.98322"><ele>483</ele></trkpt>
      <trkpt lat="46.08714" lon="11.98326"><ele>484</ele></trkpt>
      <trkpt lat="46.08695" lon="11.98345"><ele>484</ele></trkpt>
      <trkpt lat="46.08689" lon="11.98345"><ele>484</ele></trkpt>
      <trkpt lat="46.08682" lon="11.98340"><ele>484</ele></trkpt>
      <trkpt lat="46.08673" lon="11.98329"><ele>486</ele></trkpt>
      <trkpt lat="46.08634" lon="11.98246"><ele>488</ele></trkpt>
      <trkpt lat="46.08601" lon="11.98186"><ele>488</ele></trkpt>
      <trkpt lat="46.08594" lon="11.98180"><ele>488</ele></trkpt>
      <trkpt lat="46.08576" lon="11.98181"><ele>485</ele></trkpt>
      <trkpt lat="46.08542" lon="11.98170"><ele>481</ele></trkpt>
      <trkpt lat="46.08530" lon="11.98167"><ele>480</ele></trkpt>
      <trkpt lat="46.08485" lon="11.98162"><ele>476</ele></trkpt>
      <trkpt lat="46.08472" lon="11.98154"><ele>474</ele></trkpt>
      <trkpt lat="46.08461" lon="11.98141"><ele>473</ele></trkpt>
      <trkpt lat="46.08447" lon="11.98119"><ele>472</ele></trkpt>
      <trkpt lat="46.08440" lon="11.98104"><ele>471</ele></trkpt>
      <trkpt lat="46.08436" lon="11.98092"><ele>470</ele></trkpt>
      <trkpt lat="46.08435" lon="11.98079"><ele>470</ele></trkpt>
      <trkpt lat="46.08434" lon="11.98064"><ele>470</ele></trkpt>
      <trkpt lat="46.08429" lon="11.98056"><ele>470</ele></trkpt>
      <trkpt lat="46.08420" lon="11.98056"><ele>469</ele></trkpt>
      <trkpt lat="46.08408" lon="11.98059"><ele>468</ele></trkpt>
      <trkpt lat="46.08398" lon="11.98058"><ele>468</ele></trkpt>
      <trkpt lat="46.08382" lon="11.98052"><ele>468</ele></trkpt>
      <trkpt lat="46.08368" lon="11.98047"><ele>467</ele></trkpt>
      <trkpt lat="46.08363" lon="11.98048"><ele>466</ele></trkpt>
      <trkpt lat="46.08350" lon="11.98031"><ele>467</ele></trkpt>
      <trkpt lat="46.08342" lon="11.98020"><ele>467</ele></trkpt>
      <trkpt lat="46.08332" lon="11.98005"><ele>467</ele></trkpt>
      <trkpt lat="46.08322" lon="11.97985"><ele>468</ele></trkpt>
      <trkpt lat="46.08286" lon="11.97917"><ele>472</ele></trkpt>
      <trkpt lat="46.08284" lon="11.97913"><ele>472</ele></trkpt>
      <trkpt lat="46.08257" lon="11.97856"><ele>472</ele></trkpt>
      <trkpt lat="46.08228" lon="11.97799"><ele>472</ele></trkpt>
      <trkpt lat="46.08217" lon="11.97778"><ele>471</ele></trkpt>
      <trkpt lat="46.08204" lon="11.97758"><ele>471</ele></trkpt>
      <trkpt lat="46.08163" lon="11.97701"><ele>472</ele></trkpt>
      <trkpt lat="46.08147" lon="11.97674"><ele>472</ele></trkpt>
      <trkpt lat="46.08134" lon="11.97652"><ele>472</ele></trkpt>
      <trkpt lat="46.08124" lon="11.97629"><ele>473</ele></trkpt>
      <trkpt lat="46.08117" lon="11.97607"><ele>473</ele></trkpt>
      <trkpt lat="46.08092" lon="11.97507"><ele>473</ele></trkpt>
      <trkpt lat="46.08088" lon="11.97492"><ele>472</ele></trkpt>
      <trkpt lat="46.08078" lon="11.97450"><ele>473</ele></trkpt>
      <trkpt lat="46.08045" lon="11.97305"><ele>471</ele></trkpt>
      <trkpt lat="46.08004" lon="11.97134"><ele>469</ele></trkpt>
      <trkpt lat="46.07943" lon="11.96952"><ele>465</ele></trkpt>
      <trkpt lat="46.07935" lon="11.96926"><ele>464</ele></trkpt>
      <trkpt lat="46.07928" lon="11.96900"><ele>463</ele></trkpt>
      <trkpt lat="46.07921" lon="11.96862"><ele>464</ele></trkpt>
      <trkpt lat="46.07915" lon="11.96819"><ele>465</ele></trkpt>
      <trkpt lat="46.07911" lon="11.96781"><ele>465</ele></trkpt>
      <trkpt lat="46.07911" lon="11.96759"><ele>466</ele></trkpt>
      <trkpt lat="46.07912" lon="11.96658"><ele>466</ele></trkpt>
      <trkpt lat="46.07912" lon="11.96631"><ele>466</ele></trkpt>
      <trkpt lat="46.07913" lon="11.96618"><ele>465</ele></trkpt>
      <trkpt lat="46.07914" lon="11.96607"><ele>465</ele></trkpt>
      <trkpt lat="46.07915" lon="11.96576"><ele>464</ele></trkpt>
      <trkpt lat="46.07917" lon="11.96567"><ele>464</ele></trkpt>
      <trkpt lat="46.07920" lon="11.96556"><ele>464</ele></trkpt>
      <trkpt lat="46.07932" lon="11.96529"><ele>464</ele></trkpt>
      <trkpt lat="46.07939" lon="11.96507"><ele>464</ele></trkpt>
      <trkpt lat="46.07965" lon="11.96396"><ele>462</ele></trkpt>
      <trkpt lat="46.07969" lon="11.96376"><ele>462</ele></trkpt>
      <trkpt lat="46.07972" lon="11.96353"><ele>462</ele></trkpt>
      <trkpt lat="46.07974" lon="11.96331"><ele>462</ele></trkpt>
      <trkpt lat="46.07975" lon="11.96307"><ele>461</ele></trkpt>
      <trkpt lat="46.07975" lon="11.96287"><ele>460</ele></trkpt>
      <trkpt lat="46.07975" lon="11.96263"><ele>460</ele></trkpt>
      <trkpt lat="46.07972" lon="11.96223"><ele>460</ele></trkpt>
      <trkpt lat="46.07969" lon="11.96205"><ele>460</ele></trkpt>
      <trkpt lat="46.07963" lon="11.96168"><ele>460</ele></trkpt>
      <trkpt lat="46.07956" lon="11.96139"><ele>459</ele></trkpt>
      <trkpt lat="46.07946" lon="11.96109"><ele>458</ele></trkpt>
      <trkpt lat="46.07941" lon="11.96096"><ele>458</ele></trkpt>
      <trkpt lat="46.07928" lon="11.96065"><ele>456</ele></trkpt>
      <trkpt lat="46.07918" lon="11.96044"><ele>456</ele></trkpt>
      <trkpt lat="46.07906" lon="11.96022"><ele>454</ele></trkpt>
      <trkpt lat="46.07885" lon="11.95992"><ele>452</ele></trkpt>
      <trkpt lat="46.07861" lon="11.95965"><ele>450</ele></trkpt>
      <trkpt lat="46.07850" lon="11.95954"><ele>450</ele></trkpt>
      <trkpt lat="46.07812" lon="11.95923"><ele>450</ele></trkpt>
      <trkpt lat="46.07795" lon="11.95909"><ele>450</ele></trkpt>
      <trkpt lat="46.07768" lon="11.95882"><ele>450</ele></trkpt>
      <trkpt lat="46.07747" lon="11.95856"><ele>448</ele></trkpt>
      <trkpt lat="46.07735" lon="11.95838"><ele>448</ele></trkpt>
      <trkpt lat="46.07718" lon="11.95804"><ele>445</ele></trkpt>
      <trkpt lat="46.07618" lon="11.95580"><ele>432</ele></trkpt>
      <trkpt lat="46.07610" lon="11.95563"><ele>433</ele></trkpt>
      <trkpt lat="46.07517" lon="11.95358"><ele>429</ele></trkpt>
      <trkpt lat="46.07483" lon="11.95276"><ele>430</ele></trkpt>
      <trkpt lat="46.07465" lon="11.95219"><ele>429</ele></trkpt>
      <trkpt lat="46.07449" lon="11.95170"><ele>429</ele></trkpt>
      <trkpt lat="46.07425" lon="11.95088"><ele>428</ele></trkpt>
      <trkpt lat="46.07398" lon="11.94992"><ele>424</ele></trkpt>
      <trkpt lat="46.07370" lon="11.94887"><ele>422</ele></trkpt>
      <trkpt lat="46.07363" lon="11.94858"><ele>421</ele></trkpt>
      <trkpt lat="46.07357" lon="11.94839"><ele>422</ele></trkpt>
      <trkpt lat="46.07351" lon="11.94828"><ele>422</ele></trkpt>
      <trkpt lat="46.07344" lon="11.94817"><ele>422</ele></trkpt>
      <trkpt lat="46.07337" lon="11.94808"><ele>421</ele></trkpt>
      <trkpt lat="46.07328" lon="11.94799"><ele>421</ele></trkpt>
      <trkpt lat="46.07319" lon="11.94793"><ele>420</ele></trkpt>
      <trkpt lat="46.07306" lon="11.94787"><ele>420</ele></trkpt>
      <trkpt lat="46.07221" lon="11.94763"><ele>417</ele></trkpt>
      <trkpt lat="46.07200" lon="11.94755"><ele>416</ele></trkpt>
      <trkpt lat="46.07188" lon="11.94750"><ele>416</ele></trkpt>
      <trkpt lat="46.07177" lon="11.94743"><ele>416</ele></trkpt>
      <trkpt lat="46.07167" lon="11.94735"><ele>416</ele></trkpt>
      <trkpt lat="46.07156" lon="11.94723"><ele>415</ele></trkpt>
      <trkpt lat="46.07148" lon="11.94709"><ele>414</ele></trkpt>
      <trkpt lat="46.07141" lon="11.94694"><ele>415</ele></trkpt>
      <trkpt lat="46.07085" lon="11.94528"><ele>410</ele></trkpt>
      <trkpt lat="46.07075" lon="11.94502"><ele>409</ele></trkpt>
      <trkpt lat="46.07062" lon="11.94474"><ele>408</ele></trkpt>
      <trkpt lat="46.07044" lon="11.94438"><ele>406</ele></trkpt>
      <trkpt lat="46.07015" lon="11.94387"><ele>404</ele></trkpt>
      <trkpt lat="46.07009" lon="11.94379"><ele>403</ele></trkpt>
      <trkpt lat="46.06995" lon="11.94358"><ele>402</ele></trkpt>
      <trkpt lat="46.06967" lon="11.94325"><ele>400</ele></trkpt>
      <trkpt lat="46.06941" lon="11.94299"><ele>400</ele></trkpt>
      <trkpt lat="46.06919" lon="11.94281"><ele>399</ele></trkpt>
      <trkpt lat="46.06896" lon="11.94263"><ele>398</ele></trkpt>
      <trkpt lat="46.06871" lon="11.94247"><ele>397</ele></trkpt>
      <trkpt lat="46.06771" lon="11.94198"><ele>394</ele></trkpt>
      <trkpt lat="46.06714" lon="11.94175"><ele>390</ele></trkpt>
      <trkpt lat="46.06677" lon="11.94163"><ele>388</ele></trkpt>
      <trkpt lat="46.06646" lon="11.94158"><ele>386</ele></trkpt>
      <trkpt lat="46.06636" lon="11.94156"><ele>385</ele></trkpt>
      <trkpt lat="46.06590" lon="11.94152"><ele>380</ele></trkpt>
      <trkpt lat="46.06524" lon="11.94144"><ele>374</ele></trkpt>
      <trkpt lat="46.06430" lon="11.94133"><ele>366</ele></trkpt>
      <trkpt lat="46.06418" lon="11.94130"><ele>366</ele></trkpt>
      <trkpt lat="46.06405" lon="11.94126"><ele>364</ele></trkpt>
      <trkpt lat="46.06391" lon="11.94120"><ele>364</ele></trkpt>
      <trkpt lat="46.06378" lon="11.94111"><ele>363</ele></trkpt>
      <trkpt lat="46.06367" lon="11.94099"><ele>362</ele></trkpt>
      <trkpt lat="46.06357" lon="11.94088"><ele>362</ele></trkpt>
      <trkpt lat="46.06344" lon="11.94071"><ele>360</ele></trkpt>
      <trkpt lat="46.06335" lon="11.94056"><ele>360</ele></trkpt>
      <trkpt lat="46.06326" lon="11.94037"><ele>360</ele></trkpt>
      <trkpt lat="46.06318" lon="11.94018"><ele>359</ele></trkpt>
      <trkpt lat="46.06313" lon="11.94000"><ele>358</ele></trkpt>
      <trkpt lat="46.06310" lon="11.93986"><ele>357</ele></trkpt>
      <trkpt lat="46.06308" lon="11.93967"><ele>356</ele></trkpt>
      <trkpt lat="46.06307" lon="11.93947"><ele>355</ele></trkpt>
      <trkpt lat="46.06307" lon="11.93928"><ele>354</ele></trkpt>
      <trkpt lat="46.06308" lon="11.93911"><ele>353</ele></trkpt>
      <trkpt lat="46.06310" lon="11.93892"><ele>352</ele></trkpt>
      <trkpt lat="46.06315" lon="11.93869"><ele>350</ele></trkpt>
      <trkpt lat="46.06320" lon="11.93852"><ele>349</ele></trkpt>
      <trkpt lat="46.06383" lon="11.93695"><ele>344</ele></trkpt>
      <trkpt lat="46.06395" lon="11.93659"><ele>344</ele></trkpt>
      <trkpt lat="46.06407" lon="11.93605"><ele>343</ele></trkpt>
      <trkpt lat="46.06428" lon="11.93495"><ele>338</ele></trkpt>
      <trkpt lat="46.06431" lon="11.93477"><ele>336</ele></trkpt>
      <trkpt lat="46.06435" lon="11.93458"><ele>335</ele></trkpt>
      <trkpt lat="46.06441" lon="11.93414"><ele>333</ele></trkpt>
      <trkpt lat="46.06443" lon="11.93397"><ele>332</ele></trkpt>
      <trkpt lat="46.06443" lon="11.93384"><ele>332</ele></trkpt>
      <trkpt lat="46.06441" lon="11.93357"><ele>332</ele></trkpt>
      <trkpt lat="46.06439" lon="11.93347"><ele>333</ele></trkpt>
      <trkpt lat="46.06436" lon="11.93336"><ele>334</ele></trkpt>
      <trkpt lat="46.06410" lon="11.93267"><ele>339</ele></trkpt>
      <trkpt lat="46.06401" lon="11.93246"><ele>340</ele></trkpt>
      <trkpt lat="46.06393" lon="11.93233"><ele>340</ele></trkpt>
      <trkpt lat="46.06386" lon="11.93222"><ele>340</ele></trkpt>
      <trkpt lat="46.06379" lon="11.93213"><ele>340</ele></trkpt>
      <trkpt lat="46.06372" lon="11.93207"><ele>341</ele></trkpt>
      <trkpt lat="46.06360" lon="11.93198"><ele>340</ele></trkpt>
      <trkpt lat="46.06345" lon="11.93190"><ele>342</ele></trkpt>
      <trkpt lat="46.06337" lon="11.93188"><ele>342</ele></trkpt>
      <trkpt lat="46.06328" lon="11.93188"><ele>342</ele></trkpt>
      <trkpt lat="46.06252" lon="11.93199"><ele>346</ele></trkpt>
      <trkpt lat="46.06242" lon="11.93203"><ele>346</ele></trkpt>
      <trkpt lat="46.06226" lon="11.93211"><ele>347</ele></trkpt>
      <trkpt lat="46.06218" lon="11.93218"><ele>348</ele></trkpt>
      <trkpt lat="46.06211" lon="11.93224"><ele>350</ele></trkpt>
      <trkpt lat="46.06206" lon="11.93231"><ele>350</ele></trkpt>
      <trkpt lat="46.06172" lon="11.93291"><ele>350</ele></trkpt>
      <trkpt lat="46.06165" lon="11.93302"><ele>350</ele></trkpt>
      <trkpt lat="46.06144" lon="11.93329"><ele>352</ele></trkpt>
      <trkpt lat="46.06138" lon="11.93339"><ele>353</ele></trkpt>
      <trkpt lat="46.06133" lon="11.93349"><ele>353</ele></trkpt>
      <trkpt lat="46.06126" lon="11.93366"><ele>354</ele></trkpt>
      <trkpt lat="46.06122" lon="11.93379"><ele>354</ele></trkpt>
      <trkpt lat="46.06117" lon="11.93398"><ele>355</ele></trkpt>
      <trkpt lat="46.06115" lon="11.93410"><ele>356</ele></trkpt>
      <trkpt lat="46.06114" lon="11.93451"><ele>355</ele></trkpt>
      <trkpt lat="46.06113" lon="11.93459"><ele>355</ele></trkpt>
      <trkpt lat="46.06109" lon="11.93474"><ele>356</ele></trkpt>
      <trkpt lat="46.06104" lon="11.93483"><ele>355</ele></trkpt>
      <trkpt lat="46.06097" lon="11.93487"><ele>356</ele></trkpt>
      <trkpt lat="46.06088" lon="11.93487"><ele>357</ele></trkpt>
      <trkpt lat="46.06082" lon="11.93487"><ele>358</ele></trkpt>
      <trkpt lat="46.06074" lon="11.93483"><ele>358</ele></trkpt>
      <trkpt lat="46.06071" lon="11.93481"><ele>359</ele></trkpt>
      <trkpt lat="46.06067" lon="11.93476"><ele>359</ele></trkpt>
      <trkpt lat="46.06063" lon="11.93470"><ele>360</ele></trkpt>
      <trkpt lat="46.06018" lon="11.93379"><ele>361</ele></trkpt>
      <trkpt lat="46.06008" lon="11.93357"><ele>360</ele></trkpt>
      <trkpt lat="46.06000" lon="11.93332"><ele>360</ele></trkpt>
      <trkpt lat="46.05997" lon="11.93317"><ele>360</ele></trkpt>
      <trkpt lat="46.05996" lon="11.93303"><ele>361</ele></trkpt>
      <trkpt lat="46.05995" lon="11.93299"><ele>361</ele></trkpt>
      <trkpt lat="46.05987" lon="11.93213"><ele>364</ele></trkpt>
      <trkpt lat="46.05983" lon="11.93197"><ele>364</ele></trkpt>
      <trkpt lat="46.05969" lon="11.93161"><ele>364</ele></trkpt>
      <trkpt lat="46.05942" lon="11.93195"><ele>363</ele></trkpt>
      <trkpt lat="46.05924" lon="11.93235"><ele>362</ele></trkpt>
      <trkpt lat="46.05917" lon="11.93229"><ele>362</ele></trkpt>
      <trkpt lat="46.05892" lon="11.93221"><ele>362</ele></trkpt>
      <trkpt lat="46.05884" lon="11.93222"><ele>362</ele></trkpt>
      <trkpt lat="46.05895" lon="11.93253"><ele>361</ele></trkpt>
      <trkpt lat="46.05884" lon="11.93262"><ele>361</ele></trkpt>
      <trkpt lat="46.05870" lon="11.93278"><ele>361</ele></trkpt>
      <trkpt lat="46.05862" lon="11.93286"><ele>361</ele></trkpt>
      <trkpt lat="46.05854" lon="11.93292"><ele>361</ele></trkpt>
      <trkpt lat="46.05844" lon="11.93300"><ele>360</ele></trkpt>
      <trkpt lat="46.05819" lon="11.93318"><ele>360</ele></trkpt>
      <trkpt lat="46.05808" lon="11.93328"><ele>361</ele></trkpt>
      <trkpt lat="46.05798" lon="11.93338"><ele>361</ele></trkpt>
      <trkpt lat="46.05796" lon="11.93342"><ele>361</ele></trkpt>
      <trkpt lat="46.05791" lon="11.93351"><ele>362</ele></trkpt>
      <trkpt lat="46.05781" lon="11.93364"><ele>362</ele></trkpt>
      <trkpt lat="46.05772" lon="11.93379"><ele>363</ele></trkpt>
      <trkpt lat="46.05771" lon="11.93383"><ele>363</ele></trkpt>
      <trkpt lat="46.05767" lon="11.93397"><ele>364</ele></trkpt>
      <trkpt lat="46.05766" lon="11.93418"><ele>365</ele></trkpt>
      <trkpt lat="46.05773" lon="11.93450"><ele>367</ele></trkpt>
      <trkpt lat="46.05781" lon="11.93472"><ele>368</ele></trkpt>
      <trkpt lat="46.05788" lon="11.93506"><ele>372</ele></trkpt>
      <trkpt lat="46.05791" lon="11.93545"><ele>375</ele></trkpt>
      <trkpt lat="46.05790" lon="11.93604"><ele>376</ele></trkpt>
      <trkpt lat="46.05785" lon="11.93647"><ele>376</ele></trkpt>
      <trkpt lat="46.05767" lon="11.93700"><ele>379</ele></trkpt>
      <trkpt lat="46.05752" lon="11.93751"><ele>381</ele></trkpt>
      <trkpt lat="46.05744" lon="11.93765"><ele>383</ele></trkpt>
      <trkpt lat="46.05734" lon="11.93735"><ele>384</ele></trkpt>
      <trkpt lat="46.05726" lon="11.93718"><ele>384</ele></trkpt>
      <trkpt lat="46.05713" lon="11.93709"><ele>386</ele></trkpt>
      <trkpt lat="46.05707" lon="11.93703"><ele>386</ele></trkpt>
      <trkpt lat="46.05705" lon="11.93692"><ele>386</ele></trkpt>
      <trkpt lat="46.05682" lon="11.93664"><ele>390</ele></trkpt>
      <trkpt lat="46.05664" lon="11.93641"><ele>395</ele></trkpt>
      <trkpt lat="46.05658" lon="11.93633"><ele>398</ele></trkpt>
      <trkpt lat="46.05649" lon="11.93632"><ele>399</ele></trkpt>
      <trkpt lat="46.05638" lon="11.93638"><ele>401</ele></trkpt>
      <trkpt lat="46.05622" lon="11.93649"><ele>402</ele></trkpt>
      <trkpt lat="46.05619" lon="11.93646"><ele>402</ele></trkpt>
      <trkpt lat="46.05609" lon="11.93640"><ele>402</ele></trkpt>
      <trkpt lat="46.05571" lon="11.93701"><ele>406</ele></trkpt>
      <trkpt lat="46.05609" lon="11.93640"><ele>402</ele></trkpt>
      <trkpt lat="46.05619" lon="11.93646"><ele>402</ele></trkpt>
      <trkpt lat="46.05622" lon="11.93649"><ele>402</ele></trkpt>
      <trkpt lat="46.05638" lon="11.93638"><ele>401</ele></trkpt>
      <trkpt lat="46.05649" lon="11.93632"><ele>399</ele></trkpt>
      <trkpt lat="46.05658" lon="11.93633"><ele>398</ele></trkpt>
      <trkpt lat="46.05664" lon="11.93641"><ele>395</ele></trkpt>
      <trkpt lat="46.05682" lon="11.93664"><ele>390</ele></trkpt>
      <trkpt lat="46.05705" lon="11.93692"><ele>386</ele></trkpt>
      <trkpt lat="46.05707" lon="11.93703"><ele>386</ele></trkpt>
      <trkpt lat="46.05713" lon="11.93709"><ele>386</ele></trkpt>
      <trkpt lat="46.05726" lon="11.93718"><ele>384</ele></trkpt>
      <trkpt lat="46.05734" lon="11.93735"><ele>384</ele></trkpt>
      <trkpt lat="46.05744" lon="11.93765"><ele>383</ele></trkpt>
      <trkpt lat="46.05752" lon="11.93751"><ele>381</ele></trkpt>
      <trkpt lat="46.05767" lon="11.93700"><ele>379</ele></trkpt>
      <trkpt lat="46.05785" lon="11.93647"><ele>376</ele></trkpt>
      <trkpt lat="46.05790" lon="11.93604"><ele>376</ele></trkpt>
      <trkpt lat="46.05791" lon="11.93545"><ele>375</ele></trkpt>
      <trkpt lat="46.05788" lon="11.93506"><ele>372</ele></trkpt>
      <trkpt lat="46.05781" lon="11.93472"><ele>368</ele></trkpt>
      <trkpt lat="46.05773" lon="11.93450"><ele>367</ele></trkpt>
      <trkpt lat="46.05766" lon="11.93418"><ele>365</ele></trkpt>
      <trkpt lat="46.05767" lon="11.93397"><ele>364</ele></trkpt>
      <trkpt lat="46.05771" lon="11.93383"><ele>363</ele></trkpt>
      <trkpt lat="46.05772" lon="11.93379"><ele>363</ele></trkpt>
      <trkpt lat="46.05781" lon="11.93364"><ele>362</ele></trkpt>
      <trkpt lat="46.05791" lon="11.93351"><ele>362</ele></trkpt>
      <trkpt lat="46.05796" lon="11.93342"><ele>361</ele></trkpt>
      <trkpt lat="46.05798" lon="11.93338"><ele>361</ele></trkpt>
      <trkpt lat="46.05808" lon="11.93328"><ele>361</ele></trkpt>
      <trkpt lat="46.05819" lon="11.93318"><ele>360</ele></trkpt>
      <trkpt lat="46.05844" lon="11.93300"><ele>360</ele></trkpt>
      <trkpt lat="46.05854" lon="11.93292"><ele>361</ele></trkpt>
      <trkpt lat="46.05862" lon="11.93286"><ele>361</ele></trkpt>
      <trkpt lat="46.05870" lon="11.93278"><ele>361</ele></trkpt>
      <trkpt lat="46.05884" lon="11.93262"><ele>361</ele></trkpt>
      <trkpt lat="46.05895" lon="11.93253"><ele>361</ele></trkpt>
      <trkpt lat="46.05884" lon="11.93222"><ele>362</ele></trkpt>
      <trkpt lat="46.05880" lon="11.93215"><ele>362</ele></trkpt>
      <trkpt lat="46.05862" lon="11.93164"><ele>362</ele></trkpt>
      <trkpt lat="46.05846" lon="11.93118"><ele>361</ele></trkpt>
      <trkpt lat="46.05800" lon="11.93051"><ele>361</ele></trkpt>
      <trkpt lat="46.05753" lon="11.92987"><ele>360</ele></trkpt>
      <trkpt lat="46.05745" lon="11.92977"><ele>360</ele></trkpt>
      <trkpt lat="46.05678" lon="11.92894"><ele>359</ele></trkpt>
      <trkpt lat="46.05668" lon="11.92876"><ele>360</ele></trkpt>
      <trkpt lat="46.05640" lon="11.92823"><ele>359</ele></trkpt>
      <trkpt lat="46.05618" lon="11.92772"><ele>358</ele></trkpt>
      <trkpt lat="46.05609" lon="11.92752"><ele>358</ele></trkpt>
      <trkpt lat="46.05608" lon="11.92744"><ele>358</ele></trkpt>
      <trkpt lat="46.05609" lon="11.92738"><ele>358</ele></trkpt>
      <trkpt lat="46.05612" lon="11.92728"><ele>359</ele></trkpt>
      <trkpt lat="46.05615" lon="11.92721"><ele>359</ele></trkpt>
      <trkpt lat="46.05581" lon="11.92687"><ele>357</ele></trkpt>
      <trkpt lat="46.05563" lon="11.92670"><ele>356</ele></trkpt>
      <trkpt lat="46.05554" lon="11.92660"><ele>356</ele></trkpt>
      <trkpt lat="46.05542" lon="11.92647"><ele>356</ele></trkpt>
      <trkpt lat="46.05527" lon="11.92629"><ele>355</ele></trkpt>
      <trkpt lat="46.05494" lon="11.92592"><ele>354</ele></trkpt>
      <trkpt lat="46.05360" lon="11.92352"><ele>346</ele></trkpt>
      <trkpt lat="46.05349" lon="11.92332"><ele>346</ele></trkpt>
      <trkpt lat="46.05328" lon="11.92288"><ele>345</ele></trkpt>
      <trkpt lat="46.05279" lon="11.92180"><ele>343</ele></trkpt>
      <trkpt lat="46.05226" lon="11.92065"><ele>341</ele></trkpt>
      <trkpt lat="46.05217" lon="11.92047"><ele>341</ele></trkpt>
      <trkpt lat="46.05208" lon="11.92032"><ele>341</ele></trkpt>
      <trkpt lat="46.05189" lon="11.92008"><ele>341</ele></trkpt>
      <trkpt lat="46.05176" lon="11.91996"><ele>340</ele></trkpt>
      <trkpt lat="46.05141" lon="11.91961"><ele>340</ele></trkpt>
      <trkpt lat="46.05069" lon="11.91892"><ele>336</ele></trkpt>
      <trkpt lat="46.05023" lon="11.91849"><ele>336</ele></trkpt>
      <trkpt lat="46.04771" lon="11.91609"><ele>334</ele></trkpt>
      <trkpt lat="46.04757" lon="11.91593"><ele>335</ele></trkpt>
      <trkpt lat="46.04727" lon="11.91543"><ele>335</ele></trkpt>
      <trkpt lat="46.04719" lon="11.91528"><ele>335</ele></trkpt>
      <trkpt lat="46.04694" lon="11.91475"><ele>335</ele></trkpt>
      <trkpt lat="46.04669" lon="11.91420"><ele>334</ele></trkpt>
      <trkpt lat="46.04626" lon="11.91335"><ele>333</ele></trkpt>
      <trkpt lat="46.04617" lon="11.91323"><ele>333</ele></trkpt>
      <trkpt lat="46.04576" lon="11.91264"><ele>333</ele></trkpt>
      <trkpt lat="46.04557" lon="11.91236"><ele>332</ele></trkpt>
      <trkpt lat="46.04550" lon="11.91226"><ele>332</ele></trkpt>
      <trkpt lat="46.04550" lon="11.91222"><ele>332</ele></trkpt>
      <trkpt lat="46.04548" lon="11.91212"><ele>333</ele></trkpt>
      <trkpt lat="46.04521" lon="11.91169"><ele>333</ele></trkpt>
      <trkpt lat="46.04485" lon="11.91110"><ele>332</ele></trkpt>
      <trkpt lat="46.04416" lon="11.91029"><ele>330</ele></trkpt>
      <trkpt lat="46.04328" lon="11.90937"><ele>328</ele></trkpt>
      <trkpt lat="46.04247" lon="11.90891"><ele>323</ele></trkpt>
      <trkpt lat="46.04208" lon="11.90863"><ele>320</ele></trkpt>
      <trkpt lat="46.04193" lon="11.90850"><ele>320</ele></trkpt>
      <trkpt lat="46.04163" lon="11.90820"><ele>322</ele></trkpt>
      <trkpt lat="46.04155" lon="11.90835"><ele>320</ele></trkpt>
      <trkpt lat="46.04151" lon="11.90840"><ele>320</ele></trkpt>
      <trkpt lat="46.04134" lon="11.90853"><ele>318</ele></trkpt>
      <trkpt lat="46.04126" lon="11.90862"><ele>318</ele></trkpt>
      <trkpt lat="46.04114" lon="11.90875"><ele>317</ele></trkpt>
      <trkpt lat="46.04097" lon="11.90896"><ele>316</ele></trkpt>
      <trkpt lat="46.04094" lon="11.90901"><ele>316</ele></trkpt>
      <trkpt lat="46.04091" lon="11.90904"><ele>316</ele></trkpt>
      <trkpt lat="46.04079" lon="11.90910"><ele>315</ele></trkpt>
      <trkpt lat="46.04057" lon="11.90918"><ele>314</ele></trkpt>
      <trkpt lat="46.04042" lon="11.90921"><ele>314</ele></trkpt>
      <trkpt lat="46.04036" lon="11.90923"><ele>313</ele></trkpt>
      <trkpt lat="46.04014" lon="11.90924"><ele>312</ele></trkpt>
      <trkpt lat="46.03993" lon="11.90923"><ele>312</ele></trkpt>
      <trkpt lat="46.03988" lon="11.90916"><ele>312</ele></trkpt>
      <trkpt lat="46.03876" lon="11.91089"><ele>306</ele></trkpt>
      <trkpt lat="46.03875" lon="11.91096"><ele>306</ele></trkpt>
      <trkpt lat="46.03868" lon="11.91108"><ele>306</ele></trkpt>
      <trkpt lat="46.03860" lon="11.91122"><ele>306</ele></trkpt>
      <trkpt lat="46.03852" lon="11.91135"><ele>306</ele></trkpt>
      <trkpt lat="46.03844" lon="11.91148"><ele>306</ele></trkpt>
      <trkpt lat="46.03831" lon="11.91167"><ele>307</ele></trkpt>
      <trkpt lat="46.03811" lon="11.91193"><ele>307</ele></trkpt>
      <trkpt lat="46.03807" lon="11.91196"><ele>307</ele></trkpt>
      <trkpt lat="46.03795" lon="11.91205"><ele>307</ele></trkpt>
      <trkpt lat="46.03775" lon="11.91219"><ele>308</ele></trkpt>
      <trkpt lat="46.03764" lon="11.91223"><ele>308</ele></trkpt>
      <trkpt lat="46.03746" lon="11.91226"><ele>308</ele></trkpt>
      <trkpt lat="46.03739" lon="11.91226"><ele>308</ele></trkpt>
      <trkpt lat="46.03706" lon="11.91226"><ele>307</ele></trkpt>
      <trkpt lat="46.03625" lon="11.91225"><ele>306</ele></trkpt>
      <trkpt lat="46.03546" lon="11.91223"><ele>305</ele></trkpt>
      <trkpt lat="46.03540" lon="11.91223"><ele>305</ele></trkpt>
      <trkpt lat="46.03507" lon="11.91221"><ele>305</ele></trkpt>
      <trkpt lat="46.03499" lon="11.91221"><ele>305</ele></trkpt>
      <trkpt lat="46.03402" lon="11.91219"><ele>302</ele></trkpt>
      <trkpt lat="46.03330" lon="11.91220"><ele>301</ele></trkpt>
      <trkpt lat="46.03292" lon="11.91217"><ele>299</ele></trkpt>
      <trkpt lat="46.03261" lon="11.91213"><ele>298</ele></trkpt>
      <trkpt lat="46.03229" lon="11.91208"><ele>297</ele></trkpt>
      <trkpt lat="46.03181" lon="11.91206"><ele>296</ele></trkpt>
      <trkpt lat="46.03130" lon="11.91204"><ele>296</ele></trkpt>
      <trkpt lat="46.03115" lon="11.91203"><ele>295</ele></trkpt>
      <trkpt lat="46.03071" lon="11.91205"><ele>294</ele></trkpt>
      <trkpt lat="46.03035" lon="11.91211"><ele>293</ele></trkpt>
      <trkpt lat="46.02927" lon="11.91239"><ele>291</ele></trkpt>
      <trkpt lat="46.02875" lon="11.91244"><ele>290</ele></trkpt>
      <trkpt lat="46.02843" lon="11.91247"><ele>289</ele></trkpt>
      <trkpt lat="46.02798" lon="11.91249"><ele>288</ele></trkpt>
      <trkpt lat="46.02742" lon="11.91254"><ele>288</ele></trkpt>
      <trkpt lat="46.02709" lon="11.91256"><ele>286</ele></trkpt>
      <trkpt lat="46.02695" lon="11.91256"><ele>286</ele></trkpt>
      <trkpt lat="46.02639" lon="11.91256"><ele>285</ele></trkpt>
      <trkpt lat="46.02567" lon="11.91257"><ele>284</ele></trkpt>
      <trkpt lat="46.02535" lon="11.91256"><ele>283</ele></trkpt>
      <trkpt lat="46.02358" lon="11.91250"><ele>278</ele></trkpt>
      <trkpt lat="46.02348" lon="11.91250"><ele>278</ele></trkpt>
      <trkpt lat="46.02344" lon="11.91250"><ele>277</ele></trkpt>
      <trkpt lat="46.02341" lon="11.91250"><ele>277</ele></trkpt>
      <trkpt lat="46.02278" lon="11.91244"><ele>277</ele></trkpt>
      <trkpt lat="46.02273" lon="11.91243"><ele>276</ele></trkpt>
      <trkpt lat="46.02270" lon="11.91236"><ele>276</ele></trkpt>
      <trkpt lat="46.02268" lon="11.91234"><ele>276</ele></trkpt>
      <trkpt lat="46.02262" lon="11.91232"><ele>276</ele></trkpt>
      <trkpt lat="46.02260" lon="11.91233"><ele>276</ele></trkpt>
      <trkpt lat="46.02257" lon="11.91235"><ele>276</ele></trkpt>
      <trkpt lat="46.02255" lon="11.91239"><ele>276</ele></trkpt>
      <trkpt lat="46.02254" lon="11.91243"><ele>276</ele></trkpt>
      <trkpt lat="46.02254" lon="11.91247"><ele>276</ele></trkpt>
      <trkpt lat="46.02246" lon="11.91248"><ele>276</ele></trkpt>
      <trkpt lat="46.02214" lon="11.91252"><ele>275</ele></trkpt>
      <trkpt lat="46.02202" lon="11.91251"><ele>275</ele></trkpt>
      <trkpt lat="46.02174" lon="11.91247"><ele>276</ele></trkpt>
      <trkpt lat="46.02152" lon="11.91245"><ele>276</ele></trkpt>
      <trkpt lat="46.02131" lon="11.91244"><ele>275</ele></trkpt>
      <trkpt lat="46.02120" lon="11.91240"><ele>274</ele></trkpt>
      <trkpt lat="46.02110" lon="11.91238"><ele>274</ele></trkpt>
      <trkpt lat="46.02109" lon="11.91238"><ele>274</ele></trkpt>
      <trkpt lat="46.02107" lon="11.91239"><ele>274</ele></trkpt>
      <trkpt lat="46.02070" lon="11.91253"><ele>280</ele></trkpt>
      <trkpt lat="46.02061" lon="11.91257"><ele>281</ele></trkpt>
      <trkpt lat="46.02058" lon="11.91241"><ele>281</ele></trkpt>
      <trkpt lat="46.02050" lon="11.91205"><ele>279</ele></trkpt>
      <trkpt lat="46.02039" lon="11.91188"><ele>280</ele></trkpt>
      <trkpt lat="46.02036" lon="11.91176"><ele>280</ele></trkpt>
      <trkpt lat="46.02030" lon="11.91134"><ele>279</ele></trkpt>
      <trkpt lat="46.02027" lon="11.91121"><ele>278</ele></trkpt>
      <trkpt lat="46.02022" lon="11.91085"><ele>276</ele></trkpt>
      <trkpt lat="46.02018" lon="11.91064"><ele>276</ele></trkpt>
      <trkpt lat="46.02014" lon="11.91055"><ele>277</ele></trkpt>
      <trkpt lat="46.02011" lon="11.91051"><ele>277</ele></trkpt>
      <trkpt lat="46.02006" lon="11.91049"><ele>278</ele></trkpt>
      <trkpt lat="46.02001" lon="11.91050"><ele>279</ele></trkpt>
      <trkpt lat="46.01997" lon="11.91052"><ele>280</ele></trkpt>
      <trkpt lat="46.01994" lon="11.91052"><ele>280</ele></trkpt>
      <trkpt lat="46.01978" lon="11.90996"><ele>281</ele></trkpt>
      <trkpt lat="46.01927" lon="11.90819"><ele>279</ele></trkpt>
      <trkpt lat="46.01909" lon="11.90777"><ele>280</ele></trkpt>
      <trkpt lat="46.01902" lon="11.90761"><ele>281</ele></trkpt>
      <trkpt lat="46.01899" lon="11.90788"><ele>287</ele></trkpt>
      <trkpt lat="46.01897" lon="11.90799"><ele>298</ele></trkpt>
    </trkseg>
  </trk>
</gpx>
