<?xml version="1.0" encoding="UTF-8"?>
<gpx version="1.1" creator="dolomites-trip" xmlns="http://www.topografix.com/GPX/1/1">
  <metadata><name>День 6: Trento → Valle dei Laghi → замок Toblino → долина Sarca → Riva</name></metadata>
  <trk>
    <name>День 6: Trento → Valle dei Laghi → замок Toblino → долина Sarca → Riva</name>
    <trkseg>
      <trkpt lat="46.06773" lon="11.12113"><ele>194</ele></trkpt>
      <trkpt lat="46.06775" lon="11.12136"><ele>194</ele></trkpt>
      <trkpt lat="46.06775" lon="11.12137"><ele>194</ele></trkpt>
      <trkpt lat="46.06814" lon="11.12132"><ele>194</ele></trkpt>
      <trkpt lat="46.06815" lon="11.12138"><ele>194</ele></trkpt>
      <trkpt lat="46.06826" lon="11.12135"><ele>194</ele></trkpt>
      <trkpt lat="46.06844" lon="11.12131"><ele>194</ele></trkpt>
      <trkpt lat="46.06864" lon="11.12127"><ele>193</ele></trkpt>
      <trkpt lat="46.06884" lon="11.12123"><ele>193</ele></trkpt>
      <trkpt lat="46.06894" lon="11.12122"><ele>193</ele></trkpt>
      <trkpt lat="46.06904" lon="11.12121"><ele>193</ele></trkpt>
      <trkpt lat="46.06952" lon="11.12118"><ele>192</ele></trkpt>
      <trkpt lat="46.06968" lon="11.12117"><ele>192</ele></trkpt>
      <trkpt lat="46.06972" lon="11.12151"><ele>193</ele></trkpt>
      <trkpt lat="46.06973" lon="11.12163"><ele>193</ele></trkpt>
      <trkpt lat="46.06975" lon="11.12163"><ele>193</ele></trkpt>
      <trkpt lat="46.06980" lon="11.12161"><ele>193</ele></trkpt>
      <trkpt lat="46.07006" lon="11.12154"><ele>193</ele></trkpt>
      <trkpt lat="46.07018" lon="11.12151"><ele>192</ele></trkpt>
      <trkpt lat="46.07021" lon="11.12150"><ele>192</ele></trkpt>
      <trkpt lat="46.07022" lon="11.12148"><ele>192</ele></trkpt>
      <trkpt lat="46.07026" lon="11.12146"><ele>192</ele></trkpt>
      <trkpt lat="46.07033" lon="11.12144"><ele>192</ele></trkpt>
      <trkpt lat="46.07035" lon="11.12144"><ele>192</ele></trkpt>
      <trkpt lat="46.07037" lon="11.12145"><ele>192</ele></trkpt>
      <trkpt lat="46.07039" lon="11.12145"><ele>192</ele></trkpt>
      <trkpt lat="46.07054" lon="11.12140"><ele>192</ele></trkpt>
      <trkpt lat="46.07061" lon="11.12138"><ele>192</ele></trkpt>
      <trkpt lat="46.07084" lon="11.12132"><ele>192</ele></trkpt>
      <trkpt lat="46.07087" lon="11.12129"><ele>191</ele></trkpt>
      <trkpt lat="46.07091" lon="11.12127"><ele>191</ele></trkpt>
      <trkpt lat="46.07099" lon="11.12124"><ele>191</ele></trkpt>
      <trkpt lat="46.07140" lon="11.12114"><ele>192</ele></trkpt>
      <trkpt lat="46.07141" lon="11.12110"><ele>192</ele></trkpt>
      <trkpt lat="46.07143" lon="11.12104"><ele>192</ele></trkpt>
      <trkpt lat="46.07145" lon="11.12103"><ele>192</ele></trkpt>
      <trkpt lat="46.07148" lon="11.12103"><ele>192</ele></trkpt>
      <trkpt lat="46.07158" lon="11.12108"><ele>192</ele></trkpt>
      <trkpt lat="46.07165" lon="11.12112"><ele>192</ele></trkpt>
      <trkpt lat="46.07188" lon="11.12128"><ele>192</ele></trkpt>
      <trkpt lat="46.07193" lon="11.12135"><ele>192</ele></trkpt>
      <trkpt lat="46.07203" lon="11.12145"><ele>192</ele></trkpt>
      <trkpt lat="46.07206" lon="11.12148"><ele>192</ele></trkpt>
      <trkpt lat="46.07208" lon="11.12151"><ele>192</ele></trkpt>
      <trkpt lat="46.07227" lon="11.12164"><ele>192</ele></trkpt>
      <trkpt lat="46.07266" lon="11.12189"><ele>192</ele></trkpt>
      <trkpt lat="46.07269" lon="11.12191"><ele>192</ele></trkpt>
      <trkpt lat="46.07301" lon="11.12212"><ele>192</ele></trkpt>
      <trkpt lat="46.07302" lon="11.12213"><ele>192</ele></trkpt>
      <trkpt lat="46.07307" lon="11.12216"><ele>192</ele></trkpt>
      <trkpt lat="46.07315" lon="11.12221"><ele>192</ele></trkpt>
      <trkpt lat="46.07422" lon="11.12290"><ele>193</ele></trkpt>
      <trkpt lat="46.07430" lon="11.12296"><ele>192</ele></trkpt>
      <trkpt lat="46.07433" lon="11.12298"><ele>192</ele></trkpt>
      <trkpt lat="46.07437" lon="11.12301"><ele>192</ele></trkpt>
      <trkpt lat="46.07445" lon="11.12308"><ele>192</ele></trkpt>
      <trkpt lat="46.07451" lon="11.12312"><ele>192</ele></trkpt>
      <trkpt lat="46.07467" lon="11.12323"><ele>192</ele></trkpt>
      <trkpt lat="46.07511" lon="11.12353"><ele>192</ele></trkpt>
      <trkpt lat="46.07518" lon="11.12357"><ele>192</ele></trkpt>
      <trkpt lat="46.07529" lon="11.12342"><ele>192</ele></trkpt>
      <trkpt lat="46.07571" lon="11.12273"><ele>192</ele></trkpt>
      <trkpt lat="46.07573" lon="11.12266"><ele>192</ele></trkpt>
      <trkpt lat="46.07575" lon="11.12261"><ele>192</ele></trkpt>
      <trkpt lat="46.07577" lon="11.12256"><ele>192</ele></trkpt>
      <trkpt lat="46.07580" lon="11.12258"><ele>192</ele></trkpt>
      <trkpt lat="46.07582" lon="11.12259"><ele>192</ele></trkpt>
      <trkpt lat="46.07583" lon="11.12258"><ele>192</ele></trkpt>
      <trkpt lat="46.07612" lon="11.12217"><ele>191</ele></trkpt>
      <trkpt lat="46.07620" lon="11.12201"><ele>192</ele></trkpt>
      <trkpt lat="46.07625" lon="11.12182"><ele>192</ele></trkpt>
      <trkpt lat="46.07634" lon="11.12139"><ele>190</ele></trkpt>
      <trkpt lat="46.07635" lon="11.12135"><ele>190</ele></trkpt>
      <trkpt lat="46.07636" lon="11.12124"><ele>190</ele></trkpt>
      <trkpt lat="46.07646" lon="11.12076"><ele>190</ele></trkpt>
      <trkpt lat="46.07647" lon="11.12072"><ele>190</ele></trkpt>
      <trkpt lat="46.07649" lon="11.12065"><ele>190</ele></trkpt>
      <trkpt lat="46.07650" lon="11.12061"><ele>191</ele></trkpt>
      <trkpt lat="46.07666" lon="11.11987"><ele>192</ele></trkpt>
      <trkpt lat="46.07668" lon="11.11978"><ele>193</ele></trkpt>
      <trkpt lat="46.07663" lon="11.11976"><ele>193</ele></trkpt>
      <trkpt lat="46.07664" lon="11.11969"><ele>193</ele></trkpt>
      <trkpt lat="46.07666" lon="11.11960"><ele>193</ele></trkpt>
      <trkpt lat="46.07671" lon="11.11960"><ele>193</ele></trkpt>
      <trkpt lat="46.07672" lon="11.11959"><ele>193</ele></trkpt>
      <trkpt lat="46.07673" lon="11.11957"><ele>193</ele></trkpt>
      <trkpt lat="46.07682" lon="11.11917"><ele>193</ele></trkpt>
      <trkpt lat="46.07689" lon="11.11881"><ele>193</ele></trkpt>
      <trkpt lat="46.07693" lon="11.11867"><ele>193</ele></trkpt>
      <trkpt lat="46.07693" lon="11.11863"><ele>193</ele></trkpt>
      <trkpt lat="46.07694" lon="11.11861"><ele>193</ele></trkpt>
      <trkpt lat="46.07697" lon="11.11848"><ele>193</ele></trkpt>
      <trkpt lat="46.07704" lon="11.11816"><ele>193</ele></trkpt>
      <trkpt lat="46.07705" lon="11.11810"><ele>193</ele></trkpt>
      <trkpt lat="46.07707" lon="11.11803"><ele>193</ele></trkpt>
      <trkpt lat="46.07708" lon="11.11798"><ele>192</ele></trkpt>
      <trkpt lat="46.07716" lon="11.11762"><ele>192</ele></trkpt>
      <trkpt lat="46.07718" lon="11.11753"><ele>193</ele></trkpt>
      <trkpt lat="46.07719" lon="11.11750"><ele>193</ele></trkpt>
      <trkpt lat="46.07720" lon="11.11746"><ele>193</ele></trkpt>
      <trkpt lat="46.07729" lon="11.11704"><ele>193</ele></trkpt>
      <trkpt lat="46.07730" lon="11.11701"><ele>193</ele></trkpt>
      <trkpt lat="46.07731" lon="11.11696"><ele>193</ele></trkpt>
      <trkpt lat="46.07738" lon="11.11664"><ele>192</ele></trkpt>
      <trkpt lat="46.07742" lon="11.11648"><ele>193</ele></trkpt>
      <trkpt lat="46.07746" lon="11.11629"><ele>194</ele></trkpt>
      <trkpt lat="46.07747" lon="11.11623"><ele>194</ele></trkpt>
      <trkpt lat="46.07747" lon="11.11617"><ele>194</ele></trkpt>
      <trkpt lat="46.07746" lon="11.11614"><ele>194</ele></trkpt>
      <trkpt lat="46.07743" lon="11.11611"><ele>194</ele></trkpt>
      <trkpt lat="46.07738" lon="11.11609"><ele>194</ele></trkpt>
      <trkpt lat="46.07737" lon="11.11606"><ele>194</ele></trkpt>
      <trkpt lat="46.07735" lon="11.11598"><ele>192</ele></trkpt>
      <trkpt lat="46.07740" lon="11.11594"><ele>193</ele></trkpt>
      <trkpt lat="46.07745" lon="11.11590"><ele>193</ele></trkpt>
      <trkpt lat="46.07748" lon="11.11583"><ele>194</ele></trkpt>
      <trkpt lat="46.07749" lon="11.11576"><ele>192</ele></trkpt>
      <trkpt lat="46.07749" lon="11.11571"><ele>190</ele></trkpt>
      <trkpt lat="46.07748" lon="11.11566"><ele>189</ele></trkpt>
      <trkpt lat="46.07751" lon="11.11564"><ele>189</ele></trkpt>
      <trkpt lat="46.07723" lon="11.11474"><ele>192</ele></trkpt>
      <trkpt lat="46.07722" lon="11.11469"><ele>193</ele></trkpt>
      <trkpt lat="46.07720" lon="11.11464"><ele>193</ele></trkpt>
      <trkpt lat="46.07724" lon="11.11462"><ele>193</ele></trkpt>
      <trkpt lat="46.07751" lon="11.11444"><ele>195</ele></trkpt>
      <trkpt lat="46.07778" lon="11.11423"><ele>192</ele></trkpt>
      <trkpt lat="46.07800" lon="11.11405"><ele>191</ele></trkpt>
      <trkpt lat="46.07837" lon="11.11372"><ele>192</ele></trkpt>
      <trkpt lat="46.07862" lon="11.11347"><ele>191</ele></trkpt>
      <trkpt lat="46.07899" lon="11.11308"><ele>192</ele></trkpt>
      <trkpt lat="46.07904" lon="11.11299"><ele>192</ele></trkpt>
      <trkpt lat="46.07907" lon="11.11287"><ele>192</ele></trkpt>
      <trkpt lat="46.07918" lon="11.11250"><ele>192</ele></trkpt>
      <trkpt lat="46.07924" lon="11.11226"><ele>195</ele></trkpt>
      <trkpt lat="46.07927" lon="11.11214"><ele>194</ele></trkpt>
      <trkpt lat="46.07934" lon="11.11217"><ele>194</ele></trkpt>
      <trkpt lat="46.07943" lon="11.11218"><ele>194</ele></trkpt>
      <trkpt lat="46.07950" lon="11.11216"><ele>194</ele></trkpt>
      <trkpt lat="46.07958" lon="11.11213"><ele>193</ele></trkpt>
      <trkpt lat="46.07967" lon="11.11204"><ele>194</ele></trkpt>
      <trkpt lat="46.07975" lon="11.11190"><ele>194</ele></trkpt>
      <trkpt lat="46.08039" lon="11.11057"><ele>192</ele></trkpt>
      <trkpt lat="46.08069" lon="11.11000"><ele>192</ele></trkpt>
      <trkpt lat="46.08099" lon="11.10938"><ele>192</ele></trkpt>
      <trkpt lat="46.08247" lon="11.10634"><ele>193</ele></trkpt>
      <trkpt lat="46.08256" lon="11.10615"><ele>193</ele></trkpt>
      <trkpt lat="46.08273" lon="11.10574"><ele>193</ele></trkpt>
      <trkpt lat="46.08285" lon="11.10541"><ele>194</ele></trkpt>
      <trkpt lat="46.08308" lon="11.10493"><ele>194</ele></trkpt>
      <trkpt lat="46.08324" lon="11.10459"><ele>193</ele></trkpt>
      <trkpt lat="46.08346" lon="11.10426"><ele>193</ele></trkpt>
      <trkpt lat="46.08351" lon="11.10420"><ele>192</ele></trkpt>
      <trkpt lat="46.08353" lon="11.10415"><ele>192</ele></trkpt>
      <trkpt lat="46.08423" lon="11.10270"><ele>193</ele></trkpt>
      <trkpt lat="46.08451" lon="11.10216"><ele>194</ele></trkpt>
      <trkpt lat="46.08493" lon="11.10138"><ele>194</ele></trkpt>
      <trkpt lat="46.08551" lon="11.10045"><ele>193</ele></trkpt>
      <trkpt lat="46.08613" lon="11.09958"><ele>194</ele></trkpt>
      <trkpt lat="46.08610" lon="11.09954"><ele>194</ele></trkpt>
      <trkpt lat="46.08604" lon="11.09933"><ele>194</ele></trkpt>
      <trkpt lat="46.08599" lon="11.09920"><ele>193</ele></trkpt>
      <trkpt lat="46.08566" lon="11.09880"><ele>192</ele></trkpt>
      <trkpt lat="46.08558" lon="11.09870"><ele>192</ele></trkpt>
      <trkpt lat="46.08551" lon="11.09865"><ele>192</ele></trkpt>
      <trkpt lat="46.08545" lon="11.09862"><ele>192</ele></trkpt>
      <trkpt lat="46.08540" lon="11.09861"><ele>192</ele></trkpt>
      <trkpt lat="46.08522" lon="11.09866"><ele>192</ele></trkpt>
      <trkpt lat="46.08509" lon="11.09869"><ele>192</ele></trkpt>
      <trkpt lat="46.08492" lon="11.09871"><ele>192</ele></trkpt>
      <trkpt lat="46.08485" lon="11.09868"><ele>192</ele></trkpt>
      <trkpt lat="46.08478" lon="11.09864"><ele>192</ele></trkpt>
      <trkpt lat="46.08461" lon="11.09850"><ele>195</ele></trkpt>
      <trkpt lat="46.08456" lon="11.09833"><ele>195</ele></trkpt>
      <trkpt lat="46.08454" lon="11.09811"><ele>194</ele></trkpt>
      <trkpt lat="46.08455" lon="11.09788"><ele>194</ele></trkpt>
      <trkpt lat="46.08449" lon="11.09782"><ele>194</ele></trkpt>
      <trkpt lat="46.08438" lon="11.09778"><ele>197</ele></trkpt>
      <trkpt lat="46.08427" lon="11.09769"><ele>202</ele></trkpt>
      <trkpt lat="46.08420" lon="11.09759"><ele>206</ele></trkpt>
      <trkpt lat="46.08416" lon="11.09762"><ele>207</ele></trkpt>
      <trkpt lat="46.08406" lon="11.09755"><ele>211</ele></trkpt>
      <trkpt lat="46.08402" lon="11.09741"><ele>216</ele></trkpt>
      <trkpt lat="46.08392" lon="11.09743"><ele>219</ele></trkpt>
      <trkpt lat="46.08384" lon="11.09747"><ele>220</ele></trkpt>
      <trkpt lat="46.08367" lon="11.09727"><ele>234</ele></trkpt>
      <trkpt lat="46.08369" lon="11.09708"><ele>240</ele></trkpt>
      <trkpt lat="46.08356" lon="11.09700"><ele>251</ele></trkpt>
      <trkpt lat="46.08365" lon="11.09696"><ele>247</ele></trkpt>
      <trkpt lat="46.08364" lon="11.09691"><ele>250</ele></trkpt>
      <trkpt lat="46.08376" lon="11.09685"><ele>246</ele></trkpt>
      <trkpt lat="46.08384" lon="11.09668"><ele>249</ele></trkpt>
      <trkpt lat="46.08391" lon="11.09659"><ele>248</ele></trkpt>
      <trkpt lat="46.08391" lon="11.09652"><ele>250</ele></trkpt>
      <trkpt lat="46.08384" lon="11.09647"><ele>256</ele></trkpt>
      <trkpt lat="46.08389" lon="11.09644"><ele>253</ele></trkpt>
      <trkpt lat="46.08391" lon="11.09631"><ele>258</ele></trkpt>
      <trkpt lat="46.08399" lon="11.09629"><ele>256</ele></trkpt>
      <trkpt lat="46.08403" lon="11.09622"><ele>258</ele></trkpt>
      <trkpt lat="46.08409" lon="11.09617"><ele>258</ele></trkpt>
      <trkpt lat="46.08409" lon="11.09608"><ele>262</ele></trkpt>
      <trkpt lat="46.08404" lon="11.09599"><ele>267</ele></trkpt>
      <trkpt lat="46.08411" lon="11.09585"><ele>271</ele></trkpt>
      <trkpt lat="46.08415" lon="11.09587"><ele>269</ele></trkpt>
      <trkpt lat="46.08418" lon="11.09586"><ele>268</ele></trkpt>
      <trkpt lat="46.08421" lon="11.09581"><ele>268</ele></trkpt>
      <trkpt lat="46.08422" lon="11.09572"><ele>270</ele></trkpt>
      <trkpt lat="46.08430" lon="11.09564"><ele>268</ele></trkpt>
      <trkpt lat="46.08431" lon="11.09553"><ele>270</ele></trkpt>
      <trkpt lat="46.08423" lon="11.09539"><ele>275</ele></trkpt>
      <trkpt lat="46.08428" lon="11.09529"><ele>276</ele></trkpt>
      <trkpt lat="46.08430" lon="11.09523"><ele>276</ele></trkpt>
      <trkpt lat="46.08418" lon="11.09500"><ele>281</ele></trkpt>
      <trkpt lat="46.08410" lon="11.09489"><ele>287</ele></trkpt>
      <trkpt lat="46.08405" lon="11.09482"><ele>290</ele></trkpt>
      <trkpt lat="46.08393" lon="11.09480"><ele>293</ele></trkpt>
      <trkpt lat="46.08358" lon="11.09495"><ele>305</ele></trkpt>
      <trkpt lat="46.08348" lon="11.09489"><ele>310</ele></trkpt>
      <trkpt lat="46.08314" lon="11.09426"><ele>334</ele></trkpt>
      <trkpt lat="46.08303" lon="11.09421"><ele>339</ele></trkpt>
      <trkpt lat="46.08290" lon="11.09429"><ele>343</ele></trkpt>
      <trkpt lat="46.08279" lon="11.09427"><ele>348</ele></trkpt>
      <trkpt lat="46.08256" lon="11.09431"><ele>358</ele></trkpt>
      <trkpt lat="46.08247" lon="11.09409"><ele>364</ele></trkpt>
      <trkpt lat="46.08256" lon="11.09371"><ele>373</ele></trkpt>
      <trkpt lat="46.08255" lon="11.09360"><ele>378</ele></trkpt>
      <trkpt lat="46.08248" lon="11.09352"><ele>390</ele></trkpt>
      <trkpt lat="46.08214" lon="11.09341"><ele>396</ele></trkpt>
      <trkpt lat="46.08199" lon="11.09340"><ele>393</ele></trkpt>
      <trkpt lat="46.08192" lon="11.09338"><ele>393</ele></trkpt>
      <trkpt lat="46.08184" lon="11.09337"><ele>393</ele></trkpt>
      <trkpt lat="46.08167" lon="11.09333"><ele>395</ele></trkpt>
      <trkpt lat="46.08158" lon="11.09323"><ele>400</ele></trkpt>
      <trkpt lat="46.08132" lon="11.09321"><ele>395</ele></trkpt>
      <trkpt lat="46.08123" lon="11.09314"><ele>395</ele></trkpt>
      <trkpt lat="46.08135" lon="11.09313"><ele>400</ele></trkpt>
      <trkpt lat="46.08125" lon="11.09300"><ele>403</ele></trkpt>
      <trkpt lat="46.08143" lon="11.09302"><ele>410</ele></trkpt>
      <trkpt lat="46.08137" lon="11.09293"><ele>415</ele></trkpt>
      <trkpt lat="46.08120" lon="11.09283"><ele>413</ele></trkpt>
      <trkpt lat="46.08131" lon="11.09281"><ele>422</ele></trkpt>
      <trkpt lat="46.08125" lon="11.09271"><ele>426</ele></trkpt>
      <trkpt lat="46.08136" lon="11.09268"><ele>434</ele></trkpt>
      <trkpt lat="46.08124" lon="11.09249"><ele>441</ele></trkpt>
      <trkpt lat="46.08117" lon="11.09222"><ele>447</ele></trkpt>
      <trkpt lat="46.08116" lon="11.09197"><ele>452</ele></trkpt>
      <trkpt lat="46.08111" lon="11.09176"><ele>456</ele></trkpt>
      <trkpt lat="46.08111" lon="11.09168"><ele>458</ele></trkpt>
      <trkpt lat="46.08114" lon="11.09158"><ele>458</ele></trkpt>
      <trkpt lat="46.08132" lon="11.09132"><ele>460</ele></trkpt>
      <trkpt lat="46.08139" lon="11.09118"><ele>462</ele></trkpt>
      <trkpt lat="46.08144" lon="11.09091"><ele>464</ele></trkpt>
      <trkpt lat="46.08150" lon="11.09084"><ele>466</ele></trkpt>
      <trkpt lat="46.08154" lon="11.09077"><ele>467</ele></trkpt>
      <trkpt lat="46.08159" lon="11.09065"><ele>468</ele></trkpt>
      <trkpt lat="46.08170" lon="11.09018"><ele>470</ele></trkpt>
      <trkpt lat="46.08174" lon="11.09007"><ele>470</ele></trkpt>
      <trkpt lat="46.08181" lon="11.08997"><ele>473</ele></trkpt>
      <trkpt lat="46.08196" lon="11.08980"><ele>476</ele></trkpt>
      <trkpt lat="46.08221" lon="11.08963"><ele>482</ele></trkpt>
      <trkpt lat="46.08227" lon="11.08954"><ele>484</ele></trkpt>
      <trkpt lat="46.08236" lon="11.08937"><ele>484</ele></trkpt>
      <trkpt lat="46.08243" lon="11.08917"><ele>486</ele></trkpt>
      <trkpt lat="46.08251" lon="11.08890"><ele>490</ele></trkpt>
      <trkpt lat="46.08251" lon="11.08879"><ele>491</ele></trkpt>
      <trkpt lat="46.08246" lon="11.08873"><ele>489</ele></trkpt>
      <trkpt lat="46.08239" lon="11.08855"><ele>488</ele></trkpt>
      <trkpt lat="46.08238" lon="11.08839"><ele>489</ele></trkpt>
      <trkpt lat="46.08239" lon="11.08814"><ele>486</ele></trkpt>
      <trkpt lat="46.08245" lon="11.08789"><ele>488</ele></trkpt>
      <trkpt lat="46.08248" lon="11.08788"><ele>489</ele></trkpt>
      <trkpt lat="46.08251" lon="11.08774"><ele>490</ele></trkpt>
      <trkpt lat="46.08253" lon="11.08758"><ele>488</ele></trkpt>
      <trkpt lat="46.08255" lon="11.08745"><ele>488</ele></trkpt>
      <trkpt lat="46.08259" lon="11.08730"><ele>487</ele></trkpt>
      <trkpt lat="46.08261" lon="11.08717"><ele>486</ele></trkpt>
      <trkpt lat="46.08261" lon="11.08704"><ele>485</ele></trkpt>
      <trkpt lat="46.08259" lon="11.08690"><ele>484</ele></trkpt>
      <trkpt lat="46.08257" lon="11.08683"><ele>483</ele></trkpt>
      <trkpt lat="46.08257" lon="11.08672"><ele>484</ele></trkpt>
      <trkpt lat="46.08254" lon="11.08663"><ele>484</ele></trkpt>
      <trkpt lat="46.08252" lon="11.08656"><ele>482</ele></trkpt>
      <trkpt lat="46.08249" lon="11.08643"><ele>482</ele></trkpt>
      <trkpt lat="46.08247" lon="11.08623"><ele>480</ele></trkpt>
      <trkpt lat="46.08247" lon="11.08600"><ele>477</ele></trkpt>
      <trkpt lat="46.08250" lon="11.08576"><ele>475</ele></trkpt>
      <trkpt lat="46.08258" lon="11.08560"><ele>477</ele></trkpt>
      <trkpt lat="46.08275" lon="11.08475"><ele>484</ele></trkpt>
      <trkpt lat="46.08278" lon="11.08437"><ele>488</ele></trkpt>
      <trkpt lat="46.08275" lon="11.08411"><ele>492</ele></trkpt>
      <trkpt lat="46.08286" lon="11.08347"><ele>492</ele></trkpt>
      <trkpt lat="46.08293" lon="11.08313"><ele>497</ele></trkpt>
      <trkpt lat="46.08292" lon="11.08251"><ele>501</ele></trkpt>
      <trkpt lat="46.08280" lon="11.08201"><ele>502</ele></trkpt>
      <trkpt lat="46.08273" lon="11.08151"><ele>506</ele></trkpt>
      <trkpt lat="46.08278" lon="11.08147"><ele>512</ele></trkpt>
      <trkpt lat="46.08284" lon="11.08168"><ele>515</ele></trkpt>
      <trkpt lat="46.08289" lon="11.08191"><ele>514</ele></trkpt>
      <trkpt lat="46.08294" lon="11.08184"><ele>520</ele></trkpt>
      <trkpt lat="46.08292" lon="11.08156"><ele>525</ele></trkpt>
      <trkpt lat="46.08288" lon="11.08131"><ele>525</ele></trkpt>
      <trkpt lat="46.08291" lon="11.08124"><ele>529</ele></trkpt>
      <trkpt lat="46.08298" lon="11.08132"><ele>535</ele></trkpt>
      <trkpt lat="46.08295" lon="11.08106"><ele>537</ele></trkpt>
      <trkpt lat="46.08288" lon="11.08087"><ele>535</ele></trkpt>
      <trkpt lat="46.08290" lon="11.08071"><ele>540</ele></trkpt>
      <trkpt lat="46.08295" lon="11.08066"><ele>548</ele></trkpt>
      <trkpt lat="46.08298" lon="11.08078"><ele>549</ele></trkpt>
      <trkpt lat="46.08310" lon="11.08096"><ele>556</ele></trkpt>
      <trkpt lat="46.08314" lon="11.08095"><ele>560</ele></trkpt>
      <trkpt lat="46.08306" lon="11.08075"><ele>559</ele></trkpt>
      <trkpt lat="46.08317" lon="11.08084"><ele>566</ele></trkpt>
      <trkpt lat="46.08319" lon="11.08082"><ele>568</ele></trkpt>
      <trkpt lat="46.08315" lon="11.08055"><ele>571</ele></trkpt>
      <trkpt lat="46.08317" lon="11.08054"><ele>574</ele></trkpt>
      <trkpt lat="46.08324" lon="11.08072"><ele>575</ele></trkpt>
      <trkpt lat="46.08328" lon="11.08069"><ele>579</ele></trkpt>
      <trkpt lat="46.08328" lon="11.08058"><ele>581</ele></trkpt>
      <trkpt lat="46.08320" lon="11.08029"><ele>578</ele></trkpt>
      <trkpt lat="46.08319" lon="11.08020"><ele>575</ele></trkpt>
      <trkpt lat="46.08332" lon="11.07989"><ele>588</ele></trkpt>
      <trkpt lat="46.08333" lon="11.07978"><ele>589</ele></trkpt>
      <trkpt lat="46.08326" lon="11.07963"><ele>584</ele></trkpt>
      <trkpt lat="46.08312" lon="11.07949"><ele>577</ele></trkpt>
      <trkpt lat="46.08306" lon="11.07928"><ele>576</ele></trkpt>
      <trkpt lat="46.08302" lon="11.07900"><ele>572</ele></trkpt>
      <trkpt lat="46.08295" lon="11.07885"><ele>566</ele></trkpt>
      <trkpt lat="46.08287" lon="11.07853"><ele>560</ele></trkpt>
      <trkpt lat="46.08279" lon="11.07792"><ele>548</ele></trkpt>
      <trkpt lat="46.08279" lon="11.07755"><ele>542</ele></trkpt>
      <trkpt lat="46.08284" lon="11.07729"><ele>539</ele></trkpt>
      <trkpt lat="46.08290" lon="11.07657"><ele>535</ele></trkpt>
      <trkpt lat="46.08297" lon="11.07615"><ele>534</ele></trkpt>
      <trkpt lat="46.08310" lon="11.07578"><ele>531</ele></trkpt>
      <trkpt lat="46.08335" lon="11.07548"><ele>529</ele></trkpt>
      <trkpt lat="46.08355" lon="11.07529"><ele>526</ele></trkpt>
      <trkpt lat="46.08371" lon="11.07500"><ele>518</ele></trkpt>
      <trkpt lat="46.08377" lon="11.07485"><ele>513</ele></trkpt>
      <trkpt lat="46.08400" lon="11.07471"><ele>507</ele></trkpt>
      <trkpt lat="46.08420" lon="11.07455"><ele>500</ele></trkpt>
      <trkpt lat="46.08432" lon="11.07432"><ele>494</ele></trkpt>
      <trkpt lat="46.08439" lon="11.07405"><ele>488</ele></trkpt>
      <trkpt lat="46.08462" lon="11.07392"><ele>488</ele></trkpt>
      <trkpt lat="46.08510" lon="11.07394"><ele>490</ele></trkpt>
      <trkpt lat="46.08535" lon="11.07400"><ele>488</ele></trkpt>
      <trkpt lat="46.08609" lon="11.07392"><ele>474</ele></trkpt>
      <trkpt lat="46.08660" lon="11.07380"><ele>472</ele></trkpt>
      <trkpt lat="46.08697" lon="11.07376"><ele>471</ele></trkpt>
      <trkpt lat="46.08712" lon="11.07356"><ele>467</ele></trkpt>
      <trkpt lat="46.08720" lon="11.07325"><ele>464</ele></trkpt>
      <trkpt lat="46.08723" lon="11.07297"><ele>460</ele></trkpt>
      <trkpt lat="46.08724" lon="11.07289"><ele>460</ele></trkpt>
      <trkpt lat="46.08727" lon="11.07272"><ele>459</ele></trkpt>
      <trkpt lat="46.08730" lon="11.07263"><ele>458</ele></trkpt>
      <trkpt lat="46.08737" lon="11.07247"><ele>458</ele></trkpt>
      <trkpt lat="46.08741" lon="11.07240"><ele>458</ele></trkpt>
      <trkpt lat="46.08748" lon="11.07231"><ele>458</ele></trkpt>
      <trkpt lat="46.08772" lon="11.07210"><ele>459</ele></trkpt>
      <trkpt lat="46.08779" lon="11.07200"><ele>459</ele></trkpt>
      <trkpt lat="46.08787" lon="11.07192"><ele>460</ele></trkpt>
      <trkpt lat="46.08787" lon="11.07183"><ele>460</ele></trkpt>
      <trkpt lat="46.08786" lon="11.07158"><ele>460</ele></trkpt>
      <trkpt lat="46.08782" lon="11.07121"><ele>462</ele></trkpt>
      <trkpt lat="46.08775" lon="11.07064"><ele>464</ele></trkpt>
      <trkpt lat="46.08773" lon="11.07048"><ele>465</ele></trkpt>
      <trkpt lat="46.08772" lon="11.07031"><ele>465</ele></trkpt>
      <trkpt lat="46.08770" lon="11.07010"><ele>464</ele></trkpt>
      <trkpt lat="46.08770" lon="11.06970"><ele>465</ele></trkpt>
      <trkpt lat="46.08770" lon="11.06958"><ele>465</ele></trkpt>
      <trkpt lat="46.08771" lon="11.06947"><ele>466</ele></trkpt>
      <trkpt lat="46.08773" lon="11.06935"><ele>466</ele></trkpt>
      <trkpt lat="46.08778" lon="11.06920"><ele>467</ele></trkpt>
      <trkpt lat="46.08780" lon="11.06915"><ele>467</ele></trkpt>
      <trkpt lat="46.08782" lon="11.06909"><ele>466</ele></trkpt>
      <trkpt lat="46.08794" lon="11.06878"><ele>466</ele></trkpt>
      <trkpt lat="46.08798" lon="11.06863"><ele>466</ele></trkpt>
      <trkpt lat="46.08802" lon="11.06848"><ele>467</ele></trkpt>
      <trkpt lat="46.08804" lon="11.06837"><ele>468</ele></trkpt>
      <trkpt lat="46.08805" lon="11.06822"><ele>467</ele></trkpt>
      <trkpt lat="46.08805" lon="11.06815"><ele>467</ele></trkpt>
      <trkpt lat="46.08803" lon="11.06810"><ele>466</ele></trkpt>
      <trkpt lat="46.08802" lon="11.06809"><ele>466</ele></trkpt>
      <trkpt lat="46.08800" lon="11.06809"><ele>466</ele></trkpt>
      <trkpt lat="46.08800" lon="11.06806"><ele>466</ele></trkpt>
      <trkpt lat="46.08799" lon="11.06771"><ele>466</ele></trkpt>
      <trkpt lat="46.08798" lon="11.06738"><ele>468</ele></trkpt>
      <trkpt lat="46.08795" lon="11.06642"><ele>473</ele></trkpt>
      <trkpt lat="46.08795" lon="11.06634"><ele>473</ele></trkpt>
      <trkpt lat="46.08796" lon="11.06625"><ele>473</ele></trkpt>
      <trkpt lat="46.08799" lon="11.06616"><ele>473</ele></trkpt>
      <trkpt lat="46.08805" lon="11.06599"><ele>473</ele></trkpt>
      <trkpt lat="46.08814" lon="11.06581"><ele>474</ele></trkpt>
      <trkpt lat="46.08821" lon="11.06568"><ele>475</ele></trkpt>
      <trkpt lat="46.08825" lon="11.06562"><ele>475</ele></trkpt>
      <trkpt lat="46.08834" lon="11.06546"><ele>475</ele></trkpt>
      <trkpt lat="46.08839" lon="11.06535"><ele>476</ele></trkpt>
      <trkpt lat="46.08843" lon="11.06528"><ele>476</ele></trkpt>
      <trkpt lat="46.08850" lon="11.06517"><ele>476</ele></trkpt>
      <trkpt lat="46.08862" lon="11.06493"><ele>476</ele></trkpt>
      <trkpt lat="46.08875" lon="11.06470"><ele>477</ele></trkpt>
      <trkpt lat="46.08887" lon="11.06449"><ele>478</ele></trkpt>
      <trkpt lat="46.08889" lon="11.06445"><ele>478</ele></trkpt>
      <trkpt lat="46.08891" lon="11.06442"><ele>478</ele></trkpt>
      <trkpt lat="46.08905" lon="11.06415"><ele>478</ele></trkpt>
      <trkpt lat="46.08913" lon="11.06402"><ele>478</ele></trkpt>
      <trkpt lat="46.08918" lon="11.06393"><ele>478</ele></trkpt>
      <trkpt lat="46.08920" lon="11.06388"><ele>479</ele></trkpt>
      <trkpt lat="46.08933" lon="11.06366"><ele>480</ele></trkpt>
      <trkpt lat="46.08955" lon="11.06327"><ele>482</ele></trkpt>
      <trkpt lat="46.08967" lon="11.06319"><ele>482</ele></trkpt>
      <trkpt lat="46.08983" lon="11.06310"><ele>484</ele></trkpt>
      <trkpt lat="46.09021" lon="11.06290"><ele>487</ele></trkpt>
      <trkpt lat="46.09033" lon="11.06279"><ele>490</ele></trkpt>
      <trkpt lat="46.09040" lon="11.06271"><ele>492</ele></trkpt>
      <trkpt lat="46.09054" lon="11.06252"><ele>492</ele></trkpt>
      <trkpt lat="46.09076" lon="11.06221"><ele>494</ele></trkpt>
      <trkpt lat="46.09096" lon="11.06189"><ele>490</ele></trkpt>
      <trkpt lat="46.09105" lon="11.06169"><ele>488</ele></trkpt>
      <trkpt lat="46.09112" lon="11.06147"><ele>488</ele></trkpt>
      <trkpt lat="46.09121" lon="11.06084"><ele>488</ele></trkpt>
      <trkpt lat="46.09125" lon="11.06059"><ele>488</ele></trkpt>
      <trkpt lat="46.09130" lon="11.06047"><ele>488</ele></trkpt>
      <trkpt lat="46.09141" lon="11.06021"><ele>486</ele></trkpt>
      <trkpt lat="46.09148" lon="11.06011"><ele>487</ele></trkpt>
      <trkpt lat="46.09153" lon="11.06001"><ele>487</ele></trkpt>
      <trkpt lat="46.09183" lon="11.05930"><ele>483</ele></trkpt>
      <trkpt lat="46.09192" lon="11.05906"><ele>480</ele></trkpt>
      <trkpt lat="46.09203" lon="11.05887"><ele>479</ele></trkpt>
      <trkpt lat="46.09209" lon="11.05878"><ele>478</ele></trkpt>
      <trkpt lat="46.09229" lon="11.05851"><ele>471</ele></trkpt>
      <trkpt lat="46.09237" lon="11.05841"><ele>470</ele></trkpt>
      <trkpt lat="46.09285" lon="11.05811"><ele>467</ele></trkpt>
      <trkpt lat="46.09302" lon="11.05795"><ele>468</ele></trkpt>
      <trkpt lat="46.09328" lon="11.05774"><ele>470</ele></trkpt>
      <trkpt lat="46.09336" lon="11.05766"><ele>470</ele></trkpt>
      <trkpt lat="46.09355" lon="11.05748"><ele>469</ele></trkpt>
      <trkpt lat="46.09373" lon="11.05726"><ele>466</ele></trkpt>
      <trkpt lat="46.09392" lon="11.05700"><ele>463</ele></trkpt>
      <trkpt lat="46.09399" lon="11.05692"><ele>461</ele></trkpt>
      <trkpt lat="46.09407" lon="11.05686"><ele>460</ele></trkpt>
      <trkpt lat="46.09471" lon="11.05663"><ele>458</ele></trkpt>
      <trkpt lat="46.09504" lon="11.05653"><ele>457</ele></trkpt>
      <trkpt lat="46.09513" lon="11.05652"><ele>454</ele></trkpt>
      <trkpt lat="46.09523" lon="11.05655"><ele>453</ele></trkpt>
      <trkpt lat="46.09537" lon="11.05666"><ele>459</ele></trkpt>
      <trkpt lat="46.09553" lon="11.05676"><ele>459</ele></trkpt>
      <trkpt lat="46.09606" lon="11.05698"><ele>458</ele></trkpt>
      <trkpt lat="46.09612" lon="11.05703"><ele>458</ele></trkpt>
      <trkpt lat="46.09624" lon="11.05715"><ele>457</ele></trkpt>
      <trkpt lat="46.09638" lon="11.05728"><ele>457</ele></trkpt>
      <trkpt lat="46.09646" lon="11.05733"><ele>456</ele></trkpt>
      <trkpt lat="46.09653" lon="11.05738"><ele>455</ele></trkpt>
      <trkpt lat="46.09663" lon="11.05745"><ele>454</ele></trkpt>
      <trkpt lat="46.09684" lon="11.05763"><ele>451</ele></trkpt>
      <trkpt lat="46.09688" lon="11.05766"><ele>450</ele></trkpt>
      <trkpt lat="46.09699" lon="11.05779"><ele>449</ele></trkpt>
      <trkpt lat="46.09708" lon="11.05794"><ele>448</ele></trkpt>
      <trkpt lat="46.09728" lon="11.05816"><ele>446</ele></trkpt>
      <trkpt lat="46.09737" lon="11.05822"><ele>446</ele></trkpt>
      <trkpt lat="46.09743" lon="11.05824"><ele>444</ele></trkpt>
      <trkpt lat="46.09746" lon="11.05825"><ele>444</ele></trkpt>
      <trkpt lat="46.09769" lon="11.05816"><ele>441</ele></trkpt>
      <trkpt lat="46.09772" lon="11.05814"><ele>441</ele></trkpt>
      <trkpt lat="46.09774" lon="11.05810"><ele>440</ele></trkpt>
      <trkpt lat="46.09774" lon="11.05805"><ele>440</ele></trkpt>
      <trkpt lat="46.09772" lon="11.05795"><ele>441</ele></trkpt>
      <trkpt lat="46.09770" lon="11.05791"><ele>441</ele></trkpt>
      <trkpt lat="46.09757" lon="11.05775"><ele>441</ele></trkpt>
      <trkpt lat="46.09750" lon="11.05765"><ele>441</ele></trkpt>
      <trkpt lat="46.09741" lon="11.05750"><ele>442</ele></trkpt>
      <trkpt lat="46.09728" lon="11.05732"><ele>436</ele></trkpt>
      <trkpt lat="46.09712" lon="11.05721"><ele>435</ele></trkpt>
      <trkpt lat="46.09700" lon="11.05714"><ele>433</ele></trkpt>
      <trkpt lat="46.09698" lon="11.05713"><ele>432</ele></trkpt>
      <trkpt lat="46.09691" lon="11.05707"><ele>432</ele></trkpt>
      <trkpt lat="46.09665" lon="11.05675"><ele>428</ele></trkpt>
      <trkpt lat="46.09658" lon="11.05667"><ele>427</ele></trkpt>
      <trkpt lat="46.09651" lon="11.05660"><ele>427</ele></trkpt>
      <trkpt lat="46.09621" lon="11.05638"><ele>424</ele></trkpt>
      <trkpt lat="46.09586" lon="11.05620"><ele>423</ele></trkpt>
      <trkpt lat="46.09575" lon="11.05615"><ele>422</ele></trkpt>
      <trkpt lat="46.09555" lon="11.05609"><ele>422</ele></trkpt>
      <trkpt lat="46.09547" lon="11.05606"><ele>421</ele></trkpt>
      <trkpt lat="46.09545" lon="11.05601"><ele>420</ele></trkpt>
      <trkpt lat="46.09544" lon="11.05596"><ele>420</ele></trkpt>
      <trkpt lat="46.09544" lon="11.05589"><ele>418</ele></trkpt>
      <trkpt lat="46.09547" lon="11.05571"><ele>417</ele></trkpt>
      <trkpt lat="46.09550" lon="11.05560"><ele>417</ele></trkpt>
      <trkpt lat="46.09556" lon="11.05537"><ele>420</ele></trkpt>
      <trkpt lat="46.09560" lon="11.05527"><ele>420</ele></trkpt>
      <trkpt lat="46.09565" lon="11.05521"><ele>420</ele></trkpt>
      <trkpt lat="46.09570" lon="11.05515"><ele>421</ele></trkpt>
      <trkpt lat="46.09574" lon="11.05510"><ele>421</ele></trkpt>
      <trkpt lat="46.09564" lon="11.05498"><ele>422</ele></trkpt>
      <trkpt lat="46.09559" lon="11.05493"><ele>422</ele></trkpt>
      <trkpt lat="46.09554" lon="11.05490"><ele>422</ele></trkpt>
      <trkpt lat="46.09539" lon="11.05482"><ele>422</ele></trkpt>
      <trkpt lat="46.09507" lon="11.05468"><ele>421</ele></trkpt>
      <trkpt lat="46.09505" lon="11.05465"><ele>421</ele></trkpt>
      <trkpt lat="46.09503" lon="11.05461"><ele>421</ele></trkpt>
      <trkpt lat="46.09499" lon="11.05422"><ele>423</ele></trkpt>
      <trkpt lat="46.09497" lon="11.05416"><ele>423</ele></trkpt>
      <trkpt lat="46.09495" lon="11.05411"><ele>422</ele></trkpt>
      <trkpt lat="46.09473" lon="11.05380"><ele>422</ele></trkpt>
      <trkpt lat="46.09466" lon="11.05368"><ele>422</ele></trkpt>
      <trkpt lat="46.09463" lon="11.05357"><ele>422</ele></trkpt>
      <trkpt lat="46.09461" lon="11.05334"><ele>421</ele></trkpt>
      <trkpt lat="46.09460" lon="11.05321"><ele>421</ele></trkpt>
      <trkpt lat="46.09455" lon="11.05271"><ele>422</ele></trkpt>
      <trkpt lat="46.09451" lon="11.05260"><ele>422</ele></trkpt>
      <trkpt lat="46.09441" lon="11.05242"><ele>422</ele></trkpt>
      <trkpt lat="46.09407" lon="11.05156"><ele>423</ele></trkpt>
      <trkpt lat="46.09401" lon="11.05145"><ele>424</ele></trkpt>
      <trkpt lat="46.09397" lon="11.05137"><ele>424</ele></trkpt>
      <trkpt lat="46.09373" lon="11.05111"><ele>425</ele></trkpt>
      <trkpt lat="46.09356" lon="11.05092"><ele>427</ele></trkpt>
      <trkpt lat="46.09331" lon="11.05069"><ele>430</ele></trkpt>
      <trkpt lat="46.09303" lon="11.05051"><ele>429</ele></trkpt>
      <trkpt lat="46.09281" lon="11.05031"><ele>431</ele></trkpt>
      <trkpt lat="46.09246" lon="11.05011"><ele>432</ele></trkpt>
      <trkpt lat="46.09212" lon="11.04988"><ele>431</ele></trkpt>
      <trkpt lat="46.09163" lon="11.04936"><ele>429</ele></trkpt>
      <trkpt lat="46.09147" lon="11.04920"><ele>428</ele></trkpt>
      <trkpt lat="46.09109" lon="11.04891"><ele>426</ele></trkpt>
      <trkpt lat="46.09100" lon="11.04882"><ele>426</ele></trkpt>
      <trkpt lat="46.09094" lon="11.04873"><ele>426</ele></trkpt>
      <trkpt lat="46.09108" lon="11.04836"><ele>427</ele></trkpt>
      <trkpt lat="46.09110" lon="11.04831"><ele>427</ele></trkpt>
      <trkpt lat="46.09126" lon="11.04777"><ele>426</ele></trkpt>
      <trkpt lat="46.09132" lon="11.04757"><ele>425</ele></trkpt>
      <trkpt lat="46.09134" lon="11.04740"><ele>425</ele></trkpt>
      <trkpt lat="46.09135" lon="11.04726"><ele>425</ele></trkpt>
      <trkpt lat="46.09134" lon="11.04710"><ele>425</ele></trkpt>
      <trkpt lat="46.09129" lon="11.04651"><ele>426</ele></trkpt>
      <trkpt lat="46.09130" lon="11.04648"><ele>426</ele></trkpt>
      <trkpt lat="46.09131" lon="11.04644"><ele>426</ele></trkpt>
      <trkpt lat="46.09154" lon="11.04609"><ele>428</ele></trkpt>
      <trkpt lat="46.09168" lon="11.04599"><ele>430</ele></trkpt>
      <trkpt lat="46.09163" lon="11.04579"><ele>430</ele></trkpt>
      <trkpt lat="46.09162" lon="11.04565"><ele>430</ele></trkpt>
      <trkpt lat="46.09167" lon="11.04535"><ele>430</ele></trkpt>
      <trkpt lat="46.09176" lon="11.04501"><ele>430</ele></trkpt>
      <trkpt lat="46.09129" lon="11.04444"><ele>430</ele></trkpt>
      <trkpt lat="46.09111" lon="11.04425"><ele>430</ele></trkpt>
      <trkpt lat="46.09058" lon="11.04375"><ele>429</ele></trkpt>
      <trkpt lat="46.09043" lon="11.04355"><ele>430</ele></trkpt>
      <trkpt lat="46.09029" lon="11.04333"><ele>429</ele></trkpt>
      <trkpt lat="46.09015" lon="11.04309"><ele>430</ele></trkpt>
      <trkpt lat="46.09003" lon="11.04293"><ele>430</ele></trkpt>
      <trkpt lat="46.08988" lon="11.04277"><ele>431</ele></trkpt>
      <trkpt lat="46.08973" lon="11.04265"><ele>431</ele></trkpt>
      <trkpt lat="46.08960" lon="11.04261"><ele>431</ele></trkpt>
      <trkpt lat="46.08948" lon="11.04259"><ele>431</ele></trkpt>
      <trkpt lat="46.08940" lon="11.04283"><ele>429</ele></trkpt>
      <trkpt lat="46.08936" lon="11.04287"><ele>428</ele></trkpt>
      <trkpt lat="46.08932" lon="11.04289"><ele>428</ele></trkpt>
      <trkpt lat="46.08927" lon="11.04289"><ele>428</ele></trkpt>
      <trkpt lat="46.08911" lon="11.04278"><ele>428</ele></trkpt>
      <trkpt lat="46.08898" lon="11.04264"><ele>428</ele></trkpt>
      <trkpt lat="46.08891" lon="11.04254"><ele>429</ele></trkpt>
      <trkpt lat="46.08879" lon="11.04236"><ele>429</ele></trkpt>
      <trkpt lat="46.08866" lon="11.04209"><ele>430</ele></trkpt>
      <trkpt lat="46.08862" lon="11.04205"><ele>430</ele></trkpt>
      <trkpt lat="46.08858" lon="11.04205"><ele>429</ele></trkpt>
      <trkpt lat="46.08853" lon="11.04207"><ele>429</ele></trkpt>
      <trkpt lat="46.08846" lon="11.04211"><ele>428</ele></trkpt>
      <trkpt lat="46.08794" lon="11.04265"><ele>424</ele></trkpt>
      <trkpt lat="46.08785" lon="11.04269"><ele>424</ele></trkpt>
      <trkpt lat="46.08778" lon="11.04266"><ele>424</ele></trkpt>
      <trkpt lat="46.08774" lon="11.04263"><ele>424</ele></trkpt>
      <trkpt lat="46.08758" lon="11.04241"><ele>424</ele></trkpt>
      <trkpt lat="46.08727" lon="11.04195"><ele>425</ele></trkpt>
      <trkpt lat="46.08724" lon="11.04193"><ele>425</ele></trkpt>
      <trkpt lat="46.08722" lon="11.04192"><ele>425</ele></trkpt>
      <trkpt lat="46.08711" lon="11.04196"><ele>425</ele></trkpt>
      <trkpt lat="46.08703" lon="11.04204"><ele>424</ele></trkpt>
      <trkpt lat="46.08682" lon="11.04235"><ele>424</ele></trkpt>
      <trkpt lat="46.08666" lon="11.04214"><ele>425</ele></trkpt>
      <trkpt lat="46.08634" lon="11.04179"><ele>425</ele></trkpt>
      <trkpt lat="46.08619" lon="11.04160"><ele>426</ele></trkpt>
      <trkpt lat="46.08610" lon="11.04148"><ele>426</ele></trkpt>
      <trkpt lat="46.08575" lon="11.04064"><ele>426</ele></trkpt>
      <trkpt lat="46.08562" lon="11.04040"><ele>427</ele></trkpt>
      <trkpt lat="46.08556" lon="11.04019"><ele>427</ele></trkpt>
      <trkpt lat="46.08550" lon="11.04003"><ele>427</ele></trkpt>
      <trkpt lat="46.08549" lon="11.03992"><ele>427</ele></trkpt>
      <trkpt lat="46.08550" lon="11.03983"><ele>427</ele></trkpt>
      <trkpt lat="46.08553" lon="11.03976"><ele>427</ele></trkpt>
      <trkpt lat="46.08563" lon="11.03966"><ele>427</ele></trkpt>
      <trkpt lat="46.08564" lon="11.03963"><ele>427</ele></trkpt>
      <trkpt lat="46.08564" lon="11.03960"><ele>427</ele></trkpt>
      <trkpt lat="46.08564" lon="11.03956"><ele>427</ele></trkpt>
      <trkpt lat="46.08562" lon="11.03950"><ele>427</ele></trkpt>
      <trkpt lat="46.08554" lon="11.03935"><ele>427</ele></trkpt>
      <trkpt lat="46.08467" lon="11.03783"><ele>429</ele></trkpt>
      <trkpt lat="46.08382" lon="11.03627"><ele>431</ele></trkpt>
      <trkpt lat="46.08372" lon="11.03612"><ele>432</ele></trkpt>
      <trkpt lat="46.08367" lon="11.03607"><ele>432</ele></trkpt>
      <trkpt lat="46.08361" lon="11.03603"><ele>432</ele></trkpt>
      <trkpt lat="46.08324" lon="11.03593"><ele>433</ele></trkpt>
      <trkpt lat="46.08312" lon="11.03591"><ele>433</ele></trkpt>
      <trkpt lat="46.08298" lon="11.03589"><ele>434</ele></trkpt>
      <trkpt lat="46.08293" lon="11.03589"><ele>434</ele></trkpt>
      <trkpt lat="46.08284" lon="11.03600"><ele>434</ele></trkpt>
      <trkpt lat="46.08254" lon="11.03653"><ele>437</ele></trkpt>
      <trkpt lat="46.08235" lon="11.03691"><ele>438</ele></trkpt>
      <trkpt lat="46.08232" lon="11.03689"><ele>438</ele></trkpt>
      <trkpt lat="46.08228" lon="11.03686"><ele>438</ele></trkpt>
      <trkpt lat="46.08183" lon="11.03650"><ele>437</ele></trkpt>
      <trkpt lat="46.08172" lon="11.03639"><ele>437</ele></trkpt>
      <trkpt lat="46.08160" lon="11.03619"><ele>436</ele></trkpt>
      <trkpt lat="46.08155" lon="11.03612"><ele>436</ele></trkpt>
      <trkpt lat="46.08148" lon="11.03606"><ele>436</ele></trkpt>
      <trkpt lat="46.08114" lon="11.03581"><ele>438</ele></trkpt>
      <trkpt lat="46.08095" lon="11.03569"><ele>440</ele></trkpt>
      <trkpt lat="46.08084" lon="11.03564"><ele>440</ele></trkpt>
      <trkpt lat="46.08061" lon="11.03558"><ele>442</ele></trkpt>
      <trkpt lat="46.08014" lon="11.03549"><ele>446</ele></trkpt>
      <trkpt lat="46.07965" lon="11.03546"><ele>449</ele></trkpt>
      <trkpt lat="46.07932" lon="11.03530"><ele>452</ele></trkpt>
      <trkpt lat="46.07929" lon="11.03529"><ele>452</ele></trkpt>
      <trkpt lat="46.07921" lon="11.03500"><ele>452</ele></trkpt>
      <trkpt lat="46.07919" lon="11.03492"><ele>453</ele></trkpt>
      <trkpt lat="46.07917" lon="11.03479"><ele>453</ele></trkpt>
      <trkpt lat="46.07916" lon="11.03444"><ele>453</ele></trkpt>
      <trkpt lat="46.07911" lon="11.03416"><ele>454</ele></trkpt>
      <trkpt lat="46.07908" lon="11.03404"><ele>454</ele></trkpt>
      <trkpt lat="46.07888" lon="11.03327"><ele>458</ele></trkpt>
      <trkpt lat="46.07885" lon="11.03302"><ele>459</ele></trkpt>
      <trkpt lat="46.07885" lon="11.03288"><ele>460</ele></trkpt>
      <trkpt lat="46.07886" lon="11.03274"><ele>461</ele></trkpt>
      <trkpt lat="46.07890" lon="11.03260"><ele>462</ele></trkpt>
      <trkpt lat="46.07899" lon="11.03226"><ele>463</ele></trkpt>
      <trkpt lat="46.07917" lon="11.03174"><ele>468</ele></trkpt>
      <trkpt lat="46.07922" lon="11.03164"><ele>468</ele></trkpt>
      <trkpt lat="46.07925" lon="11.03156"><ele>470</ele></trkpt>
      <trkpt lat="46.07936" lon="11.03140"><ele>472</ele></trkpt>
      <trkpt lat="46.07934" lon="11.03133"><ele>474</ele></trkpt>
      <trkpt lat="46.07930" lon="11.03106"><ele>476</ele></trkpt>
      <trkpt lat="46.07929" lon="11.03092"><ele>477</ele></trkpt>
      <trkpt lat="46.07931" lon="11.03088"><ele>477</ele></trkpt>
      <trkpt lat="46.07933" lon="11.03084"><ele>477</ele></trkpt>
      <trkpt lat="46.07949" lon="11.03073"><ele>478</ele></trkpt>
      <trkpt lat="46.07954" lon="11.03068"><ele>480</ele></trkpt>
      <trkpt lat="46.07958" lon="11.03063"><ele>482</ele></trkpt>
      <trkpt lat="46.07962" lon="11.03055"><ele>484</ele></trkpt>
      <trkpt lat="46.07962" lon="11.03050"><ele>485</ele></trkpt>
      <trkpt lat="46.07962" lon="11.03045"><ele>486</ele></trkpt>
      <trkpt lat="46.07961" lon="11.03040"><ele>487</ele></trkpt>
      <trkpt lat="46.07959" lon="11.03036"><ele>487</ele></trkpt>
      <trkpt lat="46.07950" lon="11.03024"><ele>487</ele></trkpt>
      <trkpt lat="46.07935" lon="11.03009"><ele>488</ele></trkpt>
      <trkpt lat="46.07938" lon="11.03006"><ele>489</ele></trkpt>
      <trkpt lat="46.07946" lon="11.02995"><ele>491</ele></trkpt>
      <trkpt lat="46.07948" lon="11.02992"><ele>491</ele></trkpt>
      <trkpt lat="46.07948" lon="11.02986"><ele>491</ele></trkpt>
      <trkpt lat="46.07947" lon="11.02983"><ele>491</ele></trkpt>
      <trkpt lat="46.07946" lon="11.02977"><ele>490</ele></trkpt>
      <trkpt lat="46.07946" lon="11.02965"><ele>491</ele></trkpt>
      <trkpt lat="46.07951" lon="11.02935"><ele>494</ele></trkpt>
      <trkpt lat="46.07951" lon="11.02913"><ele>493</ele></trkpt>
      <trkpt lat="46.07952" lon="11.02900"><ele>493</ele></trkpt>
      <trkpt lat="46.07956" lon="11.02881"><ele>493</ele></trkpt>
      <trkpt lat="46.07960" lon="11.02843"><ele>491</ele></trkpt>
      <trkpt lat="46.07961" lon="11.02836"><ele>490</ele></trkpt>
      <trkpt lat="46.07962" lon="11.02833"><ele>490</ele></trkpt>
      <trkpt lat="46.07963" lon="11.02832"><ele>490</ele></trkpt>
      <trkpt lat="46.08007" lon="11.02804"><ele>485</ele></trkpt>
      <trkpt lat="46.08010" lon="11.02801"><ele>485</ele></trkpt>
      <trkpt lat="46.08015" lon="11.02794"><ele>484</ele></trkpt>
      <trkpt lat="46.08015" lon="11.02786"><ele>483</ele></trkpt>
      <trkpt lat="46.08011" lon="11.02763"><ele>480</ele></trkpt>
      <trkpt lat="46.08011" lon="11.02755"><ele>479</ele></trkpt>
      <trkpt lat="46.08017" lon="11.02720"><ele>476</ele></trkpt>
      <trkpt lat="46.08020" lon="11.02709"><ele>475</ele></trkpt>
      <trkpt lat="46.08040" lon="11.02668"><ele>472</ele></trkpt>
      <trkpt lat="46.08055" lon="11.02637"><ele>472</ele></trkpt>
      <trkpt lat="46.08067" lon="11.02614"><ele>472</ele></trkpt>
      <trkpt lat="46.08076" lon="11.02601"><ele>472</ele></trkpt>
      <trkpt lat="46.08111" lon="11.02554"><ele>472</ele></trkpt>
      <trkpt lat="46.08116" lon="11.02545"><ele>472</ele></trkpt>
      <trkpt lat="46.08118" lon="11.02539"><ele>472</ele></trkpt>
      <trkpt lat="46.08117" lon="11.02533"><ele>472</ele></trkpt>
      <trkpt lat="46.08116" lon="11.02528"><ele>472</ele></trkpt>
      <trkpt lat="46.08100" lon="11.02510"><ele>472</ele></trkpt>
      <trkpt lat="46.08081" lon="11.02479"><ele>472</ele></trkpt>
      <trkpt lat="46.08075" lon="11.02472"><ele>472</ele></trkpt>
      <trkpt lat="46.08066" lon="11.02464"><ele>472</ele></trkpt>
      <trkpt lat="46.08032" lon="11.02439"><ele>471</ele></trkpt>
      <trkpt lat="46.08023" lon="11.02428"><ele>471</ele></trkpt>
      <trkpt lat="46.08017" lon="11.02414"><ele>472</ele></trkpt>
      <trkpt lat="46.08012" lon="11.02396"><ele>473</ele></trkpt>
      <trkpt lat="46.07986" lon="11.02369"><ele>473</ele></trkpt>
      <trkpt lat="46.07982" lon="11.02363"><ele>472</ele></trkpt>
      <trkpt lat="46.07975" lon="11.02347"><ele>472</ele></trkpt>
      <trkpt lat="46.07967" lon="11.02324"><ele>472</ele></trkpt>
      <trkpt lat="46.07958" lon="11.02309"><ele>472</ele></trkpt>
      <trkpt lat="46.07944" lon="11.02293"><ele>472</ele></trkpt>
      <trkpt lat="46.07927" lon="11.02277"><ele>472</ele></trkpt>
      <trkpt lat="46.07893" lon="11.02244"><ele>472</ele></trkpt>
      <trkpt lat="46.07885" lon="11.02232"><ele>472</ele></trkpt>
      <trkpt lat="46.07875" lon="11.02213"><ele>472</ele></trkpt>
      <trkpt lat="46.07863" lon="11.02185"><ele>473</ele></trkpt>
      <trkpt lat="46.07859" lon="11.02178"><ele>473</ele></trkpt>
      <trkpt lat="46.07850" lon="11.02170"><ele>473</ele></trkpt>
      <trkpt lat="46.07843" lon="11.02165"><ele>473</ele></trkpt>
      <trkpt lat="46.07834" lon="11.02162"><ele>474</ele></trkpt>
      <trkpt lat="46.07825" lon="11.02158"><ele>475</ele></trkpt>
      <trkpt lat="46.07817" lon="11.02145"><ele>475</ele></trkpt>
      <trkpt lat="46.07780" lon="11.02093"><ele>474</ele></trkpt>
      <trkpt lat="46.07760" lon="11.02062"><ele>473</ele></trkpt>
      <trkpt lat="46.07743" lon="11.02031"><ele>472</ele></trkpt>
      <trkpt lat="46.07737" lon="11.02022"><ele>472</ele></trkpt>
      <trkpt lat="46.07729" lon="11.02013"><ele>472</ele></trkpt>
      <trkpt lat="46.07692" lon="11.01994"><ele>470</ele></trkpt>
      <trkpt lat="46.07682" lon="11.01993"><ele>471</ele></trkpt>
      <trkpt lat="46.07673" lon="11.01986"><ele>471</ele></trkpt>
      <trkpt lat="46.07668" lon="11.01980"><ele>471</ele></trkpt>
      <trkpt lat="46.07661" lon="11.01967"><ele>471</ele></trkpt>
      <trkpt lat="46.07658" lon="11.01956"><ele>470</ele></trkpt>
      <trkpt lat="46.07628" lon="11.01845"><ele>467</ele></trkpt>
      <trkpt lat="46.07610" lon="11.01750"><ele>463</ele></trkpt>
      <trkpt lat="46.07602" lon="11.01713"><ele>462</ele></trkpt>
      <trkpt lat="46.07590" lon="11.01662"><ele>462</ele></trkpt>
      <trkpt lat="46.07584" lon="11.01634"><ele>460</ele></trkpt>
      <trkpt lat="46.07583" lon="11.01622"><ele>460</ele></trkpt>
      <trkpt lat="46.07580" lon="11.01581"><ele>459</ele></trkpt>
      <trkpt lat="46.07578" lon="11.01510"><ele>456</ele></trkpt>
      <trkpt lat="46.07577" lon="11.01503"><ele>456</ele></trkpt>
      <trkpt lat="46.07571" lon="11.01479"><ele>456</ele></trkpt>
      <trkpt lat="46.07571" lon="11.01459"><ele>455</ele></trkpt>
      <trkpt lat="46.07572" lon="11.01443"><ele>455</ele></trkpt>
      <trkpt lat="46.07572" lon="11.01437"><ele>454</ele></trkpt>
      <trkpt lat="46.07570" lon="11.01428"><ele>454</ele></trkpt>
      <trkpt lat="46.07565" lon="11.01410"><ele>454</ele></trkpt>
      <trkpt lat="46.07563" lon="11.01397"><ele>454</ele></trkpt>
      <trkpt lat="46.07560" lon="11.01376"><ele>454</ele></trkpt>
      <trkpt lat="46.07557" lon="11.01343"><ele>452</ele></trkpt>
      <trkpt lat="46.07555" lon="11.01323"><ele>452</ele></trkpt>
      <trkpt lat="46.07556" lon="11.01311"><ele>451</ele></trkpt>
      <trkpt lat="46.07558" lon="11.01286"><ele>451</ele></trkpt>
      <trkpt lat="46.07561" lon="11.01276"><ele>452</ele></trkpt>
      <trkpt lat="46.07566" lon="11.01258"><ele>451</ele></trkpt>
      <trkpt lat="46.07572" lon="11.01246"><ele>451</ele></trkpt>
      <trkpt lat="46.07576" lon="11.01241"><ele>451</ele></trkpt>
      <trkpt lat="46.07583" lon="11.01230"><ele>450</ele></trkpt>
      <trkpt lat="46.07588" lon="11.01224"><ele>450</ele></trkpt>
      <trkpt lat="46.07589" lon="11.01218"><ele>450</ele></trkpt>
      <trkpt lat="46.07593" lon="11.01203"><ele>450</ele></trkpt>
      <trkpt lat="46.07594" lon="11.01193"><ele>450</ele></trkpt>
      <trkpt lat="46.07598" lon="11.01190"><ele>450</ele></trkpt>
      <trkpt lat="46.07608" lon="11.01165"><ele>450</ele></trkpt>
      <trkpt lat="46.07620" lon="11.01145"><ele>448</ele></trkpt>
      <trkpt lat="46.07631" lon="11.01131"><ele>448</ele></trkpt>
      <trkpt lat="46.07641" lon="11.01121"><ele>447</ele></trkpt>
      <trkpt lat="46.07689" lon="11.01082"><ele>444</ele></trkpt>
      <trkpt lat="46.07709" lon="11.01066"><ele>444</ele></trkpt>
      <trkpt lat="46.07729" lon="11.01053"><ele>443</ele></trkpt>
      <trkpt lat="46.07785" lon="11.01010"><ele>441</ele></trkpt>
      <trkpt lat="46.07788" lon="11.01009"><ele>440</ele></trkpt>
      <trkpt lat="46.07792" lon="11.01009"><ele>440</ele></trkpt>
      <trkpt lat="46.07803" lon="11.01011"><ele>440</ele></trkpt>
      <trkpt lat="46.07811" lon="11.01011"><ele>440</ele></trkpt>
      <trkpt lat="46.07828" lon="11.01004"><ele>441</ele></trkpt>
      <trkpt lat="46.07832" lon="11.01000"><ele>441</ele></trkpt>
      <trkpt lat="46.07836" lon="11.00990"><ele>441</ele></trkpt>
      <trkpt lat="46.07839" lon="11.00979"><ele>441</ele></trkpt>
      <trkpt lat="46.07840" lon="11.00967"><ele>441</ele></trkpt>
      <trkpt lat="46.07841" lon="11.00946"><ele>438</ele></trkpt>
      <trkpt lat="46.07839" lon="11.00930"><ele>438</ele></trkpt>
      <trkpt lat="46.07834" lon="11.00863"><ele>436</ele></trkpt>
      <trkpt lat="46.07831" lon="11.00841"><ele>436</ele></trkpt>
      <trkpt lat="46.07826" lon="11.00822"><ele>436</ele></trkpt>
      <trkpt lat="46.07817" lon="11.00790"><ele>436</ele></trkpt>
      <trkpt lat="46.07817" lon="11.00765"><ele>435</ele></trkpt>
      <trkpt lat="46.07822" lon="11.00690"><ele>432</ele></trkpt>
      <trkpt lat="46.07827" lon="11.00686"><ele>432</ele></trkpt>
      <trkpt lat="46.07833" lon="11.00681"><ele>432</ele></trkpt>
      <trkpt lat="46.07837" lon="11.00675"><ele>432</ele></trkpt>
      <trkpt lat="46.07838" lon="11.00671"><ele>432</ele></trkpt>
      <trkpt lat="46.07837" lon="11.00665"><ele>432</ele></trkpt>
      <trkpt lat="46.07832" lon="11.00652"><ele>430</ele></trkpt>
      <trkpt lat="46.07821" lon="11.00621"><ele>430</ele></trkpt>
      <trkpt lat="46.07820" lon="11.00615"><ele>429</ele></trkpt>
      <trkpt lat="46.07821" lon="11.00611"><ele>428</ele></trkpt>
      <trkpt lat="46.07822" lon="11.00610"><ele>428</ele></trkpt>
      <trkpt lat="46.07831" lon="11.00600"><ele>426</ele></trkpt>
      <trkpt lat="46.07833" lon="11.00595"><ele>425</ele></trkpt>
      <trkpt lat="46.07834" lon="11.00591"><ele>424</ele></trkpt>
      <trkpt lat="46.07835" lon="11.00558"><ele>420</ele></trkpt>
      <trkpt lat="46.07836" lon="11.00540"><ele>419</ele></trkpt>
      <trkpt lat="46.07837" lon="11.00494"><ele>418</ele></trkpt>
      <trkpt lat="46.07836" lon="11.00470"><ele>416</ele></trkpt>
      <trkpt lat="46.07835" lon="11.00464"><ele>416</ele></trkpt>
      <trkpt lat="46.07829" lon="11.00432"><ele>416</ele></trkpt>
      <trkpt lat="46.07827" lon="11.00424"><ele>416</ele></trkpt>
      <trkpt lat="46.07814" lon="11.00393"><ele>415</ele></trkpt>
      <trkpt lat="46.07812" lon="11.00381"><ele>414</ele></trkpt>
      <trkpt lat="46.07799" lon="11.00311"><ele>407</ele></trkpt>
      <trkpt lat="46.07792" lon="11.00290"><ele>406</ele></trkpt>
      <trkpt lat="46.07813" lon="11.00281"><ele>407</ele></trkpt>
      <trkpt lat="46.07817" lon="11.00280"><ele>407</ele></trkpt>
      <trkpt lat="46.07832" lon="11.00277"><ele>406</ele></trkpt>
      <trkpt lat="46.07839" lon="11.00276"><ele>405</ele></trkpt>
      <trkpt lat="46.07856" lon="11.00272"><ele>404</ele></trkpt>
      <trkpt lat="46.07868" lon="11.00272"><ele>403</ele></trkpt>
      <trkpt lat="46.07882" lon="11.00273"><ele>403</ele></trkpt>
      <trkpt lat="46.07909" lon="11.00280"><ele>402</ele></trkpt>
      <trkpt lat="46.07967" lon="11.00298"><ele>404</ele></trkpt>
      <trkpt lat="46.07975" lon="11.00299"><ele>404</ele></trkpt>
      <trkpt lat="46.07984" lon="11.00297"><ele>403</ele></trkpt>
      <trkpt lat="46.07997" lon="11.00288"><ele>400</ele></trkpt>
      <trkpt lat="46.08001" lon="11.00284"><ele>398</ele></trkpt>
      <trkpt lat="46.08008" lon="11.00277"><ele>397</ele></trkpt>
      <trkpt lat="46.08019" lon="11.00261"><ele>396</ele></trkpt>
      <trkpt lat="46.08027" lon="11.00244"><ele>396</ele></trkpt>
      <trkpt lat="46.08034" lon="11.00227"><ele>397</ele></trkpt>
      <trkpt lat="46.08036" lon="11.00209"><ele>396</ele></trkpt>
      <trkpt lat="46.08038" lon="11.00200"><ele>396</ele></trkpt>
      <trkpt lat="46.08045" lon="11.00182"><ele>395</ele></trkpt>
      <trkpt lat="46.08051" lon="11.00166"><ele>396</ele></trkpt>
      <trkpt lat="46.08058" lon="11.00166"><ele>396</ele></trkpt>
      <trkpt lat="46.08060" lon="11.00160"><ele>396</ele></trkpt>
      <trkpt lat="46.08053" lon="11.00156"><ele>396</ele></trkpt>
      <trkpt lat="46.08050" lon="11.00154"><ele>396</ele></trkpt>
      <trkpt lat="46.08047" lon="11.00162"><ele>395</ele></trkpt>
      <trkpt lat="46.08041" lon="11.00178"><ele>395</ele></trkpt>
      <trkpt lat="46.08030" lon="11.00205"><ele>396</ele></trkpt>
      <trkpt lat="46.08028" lon="11.00209"><ele>396</ele></trkpt>
      <trkpt lat="46.08025" lon="11.00206"><ele>396</ele></trkpt>
      <trkpt lat="46.08020" lon="11.00204"><ele>395</ele></trkpt>
      <trkpt lat="46.08015" lon="11.00206"><ele>395</ele></trkpt>
      <trkpt lat="46.08013" lon="11.00207"><ele>395</ele></trkpt>
      <trkpt lat="46.08013" lon="11.00203"><ele>395</ele></trkpt>
      <trkpt lat="46.08013" lon="11.00193"><ele>394</ele></trkpt>
      <trkpt lat="46.08013" lon="11.00178"><ele>393</ele></trkpt>
      <trkpt lat="46.08013" lon="11.00163"><ele>392</ele></trkpt>
      <trkpt lat="46.08011" lon="11.00153"><ele>392</ele></trkpt>
      <trkpt lat="46.08007" lon="11.00144"><ele>392</ele></trkpt>
      <trkpt lat="46.08004" lon="11.00139"><ele>392</ele></trkpt>
      <trkpt lat="46.08000" lon="11.00135"><ele>392</ele></trkpt>
      <trkpt lat="46.07995" lon="11.00131"><ele>392</ele></trkpt>
      <trkpt lat="46.07991" lon="11.00128"><ele>392</ele></trkpt>
      <trkpt lat="46.07987" lon="11.00126"><ele>392</ele></trkpt>
      <trkpt lat="46.07966" lon="11.00111"><ele>390</ele></trkpt>
      <trkpt lat="46.07938" lon="11.00092"><ele>388</ele></trkpt>
      <trkpt lat="46.07928" lon="11.00083"><ele>387</ele></trkpt>
      <trkpt lat="46.07909" lon="11.00065"><ele>386</ele></trkpt>
      <trkpt lat="46.07898" lon="11.00047"><ele>386</ele></trkpt>
      <trkpt lat="46.07882" lon="11.00021"><ele>384</ele></trkpt>
      <trkpt lat="46.07905" lon="10.99964"><ele>386</ele></trkpt>
      <trkpt lat="46.07907" lon="10.99957"><ele>386</ele></trkpt>
      <trkpt lat="46.07889" lon="10.99940"><ele>385</ele></trkpt>
      <trkpt lat="46.07897" lon="10.99921"><ele>384</ele></trkpt>
      <trkpt lat="46.07891" lon="10.99916"><ele>384</ele></trkpt>
      <trkpt lat="46.07880" lon="10.99942"><ele>384</ele></trkpt>
      <trkpt lat="46.07891" lon="10.99916"><ele>384</ele></trkpt>
      <trkpt lat="46.07897" lon="10.99921"><ele>384</ele></trkpt>
      <trkpt lat="46.07889" lon="10.99940"><ele>385</ele></trkpt>
      <trkpt lat="46.07907" lon="10.99957"><ele>386</ele></trkpt>
      <trkpt lat="46.07905" lon="10.99964"><ele>386</ele></trkpt>
      <trkpt lat="46.07882" lon="11.00021"><ele>384</ele></trkpt>
      <trkpt lat="46.07866" lon="11.00004"><ele>383</ele></trkpt>
      <trkpt lat="46.07864" lon="11.00001"><ele>383</ele></trkpt>
      <trkpt lat="46.07855" lon="10.99990"><ele>382</ele></trkpt>
      <trkpt lat="46.07835" lon="10.99965"><ele>381</ele></trkpt>
      <trkpt lat="46.07792" lon="10.99912"><ele>380</ele></trkpt>
      <trkpt lat="46.07782" lon="10.99900"><ele>379</ele></trkpt>
      <trkpt lat="46.07768" lon="10.99884"><ele>379</ele></trkpt>
      <trkpt lat="46.07751" lon="10.99864"><ele>378</ele></trkpt>
      <trkpt lat="46.07738" lon="10.99849"><ele>379</ele></trkpt>
      <trkpt lat="46.07735" lon="10.99845"><ele>379</ele></trkpt>
      <trkpt lat="46.07723" lon="10.99831"><ele>378</ele></trkpt>
      <trkpt lat="46.07712" lon="10.99817"><ele>378</ele></trkpt>
      <trkpt lat="46.07709" lon="10.99815"><ele>378</ele></trkpt>
      <trkpt lat="46.07695" lon="10.99799"><ele>376</ele></trkpt>
      <trkpt lat="46.07678" lon="10.99779"><ele>375</ele></trkpt>
      <trkpt lat="46.07657" lon="10.99755"><ele>374</ele></trkpt>
      <trkpt lat="46.07655" lon="10.99753"><ele>374</ele></trkpt>
      <trkpt lat="46.07654" lon="10.99752"><ele>374</ele></trkpt>
      <trkpt lat="46.07641" lon="10.99737"><ele>374</ele></trkpt>
      <trkpt lat="46.07639" lon="10.99735"><ele>374</ele></trkpt>
      <trkpt lat="46.07626" lon="10.99719"><ele>373</ele></trkpt>
      <trkpt lat="46.07612" lon="10.99703"><ele>373</ele></trkpt>
      <trkpt lat="46.07599" lon="10.99688"><ele>372</ele></trkpt>
      <trkpt lat="46.07598" lon="10.99686"><ele>372</ele></trkpt>
      <trkpt lat="46.07596" lon="10.99683"><ele>372</ele></trkpt>
      <trkpt lat="46.07591" lon="10.99678"><ele>372</ele></trkpt>
      <trkpt lat="46.07584" lon="10.99670"><ele>372</ele></trkpt>
      <trkpt lat="46.07562" lon="10.99646"><ele>372</ele></trkpt>
      <trkpt lat="46.07550" lon="10.99633"><ele>372</ele></trkpt>
      <trkpt lat="46.07546" lon="10.99632"><ele>372</ele></trkpt>
      <trkpt lat="46.07539" lon="10.99625"><ele>371</ele></trkpt>
      <trkpt lat="46.07523" lon="10.99607"><ele>371</ele></trkpt>
      <trkpt lat="46.07498" lon="10.99579"><ele>370</ele></trkpt>
      <trkpt lat="46.07488" lon="10.99569"><ele>370</ele></trkpt>
      <trkpt lat="46.07449" lon="10.99542"><ele>370</ele></trkpt>
      <trkpt lat="46.07412" lon="10.99519"><ele>369</ele></trkpt>
      <trkpt lat="46.07401" lon="10.99515"><ele>368</ele></trkpt>
      <trkpt lat="46.07400" lon="10.99514"><ele>368</ele></trkpt>
      <trkpt lat="46.07397" lon="10.99513"><ele>368</ele></trkpt>
      <trkpt lat="46.07392" lon="10.99511"><ele>368</ele></trkpt>
      <trkpt lat="46.07381" lon="10.99509"><ele>368</ele></trkpt>
      <trkpt lat="46.07318" lon="10.99478"><ele>366</ele></trkpt>
      <trkpt lat="46.07311" lon="10.99476"><ele>367</ele></trkpt>
      <trkpt lat="46.07293" lon="10.99475"><ele>367</ele></trkpt>
      <trkpt lat="46.07248" lon="10.99475"><ele>366</ele></trkpt>
      <trkpt lat="46.07243" lon="10.99475"><ele>366</ele></trkpt>
      <trkpt lat="46.07243" lon="10.99471"><ele>366</ele></trkpt>
      <trkpt lat="46.07243" lon="10.99466"><ele>365</ele></trkpt>
      <trkpt lat="46.07217" lon="10.99464"><ele>364</ele></trkpt>
      <trkpt lat="46.07214" lon="10.99460"><ele>363</ele></trkpt>
      <trkpt lat="46.07211" lon="10.99458"><ele>363</ele></trkpt>
      <trkpt lat="46.07205" lon="10.99454"><ele>362</ele></trkpt>
      <trkpt lat="46.07202" lon="10.99452"><ele>362</ele></trkpt>
      <trkpt lat="46.07188" lon="10.99456"><ele>362</ele></trkpt>
      <trkpt lat="46.07186" lon="10.99460"><ele>362</ele></trkpt>
      <trkpt lat="46.07182" lon="10.99465"><ele>363</ele></trkpt>
      <trkpt lat="46.07111" lon="10.99462"><ele>360</ele></trkpt>
      <trkpt lat="46.07057" lon="10.99462"><ele>357</ele></trkpt>
      <trkpt lat="46.07046" lon="10.99460"><ele>357</ele></trkpt>
      <trkpt lat="46.07021" lon="10.99460"><ele>356</ele></trkpt>
      <trkpt lat="46.07002" lon="10.99461"><ele>354</ele></trkpt>
      <trkpt lat="46.06970" lon="10.99461"><ele>354</ele></trkpt>
      <trkpt lat="46.06959" lon="10.99460"><ele>353</ele></trkpt>
      <trkpt lat="46.06946" lon="10.99455"><ele>352</ele></trkpt>
      <trkpt lat="46.06931" lon="10.99447"><ele>351</ele></trkpt>
      <trkpt lat="46.06906" lon="10.99439"><ele>350</ele></trkpt>
      <trkpt lat="46.06868" lon="10.99429"><ele>347</ele></trkpt>
      <trkpt lat="46.06864" lon="10.99429"><ele>346</ele></trkpt>
      <trkpt lat="46.06858" lon="10.99429"><ele>346</ele></trkpt>
      <trkpt lat="46.06854" lon="10.99432"><ele>346</ele></trkpt>
      <trkpt lat="46.06849" lon="10.99436"><ele>347</ele></trkpt>
      <trkpt lat="46.06837" lon="10.99440"><ele>346</ele></trkpt>
      <trkpt lat="46.06830" lon="10.99441"><ele>346</ele></trkpt>
      <trkpt lat="46.06827" lon="10.99442"><ele>346</ele></trkpt>
      <trkpt lat="46.06806" lon="10.99440"><ele>344</ele></trkpt>
      <trkpt lat="46.06784" lon="10.99433"><ele>341</ele></trkpt>
      <trkpt lat="46.06757" lon="10.99424"><ele>338</ele></trkpt>
      <trkpt lat="46.06726" lon="10.99415"><ele>335</ele></trkpt>
      <trkpt lat="46.06676" lon="10.99405"><ele>334</ele></trkpt>
      <trkpt lat="46.06663" lon="10.99406"><ele>334</ele></trkpt>
      <trkpt lat="46.06657" lon="10.99405"><ele>334</ele></trkpt>
      <trkpt lat="46.06656" lon="10.99404"><ele>334</ele></trkpt>
      <trkpt lat="46.06655" lon="10.99402"><ele>333</ele></trkpt>
      <trkpt lat="46.06655" lon="10.99398"><ele>332</ele></trkpt>
      <trkpt lat="46.06656" lon="10.99396"><ele>331</ele></trkpt>
      <trkpt lat="46.06659" lon="10.99392"><ele>330</ele></trkpt>
      <trkpt lat="46.06663" lon="10.99389"><ele>329</ele></trkpt>
      <trkpt lat="46.06680" lon="10.99387"><ele>328</ele></trkpt>
      <trkpt lat="46.06698" lon="10.99387"><ele>326</ele></trkpt>
      <trkpt lat="46.06711" lon="10.99385"><ele>326</ele></trkpt>
      <trkpt lat="46.06728" lon="10.99377"><ele>323</ele></trkpt>
      <trkpt lat="46.06761" lon="10.99371"><ele>322</ele></trkpt>
      <trkpt lat="46.06770" lon="10.99366"><ele>320</ele></trkpt>
      <trkpt lat="46.06782" lon="10.99353"><ele>319</ele></trkpt>
      <trkpt lat="46.06787" lon="10.99346"><ele>319</ele></trkpt>
      <trkpt lat="46.06792" lon="10.99337"><ele>318</ele></trkpt>
      <trkpt lat="46.06797" lon="10.99320"><ele>317</ele></trkpt>
      <trkpt lat="46.06802" lon="10.99298"><ele>314</ele></trkpt>
      <trkpt lat="46.06804" lon="10.99293"><ele>313</ele></trkpt>
      <trkpt lat="46.06813" lon="10.99286"><ele>313</ele></trkpt>
      <trkpt lat="46.06838" lon="10.99272"><ele>315</ele></trkpt>
      <trkpt lat="46.06841" lon="10.99269"><ele>315</ele></trkpt>
      <trkpt lat="46.06843" lon="10.99263"><ele>314</ele></trkpt>
      <trkpt lat="46.06844" lon="10.99258"><ele>314</ele></trkpt>
      <trkpt lat="46.06844" lon="10.99249"><ele>313</ele></trkpt>
      <trkpt lat="46.06844" lon="10.99245"><ele>313</ele></trkpt>
      <trkpt lat="46.06846" lon="10.99238"><ele>313</ele></trkpt>
      <trkpt lat="46.06848" lon="10.99228"><ele>314</ele></trkpt>
      <trkpt lat="46.06848" lon="10.99222"><ele>314</ele></trkpt>
      <trkpt lat="46.06846" lon="10.99221"><ele>314</ele></trkpt>
      <trkpt lat="46.06816" lon="10.99214"><ele>311</ele></trkpt>
      <trkpt lat="46.06803" lon="10.99207"><ele>310</ele></trkpt>
      <trkpt lat="46.06763" lon="10.99178"><ele>305</ele></trkpt>
      <trkpt lat="46.06754" lon="10.99174"><ele>304</ele></trkpt>
      <trkpt lat="46.06750" lon="10.99174"><ele>303</ele></trkpt>
      <trkpt lat="46.06743" lon="10.99179"><ele>302</ele></trkpt>
      <trkpt lat="46.06728" lon="10.99182"><ele>300</ele></trkpt>
      <trkpt lat="46.06709" lon="10.99179"><ele>298</ele></trkpt>
      <trkpt lat="46.06700" lon="10.99175"><ele>297</ele></trkpt>
      <trkpt lat="46.06693" lon="10.99171"><ele>296</ele></trkpt>
      <trkpt lat="46.06685" lon="10.99164"><ele>296</ele></trkpt>
      <trkpt lat="46.06656" lon="10.99131"><ele>293</ele></trkpt>
      <trkpt lat="46.06637" lon="10.99115"><ele>292</ele></trkpt>
      <trkpt lat="46.06624" lon="10.99105"><ele>291</ele></trkpt>
      <trkpt lat="46.06607" lon="10.99095"><ele>290</ele></trkpt>
      <trkpt lat="46.06561" lon="10.99075"><ele>289</ele></trkpt>
      <trkpt lat="46.06557" lon="10.99072"><ele>289</ele></trkpt>
      <trkpt lat="46.06552" lon="10.99069"><ele>289</ele></trkpt>
      <trkpt lat="46.06528" lon="10.99049"><ele>290</ele></trkpt>
      <trkpt lat="46.06515" lon="10.99041"><ele>290</ele></trkpt>
      <trkpt lat="46.06498" lon="10.99034"><ele>291</ele></trkpt>
      <trkpt lat="46.06478" lon="10.99031"><ele>290</ele></trkpt>
      <trkpt lat="46.06458" lon="10.99029"><ele>290</ele></trkpt>
      <trkpt lat="46.06442" lon="10.99031"><ele>290</ele></trkpt>
      <trkpt lat="46.06435" lon="10.99032"><ele>290</ele></trkpt>
      <trkpt lat="46.06415" lon="10.99031"><ele>290</ele></trkpt>
      <trkpt lat="46.06407" lon="10.99029"><ele>290</ele></trkpt>
      <trkpt lat="46.06383" lon="10.99027"><ele>289</ele></trkpt>
      <trkpt lat="46.06375" lon="10.99027"><ele>289</ele></trkpt>
      <trkpt lat="46.06358" lon="10.99030"><ele>288</ele></trkpt>
      <trkpt lat="46.06346" lon="10.99033"><ele>287</ele></trkpt>
      <trkpt lat="46.06334" lon="10.99037"><ele>286</ele></trkpt>
      <trkpt lat="46.06304" lon="10.99040"><ele>284</ele></trkpt>
      <trkpt lat="46.06294" lon="10.99041"><ele>284</ele></trkpt>
      <trkpt lat="46.06290" lon="10.99039"><ele>284</ele></trkpt>
      <trkpt lat="46.06271" lon="10.99030"><ele>283</ele></trkpt>
      <trkpt lat="46.06260" lon="10.99023"><ele>283</ele></trkpt>
      <trkpt lat="46.06255" lon="10.99021"><ele>283</ele></trkpt>
      <trkpt lat="46.06248" lon="10.99023"><ele>283</ele></trkpt>
      <trkpt lat="46.06243" lon="10.99025"><ele>283</ele></trkpt>
      <trkpt lat="46.06220" lon="10.99024"><ele>284</ele></trkpt>
      <trkpt lat="46.06209" lon="10.99018"><ele>285</ele></trkpt>
      <trkpt lat="46.06199" lon="10.99012"><ele>286</ele></trkpt>
      <trkpt lat="46.06195" lon="10.99003"><ele>286</ele></trkpt>
      <trkpt lat="46.06197" lon="10.98996"><ele>286</ele></trkpt>
      <trkpt lat="46.06200" lon="10.98985"><ele>286</ele></trkpt>
      <trkpt lat="46.06199" lon="10.98974"><ele>285</ele></trkpt>
      <trkpt lat="46.06192" lon="10.98942"><ele>284</ele></trkpt>
      <trkpt lat="46.06191" lon="10.98924"><ele>283</ele></trkpt>
      <trkpt lat="46.06190" lon="10.98911"><ele>282</ele></trkpt>
      <trkpt lat="46.06189" lon="10.98879"><ele>281</ele></trkpt>
      <trkpt lat="46.06199" lon="10.98879"><ele>280</ele></trkpt>
      <trkpt lat="46.06205" lon="10.98893"><ele>280</ele></trkpt>
      <trkpt lat="46.06199" lon="10.98879"><ele>280</ele></trkpt>
      <trkpt lat="46.06189" lon="10.98879"><ele>281</ele></trkpt>
      <trkpt lat="46.06186" lon="10.98859"><ele>280</ele></trkpt>
      <trkpt lat="46.06184" lon="10.98849"><ele>280</ele></trkpt>
      <trkpt lat="46.06174" lon="10.98825"><ele>278</ele></trkpt>
      <trkpt lat="46.06170" lon="10.98818"><ele>278</ele></trkpt>
      <trkpt lat="46.06162" lon="10.98801"><ele>278</ele></trkpt>
      <trkpt lat="46.06176" lon="10.98779"><ele>278</ele></trkpt>
      <trkpt lat="46.06180" lon="10.98763"><ele>279</ele></trkpt>
      <trkpt lat="46.06182" lon="10.98747"><ele>280</ele></trkpt>
      <trkpt lat="46.06186" lon="10.98731"><ele>278</ele></trkpt>
      <trkpt lat="46.06189" lon="10.98722"><ele>278</ele></trkpt>
      <trkpt lat="46.06199" lon="10.98716"><ele>278</ele></trkpt>
      <trkpt lat="46.06217" lon="10.98712"><ele>276</ele></trkpt>
      <trkpt lat="46.06236" lon="10.98709"><ele>276</ele></trkpt>
      <trkpt lat="46.06241" lon="10.98710"><ele>277</ele></trkpt>
      <trkpt lat="46.06248" lon="10.98711"><ele>278</ele></trkpt>
      <trkpt lat="46.06258" lon="10.98719"><ele>280</ele></trkpt>
      <trkpt lat="46.06289" lon="10.98742"><ele>280</ele></trkpt>
      <trkpt lat="46.06301" lon="10.98749"><ele>278</ele></trkpt>
      <trkpt lat="46.06313" lon="10.98753"><ele>278</ele></trkpt>
      <trkpt lat="46.06340" lon="10.98757"><ele>278</ele></trkpt>
      <trkpt lat="46.06350" lon="10.98762"><ele>279</ele></trkpt>
      <trkpt lat="46.06367" lon="10.98773"><ele>278</ele></trkpt>
      <trkpt lat="46.06383" lon="10.98785"><ele>278</ele></trkpt>
      <trkpt lat="46.06442" lon="10.98841"><ele>277</ele></trkpt>
      <trkpt lat="46.06458" lon="10.98864"><ele>279</ele></trkpt>
      <trkpt lat="46.06461" lon="10.98866"><ele>279</ele></trkpt>
      <trkpt lat="46.06468" lon="10.98869"><ele>278</ele></trkpt>
      <trkpt lat="46.06473" lon="10.98871"><ele>277</ele></trkpt>
      <trkpt lat="46.06477" lon="10.98870"><ele>276</ele></trkpt>
      <trkpt lat="46.06481" lon="10.98868"><ele>276</ele></trkpt>
      <trkpt lat="46.06487" lon="10.98864"><ele>274</ele></trkpt>
      <trkpt lat="46.06491" lon="10.98859"><ele>274</ele></trkpt>
      <trkpt lat="46.06495" lon="10.98852"><ele>274</ele></trkpt>
      <trkpt lat="46.06497" lon="10.98846"><ele>274</ele></trkpt>
      <trkpt lat="46.06497" lon="10.98839"><ele>273</ele></trkpt>
      <trkpt lat="46.06497" lon="10.98831"><ele>273</ele></trkpt>
      <trkpt lat="46.06494" lon="10.98821"><ele>273</ele></trkpt>
      <trkpt lat="46.06477" lon="10.98774"><ele>270</ele></trkpt>
      <trkpt lat="46.06472" lon="10.98764"><ele>268</ele></trkpt>
      <trkpt lat="46.06456" lon="10.98720"><ele>264</ele></trkpt>
      <trkpt lat="46.06452" lon="10.98709"><ele>262</ele></trkpt>
      <trkpt lat="46.06450" lon="10.98700"><ele>261</ele></trkpt>
      <trkpt lat="46.06450" lon="10.98691"><ele>261</ele></trkpt>
      <trkpt lat="46.06451" lon="10.98678"><ele>260</ele></trkpt>
      <trkpt lat="46.06455" lon="10.98648"><ele>262</ele></trkpt>
      <trkpt lat="46.06455" lon="10.98640"><ele>262</ele></trkpt>
      <trkpt lat="46.06454" lon="10.98633"><ele>261</ele></trkpt>
      <trkpt lat="46.06453" lon="10.98627"><ele>261</ele></trkpt>
      <trkpt lat="46.06450" lon="10.98617"><ele>260</ele></trkpt>
      <trkpt lat="46.06448" lon="10.98605"><ele>259</ele></trkpt>
      <trkpt lat="46.06448" lon="10.98596"><ele>258</ele></trkpt>
      <trkpt lat="46.06449" lon="10.98589"><ele>257</ele></trkpt>
      <trkpt lat="46.06450" lon="10.98587"><ele>256</ele></trkpt>
      <trkpt lat="46.06452" lon="10.98582"><ele>256</ele></trkpt>
      <trkpt lat="46.06455" lon="10.98577"><ele>254</ele></trkpt>
      <trkpt lat="46.06462" lon="10.98572"><ele>253</ele></trkpt>
      <trkpt lat="46.06468" lon="10.98569"><ele>251</ele></trkpt>
      <trkpt lat="46.06478" lon="10.98571"><ele>250</ele></trkpt>
      <trkpt lat="46.06495" lon="10.98586"><ele>250</ele></trkpt>
      <trkpt lat="46.06510" lon="10.98602"><ele>252</ele></trkpt>
      <trkpt lat="46.06536" lon="10.98629"><ele>257</ele></trkpt>
      <trkpt lat="46.06568" lon="10.98663"><ele>256</ele></trkpt>
      <trkpt lat="46.06574" lon="10.98666"><ele>253</ele></trkpt>
      <trkpt lat="46.06580" lon="10.98667"><ele>250</ele></trkpt>
      <trkpt lat="46.06587" lon="10.98667"><ele>247</ele></trkpt>
      <trkpt lat="46.06602" lon="10.98667"><ele>247</ele></trkpt>
      <trkpt lat="46.06627" lon="10.98664"><ele>247</ele></trkpt>
      <trkpt lat="46.06636" lon="10.98662"><ele>247</ele></trkpt>
      <trkpt lat="46.06645" lon="10.98661"><ele>247</ele></trkpt>
      <trkpt lat="46.06790" lon="10.98663"><ele>248</ele></trkpt>
      <trkpt lat="46.06818" lon="10.98660"><ele>250</ele></trkpt>
      <trkpt lat="46.06821" lon="10.98658"><ele>251</ele></trkpt>
      <trkpt lat="46.06827" lon="10.98653"><ele>252</ele></trkpt>
      <trkpt lat="46.06832" lon="10.98644"><ele>251</ele></trkpt>
      <trkpt lat="46.06837" lon="10.98630"><ele>250</ele></trkpt>
      <trkpt lat="46.06842" lon="10.98606"><ele>250</ele></trkpt>
      <trkpt lat="46.06843" lon="10.98603"><ele>250</ele></trkpt>
      <trkpt lat="46.06849" lon="10.98597"><ele>250</ele></trkpt>
      <trkpt lat="46.06873" lon="10.98596"><ele>254</ele></trkpt>
      <trkpt lat="46.06925" lon="10.98596"><ele>250</ele></trkpt>
      <trkpt lat="46.06934" lon="10.98589"><ele>248</ele></trkpt>
      <trkpt lat="46.06937" lon="10.98583"><ele>247</ele></trkpt>
      <trkpt lat="46.06939" lon="10.98578"><ele>247</ele></trkpt>
      <trkpt lat="46.06941" lon="10.98439"><ele>249</ele></trkpt>
      <trkpt lat="46.06941" lon="10.98414"><ele>250</ele></trkpt>
      <trkpt lat="46.06942" lon="10.98379"><ele>252</ele></trkpt>
      <trkpt lat="46.06941" lon="10.98367"><ele>252</ele></trkpt>
      <trkpt lat="46.06940" lon="10.98360"><ele>252</ele></trkpt>
      <trkpt lat="46.06938" lon="10.98355"><ele>252</ele></trkpt>
      <trkpt lat="46.06934" lon="10.98347"><ele>253</ele></trkpt>
      <trkpt lat="46.06929" lon="10.98344"><ele>252</ele></trkpt>
      <trkpt lat="46.06923" lon="10.98341"><ele>252</ele></trkpt>
      <trkpt lat="46.06904" lon="10.98335"><ele>252</ele></trkpt>
      <trkpt lat="46.06896" lon="10.98333"><ele>252</ele></trkpt>
      <trkpt lat="46.06889" lon="10.98329"><ele>252</ele></trkpt>
      <trkpt lat="46.06885" lon="10.98323"><ele>252</ele></trkpt>
      <trkpt lat="46.06881" lon="10.98316"><ele>252</ele></trkpt>
      <trkpt lat="46.06878" lon="10.98305"><ele>252</ele></trkpt>
      <trkpt lat="46.06877" lon="10.98288"><ele>254</ele></trkpt>
      <trkpt lat="46.06876" lon="10.98275"><ele>256</ele></trkpt>
      <trkpt lat="46.06876" lon="10.98270"><ele>256</ele></trkpt>
      <trkpt lat="46.06876" lon="10.98246"><ele>258</ele></trkpt>
      <trkpt lat="46.06878" lon="10.98219"><ele>258</ele></trkpt>
      <trkpt lat="46.06869" lon="10.98213"><ele>258</ele></trkpt>
      <trkpt lat="46.06865" lon="10.98210"><ele>258</ele></trkpt>
      <trkpt lat="46.06842" lon="10.98190"><ele>258</ele></trkpt>
      <trkpt lat="46.06829" lon="10.98218"><ele>258</ele></trkpt>
      <trkpt lat="46.06842" lon="10.98190"><ele>258</ele></trkpt>
      <trkpt lat="46.06825" lon="10.98175"><ele>258</ele></trkpt>
      <trkpt lat="46.06806" lon="10.98166"><ele>256</ele></trkpt>
      <trkpt lat="46.06786" lon="10.98158"><ele>255</ele></trkpt>
      <trkpt lat="46.06765" lon="10.98148"><ele>254</ele></trkpt>
      <trkpt lat="46.06757" lon="10.98144"><ele>254</ele></trkpt>
      <trkpt lat="46.06744" lon="10.98139"><ele>252</ele></trkpt>
      <trkpt lat="46.06730" lon="10.98134"><ele>252</ele></trkpt>
      <trkpt lat="46.06724" lon="10.98131"><ele>252</ele></trkpt>
      <trkpt lat="46.06701" lon="10.98107"><ele>254</ele></trkpt>
      <trkpt lat="46.06679" lon="10.98090"><ele>254</ele></trkpt>
      <trkpt lat="46.06673" lon="10.98087"><ele>254</ele></trkpt>
      <trkpt lat="46.06656" lon="10.98081"><ele>252</ele></trkpt>
      <trkpt lat="46.06637" lon="10.98072"><ele>250</ele></trkpt>
      <trkpt lat="46.06607" lon="10.98050"><ele>250</ele></trkpt>
      <trkpt lat="46.06591" lon="10.98038"><ele>250</ele></trkpt>
      <trkpt lat="46.06533" lon="10.97991"><ele>250</ele></trkpt>
      <trkpt lat="46.06510" lon="10.97977"><ele>251</ele></trkpt>
      <trkpt lat="46.06496" lon="10.97971"><ele>250</ele></trkpt>
      <trkpt lat="46.06484" lon="10.97967"><ele>251</ele></trkpt>
      <trkpt lat="46.06471" lon="10.97952"><ele>253</ele></trkpt>
      <trkpt lat="46.06461" lon="10.97940"><ele>254</ele></trkpt>
      <trkpt lat="46.06452" lon="10.97930"><ele>255</ele></trkpt>
      <trkpt lat="46.06438" lon="10.97924"><ele>254</ele></trkpt>
      <trkpt lat="46.06429" lon="10.97922"><ele>254</ele></trkpt>
      <trkpt lat="46.06422" lon="10.97921"><ele>253</ele></trkpt>
      <trkpt lat="46.06409" lon="10.97922"><ele>251</ele></trkpt>
      <trkpt lat="46.06402" lon="10.97921"><ele>251</ele></trkpt>
      <trkpt lat="46.06384" lon="10.97916"><ele>252</ele></trkpt>
      <trkpt lat="46.06377" lon="10.97912"><ele>252</ele></trkpt>
      <trkpt lat="46.06373" lon="10.97910"><ele>252</ele></trkpt>
      <trkpt lat="46.06366" lon="10.97906"><ele>253</ele></trkpt>
      <trkpt lat="46.06243" lon="10.97828"><ele>252</ele></trkpt>
      <trkpt lat="46.06231" lon="10.97821"><ele>253</ele></trkpt>
      <trkpt lat="46.06194" lon="10.97813"><ele>251</ele></trkpt>
      <trkpt lat="46.06155" lon="10.97805"><ele>250</ele></trkpt>
      <trkpt lat="46.06113" lon="10.97805"><ele>250</ele></trkpt>
      <trkpt lat="46.06092" lon="10.97802"><ele>251</ele></trkpt>
      <trkpt lat="46.06078" lon="10.97796"><ele>253</ele></trkpt>
      <trkpt lat="46.06067" lon="10.97790"><ele>254</ele></trkpt>
      <trkpt lat="46.06024" lon="10.97763"><ele>252</ele></trkpt>
      <trkpt lat="46.05955" lon="10.97735"><ele>251</ele></trkpt>
      <trkpt lat="46.05923" lon="10.97712"><ele>254</ele></trkpt>
      <trkpt lat="46.05908" lon="10.97701"><ele>256</ele></trkpt>
      <trkpt lat="46.05895" lon="10.97692"><ele>252</ele></trkpt>
      <trkpt lat="46.05872" lon="10.97671"><ele>251</ele></trkpt>
      <trkpt lat="46.05846" lon="10.97638"><ele>250</ele></trkpt>
      <trkpt lat="46.05836" lon="10.97626"><ele>249</ele></trkpt>
      <trkpt lat="46.05822" lon="10.97602"><ele>250</ele></trkpt>
      <trkpt lat="46.05808" lon="10.97577"><ele>248</ele></trkpt>
      <trkpt lat="46.05798" lon="10.97555"><ele>249</ele></trkpt>
      <trkpt lat="46.05795" lon="10.97541"><ele>249</ele></trkpt>
      <trkpt lat="46.05792" lon="10.97525"><ele>248</ele></trkpt>
      <trkpt lat="46.05776" lon="10.97413"><ele>247</ele></trkpt>
      <trkpt lat="46.05759" lon="10.97274"><ele>246</ele></trkpt>
      <trkpt lat="46.05758" lon="10.97260"><ele>246</ele></trkpt>
      <trkpt lat="46.05759" lon="10.97246"><ele>247</ele></trkpt>
      <trkpt lat="46.05763" lon="10.97235"><ele>247</ele></trkpt>
      <trkpt lat="46.05768" lon="10.97225"><ele>248</ele></trkpt>
      <trkpt lat="46.05776" lon="10.97218"><ele>248</ele></trkpt>
      <trkpt lat="46.05786" lon="10.97213"><ele>248</ele></trkpt>
      <trkpt lat="46.05799" lon="10.97210"><ele>247</ele></trkpt>
      <trkpt lat="46.05818" lon="10.97204"><ele>246</ele></trkpt>
      <trkpt lat="46.05826" lon="10.97199"><ele>246</ele></trkpt>
      <trkpt lat="46.05833" lon="10.97194"><ele>247</ele></trkpt>
      <trkpt lat="46.05838" lon="10.97187"><ele>246</ele></trkpt>
      <trkpt lat="46.05843" lon="10.97177"><ele>246</ele></trkpt>
      <trkpt lat="46.05846" lon="10.97166"><ele>246</ele></trkpt>
      <trkpt lat="46.05848" lon="10.97154"><ele>246</ele></trkpt>
      <trkpt lat="46.05849" lon="10.97140"><ele>246</ele></trkpt>
      <trkpt lat="46.05848" lon="10.97126"><ele>246</ele></trkpt>
      <trkpt lat="46.05844" lon="10.97110"><ele>247</ele></trkpt>
      <trkpt lat="46.05838" lon="10.97094"><ele>246</ele></trkpt>
      <trkpt lat="46.05829" lon="10.97075"><ele>246</ele></trkpt>
      <trkpt lat="46.05819" lon="10.97059"><ele>246</ele></trkpt>
      <trkpt lat="46.05735" lon="10.96930"><ele>246</ele></trkpt>
      <trkpt lat="46.05719" lon="10.96900"><ele>246</ele></trkpt>
      <trkpt lat="46.05637" lon="10.96727"><ele>247</ele></trkpt>
      <trkpt lat="46.05631" lon="10.96712"><ele>246</ele></trkpt>
      <trkpt lat="46.05628" lon="10.96701"><ele>246</ele></trkpt>
      <trkpt lat="46.05627" lon="10.96697"><ele>246</ele></trkpt>
      <trkpt lat="46.05684" lon="10.96647"><ele>249</ele></trkpt>
      <trkpt lat="46.05716" lon="10.96622"><ele>252</ele></trkpt>
      <trkpt lat="46.05724" lon="10.96616"><ele>253</ele></trkpt>
      <trkpt lat="46.05726" lon="10.96615"><ele>254</ele></trkpt>
      <trkpt lat="46.05731" lon="10.96614"><ele>255</ele></trkpt>
      <trkpt lat="46.05743" lon="10.96615"><ele>258</ele></trkpt>
      <trkpt lat="46.05754" lon="10.96623"><ele>260</ele></trkpt>
      <trkpt lat="46.05773" lon="10.96649"><ele>264</ele></trkpt>
      <trkpt lat="46.05790" lon="10.96674"><ele>266</ele></trkpt>
      <trkpt lat="46.05797" lon="10.96682"><ele>267</ele></trkpt>
      <trkpt lat="46.05803" lon="10.96684"><ele>268</ele></trkpt>
      <trkpt lat="46.05814" lon="10.96684"><ele>269</ele></trkpt>
      <trkpt lat="46.05813" lon="10.96675"><ele>272</ele></trkpt>
      <trkpt lat="46.05810" lon="10.96674"><ele>272</ele></trkpt>
      <trkpt lat="46.05808" lon="10.96672"><ele>273</ele></trkpt>
      <trkpt lat="46.05809" lon="10.96668"><ele>274</ele></trkpt>
      <trkpt lat="46.05803" lon="10.96665"><ele>274</ele></trkpt>
      <trkpt lat="46.05800" lon="10.96660"><ele>275</ele></trkpt>
      <trkpt lat="46.05799" lon="10.96646"><ele>278</ele></trkpt>
      <trkpt lat="46.05794" lon="10.96633"><ele>281</ele></trkpt>
      <trkpt lat="46.05789" lon="10.96625"><ele>282</ele></trkpt>
      <trkpt lat="46.05787" lon="10.96617"><ele>284</ele></trkpt>
      <trkpt lat="46.05789" lon="10.96625"><ele>282</ele></trkpt>
      <trkpt lat="46.05794" lon="10.96633"><ele>281</ele></trkpt>
      <trkpt lat="46.05799" lon="10.96646"><ele>278</ele></trkpt>
      <trkpt lat="46.05800" lon="10.96660"><ele>275</ele></trkpt>
      <trkpt lat="46.05803" lon="10.96665"><ele>274</ele></trkpt>
      <trkpt lat="46.05809" lon="10.96668"><ele>274</ele></trkpt>
      <trkpt lat="46.05808" lon="10.96672"><ele>273</ele></trkpt>
      <trkpt lat="46.05810" lon="10.96674"><ele>272</ele></trkpt>
      <trkpt lat="46.05813" lon="10.96675"><ele>272</ele></trkpt>
      <trkpt lat="46.05814" lon="10.96684"><ele>269</ele></trkpt>
      <trkpt lat="46.05803" lon="10.96684"><ele>268</ele></trkpt>
      <trkpt lat="46.05797" lon="10.96682"><ele>267</ele></trkpt>
      <trkpt lat="46.05790" lon="10.96674"><ele>266</ele></trkpt>
      <trkpt lat="46.05773" lon="10.96649"><ele>264</ele></trkpt>
      <trkpt lat="46.05754" lon="10.96623"><ele>260</ele></trkpt>
      <trkpt lat="46.05743" lon="10.96615"><ele>258</ele></trkpt>
      <trkpt lat="46.05731" lon="10.96614"><ele>255</ele></trkpt>
      <trkpt lat="46.05726" lon="10.96615"><ele>254</ele></trkpt>
      <trkpt lat="46.05721" lon="10.96607"><ele>253</ele></trkpt>
      <trkpt lat="46.05712" lon="10.96595"><ele>252</ele></trkpt>
      <trkpt lat="46.05699" lon="10.96584"><ele>249</ele></trkpt>
      <trkpt lat="46.05661" lon="10.96563"><ele>247</ele></trkpt>
      <trkpt lat="46.05647" lon="10.96556"><ele>247</ele></trkpt>
      <trkpt lat="46.05634" lon="10.96550"><ele>247</ele></trkpt>
      <trkpt lat="46.05638" lon="10.96481"><ele>247</ele></trkpt>
      <trkpt lat="46.05638" lon="10.96461"><ele>247</ele></trkpt>
      <trkpt lat="46.05637" lon="10.96453"><ele>247</ele></trkpt>
      <trkpt lat="46.05634" lon="10.96442"><ele>248</ele></trkpt>
      <trkpt lat="46.05625" lon="10.96425"><ele>248</ele></trkpt>
      <trkpt lat="46.05566" lon="10.96321"><ele>250</ele></trkpt>
      <trkpt lat="46.05555" lon="10.96300"><ele>248</ele></trkpt>
      <trkpt lat="46.05544" lon="10.96275"><ele>250</ele></trkpt>
      <trkpt lat="46.05536" lon="10.96256"><ele>251</ele></trkpt>
      <trkpt lat="46.05516" lon="10.96210"><ele>249</ele></trkpt>
      <trkpt lat="46.05503" lon="10.96175"><ele>247</ele></trkpt>
      <trkpt lat="46.05497" lon="10.96160"><ele>248</ele></trkpt>
      <trkpt lat="46.05464" lon="10.96061"><ele>250</ele></trkpt>
      <trkpt lat="46.05448" lon="10.96020"><ele>249</ele></trkpt>
      <trkpt lat="46.05437" lon="10.95999"><ele>248</ele></trkpt>
      <trkpt lat="46.05412" lon="10.95952"><ele>251</ele></trkpt>
      <trkpt lat="46.05401" lon="10.95935"><ele>251</ele></trkpt>
      <trkpt lat="46.05394" lon="10.95925"><ele>250</ele></trkpt>
      <trkpt lat="46.05381" lon="10.95913"><ele>250</ele></trkpt>
      <trkpt lat="46.05373" lon="10.95908"><ele>250</ele></trkpt>
      <trkpt lat="46.05356" lon="10.95902"><ele>249</ele></trkpt>
      <trkpt lat="46.05247" lon="10.95861"><ele>250</ele></trkpt>
      <trkpt lat="46.05201" lon="10.95847"><ele>250</ele></trkpt>
      <trkpt lat="46.05198" lon="10.95852"><ele>249</ele></trkpt>
      <trkpt lat="46.05191" lon="10.95851"><ele>249</ele></trkpt>
      <trkpt lat="46.05163" lon="10.95842"><ele>250</ele></trkpt>
      <trkpt lat="46.05156" lon="10.95839"><ele>249</ele></trkpt>
      <trkpt lat="46.05147" lon="10.95832"><ele>249</ele></trkpt>
      <trkpt lat="46.05138" lon="10.95824"><ele>250</ele></trkpt>
      <trkpt lat="46.05064" lon="10.95751"><ele>250</ele></trkpt>
      <trkpt lat="46.04980" lon="10.95670"><ele>250</ele></trkpt>
      <trkpt lat="46.04957" lon="10.95647"><ele>251</ele></trkpt>
      <trkpt lat="46.04947" lon="10.95632"><ele>250</ele></trkpt>
      <trkpt lat="46.04944" lon="10.95628"><ele>250</ele></trkpt>
      <trkpt lat="46.04944" lon="10.95620"><ele>251</ele></trkpt>
      <trkpt lat="46.04924" lon="10.95590"><ele>252</ele></trkpt>
      <trkpt lat="46.04902" lon="10.95555"><ele>250</ele></trkpt>
      <trkpt lat="46.04872" lon="10.95509"><ele>249</ele></trkpt>
      <trkpt lat="46.04848" lon="10.95471"><ele>249</ele></trkpt>
      <trkpt lat="46.04836" lon="10.95454"><ele>248</ele></trkpt>
      <trkpt lat="46.04815" lon="10.95421"><ele>248</ele></trkpt>
      <trkpt lat="46.04775" lon="10.95358"><ele>249</ele></trkpt>
      <trkpt lat="46.04767" lon="10.95345"><ele>249</ele></trkpt>
      <trkpt lat="46.04756" lon="10.95325"><ele>249</ele></trkpt>
      <trkpt lat="46.04753" lon="10.95320"><ele>249</ele></trkpt>
      <trkpt lat="46.04740" lon="10.95294"><ele>249</ele></trkpt>
      <trkpt lat="46.04728" lon="10.95266"><ele>250</ele></trkpt>
      <trkpt lat="46.04721" lon="10.95248"><ele>250</ele></trkpt>
      <trkpt lat="46.04716" lon="10.95237"><ele>250</ele></trkpt>
      <trkpt lat="46.04718" lon="10.95234"><ele>250</ele></trkpt>
      <trkpt lat="46.04718" lon="10.95230"><ele>250</ele></trkpt>
      <trkpt lat="46.04717" lon="10.95226"><ele>250</ele></trkpt>
      <trkpt lat="46.04715" lon="10.95223"><ele>250</ele></trkpt>
      <trkpt lat="46.04712" lon="10.95222"><ele>250</ele></trkpt>
      <trkpt lat="46.04709" lon="10.95223"><ele>250</ele></trkpt>
      <trkpt lat="46.04707" lon="10.95227"><ele>250</ele></trkpt>
      <trkpt lat="46.04706" lon="10.95232"><ele>250</ele></trkpt>
      <trkpt lat="46.04671" lon="10.95225"><ele>250</ele></trkpt>
      <trkpt lat="46.04634" lon="10.95215"><ele>250</ele></trkpt>
      <trkpt lat="46.04630" lon="10.95213"><ele>250</ele></trkpt>
      <trkpt lat="46.04620" lon="10.95211"><ele>250</ele></trkpt>
      <trkpt lat="46.04617" lon="10.95210"><ele>250</ele></trkpt>
      <trkpt lat="46.04610" lon="10.95208"><ele>250</ele></trkpt>
      <trkpt lat="46.04579" lon="10.95200"><ele>251</ele></trkpt>
      <trkpt lat="46.04579" lon="10.95195"><ele>251</ele></trkpt>
      <trkpt lat="46.04588" lon="10.95189"><ele>251</ele></trkpt>
      <trkpt lat="46.04592" lon="10.95162"><ele>250</ele></trkpt>
      <trkpt lat="46.04588" lon="10.95189"><ele>251</ele></trkpt>
      <trkpt lat="46.04579" lon="10.95195"><ele>251</ele></trkpt>
      <trkpt lat="46.04579" lon="10.95200"><ele>251</ele></trkpt>
      <trkpt lat="46.04610" lon="10.95208"><ele>250</ele></trkpt>
      <trkpt lat="46.04617" lon="10.95210"><ele>250</ele></trkpt>
      <trkpt lat="46.04620" lon="10.95211"><ele>250</ele></trkpt>
      <trkpt lat="46.04630" lon="10.95213"><ele>250</ele></trkpt>
      <trkpt lat="46.04634" lon="10.95215"><ele>250</ele></trkpt>
      <trkpt lat="46.04671" lon="10.95225"><ele>250</ele></trkpt>
      <trkpt lat="46.04706" lon="10.95232"><ele>250</ele></trkpt>
      <trkpt lat="46.04707" lon="10.95236"><ele>250</ele></trkpt>
      <trkpt lat="46.04710" lon="10.95239"><ele>250</ele></trkpt>
      <trkpt lat="46.04713" lon="10.95239"><ele>250</ele></trkpt>
      <trkpt lat="46.04716" lon="10.95237"><ele>250</ele></trkpt>
      <trkpt lat="46.04718" lon="10.95234"><ele>250</ele></trkpt>
      <trkpt lat="46.04718" lon="10.95230"><ele>250</ele></trkpt>
      <trkpt lat="46.04717" lon="10.95226"><ele>250</ele></trkpt>
      <trkpt lat="46.04715" lon="10.95223"><ele>250</ele></trkpt>
      <trkpt lat="46.04714" lon="10.95198"><ele>250</ele></trkpt>
      <trkpt lat="46.04709" lon="10.95174"><ele>252</ele></trkpt>
      <trkpt lat="46.04708" lon="10.95163"><ele>252</ele></trkpt>
      <trkpt lat="46.04702" lon="10.95130"><ele>251</ele></trkpt>
      <trkpt lat="46.04699" lon="10.95117"><ele>251</ele></trkpt>
      <trkpt lat="46.04697" lon="10.95104"><ele>251</ele></trkpt>
      <trkpt lat="46.04685" lon="10.95019"><ele>254</ele></trkpt>
      <trkpt lat="46.04680" lon="10.94984"><ele>254</ele></trkpt>
      <trkpt lat="46.04673" lon="10.94945"><ele>255</ele></trkpt>
      <trkpt lat="46.04670" lon="10.94934"><ele>256</ele></trkpt>
      <trkpt lat="46.04661" lon="10.94908"><ele>255</ele></trkpt>
      <trkpt lat="46.04649" lon="10.94877"><ele>256</ele></trkpt>
      <trkpt lat="46.04646" lon="10.94880"><ele>256</ele></trkpt>
      <trkpt lat="46.04644" lon="10.94878"><ele>256</ele></trkpt>
      <trkpt lat="46.04633" lon="10.94865"><ele>258</ele></trkpt>
      <trkpt lat="46.04622" lon="10.94849"><ele>257</ele></trkpt>
      <trkpt lat="46.04618" lon="10.94843"><ele>258</ele></trkpt>
      <trkpt lat="46.04615" lon="10.94840"><ele>258</ele></trkpt>
      <trkpt lat="46.04612" lon="10.94839"><ele>258</ele></trkpt>
      <trkpt lat="46.04607" lon="10.94840"><ele>257</ele></trkpt>
      <trkpt lat="46.04598" lon="10.94851"><ele>256</ele></trkpt>
      <trkpt lat="46.04548" lon="10.94924"><ele>256</ele></trkpt>
      <trkpt lat="46.04538" lon="10.94936"><ele>255</ele></trkpt>
      <trkpt lat="46.04527" lon="10.94947"><ele>256</ele></trkpt>
      <trkpt lat="46.04505" lon="10.94964"><ele>256</ele></trkpt>
      <trkpt lat="46.04474" lon="10.94981"><ele>254</ele></trkpt>
      <trkpt lat="46.04452" lon="10.94989"><ele>255</ele></trkpt>
      <trkpt lat="46.04403" lon="10.95001"><ele>256</ele></trkpt>
      <trkpt lat="46.04358" lon="10.94999"><ele>255</ele></trkpt>
      <trkpt lat="46.04190" lon="10.94992"><ele>255</ele></trkpt>
      <trkpt lat="46.04173" lon="10.94990"><ele>255</ele></trkpt>
      <trkpt lat="46.04164" lon="10.94987"><ele>254</ele></trkpt>
      <trkpt lat="46.04150" lon="10.94979"><ele>254</ele></trkpt>
      <trkpt lat="46.04097" lon="10.94939"><ele>254</ele></trkpt>
      <trkpt lat="46.04063" lon="10.94899"><ele>254</ele></trkpt>
      <trkpt lat="46.04042" lon="10.94869"><ele>253</ele></trkpt>
      <trkpt lat="46.03980" lon="10.94790"><ele>254</ele></trkpt>
      <trkpt lat="46.03932" lon="10.94735"><ele>253</ele></trkpt>
      <trkpt lat="46.03879" lon="10.94684"><ele>252</ele></trkpt>
      <trkpt lat="46.03836" lon="10.94650"><ele>252</ele></trkpt>
      <trkpt lat="46.03807" lon="10.94632"><ele>253</ele></trkpt>
      <trkpt lat="46.03786" lon="10.94623"><ele>252</ele></trkpt>
      <trkpt lat="46.03764" lon="10.94616"><ele>251</ele></trkpt>
      <trkpt lat="46.03743" lon="10.94611"><ele>252</ele></trkpt>
      <trkpt lat="46.03710" lon="10.94607"><ele>253</ele></trkpt>
      <trkpt lat="46.03660" lon="10.94603"><ele>252</ele></trkpt>
      <trkpt lat="46.03607" lon="10.94602"><ele>251</ele></trkpt>
      <trkpt lat="46.03536" lon="10.94606"><ele>252</ele></trkpt>
      <trkpt lat="46.03518" lon="10.94605"><ele>252</ele></trkpt>
      <trkpt lat="46.03473" lon="10.94619"><ele>250</ele></trkpt>
      <trkpt lat="46.03419" lon="10.94643"><ele>251</ele></trkpt>
      <trkpt lat="46.03406" lon="10.94658"><ele>251</ele></trkpt>
      <trkpt lat="46.03381" lon="10.94678"><ele>251</ele></trkpt>
      <trkpt lat="46.03340" lon="10.94699"><ele>251</ele></trkpt>
      <trkpt lat="46.03334" lon="10.94703"><ele>252</ele></trkpt>
      <trkpt lat="46.03330" lon="10.94707"><ele>252</ele></trkpt>
      <trkpt lat="46.03318" lon="10.94720"><ele>250</ele></trkpt>
      <trkpt lat="46.03314" lon="10.94722"><ele>250</ele></trkpt>
      <trkpt lat="46.03311" lon="10.94723"><ele>250</ele></trkpt>
      <trkpt lat="46.03303" lon="10.94722"><ele>249</ele></trkpt>
      <trkpt lat="46.03296" lon="10.94719"><ele>250</ele></trkpt>
      <trkpt lat="46.03272" lon="10.94724"><ele>251</ele></trkpt>
      <trkpt lat="46.03259" lon="10.94720"><ele>250</ele></trkpt>
      <trkpt lat="46.03219" lon="10.94740"><ele>249</ele></trkpt>
      <trkpt lat="46.03200" lon="10.94753"><ele>250</ele></trkpt>
      <trkpt lat="46.03177" lon="10.94770"><ele>250</ele></trkpt>
      <trkpt lat="46.03157" lon="10.94784"><ele>250</ele></trkpt>
      <trkpt lat="46.03137" lon="10.94802"><ele>249</ele></trkpt>
      <trkpt lat="46.03100" lon="10.94831"><ele>249</ele></trkpt>
      <trkpt lat="46.03020" lon="10.94892"><ele>249</ele></trkpt>
      <trkpt lat="46.02891" lon="10.94984"><ele>248</ele></trkpt>
      <trkpt lat="46.02766" lon="10.95076"><ele>248</ele></trkpt>
      <trkpt lat="46.02759" lon="10.95083"><ele>249</ele></trkpt>
      <trkpt lat="46.02743" lon="10.95086"><ele>249</ele></trkpt>
      <trkpt lat="46.02683" lon="10.95105"><ele>247</ele></trkpt>
      <trkpt lat="46.02650" lon="10.95111"><ele>248</ele></trkpt>
      <trkpt lat="46.02606" lon="10.95115"><ele>249</ele></trkpt>
      <trkpt lat="46.02567" lon="10.95114"><ele>248</ele></trkpt>
      <trkpt lat="46.02553" lon="10.95112"><ele>249</ele></trkpt>
      <trkpt lat="46.02529" lon="10.95103"><ele>246</ele></trkpt>
      <trkpt lat="46.02503" lon="10.95092"><ele>246</ele></trkpt>
      <trkpt lat="46.02451" lon="10.95067"><ele>246</ele></trkpt>
      <trkpt lat="46.02216" lon="10.94926"><ele>246</ele></trkpt>
      <trkpt lat="46.02198" lon="10.94915"><ele>248</ele></trkpt>
      <trkpt lat="46.02190" lon="10.94917"><ele>249</ele></trkpt>
      <trkpt lat="46.02173" lon="10.94917"><ele>249</ele></trkpt>
      <trkpt lat="46.02158" lon="10.94917"><ele>249</ele></trkpt>
      <trkpt lat="46.02128" lon="10.94911"><ele>248</ele></trkpt>
      <trkpt lat="46.02118" lon="10.94910"><ele>248</ele></trkpt>
      <trkpt lat="46.02114" lon="10.94911"><ele>248</ele></trkpt>
      <trkpt lat="46.02113" lon="10.94906"><ele>248</ele></trkpt>
      <trkpt lat="46.02111" lon="10.94889"><ele>248</ele></trkpt>
      <trkpt lat="46.02112" lon="10.94883"><ele>248</ele></trkpt>
      <trkpt lat="46.02114" lon="10.94873"><ele>247</ele></trkpt>
      <trkpt lat="46.02118" lon="10.94860"><ele>247</ele></trkpt>
      <trkpt lat="46.02119" lon="10.94854"><ele>247</ele></trkpt>
      <trkpt lat="46.02118" lon="10.94848"><ele>247</ele></trkpt>
      <trkpt lat="46.02115" lon="10.94844"><ele>247</ele></trkpt>
      <trkpt lat="46.02109" lon="10.94836"><ele>247</ele></trkpt>
      <trkpt lat="46.02040" lon="10.94761"><ele>245</ele></trkpt>
      <trkpt lat="46.01967" lon="10.94660"><ele>246</ele></trkpt>
      <trkpt lat="46.01964" lon="10.94656"><ele>246</ele></trkpt>
      <trkpt lat="46.01960" lon="10.94654"><ele>246</ele></trkpt>
      <trkpt lat="46.01954" lon="10.94652"><ele>246</ele></trkpt>
      <trkpt lat="46.01951" lon="10.94652"><ele>246</ele></trkpt>
      <trkpt lat="46.01947" lon="10.94654"><ele>246</ele></trkpt>
      <trkpt lat="46.01935" lon="10.94661"><ele>248</ele></trkpt>
      <trkpt lat="46.01917" lon="10.94667"><ele>251</ele></trkpt>
      <trkpt lat="46.01904" lon="10.94671"><ele>252</ele></trkpt>
      <trkpt lat="46.01890" lon="10.94682"><ele>252</ele></trkpt>
      <trkpt lat="46.01867" lon="10.94689"><ele>252</ele></trkpt>
      <trkpt lat="46.01861" lon="10.94689"><ele>252</ele></trkpt>
      <trkpt lat="46.01833" lon="10.94686"><ele>251</ele></trkpt>
      <trkpt lat="46.01828" lon="10.94686"><ele>250</ele></trkpt>
      <trkpt lat="46.01824" lon="10.94688"><ele>250</ele></trkpt>
      <trkpt lat="46.01817" lon="10.94692"><ele>249</ele></trkpt>
      <trkpt lat="46.01815" lon="10.94696"><ele>248</ele></trkpt>
      <trkpt lat="46.01810" lon="10.94713"><ele>248</ele></trkpt>
      <trkpt lat="46.01806" lon="10.94720"><ele>247</ele></trkpt>
      <trkpt lat="46.01801" lon="10.94725"><ele>247</ele></trkpt>
      <trkpt lat="46.01821" lon="10.94751"><ele>249</ele></trkpt>
      <trkpt lat="46.01828" lon="10.94755"><ele>249</ele></trkpt>
      <trkpt lat="46.01821" lon="10.94751"><ele>249</ele></trkpt>
      <trkpt lat="46.01801" lon="10.94725"><ele>247</ele></trkpt>
      <trkpt lat="46.01799" lon="10.94727"><ele>248</ele></trkpt>
      <trkpt lat="46.01792" lon="10.94719"><ele>248</ele></trkpt>
      <trkpt lat="46.01789" lon="10.94716"><ele>248</ele></trkpt>
      <trkpt lat="46.01783" lon="10.94708"><ele>248</ele></trkpt>
      <trkpt lat="46.01782" lon="10.94704"><ele>248</ele></trkpt>
      <trkpt lat="46.01773" lon="10.94688"><ele>248</ele></trkpt>
      <trkpt lat="46.01767" lon="10.94680"><ele>247</ele></trkpt>
      <trkpt lat="46.01763" lon="10.94677"><ele>247</ele></trkpt>
      <trkpt lat="46.01765" lon="10.94688"><ele>247</ele></trkpt>
      <trkpt lat="46.01764" lon="10.94699"><ele>248</ele></trkpt>
      <trkpt lat="46.01761" lon="10.94708"><ele>248</ele></trkpt>
      <trkpt lat="46.01754" lon="10.94717"><ele>248</ele></trkpt>
      <trkpt lat="46.01744" lon="10.94727"><ele>248</ele></trkpt>
      <trkpt lat="46.01740" lon="10.94734"><ele>247</ele></trkpt>
      <trkpt lat="46.01733" lon="10.94756"><ele>248</ele></trkpt>
      <trkpt lat="46.01727" lon="10.94773"><ele>248</ele></trkpt>
      <trkpt lat="46.01723" lon="10.94792"><ele>248</ele></trkpt>
      <trkpt lat="46.01719" lon="10.94792"><ele>248</ele></trkpt>
      <trkpt lat="46.01705" lon="10.94792"><ele>247</ele></trkpt>
      <trkpt lat="46.01691" lon="10.94789"><ele>245</ele></trkpt>
      <trkpt lat="46.01674" lon="10.94784"><ele>244</ele></trkpt>
      <trkpt lat="46.01664" lon="10.94780"><ele>244</ele></trkpt>
      <trkpt lat="46.01653" lon="10.94779"><ele>244</ele></trkpt>
      <trkpt lat="46.01642" lon="10.94775"><ele>244</ele></trkpt>
      <trkpt lat="46.01574" lon="10.94770"><ele>244</ele></trkpt>
      <trkpt lat="46.01559" lon="10.94768"><ele>244</ele></trkpt>
      <trkpt lat="46.01508" lon="10.94759"><ele>243</ele></trkpt>
      <trkpt lat="46.01499" lon="10.94756"><ele>243</ele></trkpt>
      <trkpt lat="46.01477" lon="10.94746"><ele>243</ele></trkpt>
      <trkpt lat="46.01462" lon="10.94741"><ele>243</ele></trkpt>
      <trkpt lat="46.01457" lon="10.94742"><ele>243</ele></trkpt>
      <trkpt lat="46.01440" lon="10.94744"><ele>243</ele></trkpt>
      <trkpt lat="46.01413" lon="10.94750"><ele>245</ele></trkpt>
      <trkpt lat="46.01411" lon="10.94751"><ele>246</ele></trkpt>
      <trkpt lat="46.01407" lon="10.94755"><ele>247</ele></trkpt>
      <trkpt lat="46.01400" lon="10.94744"><ele>248</ele></trkpt>
      <trkpt lat="46.01397" lon="10.94735"><ele>247</ele></trkpt>
      <trkpt lat="46.01376" lon="10.94658"><ele>247</ele></trkpt>
      <trkpt lat="46.01369" lon="10.94639"><ele>247</ele></trkpt>
      <trkpt lat="46.01359" lon="10.94616"><ele>248</ele></trkpt>
      <trkpt lat="46.01348" lon="10.94602"><ele>250</ele></trkpt>
      <trkpt lat="46.01334" lon="10.94576"><ele>250</ele></trkpt>
      <trkpt lat="46.01296" lon="10.94524"><ele>249</ele></trkpt>
      <trkpt lat="46.01289" lon="10.94514"><ele>249</ele></trkpt>
      <trkpt lat="46.01244" lon="10.94458"><ele>247</ele></trkpt>
      <trkpt lat="46.01238" lon="10.94452"><ele>247</ele></trkpt>
      <trkpt lat="46.01234" lon="10.94449"><ele>247</ele></trkpt>
      <trkpt lat="46.01222" lon="10.94441"><ele>247</ele></trkpt>
      <trkpt lat="46.01213" lon="10.94436"><ele>247</ele></trkpt>
      <trkpt lat="46.01194" lon="10.94428"><ele>246</ele></trkpt>
      <trkpt lat="46.01160" lon="10.94416"><ele>247</ele></trkpt>
      <trkpt lat="46.01150" lon="10.94411"><ele>247</ele></trkpt>
      <trkpt lat="46.01143" lon="10.94405"><ele>246</ele></trkpt>
      <trkpt lat="46.01131" lon="10.94394"><ele>247</ele></trkpt>
      <trkpt lat="46.01091" lon="10.94339"><ele>246</ele></trkpt>
      <trkpt lat="46.01069" lon="10.94320"><ele>245</ele></trkpt>
      <trkpt lat="46.01028" lon="10.94260"><ele>246</ele></trkpt>
      <trkpt lat="46.01017" lon="10.94246"><ele>246</ele></trkpt>
      <trkpt lat="46.00996" lon="10.94220"><ele>246</ele></trkpt>
      <trkpt lat="46.00991" lon="10.94212"><ele>247</ele></trkpt>
      <trkpt lat="46.00987" lon="10.94206"><ele>247</ele></trkpt>
      <trkpt lat="46.00982" lon="10.94203"><ele>248</ele></trkpt>
      <trkpt lat="46.00964" lon="10.94196"><ele>250</ele></trkpt>
      <trkpt lat="46.00948" lon="10.94194"><ele>250</ele></trkpt>
      <trkpt lat="46.00921" lon="10.94193"><ele>250</ele></trkpt>
      <trkpt lat="46.00904" lon="10.94194"><ele>250</ele></trkpt>
      <trkpt lat="46.00900" lon="10.94194"><ele>249</ele></trkpt>
      <trkpt lat="46.00888" lon="10.94189"><ele>249</ele></trkpt>
      <trkpt lat="46.00874" lon="10.94181"><ele>248</ele></trkpt>
      <trkpt lat="46.00846" lon="10.94172"><ele>247</ele></trkpt>
      <trkpt lat="46.00822" lon="10.94170"><ele>244</ele></trkpt>
      <trkpt lat="46.00812" lon="10.94170"><ele>242</ele></trkpt>
      <trkpt lat="46.00789" lon="10.94170"><ele>244</ele></trkpt>
      <trkpt lat="46.00783" lon="10.94167"><ele>244</ele></trkpt>
      <trkpt lat="46.00781" lon="10.94165"><ele>244</ele></trkpt>
      <trkpt lat="46.00778" lon="10.94156"><ele>244</ele></trkpt>
      <trkpt lat="46.00763" lon="10.94105"><ele>246</ele></trkpt>
      <trkpt lat="46.00761" lon="10.94081"><ele>247</ele></trkpt>
      <trkpt lat="46.00758" lon="10.94066"><ele>246</ele></trkpt>
      <trkpt lat="46.00748" lon="10.94024"><ele>244</ele></trkpt>
      <trkpt lat="46.00744" lon="10.94002"><ele>244</ele></trkpt>
      <trkpt lat="46.00743" lon="10.93949"><ele>244</ele></trkpt>
      <trkpt lat="46.00743" lon="10.93940"><ele>244</ele></trkpt>
      <trkpt lat="46.00741" lon="10.93870"><ele>244</ele></trkpt>
      <trkpt lat="46.00742" lon="10.93859"><ele>244</ele></trkpt>
      <trkpt lat="46.00741" lon="10.93841"><ele>243</ele></trkpt>
      <trkpt lat="46.00730" lon="10.93807"><ele>243</ele></trkpt>
      <trkpt lat="46.00709" lon="10.93778"><ele>246</ele></trkpt>
      <trkpt lat="46.00701" lon="10.93757"><ele>245</ele></trkpt>
      <trkpt lat="46.00681" lon="10.93728"><ele>245</ele></trkpt>
      <trkpt lat="46.00669" lon="10.93713"><ele>246</ele></trkpt>
      <trkpt lat="46.00661" lon="10.93700"><ele>247</ele></trkpt>
      <trkpt lat="46.00655" lon="10.93683"><ele>248</ele></trkpt>
      <trkpt lat="46.00651" lon="10.93660"><ele>248</ele></trkpt>
      <trkpt lat="46.00641" lon="10.93638"><ele>248</ele></trkpt>
      <trkpt lat="46.00626" lon="10.93618"><ele>247</ele></trkpt>
      <trkpt lat="46.00615" lon="10.93609"><ele>247</ele></trkpt>
      <trkpt lat="46.00600" lon="10.93603"><ele>248</ele></trkpt>
      <trkpt lat="46.00590" lon="10.93597"><ele>250</ele></trkpt>
      <trkpt lat="46.00584" lon="10.93592"><ele>251</ele></trkpt>
      <trkpt lat="46.00578" lon="10.93583"><ele>252</ele></trkpt>
      <trkpt lat="46.00564" lon="10.93546"><ele>253</ele></trkpt>
      <trkpt lat="46.00558" lon="10.93537"><ele>254</ele></trkpt>
      <trkpt lat="46.00521" lon="10.93517"><ele>259</ele></trkpt>
      <trkpt lat="46.00493" lon="10.93510"><ele>262</ele></trkpt>
      <trkpt lat="46.00467" lon="10.93512"><ele>262</ele></trkpt>
      <trkpt lat="46.00450" lon="10.93521"><ele>262</ele></trkpt>
      <trkpt lat="46.00439" lon="10.93524"><ele>262</ele></trkpt>
      <trkpt lat="46.00431" lon="10.93523"><ele>262</ele></trkpt>
      <trkpt lat="46.00422" lon="10.93512"><ele>262</ele></trkpt>
      <trkpt lat="46.00414" lon="10.93500"><ele>263</ele></trkpt>
      <trkpt lat="46.00407" lon="10.93486"><ele>264</ele></trkpt>
      <trkpt lat="46.00401" lon="10.93474"><ele>265</ele></trkpt>
      <trkpt lat="46.00397" lon="10.93467"><ele>266</ele></trkpt>
      <trkpt lat="46.00391" lon="10.93464"><ele>267</ele></trkpt>
      <trkpt lat="46.00379" lon="10.93469"><ele>268</ele></trkpt>
      <trkpt lat="46.00362" lon="10.93481"><ele>268</ele></trkpt>
      <trkpt lat="46.00357" lon="10.93482"><ele>269</ele></trkpt>
      <trkpt lat="46.00342" lon="10.93480"><ele>270</ele></trkpt>
      <trkpt lat="46.00332" lon="10.93481"><ele>271</ele></trkpt>
      <trkpt lat="46.00317" lon="10.93487"><ele>272</ele></trkpt>
      <trkpt lat="46.00309" lon="10.93486"><ele>272</ele></trkpt>
      <trkpt lat="46.00297" lon="10.93473"><ele>273</ele></trkpt>
      <trkpt lat="46.00281" lon="10.93461"><ele>274</ele></trkpt>
      <trkpt lat="46.00269" lon="10.93458"><ele>276</ele></trkpt>
      <trkpt lat="46.00231" lon="10.93472"><ele>276</ele></trkpt>
      <trkpt lat="46.00218" lon="10.93472"><ele>277</ele></trkpt>
      <trkpt lat="46.00210" lon="10.93478"><ele>277</ele></trkpt>
      <trkpt lat="46.00202" lon="10.93482"><ele>277</ele></trkpt>
      <trkpt lat="46.00197" lon="10.93479"><ele>277</ele></trkpt>
      <trkpt lat="46.00193" lon="10.93471"><ele>276</ele></trkpt>
      <trkpt lat="46.00189" lon="10.93456"><ele>276</ele></trkpt>
      <trkpt lat="46.00178" lon="10.93427"><ele>274</ele></trkpt>
      <trkpt lat="46.00167" lon="10.93383"><ele>271</ele></trkpt>
      <trkpt lat="46.00164" lon="10.93357"><ele>269</ele></trkpt>
      <trkpt lat="46.00168" lon="10.93335"><ele>268</ele></trkpt>
      <trkpt lat="46.00176" lon="10.93315"><ele>268</ele></trkpt>
      <trkpt lat="46.00187" lon="10.93296"><ele>266</ele></trkpt>
      <trkpt lat="46.00194" lon="10.93277"><ele>266</ele></trkpt>
      <trkpt lat="46.00197" lon="10.93256"><ele>265</ele></trkpt>
      <trkpt lat="46.00198" lon="10.93233"><ele>263</ele></trkpt>
      <trkpt lat="46.00195" lon="10.93206"><ele>261</ele></trkpt>
      <trkpt lat="46.00200" lon="10.93176"><ele>259</ele></trkpt>
      <trkpt lat="46.00211" lon="10.93165"><ele>258</ele></trkpt>
      <trkpt lat="46.00222" lon="10.93151"><ele>257</ele></trkpt>
      <trkpt lat="46.00225" lon="10.93140"><ele>254</ele></trkpt>
      <trkpt lat="46.00222" lon="10.93099"><ele>253</ele></trkpt>
      <trkpt lat="46.00221" lon="10.93084"><ele>253</ele></trkpt>
      <trkpt lat="46.00225" lon="10.93065"><ele>250</ele></trkpt>
      <trkpt lat="46.00232" lon="10.93037"><ele>246</ele></trkpt>
      <trkpt lat="46.00233" lon="10.93021"><ele>246</ele></trkpt>
      <trkpt lat="46.00228" lon="10.93006"><ele>247</ele></trkpt>
      <trkpt lat="46.00224" lon="10.93000"><ele>248</ele></trkpt>
      <trkpt lat="46.00211" lon="10.92993"><ele>247</ele></trkpt>
      <trkpt lat="46.00201" lon="10.92992"><ele>247</ele></trkpt>
      <trkpt lat="46.00183" lon="10.93004"><ele>246</ele></trkpt>
      <trkpt lat="46.00168" lon="10.93007"><ele>246</ele></trkpt>
      <trkpt lat="46.00154" lon="10.93003"><ele>246</ele></trkpt>
      <trkpt lat="46.00133" lon="10.92989"><ele>245</ele></trkpt>
      <trkpt lat="46.00112" lon="10.92952"><ele>242</ele></trkpt>
      <trkpt lat="46.00097" lon="10.92915"><ele>241</ele></trkpt>
      <trkpt lat="46.00073" lon="10.92850"><ele>238</ele></trkpt>
      <trkpt lat="46.00050" lon="10.92798"><ele>234</ele></trkpt>
      <trkpt lat="46.00034" lon="10.92783"><ele>234</ele></trkpt>
      <trkpt lat="46.00023" lon="10.92773"><ele>234</ele></trkpt>
      <trkpt lat="46.00011" lon="10.92766"><ele>232</ele></trkpt>
      <trkpt lat="45.99996" lon="10.92767"><ele>231</ele></trkpt>
      <trkpt lat="45.99986" lon="10.92771"><ele>230</ele></trkpt>
      <trkpt lat="45.99969" lon="10.92779"><ele>231</ele></trkpt>
      <trkpt lat="45.99943" lon="10.92785"><ele>230</ele></trkpt>
      <trkpt lat="45.99901" lon="10.92787"><ele>230</ele></trkpt>
      <trkpt lat="45.99875" lon="10.92795"><ele>230</ele></trkpt>
      <trkpt lat="45.99838" lon="10.92799"><ele>229</ele></trkpt>
      <trkpt lat="45.99827" lon="10.92799"><ele>229</ele></trkpt>
      <trkpt lat="45.99727" lon="10.92793"><ele>226</ele></trkpt>
      <trkpt lat="45.99713" lon="10.92794"><ele>226</ele></trkpt>
      <trkpt lat="45.99697" lon="10.92789"><ele>226</ele></trkpt>
      <trkpt lat="45.99681" lon="10.92790"><ele>226</ele></trkpt>
      <trkpt lat="45.99671" lon="10.92793"><ele>225</ele></trkpt>
      <trkpt lat="45.99662" lon="10.92807"><ele>225</ele></trkpt>
      <trkpt lat="45.99655" lon="10.92813"><ele>225</ele></trkpt>
      <trkpt lat="45.99638" lon="10.92825"><ele>226</ele></trkpt>
      <trkpt lat="45.99628" lon="10.92828"><ele>225</ele></trkpt>
      <trkpt lat="45.99608" lon="10.92826"><ele>223</ele></trkpt>
      <trkpt lat="45.99538" lon="10.92829"><ele>220</ele></trkpt>
      <trkpt lat="45.99503" lon="10.92844"><ele>219</ele></trkpt>
      <trkpt lat="45.99486" lon="10.92848"><ele>218</ele></trkpt>
      <trkpt lat="45.99469" lon="10.92845"><ele>218</ele></trkpt>
      <trkpt lat="45.99459" lon="10.92849"><ele>218</ele></trkpt>
      <trkpt lat="45.99438" lon="10.92871"><ele>218</ele></trkpt>
      <trkpt lat="45.99425" lon="10.92883"><ele>219</ele></trkpt>
      <trkpt lat="45.99421" lon="10.92884"><ele>219</ele></trkpt>
      <trkpt lat="45.99399" lon="10.92890"><ele>219</ele></trkpt>
      <trkpt lat="45.99372" lon="10.92896"><ele>218</ele></trkpt>
      <trkpt lat="45.99339" lon="10.92909"><ele>220</ele></trkpt>
      <trkpt lat="45.99324" lon="10.92910"><ele>221</ele></trkpt>
      <trkpt lat="45.99293" lon="10.92895"><ele>218</ele></trkpt>
      <trkpt lat="45.99257" lon="10.92888"><ele>218</ele></trkpt>
      <trkpt lat="45.99221" lon="10.92886"><ele>219</ele></trkpt>
      <trkpt lat="45.99175" lon="10.92870"><ele>218</ele></trkpt>
      <trkpt lat="45.99167" lon="10.92868"><ele>218</ele></trkpt>
      <trkpt lat="45.99163" lon="10.92868"><ele>218</ele></trkpt>
      <trkpt lat="45.99143" lon="10.92849"><ele>218</ele></trkpt>
      <trkpt lat="45.99137" lon="10.92846"><ele>218</ele></trkpt>
      <trkpt lat="45.99131" lon="10.92848"><ele>218</ele></trkpt>
      <trkpt lat="45.99121" lon="10.92853"><ele>219</ele></trkpt>
      <trkpt lat="45.99108" lon="10.92857"><ele>219</ele></trkpt>
      <trkpt lat="45.99093" lon="10.92857"><ele>220</ele></trkpt>
      <trkpt lat="45.99077" lon="10.92852"><ele>220</ele></trkpt>
      <trkpt lat="45.99068" lon="10.92847"><ele>220</ele></trkpt>
      <trkpt lat="45.99059" lon="10.92837"><ele>219</ele></trkpt>
      <trkpt lat="45.99042" lon="10.92816"><ele>216</ele></trkpt>
      <trkpt lat="45.99026" lon="10.92812"><ele>210</ele></trkpt>
      <trkpt lat="45.99000" lon="10.92817"><ele>209</ele></trkpt>
      <trkpt lat="45.98984" lon="10.92823"><ele>208</ele></trkpt>
      <trkpt lat="45.98973" lon="10.92824"><ele>207</ele></trkpt>
      <trkpt lat="45.98954" lon="10.92823"><ele>204</ele></trkpt>
      <trkpt lat="45.98935" lon="10.92817"><ele>201</ele></trkpt>
      <trkpt lat="45.98929" lon="10.92814"><ele>200</ele></trkpt>
      <trkpt lat="45.98923" lon="10.92814"><ele>198</ele></trkpt>
      <trkpt lat="45.98915" lon="10.92816"><ele>198</ele></trkpt>
      <trkpt lat="45.98901" lon="10.92824"><ele>198</ele></trkpt>
      <trkpt lat="45.98898" lon="10.92825"><ele>197</ele></trkpt>
      <trkpt lat="45.98891" lon="10.92822"><ele>196</ele></trkpt>
      <trkpt lat="45.98884" lon="10.92821"><ele>194</ele></trkpt>
      <trkpt lat="45.98856" lon="10.92825"><ele>192</ele></trkpt>
      <trkpt lat="45.98847" lon="10.92825"><ele>192</ele></trkpt>
      <trkpt lat="45.98825" lon="10.92822"><ele>192</ele></trkpt>
      <trkpt lat="45.98817" lon="10.92821"><ele>191</ele></trkpt>
      <trkpt lat="45.98789" lon="10.92829"><ele>192</ele></trkpt>
      <trkpt lat="45.98756" lon="10.92837"><ele>191</ele></trkpt>
      <trkpt lat="45.98743" lon="10.92838"><ele>191</ele></trkpt>
      <trkpt lat="45.98739" lon="10.92839"><ele>191</ele></trkpt>
      <trkpt lat="45.98729" lon="10.92837"><ele>191</ele></trkpt>
      <trkpt lat="45.98723" lon="10.92832"><ele>191</ele></trkpt>
      <trkpt lat="45.98720" lon="10.92831"><ele>190</ele></trkpt>
      <trkpt lat="45.98708" lon="10.92835"><ele>190</ele></trkpt>
      <trkpt lat="45.98704" lon="10.92835"><ele>190</ele></trkpt>
      <trkpt lat="45.98688" lon="10.92838"><ele>190</ele></trkpt>
      <trkpt lat="45.98645" lon="10.92839"><ele>189</ele></trkpt>
      <trkpt lat="45.98614" lon="10.92837"><ele>189</ele></trkpt>
      <trkpt lat="45.98602" lon="10.92837"><ele>188</ele></trkpt>
      <trkpt lat="45.98589" lon="10.92844"><ele>188</ele></trkpt>
      <trkpt lat="45.98581" lon="10.92847"><ele>188</ele></trkpt>
      <trkpt lat="45.98575" lon="10.92849"><ele>188</ele></trkpt>
      <trkpt lat="45.98568" lon="10.92849"><ele>188</ele></trkpt>
      <trkpt lat="45.98558" lon="10.92845"><ele>188</ele></trkpt>
      <trkpt lat="45.98552" lon="10.92841"><ele>188</ele></trkpt>
      <trkpt lat="45.98535" lon="10.92830"><ele>187</ele></trkpt>
      <trkpt lat="45.98501" lon="10.92827"><ele>188</ele></trkpt>
      <trkpt lat="45.98482" lon="10.92825"><ele>187</ele></trkpt>
      <trkpt lat="45.98466" lon="10.92821"><ele>187</ele></trkpt>
      <trkpt lat="45.98450" lon="10.92813"><ele>187</ele></trkpt>
      <trkpt lat="45.98400" lon="10.92779"><ele>185</ele></trkpt>
      <trkpt lat="45.98395" lon="10.92778"><ele>185</ele></trkpt>
      <trkpt lat="45.98385" lon="10.92780"><ele>185</ele></trkpt>
      <trkpt lat="45.98380" lon="10.92781"><ele>184</ele></trkpt>
      <trkpt lat="45.98371" lon="10.92786"><ele>184</ele></trkpt>
      <trkpt lat="45.98363" lon="10.92790"><ele>184</ele></trkpt>
      <trkpt lat="45.98357" lon="10.92789"><ele>184</ele></trkpt>
      <trkpt lat="45.98352" lon="10.92786"><ele>184</ele></trkpt>
      <trkpt lat="45.98347" lon="10.92782"><ele>184</ele></trkpt>
      <trkpt lat="45.98342" lon="10.92778"><ele>184</ele></trkpt>
      <trkpt lat="45.98336" lon="10.92776"><ele>184</ele></trkpt>
      <trkpt lat="45.98326" lon="10.92776"><ele>184</ele></trkpt>
      <trkpt lat="45.98308" lon="10.92786"><ele>184</ele></trkpt>
      <trkpt lat="45.98291" lon="10.92797"><ele>183</ele></trkpt>
      <trkpt lat="45.98275" lon="10.92804"><ele>184</ele></trkpt>
      <trkpt lat="45.98257" lon="10.92803"><ele>183</ele></trkpt>
      <trkpt lat="45.98241" lon="10.92800"><ele>182</ele></trkpt>
      <trkpt lat="45.98231" lon="10.92795"><ele>182</ele></trkpt>
      <trkpt lat="45.98221" lon="10.92784"><ele>182</ele></trkpt>
      <trkpt lat="45.98210" lon="10.92775"><ele>182</ele></trkpt>
      <trkpt lat="45.98210" lon="10.92775"><ele>182</ele></trkpt>
      <trkpt lat="45.98201" lon="10.92763"><ele>182</ele></trkpt>
      <trkpt lat="45.98177" lon="10.92718"><ele>180</ele></trkpt>
      <trkpt lat="45.98144" lon="10.92681"><ele>179</ele></trkpt>
      <trkpt lat="45.98132" lon="10.92659"><ele>177</ele></trkpt>
      <trkpt lat="45.98129" lon="10.92653"><ele>177</ele></trkpt>
      <trkpt lat="45.98120" lon="10.92632"><ele>176</ele></trkpt>
      <trkpt lat="45.98116" lon="10.92606"><ele>174</ele></trkpt>
      <trkpt lat="45.98103" lon="10.92587"><ele>173</ele></trkpt>
      <trkpt lat="45.98073" lon="10.92563"><ele>173</ele></trkpt>
      <trkpt lat="45.98061" lon="10.92550"><ele>173</ele></trkpt>
      <trkpt lat="45.98041" lon="10.92521"><ele>171</ele></trkpt>
      <trkpt lat="45.98032" lon="10.92513"><ele>171</ele></trkpt>
      <trkpt lat="45.98013" lon="10.92505"><ele>172</ele></trkpt>
      <trkpt lat="45.98000" lon="10.92501"><ele>173</ele></trkpt>
      <trkpt lat="45.97994" lon="10.92497"><ele>172</ele></trkpt>
      <trkpt lat="45.97989" lon="10.92490"><ele>170</ele></trkpt>
      <trkpt lat="45.97983" lon="10.92477"><ele>168</ele></trkpt>
      <trkpt lat="45.97978" lon="10.92472"><ele>168</ele></trkpt>
      <trkpt lat="45.97967" lon="10.92465"><ele>168</ele></trkpt>
      <trkpt lat="45.97957" lon="10.92462"><ele>168</ele></trkpt>
      <trkpt lat="45.97944" lon="10.92459"><ele>169</ele></trkpt>
      <trkpt lat="45.97931" lon="10.92459"><ele>169</ele></trkpt>
      <trkpt lat="45.97908" lon="10.92462"><ele>168</ele></trkpt>
      <trkpt lat="45.97892" lon="10.92456"><ele>168</ele></trkpt>
      <trkpt lat="45.97889" lon="10.92456"><ele>168</ele></trkpt>
      <trkpt lat="45.97886" lon="10.92457"><ele>167</ele></trkpt>
      <trkpt lat="45.97879" lon="10.92462"><ele>166</ele></trkpt>
      <trkpt lat="45.97858" lon="10.92478"><ele>166</ele></trkpt>
      <trkpt lat="45.97842" lon="10.92494"><ele>164</ele></trkpt>
      <trkpt lat="45.97832" lon="10.92506"><ele>164</ele></trkpt>
      <trkpt lat="45.97827" lon="10.92513"><ele>163</ele></trkpt>
      <trkpt lat="45.97822" lon="10.92524"><ele>163</ele></trkpt>
      <trkpt lat="45.97817" lon="10.92537"><ele>164</ele></trkpt>
      <trkpt lat="45.97814" lon="10.92543"><ele>164</ele></trkpt>
      <trkpt lat="45.97812" lon="10.92546"><ele>164</ele></trkpt>
      <trkpt lat="45.97807" lon="10.92550"><ele>164</ele></trkpt>
      <trkpt lat="45.97798" lon="10.92556"><ele>163</ele></trkpt>
      <trkpt lat="45.97786" lon="10.92560"><ele>162</ele></trkpt>
      <trkpt lat="45.97778" lon="10.92564"><ele>162</ele></trkpt>
      <trkpt lat="45.97768" lon="10.92572"><ele>160</ele></trkpt>
      <trkpt lat="45.97753" lon="10.92588"><ele>160</ele></trkpt>
      <trkpt lat="45.97731" lon="10.92620"><ele>161</ele></trkpt>
      <trkpt lat="45.97726" lon="10.92626"><ele>160</ele></trkpt>
      <trkpt lat="45.97678" lon="10.92663"><ele>161</ele></trkpt>
      <trkpt lat="45.97671" lon="10.92667"><ele>161</ele></trkpt>
      <trkpt lat="45.97634" lon="10.92676"><ele>158</ele></trkpt>
      <trkpt lat="45.97619" lon="10.92681"><ele>157</ele></trkpt>
      <trkpt lat="45.97549" lon="10.92721"><ele>153</ele></trkpt>
      <trkpt lat="45.97510" lon="10.92745"><ele>156</ele></trkpt>
      <trkpt lat="45.97507" lon="10.92747"><ele>156</ele></trkpt>
      <trkpt lat="45.97500" lon="10.92747"><ele>154</ele></trkpt>
      <trkpt lat="45.97482" lon="10.92747"><ele>153</ele></trkpt>
      <trkpt lat="45.97471" lon="10.92747"><ele>152</ele></trkpt>
      <trkpt lat="45.97465" lon="10.92748"><ele>152</ele></trkpt>
      <trkpt lat="45.97454" lon="10.92755"><ele>154</ele></trkpt>
      <trkpt lat="45.97447" lon="10.92758"><ele>154</ele></trkpt>
      <trkpt lat="45.97413" lon="10.92764"><ele>156</ele></trkpt>
      <trkpt lat="45.97400" lon="10.92765"><ele>156</ele></trkpt>
      <trkpt lat="45.97391" lon="10.92766"><ele>156</ele></trkpt>
      <trkpt lat="45.97386" lon="10.92765"><ele>156</ele></trkpt>
      <trkpt lat="45.97373" lon="10.92757"><ele>154</ele></trkpt>
      <trkpt lat="45.97367" lon="10.92757"><ele>154</ele></trkpt>
      <trkpt lat="45.97361" lon="10.92757"><ele>154</ele></trkpt>
      <trkpt lat="45.97337" lon="10.92762"><ele>155</ele></trkpt>
      <trkpt lat="45.97329" lon="10.92762"><ele>155</ele></trkpt>
      <trkpt lat="45.97311" lon="10.92760"><ele>154</ele></trkpt>
      <trkpt lat="45.97288" lon="10.92760"><ele>154</ele></trkpt>
      <trkpt lat="45.97267" lon="10.92755"><ele>152</ele></trkpt>
      <trkpt lat="45.97262" lon="10.92754"><ele>151</ele></trkpt>
      <trkpt lat="45.97227" lon="10.92755"><ele>152</ele></trkpt>
      <trkpt lat="45.97194" lon="10.92751"><ele>152</ele></trkpt>
      <trkpt lat="45.97192" lon="10.92752"><ele>152</ele></trkpt>
      <trkpt lat="45.97181" lon="10.92764"><ele>152</ele></trkpt>
      <trkpt lat="45.97178" lon="10.92767"><ele>152</ele></trkpt>
      <trkpt lat="45.97172" lon="10.92769"><ele>153</ele></trkpt>
      <trkpt lat="45.97166" lon="10.92764"><ele>152</ele></trkpt>
      <trkpt lat="45.97147" lon="10.92735"><ele>150</ele></trkpt>
      <trkpt lat="45.97142" lon="10.92729"><ele>149</ele></trkpt>
      <trkpt lat="45.97131" lon="10.92720"><ele>149</ele></trkpt>
      <trkpt lat="45.97113" lon="10.92713"><ele>148</ele></trkpt>
      <trkpt lat="45.97065" lon="10.92701"><ele>147</ele></trkpt>
      <trkpt lat="45.97052" lon="10.92704"><ele>147</ele></trkpt>
      <trkpt lat="45.97044" lon="10.92705"><ele>148</ele></trkpt>
      <trkpt lat="45.97038" lon="10.92704"><ele>148</ele></trkpt>
      <trkpt lat="45.97034" lon="10.92701"><ele>147</ele></trkpt>
      <trkpt lat="45.97025" lon="10.92695"><ele>147</ele></trkpt>
      <trkpt lat="45.97015" lon="10.92691"><ele>148</ele></trkpt>
      <trkpt lat="45.96979" lon="10.92686"><ele>149</ele></trkpt>
      <trkpt lat="45.96961" lon="10.92679"><ele>147</ele></trkpt>
      <trkpt lat="45.96928" lon="10.92664"><ele>145</ele></trkpt>
      <trkpt lat="45.96900" lon="10.92649"><ele>144</ele></trkpt>
      <trkpt lat="45.96893" lon="10.92646"><ele>144</ele></trkpt>
      <trkpt lat="45.96885" lon="10.92641"><ele>144</ele></trkpt>
      <trkpt lat="45.96871" lon="10.92637"><ele>144</ele></trkpt>
      <trkpt lat="45.96839" lon="10.92632"><ele>144</ele></trkpt>
      <trkpt lat="45.96835" lon="10.92629"><ele>144</ele></trkpt>
      <trkpt lat="45.96832" lon="10.92625"><ele>143</ele></trkpt>
      <trkpt lat="45.96832" lon="10.92622"><ele>142</ele></trkpt>
      <trkpt lat="45.96833" lon="10.92616"><ele>142</ele></trkpt>
      <trkpt lat="45.96837" lon="10.92602"><ele>140</ele></trkpt>
      <trkpt lat="45.96838" lon="10.92598"><ele>140</ele></trkpt>
      <trkpt lat="45.96838" lon="10.92588"><ele>140</ele></trkpt>
      <trkpt lat="45.96837" lon="10.92583"><ele>140</ele></trkpt>
      <trkpt lat="45.96825" lon="10.92540"><ele>138</ele></trkpt>
      <trkpt lat="45.96818" lon="10.92522"><ele>137</ele></trkpt>
      <trkpt lat="45.96812" lon="10.92509"><ele>138</ele></trkpt>
      <trkpt lat="45.96797" lon="10.92486"><ele>137</ele></trkpt>
      <trkpt lat="45.96794" lon="10.92479"><ele>137</ele></trkpt>
      <trkpt lat="45.96790" lon="10.92464"><ele>136</ele></trkpt>
      <trkpt lat="45.96786" lon="10.92439"><ele>135</ele></trkpt>
      <trkpt lat="45.96784" lon="10.92422"><ele>136</ele></trkpt>
      <trkpt lat="45.96784" lon="10.92413"><ele>136</ele></trkpt>
      <trkpt lat="45.96786" lon="10.92403"><ele>136</ele></trkpt>
      <trkpt lat="45.96794" lon="10.92375"><ele>135</ele></trkpt>
      <trkpt lat="45.96808" lon="10.92345"><ele>135</ele></trkpt>
      <trkpt lat="45.96816" lon="10.92324"><ele>133</ele></trkpt>
      <trkpt lat="45.96820" lon="10.92316"><ele>132</ele></trkpt>
      <trkpt lat="45.96822" lon="10.92305"><ele>132</ele></trkpt>
      <trkpt lat="45.96823" lon="10.92269"><ele>132</ele></trkpt>
      <trkpt lat="45.96823" lon="10.92263"><ele>131</ele></trkpt>
      <trkpt lat="45.96821" lon="10.92258"><ele>131</ele></trkpt>
      <trkpt lat="45.96818" lon="10.92256"><ele>132</ele></trkpt>
      <trkpt lat="45.96773" lon="10.92247"><ele>135</ele></trkpt>
      <trkpt lat="45.96689" lon="10.92215"><ele>134</ele></trkpt>
      <trkpt lat="45.96668" lon="10.92208"><ele>134</ele></trkpt>
      <trkpt lat="45.96653" lon="10.92198"><ele>134</ele></trkpt>
      <trkpt lat="45.96644" lon="10.92190"><ele>134</ele></trkpt>
      <trkpt lat="45.96628" lon="10.92172"><ele>134</ele></trkpt>
      <trkpt lat="45.96598" lon="10.92126"><ele>132</ele></trkpt>
      <trkpt lat="45.96592" lon="10.92116"><ele>132</ele></trkpt>
      <trkpt lat="45.96598" lon="10.92102"><ele>132</ele></trkpt>
      <trkpt lat="45.96607" lon="10.92075"><ele>130</ele></trkpt>
      <trkpt lat="45.96614" lon="10.92062"><ele>129</ele></trkpt>
      <trkpt lat="45.96621" lon="10.92055"><ele>129</ele></trkpt>
      <trkpt lat="45.96617" lon="10.92032"><ele>129</ele></trkpt>
      <trkpt lat="45.96613" lon="10.92013"><ele>129</ele></trkpt>
      <trkpt lat="45.96610" lon="10.92009"><ele>129</ele></trkpt>
      <trkpt lat="45.96596" lon="10.91999"><ele>129</ele></trkpt>
      <trkpt lat="45.96591" lon="10.91994"><ele>129</ele></trkpt>
      <trkpt lat="45.96555" lon="10.91928"><ele>129</ele></trkpt>
      <trkpt lat="45.96546" lon="10.91912"><ele>128</ele></trkpt>
      <trkpt lat="45.96542" lon="10.91906"><ele>128</ele></trkpt>
      <trkpt lat="45.96534" lon="10.91896"><ele>128</ele></trkpt>
      <trkpt lat="45.96523" lon="10.91883"><ele>128</ele></trkpt>
      <trkpt lat="45.96493" lon="10.91851"><ele>127</ele></trkpt>
      <trkpt lat="45.96486" lon="10.91841"><ele>127</ele></trkpt>
      <trkpt lat="45.96483" lon="10.91836"><ele>127</ele></trkpt>
      <trkpt lat="45.96482" lon="10.91831"><ele>127</ele></trkpt>
      <trkpt lat="45.96472" lon="10.91775"><ele>127</ele></trkpt>
      <trkpt lat="45.96471" lon="10.91768"><ele>126</ele></trkpt>
      <trkpt lat="45.96468" lon="10.91762"><ele>126</ele></trkpt>
      <trkpt lat="45.96454" lon="10.91747"><ele>126</ele></trkpt>
      <trkpt lat="45.96451" lon="10.91742"><ele>126</ele></trkpt>
      <trkpt lat="45.96451" lon="10.91737"><ele>126</ele></trkpt>
      <trkpt lat="45.96450" lon="10.91717"><ele>126</ele></trkpt>
      <trkpt lat="45.96449" lon="10.91714"><ele>126</ele></trkpt>
      <trkpt lat="45.96445" lon="10.91707"><ele>125</ele></trkpt>
      <trkpt lat="45.96383" lon="10.91647"><ele>125</ele></trkpt>
      <trkpt lat="45.96358" lon="10.91621"><ele>124</ele></trkpt>
      <trkpt lat="45.96285" lon="10.91512"><ele>123</ele></trkpt>
      <trkpt lat="45.96271" lon="10.91491"><ele>122</ele></trkpt>
      <trkpt lat="45.96270" lon="10.91487"><ele>122</ele></trkpt>
      <trkpt lat="45.96268" lon="10.91479"><ele>122</ele></trkpt>
      <trkpt lat="45.96268" lon="10.91475"><ele>122</ele></trkpt>
      <trkpt lat="45.96270" lon="10.91464"><ele>122</ele></trkpt>
      <trkpt lat="45.96276" lon="10.91442"><ele>123</ele></trkpt>
      <trkpt lat="45.96278" lon="10.91437"><ele>122</ele></trkpt>
      <trkpt lat="45.96259" lon="10.91416"><ele>121</ele></trkpt>
      <trkpt lat="45.96239" lon="10.91394"><ele>122</ele></trkpt>
      <trkpt lat="45.96234" lon="10.91389"><ele>122</ele></trkpt>
      <trkpt lat="45.96231" lon="10.91385"><ele>122</ele></trkpt>
      <trkpt lat="45.96223" lon="10.91381"><ele>122</ele></trkpt>
      <trkpt lat="45.96223" lon="10.91377"><ele>122</ele></trkpt>
      <trkpt lat="45.96222" lon="10.91373"><ele>122</ele></trkpt>
      <trkpt lat="45.96219" lon="10.91372"><ele>122</ele></trkpt>
      <trkpt lat="45.96216" lon="10.91373"><ele>122</ele></trkpt>
      <trkpt lat="45.96214" lon="10.91377"><ele>122</ele></trkpt>
      <trkpt lat="45.96214" lon="10.91382"><ele>122</ele></trkpt>
      <trkpt lat="45.96216" lon="10.91385"><ele>122</ele></trkpt>
      <trkpt lat="45.96212" lon="10.91393"><ele>123</ele></trkpt>
      <trkpt lat="45.96196" lon="10.91433"><ele>124</ele></trkpt>
      <trkpt lat="45.96185" lon="10.91456"><ele>124</ele></trkpt>
      <trkpt lat="45.96169" lon="10.91436"><ele>124</ele></trkpt>
      <trkpt lat="45.96135" lon="10.91395"><ele>123</ele></trkpt>
      <trkpt lat="45.96134" lon="10.91394"><ele>123</ele></trkpt>
      <trkpt lat="45.96128" lon="10.91386"><ele>123</ele></trkpt>
      <trkpt lat="45.96124" lon="10.91382"><ele>123</ele></trkpt>
      <trkpt lat="45.96114" lon="10.91370"><ele>123</ele></trkpt>
      <trkpt lat="45.96110" lon="10.91365"><ele>123</ele></trkpt>
      <trkpt lat="45.96101" lon="10.91353"><ele>123</ele></trkpt>
      <trkpt lat="45.96094" lon="10.91344"><ele>123</ele></trkpt>
      <trkpt lat="45.96084" lon="10.91331"><ele>123</ele></trkpt>
      <trkpt lat="45.96082" lon="10.91328"><ele>123</ele></trkpt>
      <trkpt lat="45.96065" lon="10.91291"><ele>124</ele></trkpt>
      <trkpt lat="45.96066" lon="10.91272"><ele>124</ele></trkpt>
      <trkpt lat="45.96067" lon="10.91262"><ele>124</ele></trkpt>
      <trkpt lat="45.96073" lon="10.91227"><ele>123</ele></trkpt>
      <trkpt lat="45.96075" lon="10.91221"><ele>122</ele></trkpt>
      <trkpt lat="45.96085" lon="10.91212"><ele>123</ele></trkpt>
      <trkpt lat="45.96124" lon="10.91176"><ele>123</ele></trkpt>
      <trkpt lat="45.96125" lon="10.91178"><ele>123</ele></trkpt>
      <trkpt lat="45.96143" lon="10.91129"><ele>123</ele></trkpt>
      <trkpt lat="45.96148" lon="10.91118"><ele>123</ele></trkpt>
      <trkpt lat="45.96145" lon="10.91116"><ele>122</ele></trkpt>
      <trkpt lat="45.96129" lon="10.91104"><ele>122</ele></trkpt>
      <trkpt lat="45.96128" lon="10.91102"><ele>122</ele></trkpt>
      <trkpt lat="45.96129" lon="10.91098"><ele>122</ele></trkpt>
      <trkpt lat="45.96126" lon="10.91095"><ele>122</ele></trkpt>
      <trkpt lat="45.96134" lon="10.91079"><ele>122</ele></trkpt>
      <trkpt lat="45.96136" lon="10.91070"><ele>122</ele></trkpt>
      <trkpt lat="45.96137" lon="10.91061"><ele>122</ele></trkpt>
      <trkpt lat="45.96136" lon="10.91052"><ele>122</ele></trkpt>
      <trkpt lat="45.96135" lon="10.91047"><ele>122</ele></trkpt>
      <trkpt lat="45.96126" lon="10.91027"><ele>122</ele></trkpt>
      <trkpt lat="45.96117" lon="10.91008"><ele>121</ele></trkpt>
      <trkpt lat="45.96098" lon="10.90976"><ele>121</ele></trkpt>
      <trkpt lat="45.96093" lon="10.90968"><ele>121</ele></trkpt>
      <trkpt lat="45.96091" lon="10.90966"><ele>121</ele></trkpt>
      <trkpt lat="45.96089" lon="10.90963"><ele>121</ele></trkpt>
      <trkpt lat="45.96058" lon="10.90927"><ele>121</ele></trkpt>
      <trkpt lat="45.96046" lon="10.90911"><ele>121</ele></trkpt>
      <trkpt lat="45.96043" lon="10.90907"><ele>121</ele></trkpt>
      <trkpt lat="45.96021" lon="10.90878"><ele>121</ele></trkpt>
      <trkpt lat="45.96014" lon="10.90870"><ele>121</ele></trkpt>
      <trkpt lat="45.95998" lon="10.90849"><ele>120</ele></trkpt>
      <trkpt lat="45.95982" lon="10.90828"><ele>120</ele></trkpt>
      <trkpt lat="45.95969" lon="10.90812"><ele>120</ele></trkpt>
      <trkpt lat="45.95950" lon="10.90782"><ele>120</ele></trkpt>
      <trkpt lat="45.95942" lon="10.90770"><ele>120</ele></trkpt>
      <trkpt lat="45.95930" lon="10.90753"><ele>120</ele></trkpt>
      <trkpt lat="45.95926" lon="10.90748"><ele>120</ele></trkpt>
      <trkpt lat="45.95905" lon="10.90720"><ele>121</ele></trkpt>
      <trkpt lat="45.95900" lon="10.90714"><ele>121</ele></trkpt>
      <trkpt lat="45.95887" lon="10.90698"><ele>121</ele></trkpt>
      <trkpt lat="45.95864" lon="10.90669"><ele>121</ele></trkpt>
      <trkpt lat="45.95848" lon="10.90649"><ele>121</ele></trkpt>
      <trkpt lat="45.95821" lon="10.90614"><ele>121</ele></trkpt>
      <trkpt lat="45.95799" lon="10.90586"><ele>121</ele></trkpt>
      <trkpt lat="45.95778" lon="10.90560"><ele>121</ele></trkpt>
      <trkpt lat="45.95767" lon="10.90546"><ele>122</ele></trkpt>
      <trkpt lat="45.95755" lon="10.90531"><ele>122</ele></trkpt>
      <trkpt lat="45.95732" lon="10.90502"><ele>121</ele></trkpt>
      <trkpt lat="45.95728" lon="10.90497"><ele>121</ele></trkpt>
      <trkpt lat="45.95683" lon="10.90439"><ele>120</ele></trkpt>
      <trkpt lat="45.95670" lon="10.90417"><ele>121</ele></trkpt>
      <trkpt lat="45.95620" lon="10.90331"><ele>120</ele></trkpt>
      <trkpt lat="45.95605" lon="10.90304"><ele>122</ele></trkpt>
      <trkpt lat="45.95596" lon="10.90289"><ele>122</ele></trkpt>
      <trkpt lat="45.95576" lon="10.90257"><ele>122</ele></trkpt>
      <trkpt lat="45.95552" lon="10.90224"><ele>122</ele></trkpt>
      <trkpt lat="45.95523" lon="10.90193"><ele>122</ele></trkpt>
      <trkpt lat="45.95458" lon="10.90125"><ele>123</ele></trkpt>
      <trkpt lat="45.95435" lon="10.90100"><ele>123</ele></trkpt>
      <trkpt lat="45.95419" lon="10.90086"><ele>122</ele></trkpt>
      <trkpt lat="45.95409" lon="10.90079"><ele>122</ele></trkpt>
      <trkpt lat="45.95401" lon="10.90074"><ele>122</ele></trkpt>
      <trkpt lat="45.95388" lon="10.90067"><ele>122</ele></trkpt>
      <trkpt lat="45.95365" lon="10.90057"><ele>121</ele></trkpt>
      <trkpt lat="45.95359" lon="10.90056"><ele>121</ele></trkpt>
      <trkpt lat="45.95353" lon="10.90054"><ele>121</ele></trkpt>
      <trkpt lat="45.95340" lon="10.90053"><ele>121</ele></trkpt>
      <trkpt lat="45.95328" lon="10.90052"><ele>120</ele></trkpt>
      <trkpt lat="45.95308" lon="10.90054"><ele>120</ele></trkpt>
      <trkpt lat="45.95286" lon="10.90059"><ele>118</ele></trkpt>
      <trkpt lat="45.95269" lon="10.90064"><ele>118</ele></trkpt>
      <trkpt lat="45.95262" lon="10.90066"><ele>117</ele></trkpt>
      <trkpt lat="45.95242" lon="10.90071"><ele>117</ele></trkpt>
      <trkpt lat="45.95236" lon="10.90073"><ele>117</ele></trkpt>
      <trkpt lat="45.95216" lon="10.90078"><ele>117</ele></trkpt>
      <trkpt lat="45.95214" lon="10.90079"><ele>117</ele></trkpt>
      <trkpt lat="45.95184" lon="10.90086"><ele>116</ele></trkpt>
      <trkpt lat="45.95174" lon="10.90088"><ele>116</ele></trkpt>
      <trkpt lat="45.95170" lon="10.90089"><ele>116</ele></trkpt>
      <trkpt lat="45.95155" lon="10.90093"><ele>116</ele></trkpt>
      <trkpt lat="45.95132" lon="10.90099"><ele>115</ele></trkpt>
      <trkpt lat="45.95131" lon="10.90099"><ele>114</ele></trkpt>
      <trkpt lat="45.95112" lon="10.90104"><ele>114</ele></trkpt>
      <trkpt lat="45.95106" lon="10.90105"><ele>114</ele></trkpt>
      <trkpt lat="45.95103" lon="10.90106"><ele>114</ele></trkpt>
      <trkpt lat="45.95091" lon="10.90109"><ele>114</ele></trkpt>
      <trkpt lat="45.95059" lon="10.90118"><ele>114</ele></trkpt>
      <trkpt lat="45.95055" lon="10.90119"><ele>114</ele></trkpt>
      <trkpt lat="45.95045" lon="10.90122"><ele>113</ele></trkpt>
      <trkpt lat="45.95016" lon="10.90133"><ele>112</ele></trkpt>
      <trkpt lat="45.95007" lon="10.90137"><ele>112</ele></trkpt>
      <trkpt lat="45.95004" lon="10.90138"><ele>112</ele></trkpt>
      <trkpt lat="45.95001" lon="10.90140"><ele>112</ele></trkpt>
      <trkpt lat="45.94973" lon="10.90153"><ele>112</ele></trkpt>
      <trkpt lat="45.94957" lon="10.90161"><ele>111</ele></trkpt>
      <trkpt lat="45.94921" lon="10.90182"><ele>109</ele></trkpt>
      <trkpt lat="45.94913" lon="10.90187"><ele>108</ele></trkpt>
      <trkpt lat="45.94887" lon="10.90202"><ele>108</ele></trkpt>
      <trkpt lat="45.94822" lon="10.90241"><ele>106</ele></trkpt>
      <trkpt lat="45.94786" lon="10.90194"><ele>104</ele></trkpt>
      <trkpt lat="45.94784" lon="10.90193"><ele>104</ele></trkpt>
      <trkpt lat="45.94782" lon="10.90193"><ele>104</ele></trkpt>
      <trkpt lat="45.94743" lon="10.90228"><ele>104</ele></trkpt>
      <trkpt lat="45.94729" lon="10.90240"><ele>104</ele></trkpt>
      <trkpt lat="45.94713" lon="10.90251"><ele>104</ele></trkpt>
      <trkpt lat="45.94673" lon="10.90273"><ele>104</ele></trkpt>
      <trkpt lat="45.94639" lon="10.90284"><ele>102</ele></trkpt>
      <trkpt lat="45.94606" lon="10.90292"><ele>102</ele></trkpt>
      <trkpt lat="45.94584" lon="10.90295"><ele>103</ele></trkpt>
      <trkpt lat="45.94575" lon="10.90295"><ele>103</ele></trkpt>
      <trkpt lat="45.94559" lon="10.90293"><ele>102</ele></trkpt>
      <trkpt lat="45.94476" lon="10.90261"><ele>102</ele></trkpt>
      <trkpt lat="45.94476" lon="10.90261"><ele>102</ele></trkpt>
      <trkpt lat="45.94448" lon="10.90250"><ele>102</ele></trkpt>
      <trkpt lat="45.94437" lon="10.90245"><ele>102</ele></trkpt>
      <trkpt lat="45.94426" lon="10.90237"><ele>102</ele></trkpt>
      <trkpt lat="45.94417" lon="10.90230"><ele>102</ele></trkpt>
      <trkpt lat="45.94373" lon="10.90181"><ele>101</ele></trkpt>
      <trkpt lat="45.94287" lon="10.90076"><ele>100</ele></trkpt>
      <trkpt lat="45.94279" lon="10.90066"><ele>100</ele></trkpt>
      <trkpt lat="45.94261" lon="10.90044"><ele>100</ele></trkpt>
      <trkpt lat="45.94253" lon="10.90034"><ele>101</ele></trkpt>
      <trkpt lat="45.94244" lon="10.90025"><ele>100</ele></trkpt>
      <trkpt lat="45.94237" lon="10.90020"><ele>100</ele></trkpt>
      <trkpt lat="45.94233" lon="10.90019"><ele>100</ele></trkpt>
      <trkpt lat="45.94228" lon="10.90018"><ele>100</ele></trkpt>
      <trkpt lat="45.94205" lon="10.90016"><ele>99</ele></trkpt>
      <trkpt lat="45.94197" lon="10.90016"><ele>98</ele></trkpt>
      <trkpt lat="45.94190" lon="10.90019"><ele>98</ele></trkpt>
      <trkpt lat="45.94184" lon="10.90019"><ele>99</ele></trkpt>
      <trkpt lat="45.94128" lon="10.90019"><ele>98</ele></trkpt>
      <trkpt lat="45.94118" lon="10.90020"><ele>98</ele></trkpt>
      <trkpt lat="45.94078" lon="10.90032"><ele>98</ele></trkpt>
      <trkpt lat="45.94058" lon="10.90039"><ele>98</ele></trkpt>
      <trkpt lat="45.94031" lon="10.90046"><ele>98</ele></trkpt>
      <trkpt lat="45.94006" lon="10.90049"><ele>98</ele></trkpt>
      <trkpt lat="45.93993" lon="10.90049"><ele>98</ele></trkpt>
      <trkpt lat="45.93980" lon="10.90047"><ele>98</ele></trkpt>
      <trkpt lat="45.93940" lon="10.90036"><ele>98</ele></trkpt>
      <trkpt lat="45.93919" lon="10.90029"><ele>99</ele></trkpt>
      <trkpt lat="45.93900" lon="10.90020"><ele>98</ele></trkpt>
      <trkpt lat="45.93869" lon="10.89999"><ele>98</ele></trkpt>
      <trkpt lat="45.93842" lon="10.89975"><ele>98</ele></trkpt>
      <trkpt lat="45.93800" lon="10.89943"><ele>98</ele></trkpt>
      <trkpt lat="45.93761" lon="10.89898"><ele>97</ele></trkpt>
      <trkpt lat="45.93748" lon="10.89878"><ele>97</ele></trkpt>
      <trkpt lat="45.93729" lon="10.89852"><ele>97</ele></trkpt>
      <trkpt lat="45.93699" lon="10.89801"><ele>97</ele></trkpt>
      <trkpt lat="45.93680" lon="10.89759"><ele>96</ele></trkpt>
      <trkpt lat="45.93677" lon="10.89750"><ele>96</ele></trkpt>
      <trkpt lat="45.93673" lon="10.89735"><ele>96</ele></trkpt>
      <trkpt lat="45.93669" lon="10.89717"><ele>97</ele></trkpt>
      <trkpt lat="45.93667" lon="10.89704"><ele>98</ele></trkpt>
      <trkpt lat="45.93666" lon="10.89690"><ele>98</ele></trkpt>
      <trkpt lat="45.93667" lon="10.89664"><ele>98</ele></trkpt>
      <trkpt lat="45.93666" lon="10.89661"><ele>98</ele></trkpt>
      <trkpt lat="45.93664" lon="10.89658"><ele>98</ele></trkpt>
      <trkpt lat="45.93605" lon="10.89597"><ele>97</ele></trkpt>
      <trkpt lat="45.93565" lon="10.89569"><ele>97</ele></trkpt>
      <trkpt lat="45.93520" lon="10.89527"><ele>96</ele></trkpt>
      <trkpt lat="45.93513" lon="10.89521"><ele>96</ele></trkpt>
      <trkpt lat="45.93507" lon="10.89518"><ele>96</ele></trkpt>
      <trkpt lat="45.93499" lon="10.89517"><ele>96</ele></trkpt>
      <trkpt lat="45.93476" lon="10.89517"><ele>96</ele></trkpt>
      <trkpt lat="45.93448" lon="10.89518"><ele>96</ele></trkpt>
      <trkpt lat="45.93441" lon="10.89517"><ele>96</ele></trkpt>
      <trkpt lat="45.93436" lon="10.89514"><ele>96</ele></trkpt>
      <trkpt lat="45.93414" lon="10.89498"><ele>94</ele></trkpt>
      <trkpt lat="45.93406" lon="10.89491"><ele>94</ele></trkpt>
      <trkpt lat="45.93399" lon="10.89488"><ele>93</ele></trkpt>
      <trkpt lat="45.93375" lon="10.89481"><ele>93</ele></trkpt>
      <trkpt lat="45.93362" lon="10.89476"><ele>93</ele></trkpt>
      <trkpt lat="45.93343" lon="10.89470"><ele>92</ele></trkpt>
      <trkpt lat="45.93293" lon="10.89459"><ele>92</ele></trkpt>
      <trkpt lat="45.93256" lon="10.89454"><ele>92</ele></trkpt>
      <trkpt lat="45.93208" lon="10.89441"><ele>92</ele></trkpt>
      <trkpt lat="45.93154" lon="10.89425"><ele>92</ele></trkpt>
      <trkpt lat="45.93145" lon="10.89421"><ele>92</ele></trkpt>
      <trkpt lat="45.93090" lon="10.89385"><ele>92</ele></trkpt>
      <trkpt lat="45.93075" lon="10.89373"><ele>91</ele></trkpt>
      <trkpt lat="45.93037" lon="10.89361"><ele>92</ele></trkpt>
      <trkpt lat="45.92924" lon="10.89334"><ele>92</ele></trkpt>
      <trkpt lat="45.92918" lon="10.89335"><ele>93</ele></trkpt>
      <trkpt lat="45.92856" lon="10.89359"><ele>92</ele></trkpt>
      <trkpt lat="45.92849" lon="10.89360"><ele>92</ele></trkpt>
      <trkpt lat="45.92767" lon="10.89343"><ele>90</ele></trkpt>
      <trkpt lat="45.92758" lon="10.89343"><ele>90</ele></trkpt>
      <trkpt lat="45.92754" lon="10.89344"><ele>90</ele></trkpt>
      <trkpt lat="45.92691" lon="10.89379"><ele>91</ele></trkpt>
      <trkpt lat="45.92681" lon="10.89383"><ele>91</ele></trkpt>
      <trkpt lat="45.92670" lon="10.89386"><ele>92</ele></trkpt>
      <trkpt lat="45.92631" lon="10.89383"><ele>91</ele></trkpt>
      <trkpt lat="45.92593" lon="10.89378"><ele>90</ele></trkpt>
      <trkpt lat="45.92560" lon="10.89365"><ele>90</ele></trkpt>
      <trkpt lat="45.92542" lon="10.89354"><ele>90</ele></trkpt>
      <trkpt lat="45.92505" lon="10.89323"><ele>89</ele></trkpt>
      <trkpt lat="45.92488" lon="10.89311"><ele>88</ele></trkpt>
      <trkpt lat="45.92464" lon="10.89299"><ele>89</ele></trkpt>
      <trkpt lat="45.92433" lon="10.89290"><ele>88</ele></trkpt>
      <trkpt lat="45.92415" lon="10.89288"><ele>88</ele></trkpt>
      <trkpt lat="45.92355" lon="10.89283"><ele>90</ele></trkpt>
      <trkpt lat="45.92350" lon="10.89284"><ele>90</ele></trkpt>
      <trkpt lat="45.92348" lon="10.89285"><ele>90</ele></trkpt>
      <trkpt lat="45.92342" lon="10.89287"><ele>91</ele></trkpt>
      <trkpt lat="45.92339" lon="10.89287"><ele>91</ele></trkpt>
      <trkpt lat="45.92337" lon="10.89286"><ele>91</ele></trkpt>
      <trkpt lat="45.92336" lon="10.89284"><ele>91</ele></trkpt>
      <trkpt lat="45.92335" lon="10.89282"><ele>91</ele></trkpt>
      <trkpt lat="45.92335" lon="10.89278"><ele>91</ele></trkpt>
      <trkpt lat="45.92350" lon="10.89202"><ele>89</ele></trkpt>
      <trkpt lat="45.92350" lon="10.89199"><ele>90</ele></trkpt>
      <trkpt lat="45.92325" lon="10.89189"><ele>90</ele></trkpt>
      <trkpt lat="45.92308" lon="10.89181"><ele>88</ele></trkpt>
      <trkpt lat="45.92293" lon="10.89172"><ele>88</ele></trkpt>
      <trkpt lat="45.92273" lon="10.89159"><ele>88</ele></trkpt>
      <trkpt lat="45.92265" lon="10.89150"><ele>88</ele></trkpt>
      <trkpt lat="45.92257" lon="10.89140"><ele>88</ele></trkpt>
      <trkpt lat="45.92240" lon="10.89115"><ele>88</ele></trkpt>
      <trkpt lat="45.92221" lon="10.89084"><ele>89</ele></trkpt>
      <trkpt lat="45.92211" lon="10.89072"><ele>88</ele></trkpt>
      <trkpt lat="45.92202" lon="10.89064"><ele>88</ele></trkpt>
      <trkpt lat="45.92190" lon="10.89052"><ele>88</ele></trkpt>
      <trkpt lat="45.92162" lon="10.89025"><ele>88</ele></trkpt>
      <trkpt lat="45.92119" lon="10.88991"><ele>87</ele></trkpt>
      <trkpt lat="45.92101" lon="10.88978"><ele>88</ele></trkpt>
      <trkpt lat="45.92094" lon="10.88975"><ele>88</ele></trkpt>
      <trkpt lat="45.92088" lon="10.88973"><ele>88</ele></trkpt>
      <trkpt lat="45.92084" lon="10.88969"><ele>88</ele></trkpt>
      <trkpt lat="45.92077" lon="10.88970"><ele>88</ele></trkpt>
      <trkpt lat="45.92073" lon="10.88969"><ele>88</ele></trkpt>
      <trkpt lat="45.92069" lon="10.88969"><ele>87</ele></trkpt>
      <trkpt lat="45.92066" lon="10.88968"><ele>87</ele></trkpt>
      <trkpt lat="45.92066" lon="10.88964"><ele>88</ele></trkpt>
      <trkpt lat="45.92064" lon="10.88960"><ele>88</ele></trkpt>
      <trkpt lat="45.92054" lon="10.88955"><ele>88</ele></trkpt>
      <trkpt lat="45.92042" lon="10.88948"><ele>89</ele></trkpt>
      <trkpt lat="45.92009" lon="10.88928"><ele>89</ele></trkpt>
      <trkpt lat="45.92006" lon="10.88927"><ele>89</ele></trkpt>
      <trkpt lat="45.92002" lon="10.88927"><ele>88</ele></trkpt>
      <trkpt lat="45.92000" lon="10.88917"><ele>90</ele></trkpt>
      <trkpt lat="45.91985" lon="10.88912"><ele>90</ele></trkpt>
      <trkpt lat="45.91973" lon="10.88909"><ele>90</ele></trkpt>
      <trkpt lat="45.91962" lon="10.88906"><ele>90</ele></trkpt>
      <trkpt lat="45.91954" lon="10.88903"><ele>89</ele></trkpt>
      <trkpt lat="45.91937" lon="10.88898"><ele>88</ele></trkpt>
      <trkpt lat="45.91922" lon="10.88893"><ele>88</ele></trkpt>
      <trkpt lat="45.91903" lon="10.88881"><ele>88</ele></trkpt>
      <trkpt lat="45.91896" lon="10.88874"><ele>88</ele></trkpt>
      <trkpt lat="45.91893" lon="10.88872"><ele>88</ele></trkpt>
      <trkpt lat="45.91846" lon="10.88831"><ele>88</ele></trkpt>
      <trkpt lat="45.91835" lon="10.88820"><ele>88</ele></trkpt>
      <trkpt lat="45.91795" lon="10.88779"><ele>88</ele></trkpt>
      <trkpt lat="45.91784" lon="10.88768"><ele>88</ele></trkpt>
      <trkpt lat="45.91782" lon="10.88766"><ele>88</ele></trkpt>
      <trkpt lat="45.91774" lon="10.88759"><ele>88</ele></trkpt>
      <trkpt lat="45.91767" lon="10.88752"><ele>88</ele></trkpt>
      <trkpt lat="45.91763" lon="10.88742"><ele>88</ele></trkpt>
      <trkpt lat="45.91761" lon="10.88735"><ele>88</ele></trkpt>
      <trkpt lat="45.91762" lon="10.88730"><ele>89</ele></trkpt>
      <trkpt lat="45.91764" lon="10.88724"><ele>89</ele></trkpt>
      <trkpt lat="45.91780" lon="10.88691"><ele>89</ele></trkpt>
      <trkpt lat="45.91797" lon="10.88650"><ele>90</ele></trkpt>
      <trkpt lat="45.91801" lon="10.88639"><ele>90</ele></trkpt>
      <trkpt lat="45.91804" lon="10.88632"><ele>90</ele></trkpt>
      <trkpt lat="45.91806" lon="10.88625"><ele>90</ele></trkpt>
      <trkpt lat="45.91806" lon="10.88619"><ele>90</ele></trkpt>
      <trkpt lat="45.91807" lon="10.88617"><ele>90</ele></trkpt>
      <trkpt lat="45.91808" lon="10.88613"><ele>90</ele></trkpt>
      <trkpt lat="45.91808" lon="10.88610"><ele>90</ele></trkpt>
      <trkpt lat="45.91806" lon="10.88606"><ele>90</ele></trkpt>
      <trkpt lat="45.91811" lon="10.88609"><ele>90</ele></trkpt>
      <trkpt lat="45.91813" lon="10.88610"><ele>90</ele></trkpt>
      <trkpt lat="45.91811" lon="10.88609"><ele>90</ele></trkpt>
      <trkpt lat="45.91806" lon="10.88606"><ele>90</ele></trkpt>
      <trkpt lat="45.91805" lon="10.88604"><ele>90</ele></trkpt>
      <trkpt lat="45.91803" lon="10.88603"><ele>90</ele></trkpt>
      <trkpt lat="45.91795" lon="10.88591"><ele>90</ele></trkpt>
      <trkpt lat="45.91787" lon="10.88581"><ele>90</ele></trkpt>
      <trkpt lat="45.91783" lon="10.88570"><ele>90</ele></trkpt>
      <trkpt lat="45.91780" lon="10.88557"><ele>89</ele></trkpt>
      <trkpt lat="45.91780" lon="10.88521"><ele>89</ele></trkpt>
      <trkpt lat="45.91783" lon="10.88485"><ele>89</ele></trkpt>
      <trkpt lat="45.91785" lon="10.88457"><ele>89</ele></trkpt>
      <trkpt lat="45.91785" lon="10.88451"><ele>89</ele></trkpt>
      <trkpt lat="45.91785" lon="10.88442"><ele>89</ele></trkpt>
      <trkpt lat="45.91783" lon="10.88415"><ele>89</ele></trkpt>
      <trkpt lat="45.91781" lon="10.88391"><ele>89</ele></trkpt>
      <trkpt lat="45.91775" lon="10.88364"><ele>89</ele></trkpt>
      <trkpt lat="45.91768" lon="10.88324"><ele>88</ele></trkpt>
      <trkpt lat="45.91765" lon="10.88308"><ele>88</ele></trkpt>
      <trkpt lat="45.91761" lon="10.88309"><ele>88</ele></trkpt>
      <trkpt lat="45.91760" lon="10.88306"><ele>88</ele></trkpt>
      <trkpt lat="45.91752" lon="10.88250"><ele>88</ele></trkpt>
      <trkpt lat="45.91750" lon="10.88248"><ele>88</ele></trkpt>
      <trkpt lat="45.91742" lon="10.88194"><ele>88</ele></trkpt>
      <trkpt lat="45.91742" lon="10.88184"><ele>88</ele></trkpt>
      <trkpt lat="45.91741" lon="10.88169"><ele>88</ele></trkpt>
      <trkpt lat="45.91739" lon="10.88162"><ele>88</ele></trkpt>
      <trkpt lat="45.91738" lon="10.88159"><ele>88</ele></trkpt>
      <trkpt lat="45.91726" lon="10.88142"><ele>88</ele></trkpt>
      <trkpt lat="45.91712" lon="10.88130"><ele>88</ele></trkpt>
      <trkpt lat="45.91704" lon="10.88123"><ele>88</ele></trkpt>
      <trkpt lat="45.91684" lon="10.88107"><ele>88</ele></trkpt>
      <trkpt lat="45.91680" lon="10.88105"><ele>87</ele></trkpt>
      <trkpt lat="45.91667" lon="10.88092"><ele>87</ele></trkpt>
      <trkpt lat="45.91663" lon="10.88087"><ele>87</ele></trkpt>
      <trkpt lat="45.91656" lon="10.88081"><ele>87</ele></trkpt>
      <trkpt lat="45.91654" lon="10.88079"><ele>87</ele></trkpt>
      <trkpt lat="45.91651" lon="10.88077"><ele>87</ele></trkpt>
      <trkpt lat="45.91647" lon="10.88076"><ele>87</ele></trkpt>
      <trkpt lat="45.91649" lon="10.88066"><ele>87</ele></trkpt>
      <trkpt lat="45.91650" lon="10.88059"><ele>87</ele></trkpt>
      <trkpt lat="45.91615" lon="10.88011"><ele>87</ele></trkpt>
      <trkpt lat="45.91624" lon="10.87992"><ele>87</ele></trkpt>
      <trkpt lat="45.91618" lon="10.87983"><ele>87</ele></trkpt>
      <trkpt lat="45.91597" lon="10.87949"><ele>87</ele></trkpt>
      <trkpt lat="45.91555" lon="10.87903"><ele>86</ele></trkpt>
      <trkpt lat="45.91553" lon="10.87899"><ele>86</ele></trkpt>
      <trkpt lat="45.91547" lon="10.87896"><ele>86</ele></trkpt>
      <trkpt lat="45.91544" lon="10.87895"><ele>86</ele></trkpt>
      <trkpt lat="45.91542" lon="10.87896"><ele>86</ele></trkpt>
      <trkpt lat="45.91540" lon="10.87899"><ele>86</ele></trkpt>
      <trkpt lat="45.91537" lon="10.87895"><ele>86</ele></trkpt>
      <trkpt lat="45.91534" lon="10.87892"><ele>86</ele></trkpt>
      <trkpt lat="45.91536" lon="10.87888"><ele>86</ele></trkpt>
      <trkpt lat="45.91536" lon="10.87882"><ele>86</ele></trkpt>
      <trkpt lat="45.91532" lon="10.87875"><ele>86</ele></trkpt>
      <trkpt lat="45.91503" lon="10.87836"><ele>86</ele></trkpt>
      <trkpt lat="45.91439" lon="10.87760"><ele>85</ele></trkpt>
      <trkpt lat="45.91434" lon="10.87753"><ele>85</ele></trkpt>
      <trkpt lat="45.91421" lon="10.87739"><ele>85</ele></trkpt>
      <trkpt lat="45.91399" lon="10.87716"><ele>85</ele></trkpt>
      <trkpt lat="45.91385" lon="10.87701"><ele>85</ele></trkpt>
      <trkpt lat="45.91361" lon="10.87674"><ele>85</ele></trkpt>
      <trkpt lat="45.91338" lon="10.87646"><ele>85</ele></trkpt>
      <trkpt lat="45.91308" lon="10.87613"><ele>85</ele></trkpt>
      <trkpt lat="45.91305" lon="10.87611"><ele>85</ele></trkpt>
      <trkpt lat="45.91301" lon="10.87607"><ele>85</ele></trkpt>
      <trkpt lat="45.91291" lon="10.87596"><ele>85</ele></trkpt>
      <trkpt lat="45.91251" lon="10.87552"><ele>84</ele></trkpt>
      <trkpt lat="45.91231" lon="10.87530"><ele>84</ele></trkpt>
      <trkpt lat="45.91214" lon="10.87512"><ele>84</ele></trkpt>
      <trkpt lat="45.91212" lon="10.87510"><ele>84</ele></trkpt>
      <trkpt lat="45.91200" lon="10.87496"><ele>84</ele></trkpt>
      <trkpt lat="45.91171" lon="10.87461"><ele>83</ele></trkpt>
      <trkpt lat="45.91158" lon="10.87444"><ele>84</ele></trkpt>
      <trkpt lat="45.91139" lon="10.87414"><ele>84</ele></trkpt>
      <trkpt lat="45.91119" lon="10.87379"><ele>83</ele></trkpt>
      <trkpt lat="45.91113" lon="10.87367"><ele>83</ele></trkpt>
      <trkpt lat="45.91110" lon="10.87360"><ele>83</ele></trkpt>
      <trkpt lat="45.91073" lon="10.87288"><ele>82</ele></trkpt>
      <trkpt lat="45.91061" lon="10.87265"><ele>82</ele></trkpt>
      <trkpt lat="45.91058" lon="10.87260"><ele>82</ele></trkpt>
      <trkpt lat="45.91053" lon="10.87255"><ele>82</ele></trkpt>
      <trkpt lat="45.91049" lon="10.87250"><ele>82</ele></trkpt>
      <trkpt lat="45.91045" lon="10.87243"><ele>82</ele></trkpt>
      <trkpt lat="45.91041" lon="10.87233"><ele>82</ele></trkpt>
      <trkpt lat="45.91038" lon="10.87229"><ele>82</ele></trkpt>
      <trkpt lat="45.91035" lon="10.87227"><ele>82</ele></trkpt>
      <trkpt lat="45.91030" lon="10.87226"><ele>81</ele></trkpt>
      <trkpt lat="45.91023" lon="10.87228"><ele>81</ele></trkpt>
      <trkpt lat="45.91012" lon="10.87233"><ele>81</ele></trkpt>
      <trkpt lat="45.91006" lon="10.87232"><ele>81</ele></trkpt>
      <trkpt lat="45.90998" lon="10.87226"><ele>81</ele></trkpt>
      <trkpt lat="45.90991" lon="10.87217"><ele>81</ele></trkpt>
      <trkpt lat="45.90989" lon="10.87210"><ele>81</ele></trkpt>
      <trkpt lat="45.90987" lon="10.87202"><ele>82</ele></trkpt>
      <trkpt lat="45.90987" lon="10.87189"><ele>82</ele></trkpt>
      <trkpt lat="45.90988" lon="10.87181"><ele>82</ele></trkpt>
      <trkpt lat="45.90994" lon="10.87155"><ele>82</ele></trkpt>
      <trkpt lat="45.90995" lon="10.87149"><ele>82</ele></trkpt>
      <trkpt lat="45.90994" lon="10.87143"><ele>82</ele></trkpt>
      <trkpt lat="45.90993" lon="10.87133"><ele>82</ele></trkpt>
      <trkpt lat="45.90989" lon="10.87123"><ele>82</ele></trkpt>
      <trkpt lat="45.90974" lon="10.87097"><ele>82</ele></trkpt>
      <trkpt lat="45.90958" lon="10.87072"><ele>82</ele></trkpt>
      <trkpt lat="45.90953" lon="10.87062"><ele>81</ele></trkpt>
      <trkpt lat="45.90948" lon="10.87057"><ele>81</ele></trkpt>
      <trkpt lat="45.90932" lon="10.87035"><ele>81</ele></trkpt>
      <trkpt lat="45.90931" lon="10.87032"><ele>81</ele></trkpt>
      <trkpt lat="45.90930" lon="10.87026"><ele>81</ele></trkpt>
      <trkpt lat="45.90911" lon="10.86998"><ele>81</ele></trkpt>
      <trkpt lat="45.90893" lon="10.86971"><ele>81</ele></trkpt>
      <trkpt lat="45.90874" lon="10.86941"><ele>80</ele></trkpt>
      <trkpt lat="45.90846" lon="10.86899"><ele>80</ele></trkpt>
      <trkpt lat="45.90835" lon="10.86882"><ele>80</ele></trkpt>
      <trkpt lat="45.90795" lon="10.86823"><ele>80</ele></trkpt>
      <trkpt lat="45.90768" lon="10.86785"><ele>80</ele></trkpt>
      <trkpt lat="45.90756" lon="10.86776"><ele>79</ele></trkpt>
      <trkpt lat="45.90750" lon="10.86773"><ele>79</ele></trkpt>
      <trkpt lat="45.90732" lon="10.86775"><ele>79</ele></trkpt>
      <trkpt lat="45.90725" lon="10.86773"><ele>79</ele></trkpt>
      <trkpt lat="45.90719" lon="10.86774"><ele>79</ele></trkpt>
      <trkpt lat="45.90715" lon="10.86777"><ele>79</ele></trkpt>
      <trkpt lat="45.90711" lon="10.86771"><ele>79</ele></trkpt>
      <trkpt lat="45.90707" lon="10.86766"><ele>79</ele></trkpt>
      <trkpt lat="45.90704" lon="10.86761"><ele>79</ele></trkpt>
      <trkpt lat="45.90706" lon="10.86755"><ele>79</ele></trkpt>
      <trkpt lat="45.90707" lon="10.86748"><ele>79</ele></trkpt>
      <trkpt lat="45.90708" lon="10.86725"><ele>79</ele></trkpt>
      <trkpt lat="45.90705" lon="10.86713"><ele>79</ele></trkpt>
      <trkpt lat="45.90699" lon="10.86701"><ele>79</ele></trkpt>
      <trkpt lat="45.90654" lon="10.86644"><ele>79</ele></trkpt>
      <trkpt lat="45.90626" lon="10.86608"><ele>78</ele></trkpt>
      <trkpt lat="45.90620" lon="10.86601"><ele>78</ele></trkpt>
      <trkpt lat="45.90602" lon="10.86579"><ele>78</ele></trkpt>
      <trkpt lat="45.90599" lon="10.86575"><ele>78</ele></trkpt>
      <trkpt lat="45.90576" lon="10.86547"><ele>78</ele></trkpt>
      <trkpt lat="45.90570" lon="10.86540"><ele>78</ele></trkpt>
      <trkpt lat="45.90541" lon="10.86502"><ele>78</ele></trkpt>
      <trkpt lat="45.90527" lon="10.86486"><ele>78</ele></trkpt>
      <trkpt lat="45.90509" lon="10.86463"><ele>78</ele></trkpt>
      <trkpt lat="45.90486" lon="10.86435"><ele>78</ele></trkpt>
      <trkpt lat="45.90472" lon="10.86426"><ele>79</ele></trkpt>
      <trkpt lat="45.90463" lon="10.86415"><ele>79</ele></trkpt>
      <trkpt lat="45.90459" lon="10.86410"><ele>79</ele></trkpt>
      <trkpt lat="45.90453" lon="10.86397"><ele>78</ele></trkpt>
      <trkpt lat="45.90451" lon="10.86396"><ele>78</ele></trkpt>
      <trkpt lat="45.90448" lon="10.86395"><ele>79</ele></trkpt>
      <trkpt lat="45.90445" lon="10.86396"><ele>79</ele></trkpt>
      <trkpt lat="45.90442" lon="10.86401"><ele>79</ele></trkpt>
      <trkpt lat="45.90438" lon="10.86396"><ele>78</ele></trkpt>
      <trkpt lat="45.90434" lon="10.86392"><ele>78</ele></trkpt>
      <trkpt lat="45.90437" lon="10.86387"><ele>78</ele></trkpt>
      <trkpt lat="45.90438" lon="10.86381"><ele>78</ele></trkpt>
      <trkpt lat="45.90438" lon="10.86372"><ele>78</ele></trkpt>
      <trkpt lat="45.90436" lon="10.86369"><ele>78</ele></trkpt>
      <trkpt lat="45.90425" lon="10.86351"><ele>78</ele></trkpt>
      <trkpt lat="45.90396" lon="10.86301"><ele>78</ele></trkpt>
      <trkpt lat="45.90391" lon="10.86293"><ele>79</ele></trkpt>
      <trkpt lat="45.90383" lon="10.86277"><ele>79</ele></trkpt>
      <trkpt lat="45.90371" lon="10.86256"><ele>78</ele></trkpt>
      <trkpt lat="45.90336" lon="10.86196"><ele>79</ele></trkpt>
      <trkpt lat="45.90315" lon="10.86159"><ele>79</ele></trkpt>
      <trkpt lat="45.90312" lon="10.86155"><ele>79</ele></trkpt>
      <trkpt lat="45.90309" lon="10.86155"><ele>79</ele></trkpt>
      <trkpt lat="45.90306" lon="10.86157"><ele>79</ele></trkpt>
      <trkpt lat="45.90304" lon="10.86161"><ele>79</ele></trkpt>
      <trkpt lat="45.90299" lon="10.86158"><ele>79</ele></trkpt>
      <trkpt lat="45.90296" lon="10.86156"><ele>79</ele></trkpt>
      <trkpt lat="45.90300" lon="10.86144"><ele>79</ele></trkpt>
      <trkpt lat="45.90301" lon="10.86138"><ele>79</ele></trkpt>
      <trkpt lat="45.90300" lon="10.86134"><ele>79</ele></trkpt>
      <trkpt lat="45.90262" lon="10.86069"><ele>80</ele></trkpt>
      <trkpt lat="45.90258" lon="10.86061"><ele>81</ele></trkpt>
      <trkpt lat="45.90256" lon="10.86058"><ele>81</ele></trkpt>
      <trkpt lat="45.90226" lon="10.86003"><ele>82</ele></trkpt>
      <trkpt lat="45.90182" lon="10.85931"><ele>82</ele></trkpt>
      <trkpt lat="45.90179" lon="10.85926"><ele>82</ele></trkpt>
      <trkpt lat="45.90159" lon="10.85892"><ele>82</ele></trkpt>
      <trkpt lat="45.90134" lon="10.85849"><ele>83</ele></trkpt>
      <trkpt lat="45.90121" lon="10.85828"><ele>83</ele></trkpt>
      <trkpt lat="45.90116" lon="10.85820"><ele>83</ele></trkpt>
      <trkpt lat="45.90111" lon="10.85811"><ele>83</ele></trkpt>
      <trkpt lat="45.90104" lon="10.85797"><ele>83</ele></trkpt>
      <trkpt lat="45.90077" lon="10.85751"><ele>84</ele></trkpt>
      <trkpt lat="45.90072" lon="10.85742"><ele>84</ele></trkpt>
      <trkpt lat="45.90058" lon="10.85718"><ele>84</ele></trkpt>
      <trkpt lat="45.90055" lon="10.85714"><ele>84</ele></trkpt>
      <trkpt lat="45.90030" lon="10.85670"><ele>84</ele></trkpt>
      <trkpt lat="45.90001" lon="10.85619"><ele>84</ele></trkpt>
      <trkpt lat="45.89999" lon="10.85614"><ele>85</ele></trkpt>
      <trkpt lat="45.89984" lon="10.85589"><ele>84</ele></trkpt>
      <trkpt lat="45.89979" lon="10.85579"><ele>85</ele></trkpt>
      <trkpt lat="45.89962" lon="10.85550"><ele>85</ele></trkpt>
      <trkpt lat="45.89948" lon="10.85526"><ele>85</ele></trkpt>
      <trkpt lat="45.89914" lon="10.85467"><ele>86</ele></trkpt>
      <trkpt lat="45.89912" lon="10.85465"><ele>86</ele></trkpt>
      <trkpt lat="45.89908" lon="10.85464"><ele>86</ele></trkpt>
      <trkpt lat="45.89905" lon="10.85465"><ele>86</ele></trkpt>
      <trkpt lat="45.89902" lon="10.85468"><ele>86</ele></trkpt>
      <trkpt lat="45.89899" lon="10.85464"><ele>86</ele></trkpt>
      <trkpt lat="45.89897" lon="10.85460"><ele>86</ele></trkpt>
      <trkpt lat="45.89899" lon="10.85457"><ele>86</ele></trkpt>
      <trkpt lat="45.89899" lon="10.85455"><ele>86</ele></trkpt>
      <trkpt lat="45.89900" lon="10.85451"><ele>87</ele></trkpt>
      <trkpt lat="45.89900" lon="10.85449"><ele>87</ele></trkpt>
      <trkpt lat="45.89899" lon="10.85445"><ele>87</ele></trkpt>
      <trkpt lat="45.89893" lon="10.85433"><ele>87</ele></trkpt>
      <trkpt lat="45.89856" lon="10.85369"><ele>89</ele></trkpt>
      <trkpt lat="45.89837" lon="10.85340"><ele>90</ele></trkpt>
      <trkpt lat="45.89829" lon="10.85330"><ele>90</ele></trkpt>
      <trkpt lat="45.89812" lon="10.85306"><ele>90</ele></trkpt>
      <trkpt lat="45.89803" lon="10.85294"><ele>90</ele></trkpt>
      <trkpt lat="45.89800" lon="10.85291"><ele>90</ele></trkpt>
      <trkpt lat="45.89780" lon="10.85270"><ele>90</ele></trkpt>
      <trkpt lat="45.89772" lon="10.85263"><ele>90</ele></trkpt>
      <trkpt lat="45.89761" lon="10.85256"><ele>90</ele></trkpt>
      <trkpt lat="45.89750" lon="10.85250"><ele>90</ele></trkpt>
      <trkpt lat="45.89743" lon="10.85249"><ele>90</ele></trkpt>
      <trkpt lat="45.89736" lon="10.85251"><ele>90</ele></trkpt>
      <trkpt lat="45.89732" lon="10.85254"><ele>89</ele></trkpt>
      <trkpt lat="45.89728" lon="10.85250"><ele>89</ele></trkpt>
      <trkpt lat="45.89725" lon="10.85246"><ele>89</ele></trkpt>
      <trkpt lat="45.89722" lon="10.85243"><ele>89</ele></trkpt>
      <trkpt lat="45.89723" lon="10.85233"><ele>89</ele></trkpt>
      <trkpt lat="45.89721" lon="10.85224"><ele>89</ele></trkpt>
      <trkpt lat="45.89719" lon="10.85217"><ele>89</ele></trkpt>
      <trkpt lat="45.89716" lon="10.85212"><ele>89</ele></trkpt>
      <trkpt lat="45.89711" lon="10.85205"><ele>89</ele></trkpt>
      <trkpt lat="45.89684" lon="10.85177"><ele>89</ele></trkpt>
      <trkpt lat="45.89681" lon="10.85174"><ele>89</ele></trkpt>
      <trkpt lat="45.89650" lon="10.85143"><ele>90</ele></trkpt>
      <trkpt lat="45.89647" lon="10.85136"><ele>90</ele></trkpt>
      <trkpt lat="45.89612" lon="10.85100"><ele>89</ele></trkpt>
      <trkpt lat="45.89607" lon="10.85094"><ele>88</ele></trkpt>
      <trkpt lat="45.89591" lon="10.85079"><ele>87</ele></trkpt>
      <trkpt lat="45.89578" lon="10.85065"><ele>88</ele></trkpt>
      <trkpt lat="45.89567" lon="10.85054"><ele>87</ele></trkpt>
      <trkpt lat="45.89559" lon="10.85046"><ele>87</ele></trkpt>
      <trkpt lat="45.89533" lon="10.85019"><ele>87</ele></trkpt>
      <trkpt lat="45.89500" lon="10.84984"><ele>87</ele></trkpt>
      <trkpt lat="45.89497" lon="10.84980"><ele>87</ele></trkpt>
      <trkpt lat="45.89495" lon="10.84977"><ele>87</ele></trkpt>
      <trkpt lat="45.89492" lon="10.84974"><ele>86</ele></trkpt>
      <trkpt lat="45.89485" lon="10.84966"><ele>86</ele></trkpt>
      <trkpt lat="45.89476" lon="10.84957"><ele>86</ele></trkpt>
      <trkpt lat="45.89443" lon="10.84922"><ele>85</ele></trkpt>
      <trkpt lat="45.89440" lon="10.84919"><ele>85</ele></trkpt>
      <trkpt lat="45.89427" lon="10.84906"><ele>85</ele></trkpt>
      <trkpt lat="45.89420" lon="10.84899"><ele>85</ele></trkpt>
      <trkpt lat="45.89386" lon="10.84862"><ele>84</ele></trkpt>
      <trkpt lat="45.89362" lon="10.84836"><ele>84</ele></trkpt>
      <trkpt lat="45.89359" lon="10.84834"><ele>84</ele></trkpt>
      <trkpt lat="45.89230" lon="10.84695"><ele>85</ele></trkpt>
      <trkpt lat="45.89223" lon="10.84686"><ele>85</ele></trkpt>
      <trkpt lat="45.89220" lon="10.84683"><ele>85</ele></trkpt>
      <trkpt lat="45.89218" lon="10.84681"><ele>85</ele></trkpt>
      <trkpt lat="45.89209" lon="10.84671"><ele>85</ele></trkpt>
      <trkpt lat="45.89200" lon="10.84682"><ele>84</ele></trkpt>
      <trkpt lat="45.89190" lon="10.84690"><ele>83</ele></trkpt>
      <trkpt lat="45.89162" lon="10.84708"><ele>83</ele></trkpt>
      <trkpt lat="45.89113" lon="10.84740"><ele>81</ele></trkpt>
      <trkpt lat="45.89086" lon="10.84759"><ele>79</ele></trkpt>
      <trkpt lat="45.89019" lon="10.84794"><ele>79</ele></trkpt>
      <trkpt lat="45.88994" lon="10.84804"><ele>79</ele></trkpt>
      <trkpt lat="45.88981" lon="10.84811"><ele>78</ele></trkpt>
      <trkpt lat="45.88970" lon="10.84813"><ele>78</ele></trkpt>
      <trkpt lat="45.88958" lon="10.84813"><ele>78</ele></trkpt>
      <trkpt lat="45.88936" lon="10.84810"><ele>78</ele></trkpt>
      <trkpt lat="45.88901" lon="10.84793"><ele>77</ele></trkpt>
      <trkpt lat="45.88902" lon="10.84799"><ele>78</ele></trkpt>
      <trkpt lat="45.88899" lon="10.84802"><ele>78</ele></trkpt>
      <trkpt lat="45.88896" lon="10.84805"><ele>78</ele></trkpt>
      <trkpt lat="45.88854" lon="10.84718"><ele>75</ele></trkpt>
      <trkpt lat="45.88853" lon="10.84717"><ele>75</ele></trkpt>
      <trkpt lat="45.88852" lon="10.84718"><ele>75</ele></trkpt>
      <trkpt lat="45.88851" lon="10.84721"><ele>75</ele></trkpt>
      <trkpt lat="45.88846" lon="10.84744"><ele>75</ele></trkpt>
      <trkpt lat="45.88843" lon="10.84764"><ele>75</ele></trkpt>
      <trkpt lat="45.88836" lon="10.84802"><ele>76</ele></trkpt>
      <trkpt lat="45.88843" lon="10.84805"><ele>76</ele></trkpt>
      <trkpt lat="45.88842" lon="10.84811"><ele>76</ele></trkpt>
      <trkpt lat="45.88830" lon="10.84806"><ele>76</ele></trkpt>
      <trkpt lat="45.88825" lon="10.84804"><ele>76</ele></trkpt>
      <trkpt lat="45.88743" lon="10.84774"><ele>74</ele></trkpt>
      <trkpt lat="45.88733" lon="10.84770"><ele>73</ele></trkpt>
      <trkpt lat="45.88724" lon="10.84767"><ele>73</ele></trkpt>
      <trkpt lat="45.88688" lon="10.84755"><ele>72</ele></trkpt>
      <trkpt lat="45.88674" lon="10.84750"><ele>72</ele></trkpt>
      <trkpt lat="45.88637" lon="10.84738"><ele>71</ele></trkpt>
      <trkpt lat="45.88613" lon="10.84729"><ele>71</ele></trkpt>
      <trkpt lat="45.88604" lon="10.84725"><ele>71</ele></trkpt>
      <trkpt lat="45.88579" lon="10.84716"><ele>71</ele></trkpt>
      <trkpt lat="45.88567" lon="10.84709"><ele>70</ele></trkpt>
      <trkpt lat="45.88562" lon="10.84705"><ele>70</ele></trkpt>
      <trkpt lat="45.88559" lon="10.84702"><ele>70</ele></trkpt>
      <trkpt lat="45.88560" lon="10.84697"><ele>70</ele></trkpt>
      <trkpt lat="45.88562" lon="10.84692"><ele>70</ele></trkpt>
      <trkpt lat="45.88568" lon="10.84668"><ele>70</ele></trkpt>
      <trkpt lat="45.88577" lon="10.84634"><ele>70</ele></trkpt>
      <trkpt lat="45.88589" lon="10.84587"><ele>70</ele></trkpt>
      <trkpt lat="45.88595" lon="10.84569"><ele>70</ele></trkpt>
      <trkpt lat="45.88600" lon="10.84553"><ele>70</ele></trkpt>
      <trkpt lat="45.88601" lon="10.84548"><ele>70</ele></trkpt>
      <trkpt lat="45.88609" lon="10.84517"><ele>70</ele></trkpt>
      <trkpt lat="45.88609" lon="10.84511"><ele>69</ele></trkpt>
      <trkpt lat="45.88608" lon="10.84506"><ele>69</ele></trkpt>
      <trkpt lat="45.88604" lon="10.84502"><ele>69</ele></trkpt>
      <trkpt lat="45.88601" lon="10.84501"><ele>69</ele></trkpt>
      <trkpt lat="45.88596" lon="10.84504"><ele>69</ele></trkpt>
      <trkpt lat="45.88591" lon="10.84488"><ele>69</ele></trkpt>
      <trkpt lat="45.88590" lon="10.84485"><ele>69</ele></trkpt>
      <trkpt lat="45.88587" lon="10.84472"><ele>69</ele></trkpt>
      <trkpt lat="45.88567" lon="10.84384"><ele>68</ele></trkpt>
      <trkpt lat="45.88566" lon="10.84381"><ele>68</ele></trkpt>
      <trkpt lat="45.88564" lon="10.84371"><ele>68</ele></trkpt>
      <trkpt lat="45.88546" lon="10.84292"><ele>68</ele></trkpt>
      <trkpt lat="45.88538" lon="10.84259"><ele>68</ele></trkpt>
      <trkpt lat="45.88531" lon="10.84234"><ele>68</ele></trkpt>
      <trkpt lat="45.88528" lon="10.84227"><ele>68</ele></trkpt>
      <trkpt lat="45.88521" lon="10.84215"><ele>68</ele></trkpt>
      <trkpt lat="45.88517" lon="10.84201"><ele>68</ele></trkpt>
      <trkpt lat="45.88513" lon="10.84181"><ele>69</ele></trkpt>
      <trkpt lat="45.88513" lon="10.84147"><ele>69</ele></trkpt>
      <trkpt lat="45.88513" lon="10.84145"><ele>69</ele></trkpt>
      <trkpt lat="45.88510" lon="10.84146"><ele>69</ele></trkpt>
      <trkpt lat="45.88511" lon="10.84100"><ele>69</ele></trkpt>
      <trkpt lat="45.88500" lon="10.84100"><ele>67</ele></trkpt>
    </trkseg>
  </trk>
</gpx>
