<?xml version="1.0" encoding="UTF-8"?>
<gpx version="1.1" creator="dolomites-trip" xmlns="http://www.topografix.com/GPX/1/1">
  <metadata><name>День 7: Финал на Garda: дорога Ponale и озеро Ledro</name></metadata>
  <trk>
    <name>День 7: Финал на Garda: дорога Ponale и озеро Ledro</name>
    <trkseg>
      <trkpt lat="45.88500" lon="10.84100"><ele>68</ele></trkpt>
      <trkpt lat="45.88474" lon="10.84100"><ele>67</ele></trkpt>
      <trkpt lat="45.88468" lon="10.84100"><ele>67</ele></trkpt>
      <trkpt lat="45.88468" lon="10.84098"><ele>67</ele></trkpt>
      <trkpt lat="45.88464" lon="10.84098"><ele>67</ele></trkpt>
      <trkpt lat="45.88464" lon="10.84094"><ele>67</ele></trkpt>
      <trkpt lat="45.88470" lon="10.84051"><ele>67</ele></trkpt>
      <trkpt lat="45.88472" lon="10.84035"><ele>67</ele></trkpt>
      <trkpt lat="45.88474" lon="10.84029"><ele>67</ele></trkpt>
      <trkpt lat="45.88475" lon="10.84025"><ele>67</ele></trkpt>
      <trkpt lat="45.88480" lon="10.84015"><ele>67</ele></trkpt>
      <trkpt lat="45.88484" lon="10.84006"><ele>67</ele></trkpt>
      <trkpt lat="45.88483" lon="10.84006"><ele>67</ele></trkpt>
      <trkpt lat="45.88483" lon="10.84005"><ele>67</ele></trkpt>
      <trkpt lat="45.88477" lon="10.84000"><ele>66</ele></trkpt>
      <trkpt lat="45.88474" lon="10.84008"><ele>66</ele></trkpt>
      <trkpt lat="45.88456" lon="10.83999"><ele>66</ele></trkpt>
      <trkpt lat="45.88460" lon="10.83984"><ele>66</ele></trkpt>
      <trkpt lat="45.88457" lon="10.83984"><ele>66</ele></trkpt>
      <trkpt lat="45.88457" lon="10.83979"><ele>66</ele></trkpt>
      <trkpt lat="45.88460" lon="10.83976"><ele>66</ele></trkpt>
      <trkpt lat="45.88460" lon="10.83973"><ele>66</ele></trkpt>
      <trkpt lat="45.88464" lon="10.83959"><ele>66</ele></trkpt>
      <trkpt lat="45.88466" lon="10.83959"><ele>66</ele></trkpt>
      <trkpt lat="45.88467" lon="10.83939"><ele>66</ele></trkpt>
      <trkpt lat="45.88470" lon="10.83937"><ele>66</ele></trkpt>
      <trkpt lat="45.88468" lon="10.83899"><ele>66</ele></trkpt>
      <trkpt lat="45.88467" lon="10.83895"><ele>66</ele></trkpt>
      <trkpt lat="45.88464" lon="10.83891"><ele>66</ele></trkpt>
      <trkpt lat="45.88463" lon="10.83890"><ele>66</ele></trkpt>
      <trkpt lat="45.88445" lon="10.83893"><ele>66</ele></trkpt>
      <trkpt lat="45.88436" lon="10.83893"><ele>66</ele></trkpt>
      <trkpt lat="45.88396" lon="10.83897"><ele>67</ele></trkpt>
      <trkpt lat="45.88387" lon="10.83893"><ele>67</ele></trkpt>
      <trkpt lat="45.88377" lon="10.83886"><ele>67</ele></trkpt>
      <trkpt lat="45.88373" lon="10.83882"><ele>67</ele></trkpt>
      <trkpt lat="45.88369" lon="10.83878"><ele>67</ele></trkpt>
      <trkpt lat="45.88364" lon="10.83881"><ele>67</ele></trkpt>
      <trkpt lat="45.88357" lon="10.83881"><ele>67</ele></trkpt>
      <trkpt lat="45.88356" lon="10.83885"><ele>67</ele></trkpt>
      <trkpt lat="45.88352" lon="10.83902"><ele>66</ele></trkpt>
      <trkpt lat="45.88348" lon="10.83918"><ele>66</ele></trkpt>
      <trkpt lat="45.88222" lon="10.83973"><ele>65</ele></trkpt>
      <trkpt lat="45.88141" lon="10.84021"><ele>65</ele></trkpt>
      <trkpt lat="45.88069" lon="10.84052"><ele>65</ele></trkpt>
      <trkpt lat="45.88006" lon="10.84073"><ele>65</ele></trkpt>
      <trkpt lat="45.87608" lon="10.84143"><ele>65</ele></trkpt>
      <trkpt lat="45.87306" lon="10.84205"><ele>65</ele></trkpt>
      <trkpt lat="45.87201" lon="10.84215"><ele>65</ele></trkpt>
      <trkpt lat="45.87306" lon="10.84205"><ele>65</ele></trkpt>
      <trkpt lat="45.87608" lon="10.84143"><ele>65</ele></trkpt>
      <trkpt lat="45.88006" lon="10.84073"><ele>65</ele></trkpt>
      <trkpt lat="45.88069" lon="10.84052"><ele>65</ele></trkpt>
      <trkpt lat="45.88141" lon="10.84021"><ele>65</ele></trkpt>
      <trkpt lat="45.88222" lon="10.83973"><ele>65</ele></trkpt>
      <trkpt lat="45.88348" lon="10.83918"><ele>66</ele></trkpt>
      <trkpt lat="45.88352" lon="10.83902"><ele>66</ele></trkpt>
      <trkpt lat="45.88356" lon="10.83885"><ele>67</ele></trkpt>
      <trkpt lat="45.88357" lon="10.83881"><ele>67</ele></trkpt>
      <trkpt lat="45.88349" lon="10.83879"><ele>67</ele></trkpt>
      <trkpt lat="45.88327" lon="10.83870"><ele>67</ele></trkpt>
      <trkpt lat="45.88325" lon="10.83869"><ele>67</ele></trkpt>
      <trkpt lat="45.88325" lon="10.83863"><ele>68</ele></trkpt>
      <trkpt lat="45.88325" lon="10.83857"><ele>68</ele></trkpt>
      <trkpt lat="45.88326" lon="10.83851"><ele>68</ele></trkpt>
      <trkpt lat="45.88321" lon="10.83849"><ele>68</ele></trkpt>
      <trkpt lat="45.88255" lon="10.83827"><ele>69</ele></trkpt>
      <trkpt lat="45.88219" lon="10.83818"><ele>71</ele></trkpt>
      <trkpt lat="45.88203" lon="10.83814"><ele>71</ele></trkpt>
      <trkpt lat="45.88188" lon="10.83812"><ele>70</ele></trkpt>
      <trkpt lat="45.88089" lon="10.83799"><ele>76</ele></trkpt>
      <trkpt lat="45.88053" lon="10.83794"><ele>81</ele></trkpt>
      <trkpt lat="45.88041" lon="10.83791"><ele>81</ele></trkpt>
      <trkpt lat="45.88029" lon="10.83787"><ele>82</ele></trkpt>
      <trkpt lat="45.88001" lon="10.83780"><ele>75</ele></trkpt>
      <trkpt lat="45.87960" lon="10.83772"><ele>76</ele></trkpt>
      <trkpt lat="45.87285" lon="10.83621"><ele>82</ele></trkpt>
      <trkpt lat="45.87139" lon="10.83578"><ele>84</ele></trkpt>
      <trkpt lat="45.87081" lon="10.83557"><ele>84</ele></trkpt>
      <trkpt lat="45.87050" lon="10.83538"><ele>85</ele></trkpt>
      <trkpt lat="45.87035" lon="10.83528"><ele>85</ele></trkpt>
      <trkpt lat="45.86977" lon="10.83478"><ele>84</ele></trkpt>
      <trkpt lat="45.86955" lon="10.83461"><ele>84</ele></trkpt>
      <trkpt lat="45.86861" lon="10.83424"><ele>84</ele></trkpt>
      <trkpt lat="45.86841" lon="10.83418"><ele>84</ele></trkpt>
      <trkpt lat="45.86800" lon="10.83416"><ele>83</ele></trkpt>
      <trkpt lat="45.86749" lon="10.83417"><ele>83</ele></trkpt>
      <trkpt lat="45.86437" lon="10.83356"><ele>80</ele></trkpt>
      <trkpt lat="45.86188" lon="10.83288"><ele>79</ele></trkpt>
      <trkpt lat="45.86151" lon="10.83277"><ele>78</ele></trkpt>
      <trkpt lat="45.86139" lon="10.83272"><ele>78</ele></trkpt>
      <trkpt lat="45.86134" lon="10.83270"><ele>78</ele></trkpt>
      <trkpt lat="45.86115" lon="10.83258"><ele>84</ele></trkpt>
      <trkpt lat="45.86117" lon="10.83253"><ele>90</ele></trkpt>
      <trkpt lat="45.86119" lon="10.83246"><ele>94</ele></trkpt>
      <trkpt lat="45.86121" lon="10.83245"><ele>95</ele></trkpt>
      <trkpt lat="45.86122" lon="10.83236"><ele>97</ele></trkpt>
      <trkpt lat="45.86123" lon="10.83229"><ele>98</ele></trkpt>
      <trkpt lat="45.86125" lon="10.83221"><ele>99</ele></trkpt>
      <trkpt lat="45.86133" lon="10.83204"><ele>103</ele></trkpt>
      <trkpt lat="45.86140" lon="10.83180"><ele>112</ele></trkpt>
      <trkpt lat="45.86141" lon="10.83174"><ele>115</ele></trkpt>
      <trkpt lat="45.86141" lon="10.83172"><ele>116</ele></trkpt>
      <trkpt lat="45.86139" lon="10.83172"><ele>114</ele></trkpt>
      <trkpt lat="45.86134" lon="10.83178"><ele>114</ele></trkpt>
      <trkpt lat="45.86116" lon="10.83208"><ele>114</ele></trkpt>
      <trkpt lat="45.86110" lon="10.83213"><ele>116</ele></trkpt>
      <trkpt lat="45.86109" lon="10.83211"><ele>118</ele></trkpt>
      <trkpt lat="45.86107" lon="10.83192"><ele>130</ele></trkpt>
      <trkpt lat="45.86107" lon="10.83184"><ele>131</ele></trkpt>
      <trkpt lat="45.86105" lon="10.83167"><ele>138</ele></trkpt>
      <trkpt lat="45.86105" lon="10.83162"><ele>140</ele></trkpt>
      <trkpt lat="45.86107" lon="10.83158"><ele>140</ele></trkpt>
      <trkpt lat="45.86116" lon="10.83142"><ele>140</ele></trkpt>
      <trkpt lat="45.86121" lon="10.83122"><ele>144</ele></trkpt>
      <trkpt lat="45.86124" lon="10.83102"><ele>146</ele></trkpt>
      <trkpt lat="45.86124" lon="10.83097"><ele>147</ele></trkpt>
      <trkpt lat="45.86123" lon="10.83093"><ele>148</ele></trkpt>
      <trkpt lat="45.86121" lon="10.83092"><ele>150</ele></trkpt>
      <trkpt lat="45.86111" lon="10.83105"><ele>155</ele></trkpt>
      <trkpt lat="45.86096" lon="10.83119"><ele>164</ele></trkpt>
      <trkpt lat="45.86085" lon="10.83132"><ele>166</ele></trkpt>
      <trkpt lat="45.86081" lon="10.83143"><ele>166</ele></trkpt>
      <trkpt lat="45.86077" lon="10.83164"><ele>168</ele></trkpt>
      <trkpt lat="45.86071" lon="10.83168"><ele>170</ele></trkpt>
      <trkpt lat="45.86063" lon="10.83168"><ele>176</ele></trkpt>
      <trkpt lat="45.86043" lon="10.83182"><ele>181</ele></trkpt>
      <trkpt lat="45.86034" lon="10.83185"><ele>184</ele></trkpt>
      <trkpt lat="45.86028" lon="10.83183"><ele>187</ele></trkpt>
      <trkpt lat="45.86026" lon="10.83178"><ele>190</ele></trkpt>
      <trkpt lat="45.86025" lon="10.83171"><ele>194</ele></trkpt>
      <trkpt lat="45.86029" lon="10.83158"><ele>196</ele></trkpt>
      <trkpt lat="45.86044" lon="10.83117"><ele>202</ele></trkpt>
      <trkpt lat="45.86055" lon="10.83100"><ele>208</ele></trkpt>
      <trkpt lat="45.86076" lon="10.83081"><ele>212</ele></trkpt>
      <trkpt lat="45.86092" lon="10.83059"><ele>210</ele></trkpt>
      <trkpt lat="45.86111" lon="10.83020"><ele>224</ele></trkpt>
      <trkpt lat="45.86116" lon="10.82989"><ele>228</ele></trkpt>
      <trkpt lat="45.86114" lon="10.82980"><ele>233</ele></trkpt>
      <trkpt lat="45.86111" lon="10.82977"><ele>238</ele></trkpt>
      <trkpt lat="45.86089" lon="10.82993"><ele>246</ele></trkpt>
      <trkpt lat="45.86092" lon="10.82968"><ele>251</ele></trkpt>
      <trkpt lat="45.86098" lon="10.82954"><ele>252</ele></trkpt>
      <trkpt lat="45.86103" lon="10.82936"><ele>257</ele></trkpt>
      <trkpt lat="45.86107" lon="10.82930"><ele>256</ele></trkpt>
      <trkpt lat="45.86113" lon="10.82914"><ele>256</ele></trkpt>
      <trkpt lat="45.86113" lon="10.82910"><ele>256</ele></trkpt>
      <trkpt lat="45.86113" lon="10.82900"><ele>260</ele></trkpt>
      <trkpt lat="45.86115" lon="10.82886"><ele>264</ele></trkpt>
      <trkpt lat="45.86118" lon="10.82876"><ele>267</ele></trkpt>
      <trkpt lat="45.86135" lon="10.82850"><ele>270</ele></trkpt>
      <trkpt lat="45.86148" lon="10.82816"><ele>273</ele></trkpt>
      <trkpt lat="45.86148" lon="10.82799"><ele>282</ele></trkpt>
      <trkpt lat="45.86150" lon="10.82784"><ele>288</ele></trkpt>
      <trkpt lat="45.86154" lon="10.82778"><ele>290</ele></trkpt>
      <trkpt lat="45.86181" lon="10.82760"><ele>289</ele></trkpt>
      <trkpt lat="45.86193" lon="10.82749"><ele>292</ele></trkpt>
      <trkpt lat="45.86197" lon="10.82741"><ele>292</ele></trkpt>
      <trkpt lat="45.86213" lon="10.82684"><ele>294</ele></trkpt>
      <trkpt lat="45.86216" lon="10.82672"><ele>294</ele></trkpt>
      <trkpt lat="45.86217" lon="10.82648"><ele>294</ele></trkpt>
      <trkpt lat="45.86221" lon="10.82609"><ele>294</ele></trkpt>
      <trkpt lat="45.86225" lon="10.82589"><ele>294</ele></trkpt>
      <trkpt lat="45.86252" lon="10.82504"><ele>297</ele></trkpt>
      <trkpt lat="45.86265" lon="10.82467"><ele>300</ele></trkpt>
      <trkpt lat="45.86270" lon="10.82432"><ele>301</ele></trkpt>
      <trkpt lat="45.86281" lon="10.82385"><ele>301</ele></trkpt>
      <trkpt lat="45.86291" lon="10.82363"><ele>300</ele></trkpt>
      <trkpt lat="45.86291" lon="10.82350"><ele>300</ele></trkpt>
      <trkpt lat="45.86287" lon="10.82338"><ele>304</ele></trkpt>
      <trkpt lat="45.86283" lon="10.82325"><ele>306</ele></trkpt>
      <trkpt lat="45.86279" lon="10.82305"><ele>304</ele></trkpt>
      <trkpt lat="45.86277" lon="10.82245"><ele>306</ele></trkpt>
      <trkpt lat="45.86277" lon="10.82212"><ele>308</ele></trkpt>
      <trkpt lat="45.86284" lon="10.82183"><ele>310</ele></trkpt>
      <trkpt lat="45.86302" lon="10.82137"><ele>314</ele></trkpt>
      <trkpt lat="45.86306" lon="10.82118"><ele>315</ele></trkpt>
      <trkpt lat="45.86308" lon="10.82109"><ele>318</ele></trkpt>
      <trkpt lat="45.86313" lon="10.82095"><ele>325</ele></trkpt>
      <trkpt lat="45.86328" lon="10.82080"><ele>319</ele></trkpt>
      <trkpt lat="45.86334" lon="10.82072"><ele>316</ele></trkpt>
      <trkpt lat="45.86339" lon="10.82064"><ele>317</ele></trkpt>
      <trkpt lat="45.86343" lon="10.82053"><ele>317</ele></trkpt>
      <trkpt lat="45.86353" lon="10.82010"><ele>323</ele></trkpt>
      <trkpt lat="45.86359" lon="10.81990"><ele>324</ele></trkpt>
      <trkpt lat="45.86365" lon="10.81974"><ele>325</ele></trkpt>
      <trkpt lat="45.86391" lon="10.81907"><ele>328</ele></trkpt>
      <trkpt lat="45.86395" lon="10.81894"><ele>328</ele></trkpt>
      <trkpt lat="45.86397" lon="10.81883"><ele>328</ele></trkpt>
      <trkpt lat="45.86398" lon="10.81868"><ele>330</ele></trkpt>
      <trkpt lat="45.86397" lon="10.81743"><ele>338</ele></trkpt>
      <trkpt lat="45.86397" lon="10.81706"><ele>340</ele></trkpt>
      <trkpt lat="45.86395" lon="10.81693"><ele>340</ele></trkpt>
      <trkpt lat="45.86393" lon="10.81682"><ele>341</ele></trkpt>
      <trkpt lat="45.86377" lon="10.81639"><ele>345</ele></trkpt>
      <trkpt lat="45.86372" lon="10.81619"><ele>346</ele></trkpt>
      <trkpt lat="45.86371" lon="10.81611"><ele>347</ele></trkpt>
      <trkpt lat="45.86368" lon="10.81586"><ele>350</ele></trkpt>
      <trkpt lat="45.86368" lon="10.81553"><ele>352</ele></trkpt>
      <trkpt lat="45.86376" lon="10.81484"><ele>356</ele></trkpt>
      <trkpt lat="45.86382" lon="10.81459"><ele>359</ele></trkpt>
      <trkpt lat="45.86395" lon="10.81423"><ele>363</ele></trkpt>
      <trkpt lat="45.86396" lon="10.81414"><ele>364</ele></trkpt>
      <trkpt lat="45.86398" lon="10.81400"><ele>364</ele></trkpt>
      <trkpt lat="45.86399" lon="10.81347"><ele>366</ele></trkpt>
      <trkpt lat="45.86395" lon="10.81345"><ele>368</ele></trkpt>
      <trkpt lat="45.86395" lon="10.81335"><ele>368</ele></trkpt>
      <trkpt lat="45.86398" lon="10.81291"><ele>373</ele></trkpt>
      <trkpt lat="45.86403" lon="10.81265"><ele>374</ele></trkpt>
      <trkpt lat="45.86405" lon="10.81240"><ele>379</ele></trkpt>
      <trkpt lat="45.86409" lon="10.81216"><ele>381</ele></trkpt>
      <trkpt lat="45.86422" lon="10.81180"><ele>381</ele></trkpt>
      <trkpt lat="45.86427" lon="10.81161"><ele>382</ele></trkpt>
      <trkpt lat="45.86431" lon="10.81149"><ele>382</ele></trkpt>
      <trkpt lat="45.86432" lon="10.81142"><ele>383</ele></trkpt>
      <trkpt lat="45.86429" lon="10.81101"><ele>384</ele></trkpt>
      <trkpt lat="45.86425" lon="10.81076"><ele>383</ele></trkpt>
      <trkpt lat="45.86424" lon="10.81072"><ele>383</ele></trkpt>
      <trkpt lat="45.86401" lon="10.81036"><ele>389</ele></trkpt>
      <trkpt lat="45.86399" lon="10.81031"><ele>389</ele></trkpt>
      <trkpt lat="45.86398" lon="10.81024"><ele>389</ele></trkpt>
      <trkpt lat="45.86397" lon="10.81016"><ele>390</ele></trkpt>
      <trkpt lat="45.86399" lon="10.80999"><ele>390</ele></trkpt>
      <trkpt lat="45.86409" lon="10.80940"><ele>388</ele></trkpt>
      <trkpt lat="45.86412" lon="10.80932"><ele>387</ele></trkpt>
      <trkpt lat="45.86413" lon="10.80924"><ele>387</ele></trkpt>
      <trkpt lat="45.86414" lon="10.80898"><ele>388</ele></trkpt>
      <trkpt lat="45.86414" lon="10.80893"><ele>388</ele></trkpt>
      <trkpt lat="45.86409" lon="10.80874"><ele>391</ele></trkpt>
      <trkpt lat="45.86408" lon="10.80861"><ele>392</ele></trkpt>
      <trkpt lat="45.86410" lon="10.80816"><ele>392</ele></trkpt>
      <trkpt lat="45.86406" lon="10.80766"><ele>395</ele></trkpt>
      <trkpt lat="45.86405" lon="10.80735"><ele>396</ele></trkpt>
      <trkpt lat="45.86404" lon="10.80653"><ele>397</ele></trkpt>
      <trkpt lat="45.86398" lon="10.80615"><ele>400</ele></trkpt>
      <trkpt lat="45.86398" lon="10.80586"><ele>400</ele></trkpt>
      <trkpt lat="45.86405" lon="10.80503"><ele>403</ele></trkpt>
      <trkpt lat="45.86403" lon="10.80405"><ele>406</ele></trkpt>
      <trkpt lat="45.86403" lon="10.80399"><ele>406</ele></trkpt>
      <trkpt lat="45.86415" lon="10.80354"><ele>404</ele></trkpt>
      <trkpt lat="45.86423" lon="10.80334"><ele>404</ele></trkpt>
      <trkpt lat="45.86431" lon="10.80316"><ele>405</ele></trkpt>
      <trkpt lat="45.86433" lon="10.80307"><ele>406</ele></trkpt>
      <trkpt lat="45.86435" lon="10.80285"><ele>407</ele></trkpt>
      <trkpt lat="45.86437" lon="10.80277"><ele>407</ele></trkpt>
      <trkpt lat="45.86446" lon="10.80253"><ele>406</ele></trkpt>
      <trkpt lat="45.86447" lon="10.80251"><ele>407</ele></trkpt>
      <trkpt lat="45.86455" lon="10.80247"><ele>406</ele></trkpt>
      <trkpt lat="45.86449" lon="10.80210"><ele>408</ele></trkpt>
      <trkpt lat="45.86442" lon="10.80181"><ele>410</ele></trkpt>
      <trkpt lat="45.86443" lon="10.80140"><ele>411</ele></trkpt>
      <trkpt lat="45.86438" lon="10.80113"><ele>414</ele></trkpt>
      <trkpt lat="45.86435" lon="10.80091"><ele>415</ele></trkpt>
      <trkpt lat="45.86432" lon="10.80080"><ele>416</ele></trkpt>
      <trkpt lat="45.86421" lon="10.80054"><ele>418</ele></trkpt>
      <trkpt lat="45.86417" lon="10.80038"><ele>419</ele></trkpt>
      <trkpt lat="45.86410" lon="10.79983"><ele>421</ele></trkpt>
      <trkpt lat="45.86413" lon="10.79965"><ele>421</ele></trkpt>
      <trkpt lat="45.86412" lon="10.79957"><ele>422</ele></trkpt>
      <trkpt lat="45.86406" lon="10.79930"><ele>425</ele></trkpt>
      <trkpt lat="45.86405" lon="10.79912"><ele>426</ele></trkpt>
      <trkpt lat="45.86406" lon="10.79893"><ele>426</ele></trkpt>
      <trkpt lat="45.86412" lon="10.79881"><ele>426</ele></trkpt>
      <trkpt lat="45.86417" lon="10.79872"><ele>426</ele></trkpt>
      <trkpt lat="45.86429" lon="10.79857"><ele>426</ele></trkpt>
      <trkpt lat="45.86440" lon="10.79840"><ele>426</ele></trkpt>
      <trkpt lat="45.86445" lon="10.79829"><ele>426</ele></trkpt>
      <trkpt lat="45.86449" lon="10.79816"><ele>427</ele></trkpt>
      <trkpt lat="45.86454" lon="10.79792"><ele>429</ele></trkpt>
      <trkpt lat="45.86460" lon="10.79778"><ele>429</ele></trkpt>
      <trkpt lat="45.86465" lon="10.79768"><ele>429</ele></trkpt>
      <trkpt lat="45.86472" lon="10.79760"><ele>430</ele></trkpt>
      <trkpt lat="45.86489" lon="10.79751"><ele>427</ele></trkpt>
      <trkpt lat="45.86494" lon="10.79747"><ele>426</ele></trkpt>
      <trkpt lat="45.86499" lon="10.79740"><ele>426</ele></trkpt>
      <trkpt lat="45.86502" lon="10.79729"><ele>426</ele></trkpt>
      <trkpt lat="45.86507" lon="10.79689"><ele>426</ele></trkpt>
      <trkpt lat="45.86507" lon="10.79662"><ele>427</ele></trkpt>
      <trkpt lat="45.86503" lon="10.79610"><ele>430</ele></trkpt>
      <trkpt lat="45.86499" lon="10.79596"><ele>430</ele></trkpt>
      <trkpt lat="45.86492" lon="10.79581"><ele>434</ele></trkpt>
      <trkpt lat="45.86480" lon="10.79555"><ele>438</ele></trkpt>
      <trkpt lat="45.86479" lon="10.79538"><ele>439</ele></trkpt>
      <trkpt lat="45.86480" lon="10.79525"><ele>440</ele></trkpt>
      <trkpt lat="45.86483" lon="10.79515"><ele>440</ele></trkpt>
      <trkpt lat="45.86491" lon="10.79504"><ele>438</ele></trkpt>
      <trkpt lat="45.86496" lon="10.79499"><ele>438</ele></trkpt>
      <trkpt lat="45.86512" lon="10.79473"><ele>439</ele></trkpt>
      <trkpt lat="45.86520" lon="10.79462"><ele>440</ele></trkpt>
      <trkpt lat="45.86526" lon="10.79450"><ele>440</ele></trkpt>
      <trkpt lat="45.86527" lon="10.79441"><ele>439</ele></trkpt>
      <trkpt lat="45.86527" lon="10.79431"><ele>440</ele></trkpt>
      <trkpt lat="45.86527" lon="10.79421"><ele>441</ele></trkpt>
      <trkpt lat="45.86514" lon="10.79369"><ele>445</ele></trkpt>
      <trkpt lat="45.86506" lon="10.79342"><ele>445</ele></trkpt>
      <trkpt lat="45.86499" lon="10.79309"><ele>446</ele></trkpt>
      <trkpt lat="45.86499" lon="10.79289"><ele>446</ele></trkpt>
      <trkpt lat="45.86501" lon="10.79283"><ele>446</ele></trkpt>
      <trkpt lat="45.86514" lon="10.79247"><ele>450</ele></trkpt>
      <trkpt lat="45.86516" lon="10.79236"><ele>450</ele></trkpt>
      <trkpt lat="45.86517" lon="10.79223"><ele>451</ele></trkpt>
      <trkpt lat="45.86516" lon="10.79205"><ele>453</ele></trkpt>
      <trkpt lat="45.86515" lon="10.79190"><ele>454</ele></trkpt>
      <trkpt lat="45.86514" lon="10.79169"><ele>453</ele></trkpt>
      <trkpt lat="45.86515" lon="10.79157"><ele>454</ele></trkpt>
      <trkpt lat="45.86514" lon="10.79124"><ele>456</ele></trkpt>
      <trkpt lat="45.86509" lon="10.79087"><ele>456</ele></trkpt>
      <trkpt lat="45.86508" lon="10.79075"><ele>456</ele></trkpt>
      <trkpt lat="45.86503" lon="10.79047"><ele>457</ele></trkpt>
      <trkpt lat="45.86502" lon="10.78996"><ele>458</ele></trkpt>
      <trkpt lat="45.86501" lon="10.78987"><ele>457</ele></trkpt>
      <trkpt lat="45.86499" lon="10.78977"><ele>457</ele></trkpt>
      <trkpt lat="45.86492" lon="10.78961"><ele>462</ele></trkpt>
      <trkpt lat="45.86490" lon="10.78953"><ele>463</ele></trkpt>
      <trkpt lat="45.86489" lon="10.78949"><ele>463</ele></trkpt>
      <trkpt lat="45.86490" lon="10.78938"><ele>464</ele></trkpt>
      <trkpt lat="45.86496" lon="10.78922"><ele>465</ele></trkpt>
      <trkpt lat="45.86496" lon="10.78920"><ele>466</ele></trkpt>
      <trkpt lat="45.86493" lon="10.78912"><ele>468</ele></trkpt>
      <trkpt lat="45.86492" lon="10.78907"><ele>470</ele></trkpt>
      <trkpt lat="45.86492" lon="10.78903"><ele>471</ele></trkpt>
      <trkpt lat="45.86493" lon="10.78898"><ele>472</ele></trkpt>
      <trkpt lat="45.86493" lon="10.78896"><ele>472</ele></trkpt>
      <trkpt lat="45.86495" lon="10.78893"><ele>472</ele></trkpt>
      <trkpt lat="45.86500" lon="10.78889"><ele>471</ele></trkpt>
      <trkpt lat="45.86508" lon="10.78893"><ele>469</ele></trkpt>
      <trkpt lat="45.86511" lon="10.78895"><ele>469</ele></trkpt>
      <trkpt lat="45.86523" lon="10.78902"><ele>468</ele></trkpt>
      <trkpt lat="45.86531" lon="10.78908"><ele>469</ele></trkpt>
      <trkpt lat="45.86536" lon="10.78905"><ele>470</ele></trkpt>
      <trkpt lat="45.86539" lon="10.78903"><ele>470</ele></trkpt>
      <trkpt lat="45.86548" lon="10.78898"><ele>472</ele></trkpt>
      <trkpt lat="45.86562" lon="10.78885"><ele>473</ele></trkpt>
      <trkpt lat="45.86568" lon="10.78883"><ele>474</ele></trkpt>
      <trkpt lat="45.86599" lon="10.78886"><ele>476</ele></trkpt>
      <trkpt lat="45.86608" lon="10.78889"><ele>477</ele></trkpt>
      <trkpt lat="45.86615" lon="10.78892"><ele>477</ele></trkpt>
      <trkpt lat="45.86623" lon="10.78868"><ele>478</ele></trkpt>
      <trkpt lat="45.86626" lon="10.78861"><ele>479</ele></trkpt>
      <trkpt lat="45.86640" lon="10.78830"><ele>481</ele></trkpt>
      <trkpt lat="45.86642" lon="10.78827"><ele>482</ele></trkpt>
      <trkpt lat="45.86655" lon="10.78797"><ele>484</ele></trkpt>
      <trkpt lat="45.86659" lon="10.78787"><ele>484</ele></trkpt>
      <trkpt lat="45.86671" lon="10.78753"><ele>486</ele></trkpt>
      <trkpt lat="45.86675" lon="10.78748"><ele>487</ele></trkpt>
      <trkpt lat="45.86677" lon="10.78746"><ele>487</ele></trkpt>
      <trkpt lat="45.86678" lon="10.78738"><ele>487</ele></trkpt>
      <trkpt lat="45.86679" lon="10.78732"><ele>488</ele></trkpt>
      <trkpt lat="45.86709" lon="10.78651"><ele>491</ele></trkpt>
      <trkpt lat="45.86712" lon="10.78643"><ele>492</ele></trkpt>
      <trkpt lat="45.86719" lon="10.78634"><ele>493</ele></trkpt>
      <trkpt lat="45.86731" lon="10.78621"><ele>494</ele></trkpt>
      <trkpt lat="45.86744" lon="10.78603"><ele>495</ele></trkpt>
      <trkpt lat="45.86768" lon="10.78571"><ele>498</ele></trkpt>
      <trkpt lat="45.86778" lon="10.78552"><ele>499</ele></trkpt>
      <trkpt lat="45.86782" lon="10.78541"><ele>500</ele></trkpt>
      <trkpt lat="45.86785" lon="10.78529"><ele>500</ele></trkpt>
      <trkpt lat="45.86787" lon="10.78518"><ele>501</ele></trkpt>
      <trkpt lat="45.86787" lon="10.78507"><ele>502</ele></trkpt>
      <trkpt lat="45.86787" lon="10.78501"><ele>502</ele></trkpt>
      <trkpt lat="45.86785" lon="10.78496"><ele>502</ele></trkpt>
      <trkpt lat="45.86782" lon="10.78491"><ele>503</ele></trkpt>
      <trkpt lat="45.86779" lon="10.78489"><ele>503</ele></trkpt>
      <trkpt lat="45.86776" lon="10.78487"><ele>504</ele></trkpt>
      <trkpt lat="45.86774" lon="10.78488"><ele>504</ele></trkpt>
      <trkpt lat="45.86771" lon="10.78490"><ele>504</ele></trkpt>
      <trkpt lat="45.86760" lon="10.78503"><ele>503</ele></trkpt>
      <trkpt lat="45.86754" lon="10.78505"><ele>503</ele></trkpt>
      <trkpt lat="45.86752" lon="10.78504"><ele>504</ele></trkpt>
      <trkpt lat="45.86750" lon="10.78503"><ele>504</ele></trkpt>
      <trkpt lat="45.86745" lon="10.78494"><ele>505</ele></trkpt>
      <trkpt lat="45.86742" lon="10.78483"><ele>506</ele></trkpt>
      <trkpt lat="45.86740" lon="10.78473"><ele>507</ele></trkpt>
      <trkpt lat="45.86739" lon="10.78450"><ele>508</ele></trkpt>
      <trkpt lat="45.86735" lon="10.78426"><ele>508</ele></trkpt>
      <trkpt lat="45.86734" lon="10.78414"><ele>509</ele></trkpt>
      <trkpt lat="45.86736" lon="10.78404"><ele>508</ele></trkpt>
      <trkpt lat="45.86740" lon="10.78381"><ele>509</ele></trkpt>
      <trkpt lat="45.86742" lon="10.78370"><ele>510</ele></trkpt>
      <trkpt lat="45.86744" lon="10.78334"><ele>517</ele></trkpt>
      <trkpt lat="45.86747" lon="10.78318"><ele>518</ele></trkpt>
      <trkpt lat="45.86763" lon="10.78261"><ele>521</ele></trkpt>
      <trkpt lat="45.86775" lon="10.78226"><ele>524</ele></trkpt>
      <trkpt lat="45.86777" lon="10.78223"><ele>524</ele></trkpt>
      <trkpt lat="45.86799" lon="10.78209"><ele>528</ele></trkpt>
      <trkpt lat="45.86803" lon="10.78208"><ele>528</ele></trkpt>
      <trkpt lat="45.86804" lon="10.78209"><ele>529</ele></trkpt>
      <trkpt lat="45.86805" lon="10.78211"><ele>529</ele></trkpt>
      <trkpt lat="45.86804" lon="10.78215"><ele>530</ele></trkpt>
      <trkpt lat="45.86798" lon="10.78227"><ele>530</ele></trkpt>
      <trkpt lat="45.86792" lon="10.78245"><ele>528</ele></trkpt>
      <trkpt lat="45.86792" lon="10.78248"><ele>528</ele></trkpt>
      <trkpt lat="45.86793" lon="10.78252"><ele>529</ele></trkpt>
      <trkpt lat="45.86795" lon="10.78254"><ele>529</ele></trkpt>
      <trkpt lat="45.86798" lon="10.78255"><ele>530</ele></trkpt>
      <trkpt lat="45.86802" lon="10.78252"><ele>530</ele></trkpt>
      <trkpt lat="45.86803" lon="10.78249"><ele>530</ele></trkpt>
      <trkpt lat="45.86813" lon="10.78228"><ele>532</ele></trkpt>
      <trkpt lat="45.86817" lon="10.78221"><ele>532</ele></trkpt>
      <trkpt lat="45.86821" lon="10.78217"><ele>533</ele></trkpt>
      <trkpt lat="45.86830" lon="10.78213"><ele>534</ele></trkpt>
      <trkpt lat="45.86842" lon="10.78210"><ele>536</ele></trkpt>
      <trkpt lat="45.86845" lon="10.78209"><ele>536</ele></trkpt>
      <trkpt lat="45.86854" lon="10.78201"><ele>538</ele></trkpt>
      <trkpt lat="45.86861" lon="10.78191"><ele>539</ele></trkpt>
      <trkpt lat="45.86870" lon="10.78167"><ele>542</ele></trkpt>
      <trkpt lat="45.86872" lon="10.78163"><ele>543</ele></trkpt>
      <trkpt lat="45.86879" lon="10.78158"><ele>544</ele></trkpt>
      <trkpt lat="45.86894" lon="10.78154"><ele>547</ele></trkpt>
      <trkpt lat="45.86901" lon="10.78153"><ele>548</ele></trkpt>
      <trkpt lat="45.86917" lon="10.78156"><ele>551</ele></trkpt>
      <trkpt lat="45.86922" lon="10.78156"><ele>552</ele></trkpt>
      <trkpt lat="45.86931" lon="10.78153"><ele>554</ele></trkpt>
      <trkpt lat="45.86932" lon="10.78153"><ele>554</ele></trkpt>
      <trkpt lat="45.86943" lon="10.78148"><ele>556</ele></trkpt>
      <trkpt lat="45.86952" lon="10.78146"><ele>558</ele></trkpt>
      <trkpt lat="45.86966" lon="10.78144"><ele>559</ele></trkpt>
      <trkpt lat="45.86971" lon="10.78144"><ele>560</ele></trkpt>
      <trkpt lat="45.86976" lon="10.78148"><ele>562</ele></trkpt>
      <trkpt lat="45.86987" lon="10.78162"><ele>564</ele></trkpt>
      <trkpt lat="45.86993" lon="10.78168"><ele>564</ele></trkpt>
      <trkpt lat="45.87006" lon="10.78176"><ele>565</ele></trkpt>
      <trkpt lat="45.87015" lon="10.78180"><ele>565</ele></trkpt>
      <trkpt lat="45.87031" lon="10.78185"><ele>566</ele></trkpt>
      <trkpt lat="45.87038" lon="10.78185"><ele>568</ele></trkpt>
      <trkpt lat="45.87043" lon="10.78183"><ele>568</ele></trkpt>
      <trkpt lat="45.87058" lon="10.78178"><ele>571</ele></trkpt>
      <trkpt lat="45.87065" lon="10.78172"><ele>574</ele></trkpt>
      <trkpt lat="45.87072" lon="10.78164"><ele>576</ele></trkpt>
      <trkpt lat="45.87079" lon="10.78149"><ele>579</ele></trkpt>
      <trkpt lat="45.87081" lon="10.78140"><ele>580</ele></trkpt>
      <trkpt lat="45.87084" lon="10.78115"><ele>582</ele></trkpt>
      <trkpt lat="45.87087" lon="10.78085"><ele>586</ele></trkpt>
      <trkpt lat="45.87089" lon="10.78073"><ele>588</ele></trkpt>
      <trkpt lat="45.87090" lon="10.78070"><ele>588</ele></trkpt>
      <trkpt lat="45.87091" lon="10.78069"><ele>588</ele></trkpt>
      <trkpt lat="45.87094" lon="10.78069"><ele>590</ele></trkpt>
      <trkpt lat="45.87095" lon="10.78061"><ele>590</ele></trkpt>
      <trkpt lat="45.87107" lon="10.77999"><ele>594</ele></trkpt>
      <trkpt lat="45.87110" lon="10.78002"><ele>594</ele></trkpt>
      <trkpt lat="45.87111" lon="10.78008"><ele>594</ele></trkpt>
      <trkpt lat="45.87113" lon="10.78040"><ele>595</ele></trkpt>
      <trkpt lat="45.87113" lon="10.78050"><ele>595</ele></trkpt>
      <trkpt lat="45.87114" lon="10.78053"><ele>595</ele></trkpt>
      <trkpt lat="45.87115" lon="10.78055"><ele>595</ele></trkpt>
      <trkpt lat="45.87120" lon="10.78045"><ele>597</ele></trkpt>
      <trkpt lat="45.87130" lon="10.78025"><ele>602</ele></trkpt>
      <trkpt lat="45.87135" lon="10.78013"><ele>602</ele></trkpt>
      <trkpt lat="45.87138" lon="10.78005"><ele>602</ele></trkpt>
      <trkpt lat="45.87139" lon="10.78001"><ele>602</ele></trkpt>
      <trkpt lat="45.87141" lon="10.77975"><ele>603</ele></trkpt>
      <trkpt lat="45.87145" lon="10.77962"><ele>604</ele></trkpt>
      <trkpt lat="45.87165" lon="10.77923"><ele>606</ele></trkpt>
      <trkpt lat="45.87166" lon="10.77918"><ele>607</ele></trkpt>
      <trkpt lat="45.87168" lon="10.77908"><ele>608</ele></trkpt>
      <trkpt lat="45.87170" lon="10.77908"><ele>608</ele></trkpt>
      <trkpt lat="45.87172" lon="10.77908"><ele>610</ele></trkpt>
      <trkpt lat="45.87174" lon="10.77904"><ele>611</ele></trkpt>
      <trkpt lat="45.87175" lon="10.77902"><ele>611</ele></trkpt>
      <trkpt lat="45.87179" lon="10.77876"><ele>611</ele></trkpt>
      <trkpt lat="45.87194" lon="10.77808"><ele>615</ele></trkpt>
      <trkpt lat="45.87199" lon="10.77766"><ele>619</ele></trkpt>
      <trkpt lat="45.87179" lon="10.77700"><ele>618</ele></trkpt>
      <trkpt lat="45.87174" lon="10.77691"><ele>617</ele></trkpt>
      <trkpt lat="45.87172" lon="10.77688"><ele>618</ele></trkpt>
      <trkpt lat="45.87167" lon="10.77686"><ele>617</ele></trkpt>
      <trkpt lat="45.87164" lon="10.77685"><ele>617</ele></trkpt>
      <trkpt lat="45.87139" lon="10.77678"><ele>618</ele></trkpt>
      <trkpt lat="45.87124" lon="10.77673"><ele>617</ele></trkpt>
      <trkpt lat="45.87106" lon="10.77666"><ele>617</ele></trkpt>
      <trkpt lat="45.87100" lon="10.77661"><ele>618</ele></trkpt>
      <trkpt lat="45.87091" lon="10.77646"><ele>620</ele></trkpt>
      <trkpt lat="45.87089" lon="10.77642"><ele>620</ele></trkpt>
      <trkpt lat="45.87086" lon="10.77633"><ele>621</ele></trkpt>
      <trkpt lat="45.87087" lon="10.77623"><ele>622</ele></trkpt>
      <trkpt lat="45.87091" lon="10.77605"><ele>624</ele></trkpt>
      <trkpt lat="45.87096" lon="10.77582"><ele>626</ele></trkpt>
      <trkpt lat="45.87099" lon="10.77570"><ele>627</ele></trkpt>
      <trkpt lat="45.87100" lon="10.77566"><ele>627</ele></trkpt>
      <trkpt lat="45.87102" lon="10.77546"><ele>630</ele></trkpt>
      <trkpt lat="45.87130" lon="10.77547"><ele>629</ele></trkpt>
      <trkpt lat="45.87133" lon="10.77557"><ele>628</ele></trkpt>
      <trkpt lat="45.87130" lon="10.77547"><ele>629</ele></trkpt>
      <trkpt lat="45.87102" lon="10.77546"><ele>630</ele></trkpt>
      <trkpt lat="45.87100" lon="10.77543"><ele>630</ele></trkpt>
      <trkpt lat="45.87098" lon="10.77520"><ele>632</ele></trkpt>
      <trkpt lat="45.87108" lon="10.77516"><ele>632</ele></trkpt>
      <trkpt lat="45.87112" lon="10.77512"><ele>633</ele></trkpt>
      <trkpt lat="45.87116" lon="10.77507"><ele>633</ele></trkpt>
      <trkpt lat="45.87113" lon="10.77506"><ele>634</ele></trkpt>
      <trkpt lat="45.87110" lon="10.77504"><ele>634</ele></trkpt>
      <trkpt lat="45.87099" lon="10.77491"><ele>634</ele></trkpt>
      <trkpt lat="45.87103" lon="10.77481"><ele>634</ele></trkpt>
      <trkpt lat="45.87104" lon="10.77476"><ele>635</ele></trkpt>
      <trkpt lat="45.87104" lon="10.77475"><ele>635</ele></trkpt>
      <trkpt lat="45.87104" lon="10.77471"><ele>635</ele></trkpt>
      <trkpt lat="45.87104" lon="10.77463"><ele>636</ele></trkpt>
      <trkpt lat="45.87102" lon="10.77457"><ele>636</ele></trkpt>
      <trkpt lat="45.87101" lon="10.77454"><ele>636</ele></trkpt>
      <trkpt lat="45.87098" lon="10.77450"><ele>636</ele></trkpt>
      <trkpt lat="45.87096" lon="10.77449"><ele>636</ele></trkpt>
      <trkpt lat="45.87092" lon="10.77448"><ele>636</ele></trkpt>
      <trkpt lat="45.87087" lon="10.77450"><ele>636</ele></trkpt>
      <trkpt lat="45.87083" lon="10.77422"><ele>635</ele></trkpt>
      <trkpt lat="45.87083" lon="10.77413"><ele>635</ele></trkpt>
      <trkpt lat="45.87086" lon="10.77404"><ele>636</ele></trkpt>
      <trkpt lat="45.87096" lon="10.77380"><ele>639</ele></trkpt>
      <trkpt lat="45.87098" lon="10.77372"><ele>639</ele></trkpt>
      <trkpt lat="45.87099" lon="10.77365"><ele>640</ele></trkpt>
      <trkpt lat="45.87098" lon="10.77359"><ele>640</ele></trkpt>
      <trkpt lat="45.87097" lon="10.77356"><ele>640</ele></trkpt>
      <trkpt lat="45.87093" lon="10.77350"><ele>640</ele></trkpt>
      <trkpt lat="45.87093" lon="10.77340"><ele>641</ele></trkpt>
      <trkpt lat="45.87092" lon="10.77331"><ele>641</ele></trkpt>
      <trkpt lat="45.87093" lon="10.77308"><ele>642</ele></trkpt>
      <trkpt lat="45.87095" lon="10.77293"><ele>642</ele></trkpt>
      <trkpt lat="45.87094" lon="10.77290"><ele>642</ele></trkpt>
      <trkpt lat="45.87093" lon="10.77287"><ele>642</ele></trkpt>
      <trkpt lat="45.87085" lon="10.77272"><ele>644</ele></trkpt>
      <trkpt lat="45.87085" lon="10.77271"><ele>644</ele></trkpt>
      <trkpt lat="45.87086" lon="10.77266"><ele>644</ele></trkpt>
      <trkpt lat="45.87090" lon="10.77254"><ele>645</ele></trkpt>
      <trkpt lat="45.87100" lon="10.77233"><ele>645</ele></trkpt>
      <trkpt lat="45.87103" lon="10.77227"><ele>645</ele></trkpt>
      <trkpt lat="45.87105" lon="10.77221"><ele>645</ele></trkpt>
      <trkpt lat="45.87106" lon="10.77213"><ele>645</ele></trkpt>
      <trkpt lat="45.87119" lon="10.77176"><ele>646</ele></trkpt>
      <trkpt lat="45.87124" lon="10.77161"><ele>647</ele></trkpt>
      <trkpt lat="45.87129" lon="10.77146"><ele>647</ele></trkpt>
      <trkpt lat="45.87162" lon="10.77078"><ele>646</ele></trkpt>
      <trkpt lat="45.87169" lon="10.77062"><ele>646</ele></trkpt>
      <trkpt lat="45.87179" lon="10.77033"><ele>651</ele></trkpt>
      <trkpt lat="45.87187" lon="10.77012"><ele>650</ele></trkpt>
      <trkpt lat="45.87201" lon="10.76987"><ele>650</ele></trkpt>
      <trkpt lat="45.87205" lon="10.76977"><ele>650</ele></trkpt>
      <trkpt lat="45.87215" lon="10.76939"><ele>652</ele></trkpt>
      <trkpt lat="45.87222" lon="10.76920"><ele>651</ele></trkpt>
      <trkpt lat="45.87241" lon="10.76875"><ele>653</ele></trkpt>
      <trkpt lat="45.87245" lon="10.76851"><ele>654</ele></trkpt>
      <trkpt lat="45.87249" lon="10.76834"><ele>655</ele></trkpt>
      <trkpt lat="45.87256" lon="10.76816"><ele>655</ele></trkpt>
      <trkpt lat="45.87255" lon="10.76811"><ele>656</ele></trkpt>
      <trkpt lat="45.87253" lon="10.76809"><ele>656</ele></trkpt>
      <trkpt lat="45.87265" lon="10.76784"><ele>658</ele></trkpt>
      <trkpt lat="45.87280" lon="10.76758"><ele>656</ele></trkpt>
      <trkpt lat="45.87297" lon="10.76727"><ele>658</ele></trkpt>
      <trkpt lat="45.87311" lon="10.76702"><ele>657</ele></trkpt>
      <trkpt lat="45.87316" lon="10.76692"><ele>658</ele></trkpt>
      <trkpt lat="45.87329" lon="10.76667"><ele>657</ele></trkpt>
      <trkpt lat="45.87339" lon="10.76648"><ele>658</ele></trkpt>
      <trkpt lat="45.87348" lon="10.76627"><ele>659</ele></trkpt>
      <trkpt lat="45.87353" lon="10.76615"><ele>659</ele></trkpt>
      <trkpt lat="45.87366" lon="10.76572"><ele>657</ele></trkpt>
      <trkpt lat="45.87381" lon="10.76517"><ele>657</ele></trkpt>
      <trkpt lat="45.87383" lon="10.76509"><ele>657</ele></trkpt>
      <trkpt lat="45.87384" lon="10.76503"><ele>656</ele></trkpt>
      <trkpt lat="45.87383" lon="10.76491"><ele>656</ele></trkpt>
      <trkpt lat="45.87381" lon="10.76480"><ele>656</ele></trkpt>
      <trkpt lat="45.87375" lon="10.76466"><ele>655</ele></trkpt>
      <trkpt lat="45.87365" lon="10.76453"><ele>655</ele></trkpt>
      <trkpt lat="45.87326" lon="10.76410"><ele>655</ele></trkpt>
      <trkpt lat="45.87312" lon="10.76395"><ele>656</ele></trkpt>
      <trkpt lat="45.87307" lon="10.76388"><ele>656</ele></trkpt>
      <trkpt lat="45.87298" lon="10.76368"><ele>656</ele></trkpt>
      <trkpt lat="45.87281" lon="10.76303"><ele>654</ele></trkpt>
      <trkpt lat="45.87273" lon="10.76269"><ele>655</ele></trkpt>
      <trkpt lat="45.87268" lon="10.76248"><ele>655</ele></trkpt>
      <trkpt lat="45.87262" lon="10.76234"><ele>654</ele></trkpt>
      <trkpt lat="45.87258" lon="10.76225"><ele>654</ele></trkpt>
      <trkpt lat="45.87245" lon="10.76204"><ele>654</ele></trkpt>
      <trkpt lat="45.87214" lon="10.76165"><ele>654</ele></trkpt>
      <trkpt lat="45.87200" lon="10.76151"><ele>654</ele></trkpt>
      <trkpt lat="45.87169" lon="10.76127"><ele>655</ele></trkpt>
      <trkpt lat="45.87162" lon="10.76120"><ele>655</ele></trkpt>
      <trkpt lat="45.87146" lon="10.76098"><ele>655</ele></trkpt>
      <trkpt lat="45.87142" lon="10.76090"><ele>655</ele></trkpt>
      <trkpt lat="45.87137" lon="10.76078"><ele>656</ele></trkpt>
      <trkpt lat="45.87135" lon="10.76067"><ele>657</ele></trkpt>
      <trkpt lat="45.87134" lon="10.76056"><ele>657</ele></trkpt>
      <trkpt lat="45.87134" lon="10.76040"><ele>658</ele></trkpt>
      <trkpt lat="45.87136" lon="10.76022"><ele>658</ele></trkpt>
      <trkpt lat="45.87138" lon="10.76007"><ele>656</ele></trkpt>
      <trkpt lat="45.87140" lon="10.75995"><ele>655</ele></trkpt>
      <trkpt lat="45.87139" lon="10.75971"><ele>655</ele></trkpt>
      <trkpt lat="45.87136" lon="10.75927"><ele>658</ele></trkpt>
      <trkpt lat="45.87137" lon="10.75914"><ele>657</ele></trkpt>
      <trkpt lat="45.87141" lon="10.75904"><ele>657</ele></trkpt>
      <trkpt lat="45.87145" lon="10.75895"><ele>657</ele></trkpt>
      <trkpt lat="45.87155" lon="10.75884"><ele>658</ele></trkpt>
      <trkpt lat="45.87167" lon="10.75881"><ele>657</ele></trkpt>
      <trkpt lat="45.87174" lon="10.75882"><ele>659</ele></trkpt>
      <trkpt lat="45.87182" lon="10.75885"><ele>660</ele></trkpt>
      <trkpt lat="45.87187" lon="10.75888"><ele>658</ele></trkpt>
      <trkpt lat="45.87192" lon="10.75889"><ele>658</ele></trkpt>
      <trkpt lat="45.87208" lon="10.75891"><ele>660</ele></trkpt>
      <trkpt lat="45.87219" lon="10.75895"><ele>660</ele></trkpt>
      <trkpt lat="45.87230" lon="10.75895"><ele>658</ele></trkpt>
      <trkpt lat="45.87235" lon="10.75892"><ele>658</ele></trkpt>
      <trkpt lat="45.87240" lon="10.75887"><ele>658</ele></trkpt>
      <trkpt lat="45.87243" lon="10.75879"><ele>658</ele></trkpt>
      <trkpt lat="45.87250" lon="10.75862"><ele>658</ele></trkpt>
      <trkpt lat="45.87267" lon="10.75797"><ele>658</ele></trkpt>
      <trkpt lat="45.87275" lon="10.75760"><ele>658</ele></trkpt>
      <trkpt lat="45.87279" lon="10.75724"><ele>658</ele></trkpt>
      <trkpt lat="45.87281" lon="10.75691"><ele>658</ele></trkpt>
      <trkpt lat="45.87287" lon="10.75650"><ele>660</ele></trkpt>
      <trkpt lat="45.87286" lon="10.75641"><ele>662</ele></trkpt>
      <trkpt lat="45.87280" lon="10.75602"><ele>658</ele></trkpt>
      <trkpt lat="45.87270" lon="10.75588"><ele>662</ele></trkpt>
      <trkpt lat="45.87266" lon="10.75579"><ele>663</ele></trkpt>
      <trkpt lat="45.87265" lon="10.75573"><ele>662</ele></trkpt>
      <trkpt lat="45.87261" lon="10.75567"><ele>661</ele></trkpt>
      <trkpt lat="45.87257" lon="10.75563"><ele>661</ele></trkpt>
      <trkpt lat="45.87249" lon="10.75559"><ele>662</ele></trkpt>
      <trkpt lat="45.87238" lon="10.75554"><ele>670</ele></trkpt>
      <trkpt lat="45.87230" lon="10.75545"><ele>670</ele></trkpt>
      <trkpt lat="45.87222" lon="10.75533"><ele>662</ele></trkpt>
      <trkpt lat="45.87220" lon="10.75526"><ele>658</ele></trkpt>
      <trkpt lat="45.87216" lon="10.75510"><ele>661</ele></trkpt>
      <trkpt lat="45.87185" lon="10.75429"><ele>659</ele></trkpt>
      <trkpt lat="45.87180" lon="10.75419"><ele>659</ele></trkpt>
      <trkpt lat="45.87175" lon="10.75413"><ele>659</ele></trkpt>
      <trkpt lat="45.87158" lon="10.75398"><ele>660</ele></trkpt>
      <trkpt lat="45.87147" lon="10.75380"><ele>659</ele></trkpt>
      <trkpt lat="45.87130" lon="10.75354"><ele>659</ele></trkpt>
      <trkpt lat="45.87088" lon="10.75298"><ele>658</ele></trkpt>
      <trkpt lat="45.87080" lon="10.75284"><ele>659</ele></trkpt>
      <trkpt lat="45.87074" lon="10.75272"><ele>660</ele></trkpt>
      <trkpt lat="45.87069" lon="10.75260"><ele>662</ele></trkpt>
      <trkpt lat="45.87061" lon="10.75232"><ele>662</ele></trkpt>
      <trkpt lat="45.87056" lon="10.75216"><ele>661</ele></trkpt>
      <trkpt lat="45.87055" lon="10.75209"><ele>660</ele></trkpt>
      <trkpt lat="45.87055" lon="10.75186"><ele>657</ele></trkpt>
      <trkpt lat="45.87053" lon="10.75178"><ele>658</ele></trkpt>
      <trkpt lat="45.87047" lon="10.75157"><ele>667</ele></trkpt>
      <trkpt lat="45.87040" lon="10.75141"><ele>672</ele></trkpt>
      <trkpt lat="45.87035" lon="10.75134"><ele>672</ele></trkpt>
      <trkpt lat="45.87011" lon="10.75110"><ele>662</ele></trkpt>
      <trkpt lat="45.87006" lon="10.75102"><ele>663</ele></trkpt>
      <trkpt lat="45.87003" lon="10.75096"><ele>663</ele></trkpt>
      <trkpt lat="45.86996" lon="10.75069"><ele>662</ele></trkpt>
      <trkpt lat="45.86989" lon="10.75040"><ele>664</ele></trkpt>
      <trkpt lat="45.86987" lon="10.75031"><ele>665</ele></trkpt>
      <trkpt lat="45.86984" lon="10.75023"><ele>666</ele></trkpt>
      <trkpt lat="45.86974" lon="10.75009"><ele>664</ele></trkpt>
      <trkpt lat="45.86964" lon="10.74997"><ele>667</ele></trkpt>
      <trkpt lat="45.86956" lon="10.74980"><ele>664</ele></trkpt>
      <trkpt lat="45.86947" lon="10.74966"><ele>660</ele></trkpt>
      <trkpt lat="45.86942" lon="10.74955"><ele>658</ele></trkpt>
      <trkpt lat="45.86933" lon="10.74939"><ele>660</ele></trkpt>
      <trkpt lat="45.86930" lon="10.74927"><ele>660</ele></trkpt>
      <trkpt lat="45.86928" lon="10.74885"><ele>662</ele></trkpt>
      <trkpt lat="45.86927" lon="10.74878"><ele>661</ele></trkpt>
      <trkpt lat="45.86923" lon="10.74861"><ele>659</ele></trkpt>
      <trkpt lat="45.86908" lon="10.74826"><ele>657</ele></trkpt>
      <trkpt lat="45.86896" lon="10.74800"><ele>655</ele></trkpt>
      <trkpt lat="45.86891" lon="10.74792"><ele>656</ele></trkpt>
      <trkpt lat="45.86880" lon="10.74777"><ele>657</ele></trkpt>
      <trkpt lat="45.86881" lon="10.74774"><ele>657</ele></trkpt>
      <trkpt lat="45.86882" lon="10.74772"><ele>657</ele></trkpt>
      <trkpt lat="45.86882" lon="10.74770"><ele>656</ele></trkpt>
      <trkpt lat="45.86881" lon="10.74766"><ele>656</ele></trkpt>
      <trkpt lat="45.86876" lon="10.74750"><ele>656</ele></trkpt>
      <trkpt lat="45.86874" lon="10.74738"><ele>656</ele></trkpt>
      <trkpt lat="45.86873" lon="10.74727"><ele>656</ele></trkpt>
      <trkpt lat="45.86874" lon="10.74717"><ele>657</ele></trkpt>
      <trkpt lat="45.86876" lon="10.74710"><ele>657</ele></trkpt>
      <trkpt lat="45.86881" lon="10.74706"><ele>656</ele></trkpt>
      <trkpt lat="45.86884" lon="10.74704"><ele>656</ele></trkpt>
      <trkpt lat="45.86888" lon="10.74705"><ele>656</ele></trkpt>
      <trkpt lat="45.86894" lon="10.74708"><ele>656</ele></trkpt>
      <trkpt lat="45.86909" lon="10.74719"><ele>656</ele></trkpt>
      <trkpt lat="45.86921" lon="10.74724"><ele>656</ele></trkpt>
      <trkpt lat="45.86928" lon="10.74725"><ele>656</ele></trkpt>
      <trkpt lat="45.86938" lon="10.74726"><ele>655</ele></trkpt>
      <trkpt lat="45.86942" lon="10.74724"><ele>655</ele></trkpt>
      <trkpt lat="45.86946" lon="10.74718"><ele>655</ele></trkpt>
      <trkpt lat="45.86963" lon="10.74679"><ele>656</ele></trkpt>
      <trkpt lat="45.86971" lon="10.74661"><ele>656</ele></trkpt>
      <trkpt lat="45.86973" lon="10.74657"><ele>656</ele></trkpt>
      <trkpt lat="45.86976" lon="10.74652"><ele>656</ele></trkpt>
      <trkpt lat="45.86993" lon="10.74622"><ele>656</ele></trkpt>
      <trkpt lat="45.86998" lon="10.74610"><ele>656</ele></trkpt>
      <trkpt lat="45.87020" lon="10.74564"><ele>656</ele></trkpt>
      <trkpt lat="45.87026" lon="10.74552"><ele>656</ele></trkpt>
      <trkpt lat="45.87029" lon="10.74544"><ele>656</ele></trkpt>
      <trkpt lat="45.87048" lon="10.74491"><ele>656</ele></trkpt>
      <trkpt lat="45.87062" lon="10.74437"><ele>656</ele></trkpt>
      <trkpt lat="45.87071" lon="10.74397"><ele>656</ele></trkpt>
      <trkpt lat="45.87076" lon="10.74375"><ele>656</ele></trkpt>
      <trkpt lat="45.87079" lon="10.74363"><ele>655</ele></trkpt>
      <trkpt lat="45.87095" lon="10.74315"><ele>654</ele></trkpt>
      <trkpt lat="45.87105" lon="10.74278"><ele>654</ele></trkpt>
      <trkpt lat="45.87111" lon="10.74260"><ele>654</ele></trkpt>
      <trkpt lat="45.87113" lon="10.74255"><ele>654</ele></trkpt>
      <trkpt lat="45.87134" lon="10.74231"><ele>654</ele></trkpt>
      <trkpt lat="45.87148" lon="10.74209"><ele>656</ele></trkpt>
      <trkpt lat="45.87152" lon="10.74204"><ele>656</ele></trkpt>
      <trkpt lat="45.87157" lon="10.74200"><ele>656</ele></trkpt>
      <trkpt lat="45.87176" lon="10.74189"><ele>658</ele></trkpt>
      <trkpt lat="45.87191" lon="10.74179"><ele>659</ele></trkpt>
      <trkpt lat="45.87197" lon="10.74175"><ele>660</ele></trkpt>
      <trkpt lat="45.87201" lon="10.74174"><ele>660</ele></trkpt>
      <trkpt lat="45.87208" lon="10.74174"><ele>661</ele></trkpt>
      <trkpt lat="45.87214" lon="10.74174"><ele>661</ele></trkpt>
      <trkpt lat="45.87225" lon="10.74182"><ele>662</ele></trkpt>
      <trkpt lat="45.87255" lon="10.74201"><ele>660</ele></trkpt>
      <trkpt lat="45.87262" lon="10.74205"><ele>660</ele></trkpt>
      <trkpt lat="45.87268" lon="10.74208"><ele>660</ele></trkpt>
      <trkpt lat="45.87281" lon="10.74216"><ele>660</ele></trkpt>
      <trkpt lat="45.87301" lon="10.74237"><ele>661</ele></trkpt>
      <trkpt lat="45.87309" lon="10.74245"><ele>662</ele></trkpt>
      <trkpt lat="45.87313" lon="10.74253"><ele>662</ele></trkpt>
      <trkpt lat="45.87315" lon="10.74257"><ele>663</ele></trkpt>
      <trkpt lat="45.87315" lon="10.74262"><ele>663</ele></trkpt>
      <trkpt lat="45.87315" lon="10.74280"><ele>662</ele></trkpt>
      <trkpt lat="45.87315" lon="10.74289"><ele>660</ele></trkpt>
      <trkpt lat="45.87317" lon="10.74295"><ele>660</ele></trkpt>
      <trkpt lat="45.87320" lon="10.74302"><ele>660</ele></trkpt>
      <trkpt lat="45.87326" lon="10.74310"><ele>660</ele></trkpt>
      <trkpt lat="45.87329" lon="10.74312"><ele>661</ele></trkpt>
      <trkpt lat="45.87341" lon="10.74319"><ele>664</ele></trkpt>
      <trkpt lat="45.87346" lon="10.74323"><ele>663</ele></trkpt>
      <trkpt lat="45.87353" lon="10.74330"><ele>662</ele></trkpt>
      <trkpt lat="45.87377" lon="10.74377"><ele>658</ele></trkpt>
      <trkpt lat="45.87379" lon="10.74379"><ele>658</ele></trkpt>
      <trkpt lat="45.87382" lon="10.74380"><ele>658</ele></trkpt>
      <trkpt lat="45.87385" lon="10.74381"><ele>659</ele></trkpt>
      <trkpt lat="45.87390" lon="10.74379"><ele>660</ele></trkpt>
      <trkpt lat="45.87407" lon="10.74370"><ele>661</ele></trkpt>
      <trkpt lat="45.87418" lon="10.74368"><ele>661</ele></trkpt>
      <trkpt lat="45.87424" lon="10.74368"><ele>661</ele></trkpt>
      <trkpt lat="45.87435" lon="10.74375"><ele>661</ele></trkpt>
      <trkpt lat="45.87456" lon="10.74392"><ele>660</ele></trkpt>
      <trkpt lat="45.87459" lon="10.74393"><ele>660</ele></trkpt>
      <trkpt lat="45.87465" lon="10.74393"><ele>660</ele></trkpt>
      <trkpt lat="45.87486" lon="10.74388"><ele>660</ele></trkpt>
      <trkpt lat="45.87493" lon="10.74385"><ele>660</ele></trkpt>
      <trkpt lat="45.87498" lon="10.74383"><ele>660</ele></trkpt>
      <trkpt lat="45.87503" lon="10.74380"><ele>660</ele></trkpt>
      <trkpt lat="45.87523" lon="10.74366"><ele>660</ele></trkpt>
      <trkpt lat="45.87542" lon="10.74358"><ele>660</ele></trkpt>
      <trkpt lat="45.87552" lon="10.74356"><ele>661</ele></trkpt>
      <trkpt lat="45.87564" lon="10.74356"><ele>662</ele></trkpt>
      <trkpt lat="45.87574" lon="10.74356"><ele>662</ele></trkpt>
      <trkpt lat="45.87582" lon="10.74357"><ele>662</ele></trkpt>
      <trkpt lat="45.87600" lon="10.74361"><ele>662</ele></trkpt>
      <trkpt lat="45.87609" lon="10.74363"><ele>662</ele></trkpt>
      <trkpt lat="45.87617" lon="10.74365"><ele>662</ele></trkpt>
      <trkpt lat="45.87635" lon="10.74370"><ele>662</ele></trkpt>
      <trkpt lat="45.87643" lon="10.74372"><ele>662</ele></trkpt>
      <trkpt lat="45.87644" lon="10.74373"><ele>663</ele></trkpt>
      <trkpt lat="45.87652" lon="10.74377"><ele>664</ele></trkpt>
      <trkpt lat="45.87658" lon="10.74382"><ele>664</ele></trkpt>
      <trkpt lat="45.87680" lon="10.74408"><ele>665</ele></trkpt>
      <trkpt lat="45.87686" lon="10.74417"><ele>665</ele></trkpt>
      <trkpt lat="45.87716" lon="10.74465"><ele>669</ele></trkpt>
      <trkpt lat="45.87734" lon="10.74495"><ele>670</ele></trkpt>
      <trkpt lat="45.87743" lon="10.74504"><ele>672</ele></trkpt>
      <trkpt lat="45.87749" lon="10.74510"><ele>674</ele></trkpt>
      <trkpt lat="45.87770" lon="10.74524"><ele>677</ele></trkpt>
      <trkpt lat="45.87774" lon="10.74526"><ele>678</ele></trkpt>
      <trkpt lat="45.87781" lon="10.74528"><ele>678</ele></trkpt>
      <trkpt lat="45.87790" lon="10.74527"><ele>678</ele></trkpt>
      <trkpt lat="45.87808" lon="10.74521"><ele>679</ele></trkpt>
      <trkpt lat="45.87816" lon="10.74517"><ele>679</ele></trkpt>
      <trkpt lat="45.87827" lon="10.74507"><ele>680</ele></trkpt>
      <trkpt lat="45.87832" lon="10.74501"><ele>681</ele></trkpt>
      <trkpt lat="45.87835" lon="10.74495"><ele>680</ele></trkpt>
      <trkpt lat="45.87841" lon="10.74479"><ele>678</ele></trkpt>
      <trkpt lat="45.87846" lon="10.74462"><ele>677</ele></trkpt>
      <trkpt lat="45.87858" lon="10.74382"><ele>676</ele></trkpt>
      <trkpt lat="45.87866" lon="10.74353"><ele>678</ele></trkpt>
      <trkpt lat="45.87870" lon="10.74316"><ele>682</ele></trkpt>
      <trkpt lat="45.87869" lon="10.74290"><ele>681</ele></trkpt>
      <trkpt lat="45.87870" lon="10.74267"><ele>678</ele></trkpt>
      <trkpt lat="45.87875" lon="10.74232"><ele>680</ele></trkpt>
      <trkpt lat="45.87882" lon="10.74223"><ele>678</ele></trkpt>
      <trkpt lat="45.87891" lon="10.74219"><ele>674</ele></trkpt>
      <trkpt lat="45.87898" lon="10.74219"><ele>674</ele></trkpt>
      <trkpt lat="45.87921" lon="10.74210"><ele>676</ele></trkpt>
      <trkpt lat="45.87933" lon="10.74202"><ele>675</ele></trkpt>
      <trkpt lat="45.87952" lon="10.74190"><ele>674</ele></trkpt>
      <trkpt lat="45.87960" lon="10.74187"><ele>674</ele></trkpt>
      <trkpt lat="45.87984" lon="10.74169"><ele>671</ele></trkpt>
      <trkpt lat="45.88000" lon="10.74154"><ele>668</ele></trkpt>
      <trkpt lat="45.88008" lon="10.74148"><ele>670</ele></trkpt>
      <trkpt lat="45.88029" lon="10.74143"><ele>668</ele></trkpt>
      <trkpt lat="45.88034" lon="10.74136"><ele>667</ele></trkpt>
      <trkpt lat="45.88041" lon="10.74118"><ele>666</ele></trkpt>
      <trkpt lat="45.88047" lon="10.74091"><ele>664</ele></trkpt>
      <trkpt lat="45.88053" lon="10.74031"><ele>670</ele></trkpt>
      <trkpt lat="45.88059" lon="10.74010"><ele>669</ele></trkpt>
      <trkpt lat="45.88065" lon="10.73994"><ele>668</ele></trkpt>
      <trkpt lat="45.88068" lon="10.73983"><ele>669</ele></trkpt>
      <trkpt lat="45.88069" lon="10.73963"><ele>672</ele></trkpt>
      <trkpt lat="45.88074" lon="10.73945"><ele>670</ele></trkpt>
      <trkpt lat="45.88082" lon="10.73925"><ele>669</ele></trkpt>
      <trkpt lat="45.88092" lon="10.73906"><ele>671</ele></trkpt>
      <trkpt lat="45.88099" lon="10.73901"><ele>670</ele></trkpt>
      <trkpt lat="45.88114" lon="10.73901"><ele>664</ele></trkpt>
      <trkpt lat="45.88123" lon="10.73896"><ele>664</ele></trkpt>
      <trkpt lat="45.88132" lon="10.73888"><ele>664</ele></trkpt>
      <trkpt lat="45.88136" lon="10.73883"><ele>665</ele></trkpt>
      <trkpt lat="45.88139" lon="10.73877"><ele>668</ele></trkpt>
      <trkpt lat="45.88142" lon="10.73874"><ele>668</ele></trkpt>
      <trkpt lat="45.88145" lon="10.73873"><ele>667</ele></trkpt>
      <trkpt lat="45.88154" lon="10.73875"><ele>662</ele></trkpt>
      <trkpt lat="45.88170" lon="10.73862"><ele>663</ele></trkpt>
      <trkpt lat="45.88175" lon="10.73856"><ele>662</ele></trkpt>
      <trkpt lat="45.88179" lon="10.73842"><ele>662</ele></trkpt>
      <trkpt lat="45.88180" lon="10.73832"><ele>663</ele></trkpt>
      <trkpt lat="45.88179" lon="10.73818"><ele>662</ele></trkpt>
      <trkpt lat="45.88177" lon="10.73804"><ele>662</ele></trkpt>
      <trkpt lat="45.88161" lon="10.73741"><ele>663</ele></trkpt>
      <trkpt lat="45.88140" lon="10.73684"><ele>662</ele></trkpt>
      <trkpt lat="45.88128" lon="10.73614"><ele>664</ele></trkpt>
      <trkpt lat="45.88125" lon="10.73576"><ele>662</ele></trkpt>
      <trkpt lat="45.88123" lon="10.73534"><ele>663</ele></trkpt>
      <trkpt lat="45.88124" lon="10.73513"><ele>662</ele></trkpt>
      <trkpt lat="45.88126" lon="10.73488"><ele>661</ele></trkpt>
      <trkpt lat="45.88127" lon="10.73460"><ele>662</ele></trkpt>
      <trkpt lat="45.88126" lon="10.73447"><ele>662</ele></trkpt>
      <trkpt lat="45.88124" lon="10.73445"><ele>662</ele></trkpt>
      <trkpt lat="45.88125" lon="10.73438"><ele>662</ele></trkpt>
      <trkpt lat="45.88126" lon="10.73425"><ele>662</ele></trkpt>
      <trkpt lat="45.88126" lon="10.73407"><ele>662</ele></trkpt>
      <trkpt lat="45.88128" lon="10.73389"><ele>661</ele></trkpt>
      <trkpt lat="45.88131" lon="10.73377"><ele>662</ele></trkpt>
      <trkpt lat="45.88136" lon="10.73370"><ele>662</ele></trkpt>
      <trkpt lat="45.88143" lon="10.73361"><ele>661</ele></trkpt>
      <trkpt lat="45.88161" lon="10.73342"><ele>661</ele></trkpt>
      <trkpt lat="45.88177" lon="10.73322"><ele>661</ele></trkpt>
      <trkpt lat="45.88195" lon="10.73302"><ele>661</ele></trkpt>
      <trkpt lat="45.88201" lon="10.73293"><ele>662</ele></trkpt>
      <trkpt lat="45.88209" lon="10.73279"><ele>662</ele></trkpt>
      <trkpt lat="45.88258" lon="10.73179"><ele>662</ele></trkpt>
      <trkpt lat="45.88264" lon="10.73171"><ele>662</ele></trkpt>
      <trkpt lat="45.88267" lon="10.73169"><ele>661</ele></trkpt>
      <trkpt lat="45.88270" lon="10.73169"><ele>660</ele></trkpt>
      <trkpt lat="45.88273" lon="10.73169"><ele>659</ele></trkpt>
      <trkpt lat="45.88279" lon="10.73172"><ele>657</ele></trkpt>
      <trkpt lat="45.88288" lon="10.73178"><ele>657</ele></trkpt>
      <trkpt lat="45.88295" lon="10.73178"><ele>657</ele></trkpt>
      <trkpt lat="45.88298" lon="10.73177"><ele>657</ele></trkpt>
      <trkpt lat="45.88303" lon="10.73173"><ele>658</ele></trkpt>
      <trkpt lat="45.88320" lon="10.73155"><ele>658</ele></trkpt>
      <trkpt lat="45.88329" lon="10.73145"><ele>658</ele></trkpt>
      <trkpt lat="45.88332" lon="10.73142"><ele>658</ele></trkpt>
      <trkpt lat="45.88342" lon="10.73131"><ele>659</ele></trkpt>
      <trkpt lat="45.88345" lon="10.73128"><ele>659</ele></trkpt>
      <trkpt lat="45.88350" lon="10.73125"><ele>659</ele></trkpt>
      <trkpt lat="45.88355" lon="10.73123"><ele>659</ele></trkpt>
      <trkpt lat="45.88373" lon="10.73121"><ele>658</ele></trkpt>
      <trkpt lat="45.88388" lon="10.73119"><ele>658</ele></trkpt>
      <trkpt lat="45.88403" lon="10.73118"><ele>657</ele></trkpt>
      <trkpt lat="45.88414" lon="10.73118"><ele>657</ele></trkpt>
      <trkpt lat="45.88459" lon="10.73114"><ele>656</ele></trkpt>
      <trkpt lat="45.88492" lon="10.73113"><ele>656</ele></trkpt>
      <trkpt lat="45.88500" lon="10.73113"><ele>656</ele></trkpt>
      <trkpt lat="45.88526" lon="10.73112"><ele>657</ele></trkpt>
      <trkpt lat="45.88538" lon="10.73111"><ele>657</ele></trkpt>
      <trkpt lat="45.88549" lon="10.73110"><ele>658</ele></trkpt>
      <trkpt lat="45.88573" lon="10.73110"><ele>658</ele></trkpt>
      <trkpt lat="45.88587" lon="10.73110"><ele>658</ele></trkpt>
      <trkpt lat="45.88596" lon="10.73110"><ele>658</ele></trkpt>
      <trkpt lat="45.88598" lon="10.73110"><ele>658</ele></trkpt>
      <trkpt lat="45.88610" lon="10.73112"><ele>659</ele></trkpt>
      <trkpt lat="45.88615" lon="10.73112"><ele>659</ele></trkpt>
      <trkpt lat="45.88658" lon="10.73114"><ele>658</ele></trkpt>
      <trkpt lat="45.88665" lon="10.73114"><ele>658</ele></trkpt>
      <trkpt lat="45.88672" lon="10.73115"><ele>658</ele></trkpt>
      <trkpt lat="45.88681" lon="10.73116"><ele>658</ele></trkpt>
      <trkpt lat="45.88732" lon="10.73120"><ele>659</ele></trkpt>
      <trkpt lat="45.88748" lon="10.73122"><ele>660</ele></trkpt>
      <trkpt lat="45.88763" lon="10.73119"><ele>660</ele></trkpt>
      <trkpt lat="45.88790" lon="10.73115"><ele>660</ele></trkpt>
      <trkpt lat="45.88800" lon="10.73112"><ele>661</ele></trkpt>
      <trkpt lat="45.88837" lon="10.73113"><ele>661</ele></trkpt>
      <trkpt lat="45.88845" lon="10.73114"><ele>661</ele></trkpt>
      <trkpt lat="45.88857" lon="10.73122"><ele>661</ele></trkpt>
      <trkpt lat="45.88858" lon="10.73127"><ele>661</ele></trkpt>
      <trkpt lat="45.88860" lon="10.73131"><ele>661</ele></trkpt>
      <trkpt lat="45.88863" lon="10.73134"><ele>661</ele></trkpt>
      <trkpt lat="45.88866" lon="10.73136"><ele>661</ele></trkpt>
      <trkpt lat="45.88869" lon="10.73137"><ele>661</ele></trkpt>
      <trkpt lat="45.88873" lon="10.73136"><ele>661</ele></trkpt>
      <trkpt lat="45.88876" lon="10.73135"><ele>661</ele></trkpt>
      <trkpt lat="45.88879" lon="10.73132"><ele>661</ele></trkpt>
      <trkpt lat="45.88881" lon="10.73128"><ele>661</ele></trkpt>
      <trkpt lat="45.88900" lon="10.73124"><ele>661</ele></trkpt>
      <trkpt lat="45.88902" lon="10.73125"><ele>661</ele></trkpt>
      <trkpt lat="45.88909" lon="10.73128"><ele>661</ele></trkpt>
      <trkpt lat="45.88918" lon="10.73131"><ele>661</ele></trkpt>
      <trkpt lat="45.88923" lon="10.73133"><ele>661</ele></trkpt>
      <trkpt lat="45.88922" lon="10.73141"><ele>661</ele></trkpt>
      <trkpt lat="45.88949" lon="10.73161"><ele>663</ele></trkpt>
      <trkpt lat="45.88966" lon="10.73177"><ele>664</ele></trkpt>
      <trkpt lat="45.88974" lon="10.73184"><ele>665</ele></trkpt>
      <trkpt lat="45.88979" lon="10.73190"><ele>665</ele></trkpt>
      <trkpt lat="45.88996" lon="10.73208"><ele>667</ele></trkpt>
      <trkpt lat="45.89008" lon="10.73190"><ele>668</ele></trkpt>
      <trkpt lat="45.88996" lon="10.73208"><ele>667</ele></trkpt>
      <trkpt lat="45.88979" lon="10.73190"><ele>665</ele></trkpt>
      <trkpt lat="45.88974" lon="10.73184"><ele>665</ele></trkpt>
      <trkpt lat="45.88966" lon="10.73177"><ele>664</ele></trkpt>
      <trkpt lat="45.88949" lon="10.73161"><ele>663</ele></trkpt>
      <trkpt lat="45.88922" lon="10.73141"><ele>661</ele></trkpt>
      <trkpt lat="45.88923" lon="10.73133"><ele>661</ele></trkpt>
      <trkpt lat="45.88931" lon="10.73091"><ele>661</ele></trkpt>
      <trkpt lat="45.88936" lon="10.73066"><ele>662</ele></trkpt>
      <trkpt lat="45.88943" lon="10.73024"><ele>662</ele></trkpt>
      <trkpt lat="45.88949" lon="10.72991"><ele>662</ele></trkpt>
      <trkpt lat="45.88950" lon="10.72985"><ele>662</ele></trkpt>
      <trkpt lat="45.88954" lon="10.72960"><ele>662</ele></trkpt>
      <trkpt lat="45.88956" lon="10.72952"><ele>662</ele></trkpt>
      <trkpt lat="45.88960" lon="10.72931"><ele>662</ele></trkpt>
      <trkpt lat="45.88961" lon="10.72909"><ele>663</ele></trkpt>
      <trkpt lat="45.88960" lon="10.72902"><ele>663</ele></trkpt>
      <trkpt lat="45.88952" lon="10.72886"><ele>663</ele></trkpt>
      <trkpt lat="45.88951" lon="10.72878"><ele>663</ele></trkpt>
      <trkpt lat="45.88950" lon="10.72863"><ele>663</ele></trkpt>
      <trkpt lat="45.88951" lon="10.72852"><ele>664</ele></trkpt>
      <trkpt lat="45.88956" lon="10.72808"><ele>664</ele></trkpt>
      <trkpt lat="45.88962" lon="10.72762"><ele>664</ele></trkpt>
      <trkpt lat="45.88965" lon="10.72743"><ele>664</ele></trkpt>
      <trkpt lat="45.88969" lon="10.72721"><ele>665</ele></trkpt>
      <trkpt lat="45.88969" lon="10.72718"><ele>665</ele></trkpt>
      <trkpt lat="45.88974" lon="10.72668"><ele>666</ele></trkpt>
      <trkpt lat="45.88977" lon="10.72635"><ele>667</ele></trkpt>
      <trkpt lat="45.88981" lon="10.72596"><ele>667</ele></trkpt>
      <trkpt lat="45.88987" lon="10.72568"><ele>667</ele></trkpt>
      <trkpt lat="45.88998" lon="10.72517"><ele>668</ele></trkpt>
      <trkpt lat="45.89012" lon="10.72461"><ele>669</ele></trkpt>
      <trkpt lat="45.89017" lon="10.72445"><ele>669</ele></trkpt>
      <trkpt lat="45.89024" lon="10.72428"><ele>670</ele></trkpt>
      <trkpt lat="45.89060" lon="10.72354"><ele>671</ele></trkpt>
      <trkpt lat="45.89071" lon="10.72330"><ele>671</ele></trkpt>
      <trkpt lat="45.89073" lon="10.72326"><ele>671</ele></trkpt>
      <trkpt lat="45.89096" lon="10.72266"><ele>671</ele></trkpt>
      <trkpt lat="45.89107" lon="10.72242"><ele>672</ele></trkpt>
      <trkpt lat="45.89110" lon="10.72237"><ele>672</ele></trkpt>
      <trkpt lat="45.89157" lon="10.72171"><ele>673</ele></trkpt>
      <trkpt lat="45.89179" lon="10.72142"><ele>674</ele></trkpt>
      <trkpt lat="45.89198" lon="10.72113"><ele>674</ele></trkpt>
      <trkpt lat="45.89205" lon="10.72097"><ele>674</ele></trkpt>
      <trkpt lat="45.89218" lon="10.72052"><ele>675</ele></trkpt>
      <trkpt lat="45.89224" lon="10.72036"><ele>676</ele></trkpt>
      <trkpt lat="45.89268" lon="10.71958"><ele>677</ele></trkpt>
      <trkpt lat="45.89282" lon="10.71915"><ele>678</ele></trkpt>
      <trkpt lat="45.89301" lon="10.71864"><ele>679</ele></trkpt>
      <trkpt lat="45.89338" lon="10.71766"><ele>681</ele></trkpt>
      <trkpt lat="45.89345" lon="10.71749"><ele>681</ele></trkpt>
      <trkpt lat="45.89375" lon="10.71667"><ele>682</ele></trkpt>
      <trkpt lat="45.89376" lon="10.71665"><ele>682</ele></trkpt>
      <trkpt lat="45.89377" lon="10.71660"><ele>683</ele></trkpt>
      <trkpt lat="45.89379" lon="10.71653"><ele>684</ele></trkpt>
      <trkpt lat="45.89419" lon="10.71662"><ele>684</ele></trkpt>
      <trkpt lat="45.89441" lon="10.71669"><ele>686</ele></trkpt>
      <trkpt lat="45.89516" lon="10.71695"><ele>690</ele></trkpt>
      <trkpt lat="45.89519" lon="10.71696"><ele>690</ele></trkpt>
      <trkpt lat="45.89523" lon="10.71697"><ele>690</ele></trkpt>
      <trkpt lat="45.89547" lon="10.71705"><ele>691</ele></trkpt>
      <trkpt lat="45.89552" lon="10.71703"><ele>691</ele></trkpt>
      <trkpt lat="45.89562" lon="10.71690"><ele>691</ele></trkpt>
      <trkpt lat="45.89571" lon="10.71683"><ele>692</ele></trkpt>
      <trkpt lat="45.89579" lon="10.71677"><ele>692</ele></trkpt>
      <trkpt lat="45.89583" lon="10.71673"><ele>692</ele></trkpt>
      <trkpt lat="45.89585" lon="10.71670"><ele>693</ele></trkpt>
      <trkpt lat="45.89586" lon="10.71669"><ele>693</ele></trkpt>
      <trkpt lat="45.89599" lon="10.71670"><ele>693</ele></trkpt>
      <trkpt lat="45.89601" lon="10.71670"><ele>694</ele></trkpt>
      <trkpt lat="45.89632" lon="10.71681"><ele>694</ele></trkpt>
      <trkpt lat="45.89644" lon="10.71681"><ele>695</ele></trkpt>
      <trkpt lat="45.89651" lon="10.71678"><ele>696</ele></trkpt>
      <trkpt lat="45.89652" lon="10.71684"><ele>696</ele></trkpt>
      <trkpt lat="45.89652" lon="10.71688"><ele>696</ele></trkpt>
      <trkpt lat="45.89651" lon="10.71714"><ele>695</ele></trkpt>
      <trkpt lat="45.89650" lon="10.71728"><ele>695</ele></trkpt>
      <trkpt lat="45.89650" lon="10.71739"><ele>695</ele></trkpt>
      <trkpt lat="45.89652" lon="10.71739"><ele>695</ele></trkpt>
      <trkpt lat="45.89670" lon="10.71749"><ele>696</ele></trkpt>
      <trkpt lat="45.89683" lon="10.71752"><ele>697</ele></trkpt>
      <trkpt lat="45.89670" lon="10.71749"><ele>696</ele></trkpt>
      <trkpt lat="45.89652" lon="10.71739"><ele>695</ele></trkpt>
      <trkpt lat="45.89650" lon="10.71739"><ele>695</ele></trkpt>
      <trkpt lat="45.89650" lon="10.71728"><ele>695</ele></trkpt>
      <trkpt lat="45.89651" lon="10.71714"><ele>695</ele></trkpt>
      <trkpt lat="45.89652" lon="10.71688"><ele>696</ele></trkpt>
      <trkpt lat="45.89652" lon="10.71684"><ele>696</ele></trkpt>
      <trkpt lat="45.89651" lon="10.71678"><ele>696</ele></trkpt>
      <trkpt lat="45.89644" lon="10.71681"><ele>695</ele></trkpt>
      <trkpt lat="45.89632" lon="10.71681"><ele>694</ele></trkpt>
      <trkpt lat="45.89601" lon="10.71670"><ele>694</ele></trkpt>
      <trkpt lat="45.89599" lon="10.71670"><ele>693</ele></trkpt>
      <trkpt lat="45.89586" lon="10.71669"><ele>693</ele></trkpt>
      <trkpt lat="45.89585" lon="10.71670"><ele>693</ele></trkpt>
      <trkpt lat="45.89583" lon="10.71673"><ele>692</ele></trkpt>
      <trkpt lat="45.89579" lon="10.71677"><ele>692</ele></trkpt>
      <trkpt lat="45.89571" lon="10.71683"><ele>692</ele></trkpt>
      <trkpt lat="45.89562" lon="10.71690"><ele>691</ele></trkpt>
      <trkpt lat="45.89552" lon="10.71703"><ele>691</ele></trkpt>
      <trkpt lat="45.89547" lon="10.71705"><ele>691</ele></trkpt>
      <trkpt lat="45.89523" lon="10.71697"><ele>690</ele></trkpt>
      <trkpt lat="45.89519" lon="10.71696"><ele>690</ele></trkpt>
      <trkpt lat="45.89516" lon="10.71695"><ele>690</ele></trkpt>
      <trkpt lat="45.89441" lon="10.71669"><ele>686</ele></trkpt>
      <trkpt lat="45.89419" lon="10.71662"><ele>684</ele></trkpt>
      <trkpt lat="45.89379" lon="10.71653"><ele>684</ele></trkpt>
      <trkpt lat="45.89377" lon="10.71660"><ele>683</ele></trkpt>
      <trkpt lat="45.89376" lon="10.71665"><ele>682</ele></trkpt>
      <trkpt lat="45.89375" lon="10.71667"><ele>682</ele></trkpt>
      <trkpt lat="45.89345" lon="10.71749"><ele>681</ele></trkpt>
      <trkpt lat="45.89338" lon="10.71766"><ele>681</ele></trkpt>
      <trkpt lat="45.89301" lon="10.71864"><ele>679</ele></trkpt>
      <trkpt lat="45.89282" lon="10.71915"><ele>678</ele></trkpt>
      <trkpt lat="45.89268" lon="10.71958"><ele>677</ele></trkpt>
      <trkpt lat="45.89224" lon="10.72036"><ele>676</ele></trkpt>
      <trkpt lat="45.89218" lon="10.72052"><ele>675</ele></trkpt>
      <trkpt lat="45.89205" lon="10.72097"><ele>674</ele></trkpt>
      <trkpt lat="45.89198" lon="10.72113"><ele>674</ele></trkpt>
      <trkpt lat="45.89179" lon="10.72142"><ele>674</ele></trkpt>
      <trkpt lat="45.89157" lon="10.72171"><ele>673</ele></trkpt>
      <trkpt lat="45.89110" lon="10.72237"><ele>672</ele></trkpt>
      <trkpt lat="45.89107" lon="10.72242"><ele>672</ele></trkpt>
      <trkpt lat="45.89096" lon="10.72266"><ele>671</ele></trkpt>
      <trkpt lat="45.89073" lon="10.72326"><ele>671</ele></trkpt>
      <trkpt lat="45.89071" lon="10.72330"><ele>671</ele></trkpt>
      <trkpt lat="45.89060" lon="10.72354"><ele>671</ele></trkpt>
      <trkpt lat="45.89024" lon="10.72428"><ele>670</ele></trkpt>
      <trkpt lat="45.89019" lon="10.72428"><ele>670</ele></trkpt>
      <trkpt lat="45.88981" lon="10.72422"><ele>669</ele></trkpt>
      <trkpt lat="45.88936" lon="10.72442"><ele>669</ele></trkpt>
      <trkpt lat="45.88917" lon="10.72460"><ele>668</ele></trkpt>
      <trkpt lat="45.88892" lon="10.72494"><ele>668</ele></trkpt>
      <trkpt lat="45.88881" lon="10.72511"><ele>668</ele></trkpt>
      <trkpt lat="45.88873" lon="10.72529"><ele>666</ele></trkpt>
      <trkpt lat="45.88860" lon="10.72569"><ele>666</ele></trkpt>
      <trkpt lat="45.88844" lon="10.72601"><ele>666</ele></trkpt>
      <trkpt lat="45.88829" lon="10.72630"><ele>666</ele></trkpt>
      <trkpt lat="45.88796" lon="10.72691"><ele>664</ele></trkpt>
      <trkpt lat="45.88758" lon="10.72770"><ele>664</ele></trkpt>
      <trkpt lat="45.88712" lon="10.72866"><ele>661</ele></trkpt>
      <trkpt lat="45.88649" lon="10.73001"><ele>659</ele></trkpt>
      <trkpt lat="45.88600" lon="10.73106"><ele>658</ele></trkpt>
      <trkpt lat="45.88598" lon="10.73110"><ele>658</ele></trkpt>
      <trkpt lat="45.88596" lon="10.73110"><ele>658</ele></trkpt>
      <trkpt lat="45.88587" lon="10.73110"><ele>658</ele></trkpt>
      <trkpt lat="45.88573" lon="10.73110"><ele>658</ele></trkpt>
      <trkpt lat="45.88549" lon="10.73110"><ele>658</ele></trkpt>
      <trkpt lat="45.88538" lon="10.73111"><ele>657</ele></trkpt>
      <trkpt lat="45.88526" lon="10.73112"><ele>657</ele></trkpt>
      <trkpt lat="45.88500" lon="10.73113"><ele>656</ele></trkpt>
      <trkpt lat="45.88492" lon="10.73113"><ele>656</ele></trkpt>
      <trkpt lat="45.88459" lon="10.73114"><ele>656</ele></trkpt>
      <trkpt lat="45.88414" lon="10.73118"><ele>657</ele></trkpt>
      <trkpt lat="45.88403" lon="10.73118"><ele>657</ele></trkpt>
      <trkpt lat="45.88388" lon="10.73119"><ele>658</ele></trkpt>
      <trkpt lat="45.88373" lon="10.73121"><ele>658</ele></trkpt>
      <trkpt lat="45.88355" lon="10.73123"><ele>659</ele></trkpt>
      <trkpt lat="45.88350" lon="10.73125"><ele>659</ele></trkpt>
      <trkpt lat="45.88345" lon="10.73128"><ele>659</ele></trkpt>
      <trkpt lat="45.88342" lon="10.73131"><ele>659</ele></trkpt>
      <trkpt lat="45.88332" lon="10.73142"><ele>658</ele></trkpt>
      <trkpt lat="45.88329" lon="10.73145"><ele>658</ele></trkpt>
      <trkpt lat="45.88320" lon="10.73155"><ele>658</ele></trkpt>
      <trkpt lat="45.88303" lon="10.73173"><ele>658</ele></trkpt>
      <trkpt lat="45.88298" lon="10.73177"><ele>657</ele></trkpt>
      <trkpt lat="45.88295" lon="10.73178"><ele>657</ele></trkpt>
      <trkpt lat="45.88288" lon="10.73178"><ele>657</ele></trkpt>
      <trkpt lat="45.88279" lon="10.73172"><ele>659</ele></trkpt>
      <trkpt lat="45.88273" lon="10.73169"><ele>660</ele></trkpt>
      <trkpt lat="45.88270" lon="10.73169"><ele>661</ele></trkpt>
      <trkpt lat="45.88267" lon="10.73169"><ele>661</ele></trkpt>
      <trkpt lat="45.88264" lon="10.73171"><ele>662</ele></trkpt>
      <trkpt lat="45.88258" lon="10.73179"><ele>662</ele></trkpt>
      <trkpt lat="45.88209" lon="10.73279"><ele>662</ele></trkpt>
      <trkpt lat="45.88201" lon="10.73293"><ele>662</ele></trkpt>
      <trkpt lat="45.88195" lon="10.73302"><ele>661</ele></trkpt>
      <trkpt lat="45.88177" lon="10.73322"><ele>661</ele></trkpt>
      <trkpt lat="45.88161" lon="10.73342"><ele>661</ele></trkpt>
      <trkpt lat="45.88143" lon="10.73361"><ele>661</ele></trkpt>
      <trkpt lat="45.88136" lon="10.73370"><ele>662</ele></trkpt>
      <trkpt lat="45.88131" lon="10.73377"><ele>662</ele></trkpt>
      <trkpt lat="45.88128" lon="10.73389"><ele>661</ele></trkpt>
      <trkpt lat="45.88126" lon="10.73407"><ele>662</ele></trkpt>
      <trkpt lat="45.88126" lon="10.73425"><ele>662</ele></trkpt>
      <trkpt lat="45.88125" lon="10.73438"><ele>662</ele></trkpt>
      <trkpt lat="45.88124" lon="10.73445"><ele>662</ele></trkpt>
      <trkpt lat="45.88126" lon="10.73447"><ele>662</ele></trkpt>
      <trkpt lat="45.88127" lon="10.73460"><ele>662</ele></trkpt>
      <trkpt lat="45.88126" lon="10.73488"><ele>661</ele></trkpt>
      <trkpt lat="45.88124" lon="10.73513"><ele>662</ele></trkpt>
      <trkpt lat="45.88123" lon="10.73534"><ele>663</ele></trkpt>
      <trkpt lat="45.88125" lon="10.73576"><ele>662</ele></trkpt>
      <trkpt lat="45.88128" lon="10.73614"><ele>664</ele></trkpt>
      <trkpt lat="45.88140" lon="10.73684"><ele>662</ele></trkpt>
      <trkpt lat="45.88161" lon="10.73741"><ele>663</ele></trkpt>
      <trkpt lat="45.88177" lon="10.73804"><ele>662</ele></trkpt>
      <trkpt lat="45.88179" lon="10.73818"><ele>662</ele></trkpt>
      <trkpt lat="45.88180" lon="10.73832"><ele>663</ele></trkpt>
      <trkpt lat="45.88179" lon="10.73842"><ele>662</ele></trkpt>
      <trkpt lat="45.88175" lon="10.73856"><ele>662</ele></trkpt>
      <trkpt lat="45.88170" lon="10.73862"><ele>663</ele></trkpt>
      <trkpt lat="45.88154" lon="10.73875"><ele>662</ele></trkpt>
      <trkpt lat="45.88145" lon="10.73873"><ele>667</ele></trkpt>
      <trkpt lat="45.88142" lon="10.73874"><ele>668</ele></trkpt>
      <trkpt lat="45.88139" lon="10.73877"><ele>668</ele></trkpt>
      <trkpt lat="45.88136" lon="10.73883"><ele>665</ele></trkpt>
      <trkpt lat="45.88132" lon="10.73888"><ele>664</ele></trkpt>
      <trkpt lat="45.88123" lon="10.73896"><ele>664</ele></trkpt>
      <trkpt lat="45.88114" lon="10.73901"><ele>664</ele></trkpt>
      <trkpt lat="45.88099" lon="10.73901"><ele>670</ele></trkpt>
      <trkpt lat="45.88092" lon="10.73906"><ele>671</ele></trkpt>
      <trkpt lat="45.88082" lon="10.73925"><ele>669</ele></trkpt>
      <trkpt lat="45.88074" lon="10.73945"><ele>670</ele></trkpt>
      <trkpt lat="45.88069" lon="10.73963"><ele>672</ele></trkpt>
      <trkpt lat="45.88068" lon="10.73983"><ele>669</ele></trkpt>
      <trkpt lat="45.88065" lon="10.73994"><ele>668</ele></trkpt>
      <trkpt lat="45.88059" lon="10.74010"><ele>669</ele></trkpt>
      <trkpt lat="45.88053" lon="10.74031"><ele>670</ele></trkpt>
      <trkpt lat="45.88047" lon="10.74091"><ele>664</ele></trkpt>
      <trkpt lat="45.88041" lon="10.74118"><ele>666</ele></trkpt>
      <trkpt lat="45.88034" lon="10.74136"><ele>667</ele></trkpt>
      <trkpt lat="45.88029" lon="10.74143"><ele>668</ele></trkpt>
      <trkpt lat="45.88008" lon="10.74148"><ele>670</ele></trkpt>
      <trkpt lat="45.88000" lon="10.74154"><ele>668</ele></trkpt>
      <trkpt lat="45.87984" lon="10.74169"><ele>671</ele></trkpt>
      <trkpt lat="45.87960" lon="10.74187"><ele>674</ele></trkpt>
      <trkpt lat="45.87952" lon="10.74190"><ele>674</ele></trkpt>
      <trkpt lat="45.87933" lon="10.74202"><ele>675</ele></trkpt>
      <trkpt lat="45.87921" lon="10.74210"><ele>676</ele></trkpt>
      <trkpt lat="45.87898" lon="10.74219"><ele>674</ele></trkpt>
      <trkpt lat="45.87891" lon="10.74219"><ele>674</ele></trkpt>
      <trkpt lat="45.87882" lon="10.74223"><ele>678</ele></trkpt>
      <trkpt lat="45.87875" lon="10.74232"><ele>680</ele></trkpt>
      <trkpt lat="45.87870" lon="10.74267"><ele>678</ele></trkpt>
      <trkpt lat="45.87869" lon="10.74290"><ele>681</ele></trkpt>
      <trkpt lat="45.87870" lon="10.74316"><ele>682</ele></trkpt>
      <trkpt lat="45.87866" lon="10.74353"><ele>678</ele></trkpt>
      <trkpt lat="45.87858" lon="10.74382"><ele>676</ele></trkpt>
      <trkpt lat="45.87846" lon="10.74462"><ele>677</ele></trkpt>
      <trkpt lat="45.87841" lon="10.74479"><ele>678</ele></trkpt>
      <trkpt lat="45.87835" lon="10.74495"><ele>680</ele></trkpt>
      <trkpt lat="45.87832" lon="10.74501"><ele>681</ele></trkpt>
      <trkpt lat="45.87827" lon="10.74507"><ele>680</ele></trkpt>
      <trkpt lat="45.87816" lon="10.74517"><ele>679</ele></trkpt>
      <trkpt lat="45.87808" lon="10.74521"><ele>679</ele></trkpt>
      <trkpt lat="45.87790" lon="10.74527"><ele>678</ele></trkpt>
      <trkpt lat="45.87781" lon="10.74528"><ele>678</ele></trkpt>
      <trkpt lat="45.87774" lon="10.74526"><ele>678</ele></trkpt>
      <trkpt lat="45.87770" lon="10.74524"><ele>677</ele></trkpt>
      <trkpt lat="45.87749" lon="10.74510"><ele>674</ele></trkpt>
      <trkpt lat="45.87743" lon="10.74504"><ele>672</ele></trkpt>
      <trkpt lat="45.87734" lon="10.74495"><ele>670</ele></trkpt>
      <trkpt lat="45.87716" lon="10.74465"><ele>669</ele></trkpt>
      <trkpt lat="45.87686" lon="10.74417"><ele>665</ele></trkpt>
      <trkpt lat="45.87680" lon="10.74408"><ele>665</ele></trkpt>
      <trkpt lat="45.87658" lon="10.74382"><ele>664</ele></trkpt>
      <trkpt lat="45.87652" lon="10.74377"><ele>664</ele></trkpt>
      <trkpt lat="45.87644" lon="10.74373"><ele>663</ele></trkpt>
      <trkpt lat="45.87643" lon="10.74372"><ele>662</ele></trkpt>
      <trkpt lat="45.87635" lon="10.74370"><ele>662</ele></trkpt>
      <trkpt lat="45.87617" lon="10.74365"><ele>662</ele></trkpt>
      <trkpt lat="45.87609" lon="10.74363"><ele>662</ele></trkpt>
      <trkpt lat="45.87600" lon="10.74361"><ele>662</ele></trkpt>
      <trkpt lat="45.87582" lon="10.74357"><ele>662</ele></trkpt>
      <trkpt lat="45.87574" lon="10.74356"><ele>662</ele></trkpt>
      <trkpt lat="45.87564" lon="10.74356"><ele>662</ele></trkpt>
      <trkpt lat="45.87552" lon="10.74356"><ele>661</ele></trkpt>
      <trkpt lat="45.87542" lon="10.74358"><ele>660</ele></trkpt>
      <trkpt lat="45.87523" lon="10.74366"><ele>660</ele></trkpt>
      <trkpt lat="45.87503" lon="10.74380"><ele>660</ele></trkpt>
      <trkpt lat="45.87498" lon="10.74383"><ele>660</ele></trkpt>
      <trkpt lat="45.87493" lon="10.74385"><ele>660</ele></trkpt>
      <trkpt lat="45.87486" lon="10.74388"><ele>660</ele></trkpt>
      <trkpt lat="45.87465" lon="10.74393"><ele>660</ele></trkpt>
      <trkpt lat="45.87459" lon="10.74393"><ele>660</ele></trkpt>
      <trkpt lat="45.87456" lon="10.74392"><ele>660</ele></trkpt>
      <trkpt lat="45.87435" lon="10.74375"><ele>661</ele></trkpt>
      <trkpt lat="45.87424" lon="10.74368"><ele>661</ele></trkpt>
      <trkpt lat="45.87418" lon="10.74368"><ele>661</ele></trkpt>
      <trkpt lat="45.87407" lon="10.74370"><ele>661</ele></trkpt>
      <trkpt lat="45.87390" lon="10.74379"><ele>660</ele></trkpt>
      <trkpt lat="45.87385" lon="10.74381"><ele>659</ele></trkpt>
      <trkpt lat="45.87382" lon="10.74380"><ele>658</ele></trkpt>
      <trkpt lat="45.87379" lon="10.74379"><ele>658</ele></trkpt>
      <trkpt lat="45.87377" lon="10.74377"><ele>658</ele></trkpt>
      <trkpt lat="45.87353" lon="10.74330"><ele>662</ele></trkpt>
      <trkpt lat="45.87346" lon="10.74323"><ele>663</ele></trkpt>
      <trkpt lat="45.87341" lon="10.74319"><ele>664</ele></trkpt>
      <trkpt lat="45.87329" lon="10.74312"><ele>661</ele></trkpt>
      <trkpt lat="45.87326" lon="10.74310"><ele>660</ele></trkpt>
      <trkpt lat="45.87320" lon="10.74302"><ele>660</ele></trkpt>
      <trkpt lat="45.87317" lon="10.74295"><ele>660</ele></trkpt>
      <trkpt lat="45.87315" lon="10.74289"><ele>660</ele></trkpt>
      <trkpt lat="45.87315" lon="10.74280"><ele>662</ele></trkpt>
      <trkpt lat="45.87315" lon="10.74262"><ele>663</ele></trkpt>
      <trkpt lat="45.87315" lon="10.74257"><ele>663</ele></trkpt>
      <trkpt lat="45.87313" lon="10.74253"><ele>662</ele></trkpt>
      <trkpt lat="45.87309" lon="10.74245"><ele>662</ele></trkpt>
      <trkpt lat="45.87301" lon="10.74237"><ele>661</ele></trkpt>
      <trkpt lat="45.87281" lon="10.74216"><ele>660</ele></trkpt>
      <trkpt lat="45.87268" lon="10.74208"><ele>660</ele></trkpt>
      <trkpt lat="45.87262" lon="10.74205"><ele>660</ele></trkpt>
      <trkpt lat="45.87255" lon="10.74201"><ele>660</ele></trkpt>
      <trkpt lat="45.87225" lon="10.74182"><ele>662</ele></trkpt>
      <trkpt lat="45.87214" lon="10.74174"><ele>661</ele></trkpt>
      <trkpt lat="45.87208" lon="10.74174"><ele>661</ele></trkpt>
      <trkpt lat="45.87201" lon="10.74174"><ele>660</ele></trkpt>
      <trkpt lat="45.87197" lon="10.74175"><ele>660</ele></trkpt>
      <trkpt lat="45.87191" lon="10.74179"><ele>659</ele></trkpt>
      <trkpt lat="45.87176" lon="10.74189"><ele>658</ele></trkpt>
      <trkpt lat="45.87157" lon="10.74200"><ele>656</ele></trkpt>
      <trkpt lat="45.87152" lon="10.74204"><ele>656</ele></trkpt>
      <trkpt lat="45.87148" lon="10.74209"><ele>656</ele></trkpt>
      <trkpt lat="45.87134" lon="10.74231"><ele>654</ele></trkpt>
      <trkpt lat="45.87113" lon="10.74255"><ele>654</ele></trkpt>
      <trkpt lat="45.87111" lon="10.74260"><ele>654</ele></trkpt>
      <trkpt lat="45.87105" lon="10.74278"><ele>654</ele></trkpt>
      <trkpt lat="45.87095" lon="10.74315"><ele>654</ele></trkpt>
      <trkpt lat="45.87079" lon="10.74363"><ele>655</ele></trkpt>
      <trkpt lat="45.87076" lon="10.74375"><ele>656</ele></trkpt>
      <trkpt lat="45.87071" lon="10.74397"><ele>656</ele></trkpt>
      <trkpt lat="45.87062" lon="10.74437"><ele>656</ele></trkpt>
      <trkpt lat="45.87048" lon="10.74491"><ele>656</ele></trkpt>
      <trkpt lat="45.87029" lon="10.74544"><ele>656</ele></trkpt>
      <trkpt lat="45.87026" lon="10.74552"><ele>656</ele></trkpt>
      <trkpt lat="45.87020" lon="10.74564"><ele>656</ele></trkpt>
      <trkpt lat="45.86998" lon="10.74610"><ele>656</ele></trkpt>
      <trkpt lat="45.86993" lon="10.74622"><ele>656</ele></trkpt>
      <trkpt lat="45.86976" lon="10.74652"><ele>656</ele></trkpt>
      <trkpt lat="45.86973" lon="10.74657"><ele>656</ele></trkpt>
      <trkpt lat="45.86971" lon="10.74661"><ele>656</ele></trkpt>
      <trkpt lat="45.86963" lon="10.74679"><ele>656</ele></trkpt>
      <trkpt lat="45.86946" lon="10.74718"><ele>655</ele></trkpt>
      <trkpt lat="45.86942" lon="10.74724"><ele>655</ele></trkpt>
      <trkpt lat="45.86938" lon="10.74726"><ele>655</ele></trkpt>
      <trkpt lat="45.86928" lon="10.74725"><ele>656</ele></trkpt>
      <trkpt lat="45.86921" lon="10.74724"><ele>656</ele></trkpt>
      <trkpt lat="45.86909" lon="10.74719"><ele>656</ele></trkpt>
      <trkpt lat="45.86894" lon="10.74708"><ele>656</ele></trkpt>
      <trkpt lat="45.86888" lon="10.74705"><ele>656</ele></trkpt>
      <trkpt lat="45.86884" lon="10.74704"><ele>656</ele></trkpt>
      <trkpt lat="45.86881" lon="10.74706"><ele>656</ele></trkpt>
      <trkpt lat="45.86876" lon="10.74710"><ele>657</ele></trkpt>
      <trkpt lat="45.86874" lon="10.74717"><ele>657</ele></trkpt>
      <trkpt lat="45.86873" lon="10.74727"><ele>656</ele></trkpt>
      <trkpt lat="45.86874" lon="10.74738"><ele>656</ele></trkpt>
      <trkpt lat="45.86876" lon="10.74750"><ele>656</ele></trkpt>
      <trkpt lat="45.86881" lon="10.74766"><ele>656</ele></trkpt>
      <trkpt lat="45.86882" lon="10.74770"><ele>656</ele></trkpt>
      <trkpt lat="45.86882" lon="10.74772"><ele>657</ele></trkpt>
      <trkpt lat="45.86881" lon="10.74774"><ele>657</ele></trkpt>
      <trkpt lat="45.86880" lon="10.74777"><ele>657</ele></trkpt>
      <trkpt lat="45.86891" lon="10.74792"><ele>656</ele></trkpt>
      <trkpt lat="45.86896" lon="10.74800"><ele>655</ele></trkpt>
      <trkpt lat="45.86908" lon="10.74826"><ele>657</ele></trkpt>
      <trkpt lat="45.86923" lon="10.74861"><ele>659</ele></trkpt>
      <trkpt lat="45.86927" lon="10.74878"><ele>661</ele></trkpt>
      <trkpt lat="45.86928" lon="10.74885"><ele>662</ele></trkpt>
      <trkpt lat="45.86930" lon="10.74927"><ele>660</ele></trkpt>
      <trkpt lat="45.86933" lon="10.74939"><ele>660</ele></trkpt>
      <trkpt lat="45.86942" lon="10.74955"><ele>658</ele></trkpt>
      <trkpt lat="45.86947" lon="10.74966"><ele>660</ele></trkpt>
      <trkpt lat="45.86956" lon="10.74980"><ele>664</ele></trkpt>
      <trkpt lat="45.86964" lon="10.74997"><ele>667</ele></trkpt>
      <trkpt lat="45.86974" lon="10.75009"><ele>664</ele></trkpt>
      <trkpt lat="45.86984" lon="10.75023"><ele>666</ele></trkpt>
      <trkpt lat="45.86987" lon="10.75031"><ele>665</ele></trkpt>
      <trkpt lat="45.86989" lon="10.75040"><ele>664</ele></trkpt>
      <trkpt lat="45.86996" lon="10.75069"><ele>662</ele></trkpt>
      <trkpt lat="45.87003" lon="10.75096"><ele>663</ele></trkpt>
      <trkpt lat="45.87006" lon="10.75102"><ele>663</ele></trkpt>
      <trkpt lat="45.87011" lon="10.75110"><ele>662</ele></trkpt>
      <trkpt lat="45.87035" lon="10.75134"><ele>672</ele></trkpt>
      <trkpt lat="45.87040" lon="10.75141"><ele>672</ele></trkpt>
      <trkpt lat="45.87047" lon="10.75157"><ele>667</ele></trkpt>
      <trkpt lat="45.87053" lon="10.75178"><ele>658</ele></trkpt>
      <trkpt lat="45.87055" lon="10.75186"><ele>657</ele></trkpt>
      <trkpt lat="45.87055" lon="10.75209"><ele>660</ele></trkpt>
      <trkpt lat="45.87056" lon="10.75216"><ele>661</ele></trkpt>
      <trkpt lat="45.87061" lon="10.75232"><ele>662</ele></trkpt>
      <trkpt lat="45.87069" lon="10.75260"><ele>662</ele></trkpt>
      <trkpt lat="45.87074" lon="10.75272"><ele>660</ele></trkpt>
      <trkpt lat="45.87080" lon="10.75284"><ele>659</ele></trkpt>
      <trkpt lat="45.87088" lon="10.75298"><ele>658</ele></trkpt>
      <trkpt lat="45.87130" lon="10.75354"><ele>659</ele></trkpt>
      <trkpt lat="45.87147" lon="10.75380"><ele>659</ele></trkpt>
      <trkpt lat="45.87158" lon="10.75398"><ele>660</ele></trkpt>
      <trkpt lat="45.87175" lon="10.75413"><ele>659</ele></trkpt>
      <trkpt lat="45.87180" lon="10.75419"><ele>659</ele></trkpt>
      <trkpt lat="45.87185" lon="10.75429"><ele>659</ele></trkpt>
      <trkpt lat="45.87216" lon="10.75510"><ele>661</ele></trkpt>
      <trkpt lat="45.87220" lon="10.75526"><ele>658</ele></trkpt>
      <trkpt lat="45.87222" lon="10.75533"><ele>662</ele></trkpt>
      <trkpt lat="45.87230" lon="10.75545"><ele>670</ele></trkpt>
      <trkpt lat="45.87238" lon="10.75554"><ele>670</ele></trkpt>
      <trkpt lat="45.87249" lon="10.75559"><ele>662</ele></trkpt>
      <trkpt lat="45.87257" lon="10.75563"><ele>661</ele></trkpt>
      <trkpt lat="45.87261" lon="10.75567"><ele>661</ele></trkpt>
      <trkpt lat="45.87265" lon="10.75573"><ele>662</ele></trkpt>
      <trkpt lat="45.87266" lon="10.75579"><ele>663</ele></trkpt>
      <trkpt lat="45.87270" lon="10.75588"><ele>662</ele></trkpt>
      <trkpt lat="45.87280" lon="10.75602"><ele>658</ele></trkpt>
      <trkpt lat="45.87286" lon="10.75641"><ele>662</ele></trkpt>
      <trkpt lat="45.87287" lon="10.75650"><ele>660</ele></trkpt>
      <trkpt lat="45.87281" lon="10.75691"><ele>658</ele></trkpt>
      <trkpt lat="45.87279" lon="10.75724"><ele>658</ele></trkpt>
      <trkpt lat="45.87275" lon="10.75760"><ele>658</ele></trkpt>
      <trkpt lat="45.87267" lon="10.75797"><ele>658</ele></trkpt>
      <trkpt lat="45.87250" lon="10.75862"><ele>658</ele></trkpt>
      <trkpt lat="45.87243" lon="10.75879"><ele>658</ele></trkpt>
      <trkpt lat="45.87240" lon="10.75887"><ele>658</ele></trkpt>
      <trkpt lat="45.87235" lon="10.75892"><ele>658</ele></trkpt>
      <trkpt lat="45.87230" lon="10.75895"><ele>658</ele></trkpt>
      <trkpt lat="45.87219" lon="10.75895"><ele>660</ele></trkpt>
      <trkpt lat="45.87208" lon="10.75891"><ele>660</ele></trkpt>
      <trkpt lat="45.87192" lon="10.75889"><ele>658</ele></trkpt>
      <trkpt lat="45.87187" lon="10.75888"><ele>658</ele></trkpt>
      <trkpt lat="45.87182" lon="10.75885"><ele>660</ele></trkpt>
      <trkpt lat="45.87174" lon="10.75882"><ele>659</ele></trkpt>
      <trkpt lat="45.87167" lon="10.75881"><ele>657</ele></trkpt>
      <trkpt lat="45.87155" lon="10.75884"><ele>658</ele></trkpt>
      <trkpt lat="45.87145" lon="10.75895"><ele>657</ele></trkpt>
      <trkpt lat="45.87141" lon="10.75904"><ele>657</ele></trkpt>
      <trkpt lat="45.87137" lon="10.75914"><ele>657</ele></trkpt>
      <trkpt lat="45.87136" lon="10.75927"><ele>658</ele></trkpt>
      <trkpt lat="45.87139" lon="10.75971"><ele>655</ele></trkpt>
      <trkpt lat="45.87140" lon="10.75995"><ele>655</ele></trkpt>
      <trkpt lat="45.87138" lon="10.76007"><ele>656</ele></trkpt>
      <trkpt lat="45.87136" lon="10.76022"><ele>658</ele></trkpt>
      <trkpt lat="45.87134" lon="10.76040"><ele>658</ele></trkpt>
      <trkpt lat="45.87134" lon="10.76056"><ele>657</ele></trkpt>
      <trkpt lat="45.87135" lon="10.76067"><ele>657</ele></trkpt>
      <trkpt lat="45.87137" lon="10.76078"><ele>656</ele></trkpt>
      <trkpt lat="45.87142" lon="10.76090"><ele>655</ele></trkpt>
      <trkpt lat="45.87146" lon="10.76098"><ele>655</ele></trkpt>
      <trkpt lat="45.87162" lon="10.76120"><ele>655</ele></trkpt>
      <trkpt lat="45.87169" lon="10.76127"><ele>655</ele></trkpt>
      <trkpt lat="45.87200" lon="10.76151"><ele>654</ele></trkpt>
      <trkpt lat="45.87214" lon="10.76165"><ele>654</ele></trkpt>
      <trkpt lat="45.87245" lon="10.76204"><ele>654</ele></trkpt>
      <trkpt lat="45.87258" lon="10.76225"><ele>654</ele></trkpt>
      <trkpt lat="45.87262" lon="10.76234"><ele>654</ele></trkpt>
      <trkpt lat="45.87268" lon="10.76248"><ele>655</ele></trkpt>
      <trkpt lat="45.87273" lon="10.76269"><ele>655</ele></trkpt>
      <trkpt lat="45.87281" lon="10.76303"><ele>654</ele></trkpt>
      <trkpt lat="45.87298" lon="10.76368"><ele>656</ele></trkpt>
      <trkpt lat="45.87307" lon="10.76388"><ele>656</ele></trkpt>
      <trkpt lat="45.87312" lon="10.76395"><ele>656</ele></trkpt>
      <trkpt lat="45.87326" lon="10.76410"><ele>655</ele></trkpt>
      <trkpt lat="45.87365" lon="10.76453"><ele>655</ele></trkpt>
      <trkpt lat="45.87375" lon="10.76466"><ele>655</ele></trkpt>
      <trkpt lat="45.87381" lon="10.76480"><ele>656</ele></trkpt>
      <trkpt lat="45.87383" lon="10.76491"><ele>656</ele></trkpt>
      <trkpt lat="45.87384" lon="10.76503"><ele>656</ele></trkpt>
      <trkpt lat="45.87383" lon="10.76509"><ele>657</ele></trkpt>
      <trkpt lat="45.87381" lon="10.76517"><ele>657</ele></trkpt>
      <trkpt lat="45.87366" lon="10.76572"><ele>657</ele></trkpt>
      <trkpt lat="45.87353" lon="10.76615"><ele>659</ele></trkpt>
      <trkpt lat="45.87348" lon="10.76627"><ele>659</ele></trkpt>
      <trkpt lat="45.87339" lon="10.76648"><ele>658</ele></trkpt>
      <trkpt lat="45.87329" lon="10.76667"><ele>657</ele></trkpt>
      <trkpt lat="45.87316" lon="10.76692"><ele>658</ele></trkpt>
      <trkpt lat="45.87311" lon="10.76702"><ele>657</ele></trkpt>
      <trkpt lat="45.87297" lon="10.76727"><ele>658</ele></trkpt>
      <trkpt lat="45.87280" lon="10.76758"><ele>656</ele></trkpt>
      <trkpt lat="45.87265" lon="10.76784"><ele>658</ele></trkpt>
      <trkpt lat="45.87253" lon="10.76809"><ele>656</ele></trkpt>
      <trkpt lat="45.87255" lon="10.76811"><ele>656</ele></trkpt>
      <trkpt lat="45.87256" lon="10.76816"><ele>655</ele></trkpt>
      <trkpt lat="45.87249" lon="10.76834"><ele>655</ele></trkpt>
      <trkpt lat="45.87245" lon="10.76851"><ele>654</ele></trkpt>
      <trkpt lat="45.87241" lon="10.76875"><ele>653</ele></trkpt>
      <trkpt lat="45.87222" lon="10.76920"><ele>651</ele></trkpt>
      <trkpt lat="45.87215" lon="10.76939"><ele>652</ele></trkpt>
      <trkpt lat="45.87205" lon="10.76977"><ele>650</ele></trkpt>
      <trkpt lat="45.87201" lon="10.76987"><ele>650</ele></trkpt>
      <trkpt lat="45.87187" lon="10.77012"><ele>650</ele></trkpt>
      <trkpt lat="45.87179" lon="10.77033"><ele>651</ele></trkpt>
      <trkpt lat="45.87169" lon="10.77062"><ele>646</ele></trkpt>
      <trkpt lat="45.87162" lon="10.77078"><ele>646</ele></trkpt>
      <trkpt lat="45.87129" lon="10.77146"><ele>647</ele></trkpt>
      <trkpt lat="45.87124" lon="10.77161"><ele>647</ele></trkpt>
      <trkpt lat="45.87119" lon="10.77176"><ele>646</ele></trkpt>
      <trkpt lat="45.87106" lon="10.77213"><ele>645</ele></trkpt>
      <trkpt lat="45.87105" lon="10.77221"><ele>645</ele></trkpt>
      <trkpt lat="45.87103" lon="10.77227"><ele>645</ele></trkpt>
      <trkpt lat="45.87100" lon="10.77233"><ele>645</ele></trkpt>
      <trkpt lat="45.87090" lon="10.77254"><ele>645</ele></trkpt>
      <trkpt lat="45.87086" lon="10.77266"><ele>644</ele></trkpt>
      <trkpt lat="45.87085" lon="10.77271"><ele>644</ele></trkpt>
      <trkpt lat="45.87085" lon="10.77272"><ele>644</ele></trkpt>
      <trkpt lat="45.87093" lon="10.77287"><ele>642</ele></trkpt>
      <trkpt lat="45.87094" lon="10.77290"><ele>642</ele></trkpt>
      <trkpt lat="45.87095" lon="10.77293"><ele>642</ele></trkpt>
      <trkpt lat="45.87093" lon="10.77308"><ele>642</ele></trkpt>
      <trkpt lat="45.87092" lon="10.77331"><ele>641</ele></trkpt>
      <trkpt lat="45.87093" lon="10.77340"><ele>641</ele></trkpt>
      <trkpt lat="45.87093" lon="10.77350"><ele>640</ele></trkpt>
      <trkpt lat="45.87097" lon="10.77356"><ele>640</ele></trkpt>
      <trkpt lat="45.87098" lon="10.77359"><ele>640</ele></trkpt>
      <trkpt lat="45.87099" lon="10.77365"><ele>640</ele></trkpt>
      <trkpt lat="45.87098" lon="10.77372"><ele>639</ele></trkpt>
      <trkpt lat="45.87096" lon="10.77380"><ele>639</ele></trkpt>
      <trkpt lat="45.87086" lon="10.77404"><ele>636</ele></trkpt>
      <trkpt lat="45.87083" lon="10.77413"><ele>635</ele></trkpt>
      <trkpt lat="45.87083" lon="10.77422"><ele>635</ele></trkpt>
      <trkpt lat="45.87087" lon="10.77450"><ele>636</ele></trkpt>
      <trkpt lat="45.87078" lon="10.77463"><ele>635</ele></trkpt>
      <trkpt lat="45.87099" lon="10.77491"><ele>634</ele></trkpt>
      <trkpt lat="45.87110" lon="10.77504"><ele>634</ele></trkpt>
      <trkpt lat="45.87113" lon="10.77506"><ele>634</ele></trkpt>
      <trkpt lat="45.87116" lon="10.77507"><ele>633</ele></trkpt>
      <trkpt lat="45.87112" lon="10.77512"><ele>633</ele></trkpt>
      <trkpt lat="45.87108" lon="10.77516"><ele>632</ele></trkpt>
      <trkpt lat="45.87098" lon="10.77520"><ele>632</ele></trkpt>
      <trkpt lat="45.87100" lon="10.77543"><ele>630</ele></trkpt>
      <trkpt lat="45.87102" lon="10.77546"><ele>630</ele></trkpt>
      <trkpt lat="45.87130" lon="10.77547"><ele>629</ele></trkpt>
      <trkpt lat="45.87133" lon="10.77557"><ele>628</ele></trkpt>
      <trkpt lat="45.87130" lon="10.77547"><ele>629</ele></trkpt>
      <trkpt lat="45.87102" lon="10.77546"><ele>630</ele></trkpt>
      <trkpt lat="45.87100" lon="10.77566"><ele>627</ele></trkpt>
      <trkpt lat="45.87099" lon="10.77570"><ele>627</ele></trkpt>
      <trkpt lat="45.87096" lon="10.77582"><ele>626</ele></trkpt>
      <trkpt lat="45.87091" lon="10.77605"><ele>624</ele></trkpt>
      <trkpt lat="45.87087" lon="10.77623"><ele>622</ele></trkpt>
      <trkpt lat="45.87086" lon="10.77633"><ele>621</ele></trkpt>
      <trkpt lat="45.87089" lon="10.77642"><ele>620</ele></trkpt>
      <trkpt lat="45.87091" lon="10.77646"><ele>620</ele></trkpt>
      <trkpt lat="45.87100" lon="10.77661"><ele>618</ele></trkpt>
      <trkpt lat="45.87106" lon="10.77666"><ele>617</ele></trkpt>
      <trkpt lat="45.87124" lon="10.77673"><ele>617</ele></trkpt>
      <trkpt lat="45.87139" lon="10.77678"><ele>618</ele></trkpt>
      <trkpt lat="45.87164" lon="10.77685"><ele>617</ele></trkpt>
      <trkpt lat="45.87167" lon="10.77686"><ele>617</ele></trkpt>
      <trkpt lat="45.87172" lon="10.77688"><ele>618</ele></trkpt>
      <trkpt lat="45.87174" lon="10.77691"><ele>617</ele></trkpt>
      <trkpt lat="45.87179" lon="10.77700"><ele>618</ele></trkpt>
      <trkpt lat="45.87199" lon="10.77766"><ele>619</ele></trkpt>
      <trkpt lat="45.87194" lon="10.77808"><ele>615</ele></trkpt>
      <trkpt lat="45.87179" lon="10.77876"><ele>611</ele></trkpt>
      <trkpt lat="45.87175" lon="10.77902"><ele>611</ele></trkpt>
      <trkpt lat="45.87174" lon="10.77904"><ele>611</ele></trkpt>
      <trkpt lat="45.87172" lon="10.77908"><ele>610</ele></trkpt>
      <trkpt lat="45.87170" lon="10.77908"><ele>608</ele></trkpt>
      <trkpt lat="45.87168" lon="10.77908"><ele>608</ele></trkpt>
      <trkpt lat="45.87166" lon="10.77918"><ele>607</ele></trkpt>
      <trkpt lat="45.87165" lon="10.77923"><ele>606</ele></trkpt>
      <trkpt lat="45.87145" lon="10.77962"><ele>604</ele></trkpt>
      <trkpt lat="45.87141" lon="10.77975"><ele>603</ele></trkpt>
      <trkpt lat="45.87139" lon="10.78001"><ele>602</ele></trkpt>
      <trkpt lat="45.87138" lon="10.78005"><ele>602</ele></trkpt>
      <trkpt lat="45.87135" lon="10.78013"><ele>602</ele></trkpt>
      <trkpt lat="45.87130" lon="10.78025"><ele>602</ele></trkpt>
      <trkpt lat="45.87120" lon="10.78045"><ele>597</ele></trkpt>
      <trkpt lat="45.87115" lon="10.78055"><ele>595</ele></trkpt>
      <trkpt lat="45.87103" lon="10.78081"><ele>594</ele></trkpt>
      <trkpt lat="45.87101" lon="10.78089"><ele>593</ele></trkpt>
      <trkpt lat="45.87100" lon="10.78095"><ele>593</ele></trkpt>
      <trkpt lat="45.87101" lon="10.78110"><ele>594</ele></trkpt>
      <trkpt lat="45.87105" lon="10.78126"><ele>593</ele></trkpt>
      <trkpt lat="45.87106" lon="10.78131"><ele>593</ele></trkpt>
      <trkpt lat="45.87103" lon="10.78136"><ele>590</ele></trkpt>
      <trkpt lat="45.87100" lon="10.78152"><ele>588</ele></trkpt>
      <trkpt lat="45.87096" lon="10.78140"><ele>586</ele></trkpt>
      <trkpt lat="45.87094" lon="10.78139"><ele>585</ele></trkpt>
      <trkpt lat="45.87094" lon="10.78136"><ele>585</ele></trkpt>
      <trkpt lat="45.87091" lon="10.78111"><ele>587</ele></trkpt>
      <trkpt lat="45.87091" lon="10.78100"><ele>587</ele></trkpt>
      <trkpt lat="45.87094" lon="10.78069"><ele>590</ele></trkpt>
      <trkpt lat="45.87091" lon="10.78069"><ele>588</ele></trkpt>
      <trkpt lat="45.87090" lon="10.78070"><ele>588</ele></trkpt>
      <trkpt lat="45.87089" lon="10.78073"><ele>588</ele></trkpt>
      <trkpt lat="45.87087" lon="10.78085"><ele>586</ele></trkpt>
      <trkpt lat="45.87084" lon="10.78115"><ele>582</ele></trkpt>
      <trkpt lat="45.87081" lon="10.78140"><ele>580</ele></trkpt>
      <trkpt lat="45.87079" lon="10.78149"><ele>579</ele></trkpt>
      <trkpt lat="45.87072" lon="10.78164"><ele>576</ele></trkpt>
      <trkpt lat="45.87065" lon="10.78172"><ele>574</ele></trkpt>
      <trkpt lat="45.87058" lon="10.78178"><ele>571</ele></trkpt>
      <trkpt lat="45.87043" lon="10.78183"><ele>568</ele></trkpt>
      <trkpt lat="45.87038" lon="10.78185"><ele>568</ele></trkpt>
      <trkpt lat="45.87031" lon="10.78185"><ele>566</ele></trkpt>
      <trkpt lat="45.87015" lon="10.78180"><ele>565</ele></trkpt>
      <trkpt lat="45.87006" lon="10.78176"><ele>565</ele></trkpt>
      <trkpt lat="45.86993" lon="10.78168"><ele>564</ele></trkpt>
      <trkpt lat="45.86987" lon="10.78162"><ele>564</ele></trkpt>
      <trkpt lat="45.86976" lon="10.78148"><ele>562</ele></trkpt>
      <trkpt lat="45.86971" lon="10.78144"><ele>560</ele></trkpt>
      <trkpt lat="45.86966" lon="10.78144"><ele>559</ele></trkpt>
      <trkpt lat="45.86952" lon="10.78146"><ele>558</ele></trkpt>
      <trkpt lat="45.86943" lon="10.78148"><ele>556</ele></trkpt>
      <trkpt lat="45.86932" lon="10.78153"><ele>554</ele></trkpt>
      <trkpt lat="45.86931" lon="10.78153"><ele>554</ele></trkpt>
      <trkpt lat="45.86922" lon="10.78156"><ele>552</ele></trkpt>
      <trkpt lat="45.86917" lon="10.78156"><ele>551</ele></trkpt>
      <trkpt lat="45.86901" lon="10.78153"><ele>548</ele></trkpt>
      <trkpt lat="45.86894" lon="10.78154"><ele>547</ele></trkpt>
      <trkpt lat="45.86879" lon="10.78158"><ele>544</ele></trkpt>
      <trkpt lat="45.86872" lon="10.78163"><ele>543</ele></trkpt>
      <trkpt lat="45.86870" lon="10.78167"><ele>542</ele></trkpt>
      <trkpt lat="45.86861" lon="10.78191"><ele>539</ele></trkpt>
      <trkpt lat="45.86854" lon="10.78201"><ele>538</ele></trkpt>
      <trkpt lat="45.86845" lon="10.78209"><ele>536</ele></trkpt>
      <trkpt lat="45.86842" lon="10.78210"><ele>536</ele></trkpt>
      <trkpt lat="45.86830" lon="10.78213"><ele>534</ele></trkpt>
      <trkpt lat="45.86821" lon="10.78217"><ele>533</ele></trkpt>
      <trkpt lat="45.86817" lon="10.78221"><ele>532</ele></trkpt>
      <trkpt lat="45.86813" lon="10.78228"><ele>532</ele></trkpt>
      <trkpt lat="45.86803" lon="10.78249"><ele>530</ele></trkpt>
      <trkpt lat="45.86802" lon="10.78252"><ele>530</ele></trkpt>
      <trkpt lat="45.86798" lon="10.78255"><ele>530</ele></trkpt>
      <trkpt lat="45.86795" lon="10.78254"><ele>529</ele></trkpt>
      <trkpt lat="45.86793" lon="10.78252"><ele>529</ele></trkpt>
      <trkpt lat="45.86792" lon="10.78248"><ele>528</ele></trkpt>
      <trkpt lat="45.86792" lon="10.78245"><ele>528</ele></trkpt>
      <trkpt lat="45.86798" lon="10.78227"><ele>530</ele></trkpt>
      <trkpt lat="45.86804" lon="10.78215"><ele>530</ele></trkpt>
      <trkpt lat="45.86805" lon="10.78211"><ele>529</ele></trkpt>
      <trkpt lat="45.86804" lon="10.78209"><ele>529</ele></trkpt>
      <trkpt lat="45.86803" lon="10.78208"><ele>528</ele></trkpt>
      <trkpt lat="45.86799" lon="10.78209"><ele>528</ele></trkpt>
      <trkpt lat="45.86777" lon="10.78223"><ele>524</ele></trkpt>
      <trkpt lat="45.86775" lon="10.78226"><ele>524</ele></trkpt>
      <trkpt lat="45.86763" lon="10.78261"><ele>521</ele></trkpt>
      <trkpt lat="45.86747" lon="10.78318"><ele>518</ele></trkpt>
      <trkpt lat="45.86744" lon="10.78334"><ele>517</ele></trkpt>
      <trkpt lat="45.86742" lon="10.78370"><ele>510</ele></trkpt>
      <trkpt lat="45.86740" lon="10.78381"><ele>509</ele></trkpt>
      <trkpt lat="45.86736" lon="10.78404"><ele>508</ele></trkpt>
      <trkpt lat="45.86734" lon="10.78414"><ele>509</ele></trkpt>
      <trkpt lat="45.86735" lon="10.78426"><ele>508</ele></trkpt>
      <trkpt lat="45.86739" lon="10.78450"><ele>508</ele></trkpt>
      <trkpt lat="45.86740" lon="10.78473"><ele>507</ele></trkpt>
      <trkpt lat="45.86742" lon="10.78483"><ele>506</ele></trkpt>
      <trkpt lat="45.86745" lon="10.78494"><ele>505</ele></trkpt>
      <trkpt lat="45.86750" lon="10.78503"><ele>504</ele></trkpt>
      <trkpt lat="45.86752" lon="10.78504"><ele>504</ele></trkpt>
      <trkpt lat="45.86754" lon="10.78505"><ele>503</ele></trkpt>
      <trkpt lat="45.86760" lon="10.78503"><ele>503</ele></trkpt>
      <trkpt lat="45.86771" lon="10.78490"><ele>504</ele></trkpt>
      <trkpt lat="45.86774" lon="10.78488"><ele>504</ele></trkpt>
      <trkpt lat="45.86776" lon="10.78487"><ele>504</ele></trkpt>
      <trkpt lat="45.86779" lon="10.78489"><ele>503</ele></trkpt>
      <trkpt lat="45.86782" lon="10.78491"><ele>503</ele></trkpt>
      <trkpt lat="45.86785" lon="10.78496"><ele>502</ele></trkpt>
      <trkpt lat="45.86787" lon="10.78501"><ele>502</ele></trkpt>
      <trkpt lat="45.86787" lon="10.78507"><ele>502</ele></trkpt>
      <trkpt lat="45.86787" lon="10.78518"><ele>501</ele></trkpt>
      <trkpt lat="45.86785" lon="10.78529"><ele>500</ele></trkpt>
      <trkpt lat="45.86782" lon="10.78541"><ele>500</ele></trkpt>
      <trkpt lat="45.86778" lon="10.78552"><ele>499</ele></trkpt>
      <trkpt lat="45.86768" lon="10.78571"><ele>498</ele></trkpt>
      <trkpt lat="45.86744" lon="10.78603"><ele>495</ele></trkpt>
      <trkpt lat="45.86731" lon="10.78621"><ele>494</ele></trkpt>
      <trkpt lat="45.86719" lon="10.78634"><ele>493</ele></trkpt>
      <trkpt lat="45.86712" lon="10.78643"><ele>492</ele></trkpt>
      <trkpt lat="45.86709" lon="10.78651"><ele>491</ele></trkpt>
      <trkpt lat="45.86679" lon="10.78732"><ele>488</ele></trkpt>
      <trkpt lat="45.86678" lon="10.78738"><ele>487</ele></trkpt>
      <trkpt lat="45.86677" lon="10.78746"><ele>487</ele></trkpt>
      <trkpt lat="45.86675" lon="10.78748"><ele>487</ele></trkpt>
      <trkpt lat="45.86671" lon="10.78753"><ele>486</ele></trkpt>
      <trkpt lat="45.86659" lon="10.78787"><ele>484</ele></trkpt>
      <trkpt lat="45.86655" lon="10.78797"><ele>484</ele></trkpt>
      <trkpt lat="45.86642" lon="10.78827"><ele>482</ele></trkpt>
      <trkpt lat="45.86640" lon="10.78830"><ele>481</ele></trkpt>
      <trkpt lat="45.86626" lon="10.78861"><ele>479</ele></trkpt>
      <trkpt lat="45.86623" lon="10.78868"><ele>478</ele></trkpt>
      <trkpt lat="45.86615" lon="10.78892"><ele>477</ele></trkpt>
      <trkpt lat="45.86608" lon="10.78889"><ele>477</ele></trkpt>
      <trkpt lat="45.86599" lon="10.78886"><ele>476</ele></trkpt>
      <trkpt lat="45.86568" lon="10.78883"><ele>474</ele></trkpt>
      <trkpt lat="45.86562" lon="10.78885"><ele>473</ele></trkpt>
      <trkpt lat="45.86548" lon="10.78898"><ele>472</ele></trkpt>
      <trkpt lat="45.86539" lon="10.78903"><ele>470</ele></trkpt>
      <trkpt lat="45.86536" lon="10.78905"><ele>470</ele></trkpt>
      <trkpt lat="45.86531" lon="10.78908"><ele>469</ele></trkpt>
      <trkpt lat="45.86523" lon="10.78902"><ele>468</ele></trkpt>
      <trkpt lat="45.86511" lon="10.78895"><ele>469</ele></trkpt>
      <trkpt lat="45.86508" lon="10.78893"><ele>469</ele></trkpt>
      <trkpt lat="45.86500" lon="10.78889"><ele>471</ele></trkpt>
      <trkpt lat="45.86495" lon="10.78893"><ele>472</ele></trkpt>
      <trkpt lat="45.86493" lon="10.78896"><ele>472</ele></trkpt>
      <trkpt lat="45.86493" lon="10.78898"><ele>472</ele></trkpt>
      <trkpt lat="45.86492" lon="10.78903"><ele>471</ele></trkpt>
      <trkpt lat="45.86492" lon="10.78907"><ele>470</ele></trkpt>
      <trkpt lat="45.86493" lon="10.78912"><ele>468</ele></trkpt>
      <trkpt lat="45.86496" lon="10.78920"><ele>466</ele></trkpt>
      <trkpt lat="45.86496" lon="10.78922"><ele>465</ele></trkpt>
      <trkpt lat="45.86490" lon="10.78938"><ele>464</ele></trkpt>
      <trkpt lat="45.86489" lon="10.78949"><ele>463</ele></trkpt>
      <trkpt lat="45.86490" lon="10.78953"><ele>463</ele></trkpt>
      <trkpt lat="45.86492" lon="10.78961"><ele>462</ele></trkpt>
      <trkpt lat="45.86499" lon="10.78977"><ele>457</ele></trkpt>
      <trkpt lat="45.86501" lon="10.78987"><ele>457</ele></trkpt>
      <trkpt lat="45.86502" lon="10.78996"><ele>458</ele></trkpt>
      <trkpt lat="45.86503" lon="10.79047"><ele>457</ele></trkpt>
      <trkpt lat="45.86508" lon="10.79075"><ele>456</ele></trkpt>
      <trkpt lat="45.86509" lon="10.79087"><ele>456</ele></trkpt>
      <trkpt lat="45.86514" lon="10.79124"><ele>456</ele></trkpt>
      <trkpt lat="45.86515" lon="10.79157"><ele>454</ele></trkpt>
      <trkpt lat="45.86514" lon="10.79169"><ele>453</ele></trkpt>
      <trkpt lat="45.86515" lon="10.79190"><ele>454</ele></trkpt>
      <trkpt lat="45.86516" lon="10.79205"><ele>453</ele></trkpt>
      <trkpt lat="45.86517" lon="10.79223"><ele>451</ele></trkpt>
      <trkpt lat="45.86516" lon="10.79236"><ele>450</ele></trkpt>
      <trkpt lat="45.86514" lon="10.79247"><ele>450</ele></trkpt>
      <trkpt lat="45.86501" lon="10.79283"><ele>446</ele></trkpt>
      <trkpt lat="45.86499" lon="10.79289"><ele>446</ele></trkpt>
      <trkpt lat="45.86499" lon="10.79309"><ele>446</ele></trkpt>
      <trkpt lat="45.86506" lon="10.79342"><ele>445</ele></trkpt>
      <trkpt lat="45.86514" lon="10.79369"><ele>445</ele></trkpt>
      <trkpt lat="45.86527" lon="10.79421"><ele>441</ele></trkpt>
      <trkpt lat="45.86527" lon="10.79431"><ele>440</ele></trkpt>
      <trkpt lat="45.86527" lon="10.79441"><ele>439</ele></trkpt>
      <trkpt lat="45.86526" lon="10.79450"><ele>440</ele></trkpt>
      <trkpt lat="45.86520" lon="10.79462"><ele>440</ele></trkpt>
      <trkpt lat="45.86512" lon="10.79473"><ele>439</ele></trkpt>
      <trkpt lat="45.86496" lon="10.79499"><ele>438</ele></trkpt>
      <trkpt lat="45.86491" lon="10.79504"><ele>438</ele></trkpt>
      <trkpt lat="45.86483" lon="10.79515"><ele>440</ele></trkpt>
      <trkpt lat="45.86480" lon="10.79525"><ele>440</ele></trkpt>
      <trkpt lat="45.86479" lon="10.79538"><ele>439</ele></trkpt>
      <trkpt lat="45.86480" lon="10.79555"><ele>438</ele></trkpt>
      <trkpt lat="45.86492" lon="10.79581"><ele>434</ele></trkpt>
      <trkpt lat="45.86499" lon="10.79596"><ele>430</ele></trkpt>
      <trkpt lat="45.86503" lon="10.79610"><ele>430</ele></trkpt>
      <trkpt lat="45.86507" lon="10.79662"><ele>427</ele></trkpt>
      <trkpt lat="45.86507" lon="10.79689"><ele>426</ele></trkpt>
      <trkpt lat="45.86502" lon="10.79729"><ele>426</ele></trkpt>
      <trkpt lat="45.86499" lon="10.79740"><ele>426</ele></trkpt>
      <trkpt lat="45.86494" lon="10.79747"><ele>426</ele></trkpt>
      <trkpt lat="45.86489" lon="10.79751"><ele>427</ele></trkpt>
      <trkpt lat="45.86472" lon="10.79760"><ele>430</ele></trkpt>
      <trkpt lat="45.86465" lon="10.79768"><ele>429</ele></trkpt>
      <trkpt lat="45.86460" lon="10.79778"><ele>429</ele></trkpt>
      <trkpt lat="45.86454" lon="10.79792"><ele>429</ele></trkpt>
      <trkpt lat="45.86449" lon="10.79816"><ele>427</ele></trkpt>
      <trkpt lat="45.86445" lon="10.79829"><ele>426</ele></trkpt>
      <trkpt lat="45.86440" lon="10.79840"><ele>426</ele></trkpt>
      <trkpt lat="45.86429" lon="10.79857"><ele>426</ele></trkpt>
      <trkpt lat="45.86417" lon="10.79872"><ele>426</ele></trkpt>
      <trkpt lat="45.86412" lon="10.79881"><ele>426</ele></trkpt>
      <trkpt lat="45.86406" lon="10.79893"><ele>426</ele></trkpt>
      <trkpt lat="45.86405" lon="10.79912"><ele>426</ele></trkpt>
      <trkpt lat="45.86406" lon="10.79930"><ele>425</ele></trkpt>
      <trkpt lat="45.86412" lon="10.79957"><ele>422</ele></trkpt>
      <trkpt lat="45.86413" lon="10.79965"><ele>421</ele></trkpt>
      <trkpt lat="45.86410" lon="10.79983"><ele>421</ele></trkpt>
      <trkpt lat="45.86417" lon="10.80038"><ele>419</ele></trkpt>
      <trkpt lat="45.86421" lon="10.80054"><ele>418</ele></trkpt>
      <trkpt lat="45.86432" lon="10.80080"><ele>416</ele></trkpt>
      <trkpt lat="45.86435" lon="10.80091"><ele>415</ele></trkpt>
      <trkpt lat="45.86438" lon="10.80113"><ele>414</ele></trkpt>
      <trkpt lat="45.86443" lon="10.80140"><ele>411</ele></trkpt>
      <trkpt lat="45.86442" lon="10.80181"><ele>410</ele></trkpt>
      <trkpt lat="45.86449" lon="10.80210"><ele>408</ele></trkpt>
      <trkpt lat="45.86455" lon="10.80247"><ele>406</ele></trkpt>
      <trkpt lat="45.86447" lon="10.80251"><ele>407</ele></trkpt>
      <trkpt lat="45.86446" lon="10.80253"><ele>406</ele></trkpt>
      <trkpt lat="45.86437" lon="10.80277"><ele>407</ele></trkpt>
      <trkpt lat="45.86435" lon="10.80285"><ele>407</ele></trkpt>
      <trkpt lat="45.86433" lon="10.80307"><ele>406</ele></trkpt>
      <trkpt lat="45.86431" lon="10.80316"><ele>405</ele></trkpt>
      <trkpt lat="45.86423" lon="10.80334"><ele>404</ele></trkpt>
      <trkpt lat="45.86415" lon="10.80354"><ele>404</ele></trkpt>
      <trkpt lat="45.86403" lon="10.80399"><ele>406</ele></trkpt>
      <trkpt lat="45.86403" lon="10.80405"><ele>406</ele></trkpt>
      <trkpt lat="45.86405" lon="10.80503"><ele>403</ele></trkpt>
      <trkpt lat="45.86398" lon="10.80586"><ele>400</ele></trkpt>
      <trkpt lat="45.86398" lon="10.80615"><ele>400</ele></trkpt>
      <trkpt lat="45.86404" lon="10.80653"><ele>397</ele></trkpt>
      <trkpt lat="45.86405" lon="10.80735"><ele>396</ele></trkpt>
      <trkpt lat="45.86406" lon="10.80766"><ele>395</ele></trkpt>
      <trkpt lat="45.86410" lon="10.80816"><ele>392</ele></trkpt>
      <trkpt lat="45.86408" lon="10.80861"><ele>392</ele></trkpt>
      <trkpt lat="45.86409" lon="10.80874"><ele>391</ele></trkpt>
      <trkpt lat="45.86414" lon="10.80893"><ele>388</ele></trkpt>
      <trkpt lat="45.86414" lon="10.80898"><ele>388</ele></trkpt>
      <trkpt lat="45.86413" lon="10.80924"><ele>387</ele></trkpt>
      <trkpt lat="45.86412" lon="10.80932"><ele>387</ele></trkpt>
      <trkpt lat="45.86409" lon="10.80940"><ele>388</ele></trkpt>
      <trkpt lat="45.86399" lon="10.80999"><ele>390</ele></trkpt>
      <trkpt lat="45.86397" lon="10.81016"><ele>390</ele></trkpt>
      <trkpt lat="45.86398" lon="10.81024"><ele>389</ele></trkpt>
      <trkpt lat="45.86399" lon="10.81031"><ele>389</ele></trkpt>
      <trkpt lat="45.86401" lon="10.81036"><ele>389</ele></trkpt>
      <trkpt lat="45.86424" lon="10.81072"><ele>383</ele></trkpt>
      <trkpt lat="45.86425" lon="10.81076"><ele>383</ele></trkpt>
      <trkpt lat="45.86429" lon="10.81101"><ele>384</ele></trkpt>
      <trkpt lat="45.86432" lon="10.81142"><ele>383</ele></trkpt>
      <trkpt lat="45.86431" lon="10.81149"><ele>382</ele></trkpt>
      <trkpt lat="45.86427" lon="10.81161"><ele>382</ele></trkpt>
      <trkpt lat="45.86422" lon="10.81180"><ele>381</ele></trkpt>
      <trkpt lat="45.86409" lon="10.81216"><ele>381</ele></trkpt>
      <trkpt lat="45.86405" lon="10.81240"><ele>379</ele></trkpt>
      <trkpt lat="45.86403" lon="10.81265"><ele>374</ele></trkpt>
      <trkpt lat="45.86398" lon="10.81291"><ele>373</ele></trkpt>
      <trkpt lat="45.86395" lon="10.81335"><ele>368</ele></trkpt>
      <trkpt lat="45.86395" lon="10.81345"><ele>368</ele></trkpt>
      <trkpt lat="45.86399" lon="10.81347"><ele>366</ele></trkpt>
      <trkpt lat="45.86398" lon="10.81400"><ele>364</ele></trkpt>
      <trkpt lat="45.86396" lon="10.81414"><ele>364</ele></trkpt>
      <trkpt lat="45.86395" lon="10.81423"><ele>363</ele></trkpt>
      <trkpt lat="45.86382" lon="10.81459"><ele>359</ele></trkpt>
      <trkpt lat="45.86376" lon="10.81484"><ele>356</ele></trkpt>
      <trkpt lat="45.86368" lon="10.81553"><ele>352</ele></trkpt>
      <trkpt lat="45.86368" lon="10.81586"><ele>350</ele></trkpt>
      <trkpt lat="45.86371" lon="10.81611"><ele>347</ele></trkpt>
      <trkpt lat="45.86372" lon="10.81619"><ele>346</ele></trkpt>
      <trkpt lat="45.86377" lon="10.81639"><ele>345</ele></trkpt>
      <trkpt lat="45.86393" lon="10.81682"><ele>341</ele></trkpt>
      <trkpt lat="45.86395" lon="10.81693"><ele>340</ele></trkpt>
      <trkpt lat="45.86397" lon="10.81706"><ele>340</ele></trkpt>
      <trkpt lat="45.86397" lon="10.81743"><ele>338</ele></trkpt>
      <trkpt lat="45.86398" lon="10.81868"><ele>330</ele></trkpt>
      <trkpt lat="45.86397" lon="10.81883"><ele>328</ele></trkpt>
      <trkpt lat="45.86395" lon="10.81894"><ele>328</ele></trkpt>
      <trkpt lat="45.86391" lon="10.81907"><ele>328</ele></trkpt>
      <trkpt lat="45.86365" lon="10.81974"><ele>325</ele></trkpt>
      <trkpt lat="45.86359" lon="10.81990"><ele>324</ele></trkpt>
      <trkpt lat="45.86353" lon="10.82010"><ele>323</ele></trkpt>
      <trkpt lat="45.86343" lon="10.82053"><ele>317</ele></trkpt>
      <trkpt lat="45.86339" lon="10.82064"><ele>317</ele></trkpt>
      <trkpt lat="45.86334" lon="10.82072"><ele>316</ele></trkpt>
      <trkpt lat="45.86328" lon="10.82080"><ele>319</ele></trkpt>
      <trkpt lat="45.86313" lon="10.82095"><ele>325</ele></trkpt>
      <trkpt lat="45.86308" lon="10.82109"><ele>318</ele></trkpt>
      <trkpt lat="45.86306" lon="10.82118"><ele>315</ele></trkpt>
      <trkpt lat="45.86302" lon="10.82137"><ele>314</ele></trkpt>
      <trkpt lat="45.86284" lon="10.82183"><ele>310</ele></trkpt>
      <trkpt lat="45.86277" lon="10.82212"><ele>308</ele></trkpt>
      <trkpt lat="45.86277" lon="10.82245"><ele>306</ele></trkpt>
      <trkpt lat="45.86279" lon="10.82305"><ele>304</ele></trkpt>
      <trkpt lat="45.86283" lon="10.82325"><ele>306</ele></trkpt>
      <trkpt lat="45.86287" lon="10.82338"><ele>304</ele></trkpt>
      <trkpt lat="45.86291" lon="10.82350"><ele>300</ele></trkpt>
      <trkpt lat="45.86291" lon="10.82363"><ele>300</ele></trkpt>
      <trkpt lat="45.86281" lon="10.82385"><ele>301</ele></trkpt>
      <trkpt lat="45.86270" lon="10.82432"><ele>301</ele></trkpt>
      <trkpt lat="45.86265" lon="10.82467"><ele>300</ele></trkpt>
      <trkpt lat="45.86252" lon="10.82504"><ele>297</ele></trkpt>
      <trkpt lat="45.86225" lon="10.82589"><ele>294</ele></trkpt>
      <trkpt lat="45.86221" lon="10.82609"><ele>294</ele></trkpt>
      <trkpt lat="45.86217" lon="10.82648"><ele>294</ele></trkpt>
      <trkpt lat="45.86216" lon="10.82672"><ele>294</ele></trkpt>
      <trkpt lat="45.86213" lon="10.82684"><ele>294</ele></trkpt>
      <trkpt lat="45.86197" lon="10.82741"><ele>292</ele></trkpt>
      <trkpt lat="45.86193" lon="10.82749"><ele>292</ele></trkpt>
      <trkpt lat="45.86181" lon="10.82760"><ele>289</ele></trkpt>
      <trkpt lat="45.86154" lon="10.82778"><ele>290</ele></trkpt>
      <trkpt lat="45.86150" lon="10.82784"><ele>288</ele></trkpt>
      <trkpt lat="45.86148" lon="10.82799"><ele>282</ele></trkpt>
      <trkpt lat="45.86148" lon="10.82816"><ele>273</ele></trkpt>
      <trkpt lat="45.86135" lon="10.82850"><ele>270</ele></trkpt>
      <trkpt lat="45.86118" lon="10.82876"><ele>267</ele></trkpt>
      <trkpt lat="45.86115" lon="10.82886"><ele>264</ele></trkpt>
      <trkpt lat="45.86113" lon="10.82900"><ele>260</ele></trkpt>
      <trkpt lat="45.86113" lon="10.82910"><ele>256</ele></trkpt>
      <trkpt lat="45.86113" lon="10.82914"><ele>256</ele></trkpt>
      <trkpt lat="45.86107" lon="10.82930"><ele>256</ele></trkpt>
      <trkpt lat="45.86103" lon="10.82936"><ele>257</ele></trkpt>
      <trkpt lat="45.86098" lon="10.82954"><ele>252</ele></trkpt>
      <trkpt lat="45.86092" lon="10.82968"><ele>251</ele></trkpt>
      <trkpt lat="45.86089" lon="10.82993"><ele>246</ele></trkpt>
      <trkpt lat="45.86111" lon="10.82977"><ele>238</ele></trkpt>
      <trkpt lat="45.86114" lon="10.82980"><ele>233</ele></trkpt>
      <trkpt lat="45.86116" lon="10.82989"><ele>228</ele></trkpt>
      <trkpt lat="45.86111" lon="10.83020"><ele>224</ele></trkpt>
      <trkpt lat="45.86092" lon="10.83059"><ele>210</ele></trkpt>
      <trkpt lat="45.86076" lon="10.83081"><ele>212</ele></trkpt>
      <trkpt lat="45.86055" lon="10.83100"><ele>208</ele></trkpt>
      <trkpt lat="45.86044" lon="10.83117"><ele>202</ele></trkpt>
      <trkpt lat="45.86029" lon="10.83158"><ele>196</ele></trkpt>
      <trkpt lat="45.86025" lon="10.83171"><ele>194</ele></trkpt>
      <trkpt lat="45.86026" lon="10.83178"><ele>190</ele></trkpt>
      <trkpt lat="45.86028" lon="10.83183"><ele>187</ele></trkpt>
      <trkpt lat="45.86034" lon="10.83185"><ele>184</ele></trkpt>
      <trkpt lat="45.86043" lon="10.83182"><ele>181</ele></trkpt>
      <trkpt lat="45.86063" lon="10.83168"><ele>176</ele></trkpt>
      <trkpt lat="45.86071" lon="10.83168"><ele>170</ele></trkpt>
      <trkpt lat="45.86077" lon="10.83164"><ele>168</ele></trkpt>
      <trkpt lat="45.86081" lon="10.83143"><ele>166</ele></trkpt>
      <trkpt lat="45.86085" lon="10.83132"><ele>166</ele></trkpt>
      <trkpt lat="45.86096" lon="10.83119"><ele>164</ele></trkpt>
      <trkpt lat="45.86111" lon="10.83105"><ele>155</ele></trkpt>
      <trkpt lat="45.86121" lon="10.83092"><ele>150</ele></trkpt>
      <trkpt lat="45.86123" lon="10.83093"><ele>148</ele></trkpt>
      <trkpt lat="45.86124" lon="10.83097"><ele>147</ele></trkpt>
      <trkpt lat="45.86124" lon="10.83102"><ele>146</ele></trkpt>
      <trkpt lat="45.86121" lon="10.83122"><ele>144</ele></trkpt>
      <trkpt lat="45.86116" lon="10.83142"><ele>140</ele></trkpt>
      <trkpt lat="45.86107" lon="10.83158"><ele>140</ele></trkpt>
      <trkpt lat="45.86105" lon="10.83162"><ele>140</ele></trkpt>
      <trkpt lat="45.86105" lon="10.83167"><ele>138</ele></trkpt>
      <trkpt lat="45.86107" lon="10.83184"><ele>131</ele></trkpt>
      <trkpt lat="45.86107" lon="10.83192"><ele>130</ele></trkpt>
      <trkpt lat="45.86109" lon="10.83211"><ele>118</ele></trkpt>
      <trkpt lat="45.86110" lon="10.83213"><ele>116</ele></trkpt>
      <trkpt lat="45.86116" lon="10.83208"><ele>114</ele></trkpt>
      <trkpt lat="45.86134" lon="10.83178"><ele>114</ele></trkpt>
      <trkpt lat="45.86139" lon="10.83172"><ele>114</ele></trkpt>
      <trkpt lat="45.86141" lon="10.83172"><ele>116</ele></trkpt>
      <trkpt lat="45.86141" lon="10.83174"><ele>115</ele></trkpt>
      <trkpt lat="45.86140" lon="10.83180"><ele>112</ele></trkpt>
      <trkpt lat="45.86133" lon="10.83204"><ele>103</ele></trkpt>
      <trkpt lat="45.86125" lon="10.83221"><ele>99</ele></trkpt>
      <trkpt lat="45.86123" lon="10.83229"><ele>98</ele></trkpt>
      <trkpt lat="45.86122" lon="10.83236"><ele>97</ele></trkpt>
      <trkpt lat="45.86121" lon="10.83245"><ele>95</ele></trkpt>
      <trkpt lat="45.86119" lon="10.83246"><ele>94</ele></trkpt>
      <trkpt lat="45.86117" lon="10.83253"><ele>90</ele></trkpt>
      <trkpt lat="45.86115" lon="10.83258"><ele>84</ele></trkpt>
      <trkpt lat="45.86134" lon="10.83270"><ele>78</ele></trkpt>
      <trkpt lat="45.86139" lon="10.83272"><ele>78</ele></trkpt>
      <trkpt lat="45.86151" lon="10.83277"><ele>78</ele></trkpt>
      <trkpt lat="45.86188" lon="10.83288"><ele>79</ele></trkpt>
      <trkpt lat="45.86437" lon="10.83356"><ele>80</ele></trkpt>
      <trkpt lat="45.86749" lon="10.83417"><ele>83</ele></trkpt>
      <trkpt lat="45.86800" lon="10.83416"><ele>83</ele></trkpt>
      <trkpt lat="45.86841" lon="10.83418"><ele>84</ele></trkpt>
      <trkpt lat="45.86861" lon="10.83424"><ele>84</ele></trkpt>
      <trkpt lat="45.86955" lon="10.83461"><ele>84</ele></trkpt>
      <trkpt lat="45.86977" lon="10.83478"><ele>84</ele></trkpt>
      <trkpt lat="45.87035" lon="10.83528"><ele>85</ele></trkpt>
      <trkpt lat="45.87050" lon="10.83538"><ele>85</ele></trkpt>
      <trkpt lat="45.87081" lon="10.83557"><ele>84</ele></trkpt>
      <trkpt lat="45.87139" lon="10.83578"><ele>84</ele></trkpt>
      <trkpt lat="45.87285" lon="10.83621"><ele>82</ele></trkpt>
      <trkpt lat="45.87960" lon="10.83772"><ele>75</ele></trkpt>
      <trkpt lat="45.88001" lon="10.83780"><ele>75</ele></trkpt>
      <trkpt lat="45.88029" lon="10.83787"><ele>82</ele></trkpt>
      <trkpt lat="45.88041" lon="10.83791"><ele>81</ele></trkpt>
      <trkpt lat="45.88053" lon="10.83794"><ele>81</ele></trkpt>
      <trkpt lat="45.88089" lon="10.83799"><ele>76</ele></trkpt>
      <trkpt lat="45.88188" lon="10.83812"><ele>70</ele></trkpt>
      <trkpt lat="45.88203" lon="10.83814"><ele>71</ele></trkpt>
      <trkpt lat="45.88219" lon="10.83818"><ele>71</ele></trkpt>
      <trkpt lat="45.88255" lon="10.83827"><ele>69</ele></trkpt>
      <trkpt lat="45.88321" lon="10.83849"><ele>68</ele></trkpt>
      <trkpt lat="45.88326" lon="10.83851"><ele>68</ele></trkpt>
      <trkpt lat="45.88325" lon="10.83857"><ele>68</ele></trkpt>
      <trkpt lat="45.88325" lon="10.83863"><ele>68</ele></trkpt>
      <trkpt lat="45.88325" lon="10.83869"><ele>67</ele></trkpt>
      <trkpt lat="45.88327" lon="10.83870"><ele>67</ele></trkpt>
      <trkpt lat="45.88349" lon="10.83879"><ele>67</ele></trkpt>
      <trkpt lat="45.88357" lon="10.83881"><ele>67</ele></trkpt>
      <trkpt lat="45.88356" lon="10.83885"><ele>67</ele></trkpt>
      <trkpt lat="45.88352" lon="10.83902"><ele>66</ele></trkpt>
      <trkpt lat="45.88348" lon="10.83918"><ele>66</ele></trkpt>
      <trkpt lat="45.88222" lon="10.83973"><ele>65</ele></trkpt>
      <trkpt lat="45.88141" lon="10.84021"><ele>65</ele></trkpt>
      <trkpt lat="45.88069" lon="10.84052"><ele>65</ele></trkpt>
      <trkpt lat="45.88006" lon="10.84073"><ele>65</ele></trkpt>
      <trkpt lat="45.87608" lon="10.84143"><ele>65</ele></trkpt>
      <trkpt lat="45.87306" lon="10.84205"><ele>65</ele></trkpt>
      <trkpt lat="45.87201" lon="10.84215"><ele>65</ele></trkpt>
      <trkpt lat="45.87306" lon="10.84205"><ele>65</ele></trkpt>
      <trkpt lat="45.87608" lon="10.84143"><ele>65</ele></trkpt>
      <trkpt lat="45.88006" lon="10.84073"><ele>65</ele></trkpt>
      <trkpt lat="45.88069" lon="10.84052"><ele>65</ele></trkpt>
      <trkpt lat="45.88141" lon="10.84021"><ele>65</ele></trkpt>
      <trkpt lat="45.88222" lon="10.83973"><ele>65</ele></trkpt>
      <trkpt lat="45.88348" lon="10.83918"><ele>66</ele></trkpt>
      <trkpt lat="45.88352" lon="10.83902"><ele>66</ele></trkpt>
      <trkpt lat="45.88356" lon="10.83885"><ele>67</ele></trkpt>
      <trkpt lat="45.88357" lon="10.83881"><ele>67</ele></trkpt>
      <trkpt lat="45.88364" lon="10.83881"><ele>67</ele></trkpt>
      <trkpt lat="45.88369" lon="10.83878"><ele>67</ele></trkpt>
      <trkpt lat="45.88373" lon="10.83882"><ele>67</ele></trkpt>
      <trkpt lat="45.88377" lon="10.83886"><ele>67</ele></trkpt>
      <trkpt lat="45.88387" lon="10.83893"><ele>67</ele></trkpt>
      <trkpt lat="45.88396" lon="10.83897"><ele>67</ele></trkpt>
      <trkpt lat="45.88436" lon="10.83893"><ele>66</ele></trkpt>
      <trkpt lat="45.88445" lon="10.83893"><ele>66</ele></trkpt>
      <trkpt lat="45.88463" lon="10.83890"><ele>66</ele></trkpt>
      <trkpt lat="45.88464" lon="10.83891"><ele>66</ele></trkpt>
      <trkpt lat="45.88467" lon="10.83895"><ele>66</ele></trkpt>
      <trkpt lat="45.88468" lon="10.83899"><ele>66</ele></trkpt>
      <trkpt lat="45.88470" lon="10.83937"><ele>66</ele></trkpt>
      <trkpt lat="45.88467" lon="10.83939"><ele>66</ele></trkpt>
      <trkpt lat="45.88466" lon="10.83959"><ele>66</ele></trkpt>
      <trkpt lat="45.88464" lon="10.83959"><ele>66</ele></trkpt>
      <trkpt lat="45.88460" lon="10.83973"><ele>66</ele></trkpt>
      <trkpt lat="45.88460" lon="10.83976"><ele>66</ele></trkpt>
      <trkpt lat="45.88457" lon="10.83979"><ele>66</ele></trkpt>
      <trkpt lat="45.88457" lon="10.83984"><ele>66</ele></trkpt>
      <trkpt lat="45.88460" lon="10.83984"><ele>66</ele></trkpt>
      <trkpt lat="45.88456" lon="10.83999"><ele>66</ele></trkpt>
      <trkpt lat="45.88474" lon="10.84008"><ele>66</ele></trkpt>
      <trkpt lat="45.88477" lon="10.84000"><ele>66</ele></trkpt>
      <trkpt lat="45.88483" lon="10.84005"><ele>67</ele></trkpt>
      <trkpt lat="45.88483" lon="10.84006"><ele>67</ele></trkpt>
      <trkpt lat="45.88484" lon="10.84006"><ele>67</ele></trkpt>
      <trkpt lat="45.88480" lon="10.84015"><ele>67</ele></trkpt>
      <trkpt lat="45.88475" lon="10.84025"><ele>67</ele></trkpt>
      <trkpt lat="45.88474" lon="10.84029"><ele>67</ele></trkpt>
      <trkpt lat="45.88472" lon="10.84035"><ele>67</ele></trkpt>
      <trkpt lat="45.88470" lon="10.84051"><ele>67</ele></trkpt>
      <trkpt lat="45.88464" lon="10.84094"><ele>67</ele></trkpt>
      <trkpt lat="45.88464" lon="10.84098"><ele>67</ele></trkpt>
      <trkpt lat="45.88468" lon="10.84098"><ele>67</ele></trkpt>
      <trkpt lat="45.88468" lon="10.84100"><ele>67</ele></trkpt>
      <trkpt lat="45.88474" lon="10.84100"><ele>67</ele></trkpt>
      <trkpt lat="45.88500" lon="10.84100"><ele>69</ele></trkpt>
    </trkseg>
  </trk>
</gpx>
