<?xml version="1.0" encoding="UTF-8"?>
<gpx version="1.1" creator="dolomites-trip" xmlns="http://www.topografix.com/GPX/1/1">
  <metadata><name>День 5: Borgo-Valsugana → озёра Levico и Caldonazzo → Trento</name></metadata>
  <trk>
    <name>День 5: Borgo-Valsugana → озёра Levico и Caldonazzo → Trento</name>
    <trkseg>
      <trkpt lat="46.05254" lon="11.45600"><ele>385</ele></trkpt>
      <trkpt lat="46.05240" lon="11.45605"><ele>386</ele></trkpt>
      <trkpt lat="46.05223" lon="11.45608"><ele>387</ele></trkpt>
      <trkpt lat="46.05224" lon="11.45619"><ele>386</ele></trkpt>
      <trkpt lat="46.05271" lon="11.45606"><ele>385</ele></trkpt>
      <trkpt lat="46.05309" lon="11.45596"><ele>384</ele></trkpt>
      <trkpt lat="46.05319" lon="11.45593"><ele>384</ele></trkpt>
      <trkpt lat="46.05330" lon="11.45588"><ele>384</ele></trkpt>
      <trkpt lat="46.05338" lon="11.45583"><ele>384</ele></trkpt>
      <trkpt lat="46.05348" lon="11.45581"><ele>383</ele></trkpt>
      <trkpt lat="46.05351" lon="11.45580"><ele>382</ele></trkpt>
      <trkpt lat="46.05364" lon="11.45576"><ele>382</ele></trkpt>
      <trkpt lat="46.05369" lon="11.45574"><ele>382</ele></trkpt>
      <trkpt lat="46.05379" lon="11.45569"><ele>382</ele></trkpt>
      <trkpt lat="46.05370" lon="11.45527"><ele>382</ele></trkpt>
      <trkpt lat="46.05367" lon="11.45508"><ele>384</ele></trkpt>
      <trkpt lat="46.05362" lon="11.45484"><ele>385</ele></trkpt>
      <trkpt lat="46.05363" lon="11.45477"><ele>385</ele></trkpt>
      <trkpt lat="46.05368" lon="11.45459"><ele>383</ele></trkpt>
      <trkpt lat="46.05363" lon="11.45456"><ele>383</ele></trkpt>
      <trkpt lat="46.05362" lon="11.45456"><ele>383</ele></trkpt>
      <trkpt lat="46.05356" lon="11.45453"><ele>383</ele></trkpt>
      <trkpt lat="46.05352" lon="11.45450"><ele>383</ele></trkpt>
      <trkpt lat="46.05350" lon="11.45448"><ele>383</ele></trkpt>
      <trkpt lat="46.05341" lon="11.45407"><ele>384</ele></trkpt>
      <trkpt lat="46.05334" lon="11.45374"><ele>384</ele></trkpt>
      <trkpt lat="46.05324" lon="11.45326"><ele>384</ele></trkpt>
      <trkpt lat="46.05296" lon="11.45210"><ele>384</ele></trkpt>
      <trkpt lat="46.05305" lon="11.45206"><ele>384</ele></trkpt>
      <trkpt lat="46.05307" lon="11.45206"><ele>384</ele></trkpt>
      <trkpt lat="46.05302" lon="11.45185"><ele>384</ele></trkpt>
      <trkpt lat="46.05299" lon="11.45167"><ele>383</ele></trkpt>
      <trkpt lat="46.05286" lon="11.45110"><ele>385</ele></trkpt>
      <trkpt lat="46.05283" lon="11.45097"><ele>385</ele></trkpt>
      <trkpt lat="46.05277" lon="11.45079"><ele>384</ele></trkpt>
      <trkpt lat="46.05275" lon="11.45073"><ele>384</ele></trkpt>
      <trkpt lat="46.05275" lon="11.45068"><ele>384</ele></trkpt>
      <trkpt lat="46.05274" lon="11.45055"><ele>383</ele></trkpt>
      <trkpt lat="46.05270" lon="11.45040"><ele>383</ele></trkpt>
      <trkpt lat="46.05267" lon="11.45033"><ele>383</ele></trkpt>
      <trkpt lat="46.05262" lon="11.45027"><ele>384</ele></trkpt>
      <trkpt lat="46.05261" lon="11.45023"><ele>384</ele></trkpt>
      <trkpt lat="46.05258" lon="11.45013"><ele>384</ele></trkpt>
      <trkpt lat="46.05258" lon="11.45006"><ele>384</ele></trkpt>
      <trkpt lat="46.05260" lon="11.45000"><ele>384</ele></trkpt>
      <trkpt lat="46.05260" lon="11.44993"><ele>384</ele></trkpt>
      <trkpt lat="46.05259" lon="11.44987"><ele>384</ele></trkpt>
      <trkpt lat="46.05174" lon="11.44640"><ele>385</ele></trkpt>
      <trkpt lat="46.05078" lon="11.44230"><ele>386</ele></trkpt>
      <trkpt lat="46.05015" lon="11.43953"><ele>386</ele></trkpt>
      <trkpt lat="46.05002" lon="11.43903"><ele>388</ele></trkpt>
      <trkpt lat="46.04980" lon="11.43826"><ele>388</ele></trkpt>
      <trkpt lat="46.04930" lon="11.43662"><ele>388</ele></trkpt>
      <trkpt lat="46.04872" lon="11.43486"><ele>389</ele></trkpt>
      <trkpt lat="46.04679" lon="11.43011"><ele>392</ele></trkpt>
      <trkpt lat="46.04669" lon="11.42993"><ele>392</ele></trkpt>
      <trkpt lat="46.04661" lon="11.42986"><ele>392</ele></trkpt>
      <trkpt lat="46.04660" lon="11.42984"><ele>392</ele></trkpt>
      <trkpt lat="46.04659" lon="11.42981"><ele>392</ele></trkpt>
      <trkpt lat="46.04660" lon="11.42970"><ele>391</ele></trkpt>
      <trkpt lat="46.04659" lon="11.42964"><ele>391</ele></trkpt>
      <trkpt lat="46.04655" lon="11.42953"><ele>392</ele></trkpt>
      <trkpt lat="46.04649" lon="11.42946"><ele>393</ele></trkpt>
      <trkpt lat="46.04636" lon="11.42931"><ele>394</ele></trkpt>
      <trkpt lat="46.04635" lon="11.42928"><ele>394</ele></trkpt>
      <trkpt lat="46.04634" lon="11.42925"><ele>394</ele></trkpt>
      <trkpt lat="46.04634" lon="11.42921"><ele>394</ele></trkpt>
      <trkpt lat="46.04635" lon="11.42916"><ele>394</ele></trkpt>
      <trkpt lat="46.04636" lon="11.42914"><ele>394</ele></trkpt>
      <trkpt lat="46.04650" lon="11.42903"><ele>393</ele></trkpt>
      <trkpt lat="46.04659" lon="11.42896"><ele>393</ele></trkpt>
      <trkpt lat="46.04668" lon="11.42886"><ele>394</ele></trkpt>
      <trkpt lat="46.04669" lon="11.42883"><ele>394</ele></trkpt>
      <trkpt lat="46.04674" lon="11.42875"><ele>394</ele></trkpt>
      <trkpt lat="46.04688" lon="11.42835"><ele>394</ele></trkpt>
      <trkpt lat="46.04708" lon="11.42771"><ele>395</ele></trkpt>
      <trkpt lat="46.04712" lon="11.42761"><ele>394</ele></trkpt>
      <trkpt lat="46.04724" lon="11.42730"><ele>394</ele></trkpt>
      <trkpt lat="46.04749" lon="11.42648"><ele>396</ele></trkpt>
      <trkpt lat="46.04776" lon="11.42553"><ele>397</ele></trkpt>
      <trkpt lat="46.04780" lon="11.42542"><ele>397</ele></trkpt>
      <trkpt lat="46.04792" lon="11.42508"><ele>397</ele></trkpt>
      <trkpt lat="46.04854" lon="11.42325"><ele>402</ele></trkpt>
      <trkpt lat="46.04862" lon="11.42301"><ele>403</ele></trkpt>
      <trkpt lat="46.04897" lon="11.42164"><ele>409</ele></trkpt>
      <trkpt lat="46.04892" lon="11.42160"><ele>409</ele></trkpt>
      <trkpt lat="46.04918" lon="11.42052"><ele>415</ele></trkpt>
      <trkpt lat="46.04930" lon="11.41989"><ele>418</ele></trkpt>
      <trkpt lat="46.04950" lon="11.41858"><ele>425</ele></trkpt>
      <trkpt lat="46.04966" lon="11.41755"><ele>431</ele></trkpt>
      <trkpt lat="46.04978" lon="11.41673"><ele>437</ele></trkpt>
      <trkpt lat="46.04983" lon="11.41657"><ele>438</ele></trkpt>
      <trkpt lat="46.04989" lon="11.41640"><ele>440</ele></trkpt>
      <trkpt lat="46.04998" lon="11.41623"><ele>441</ele></trkpt>
      <trkpt lat="46.05018" lon="11.41602"><ele>443</ele></trkpt>
      <trkpt lat="46.05037" lon="11.41591"><ele>446</ele></trkpt>
      <trkpt lat="46.05086" lon="11.41574"><ele>450</ele></trkpt>
      <trkpt lat="46.05119" lon="11.41562"><ele>454</ele></trkpt>
      <trkpt lat="46.05130" lon="11.41554"><ele>456</ele></trkpt>
      <trkpt lat="46.05139" lon="11.41545"><ele>457</ele></trkpt>
      <trkpt lat="46.05150" lon="11.41529"><ele>458</ele></trkpt>
      <trkpt lat="46.05183" lon="11.41471"><ele>464</ele></trkpt>
      <trkpt lat="46.05198" lon="11.41442"><ele>468</ele></trkpt>
      <trkpt lat="46.05210" lon="11.41414"><ele>470</ele></trkpt>
      <trkpt lat="46.05225" lon="11.41376"><ele>474</ele></trkpt>
      <trkpt lat="46.05246" lon="11.41310"><ele>479</ele></trkpt>
      <trkpt lat="46.05253" lon="11.41286"><ele>481</ele></trkpt>
      <trkpt lat="46.05255" lon="11.41273"><ele>482</ele></trkpt>
      <trkpt lat="46.05256" lon="11.41257"><ele>482</ele></trkpt>
      <trkpt lat="46.05253" lon="11.41242"><ele>482</ele></trkpt>
      <trkpt lat="46.05249" lon="11.41232"><ele>481</ele></trkpt>
      <trkpt lat="46.05242" lon="11.41222"><ele>481</ele></trkpt>
      <trkpt lat="46.05238" lon="11.41218"><ele>480</ele></trkpt>
      <trkpt lat="46.05165" lon="11.41193"><ele>476</ele></trkpt>
      <trkpt lat="46.05145" lon="11.41187"><ele>474</ele></trkpt>
      <trkpt lat="46.05148" lon="11.41086"><ele>481</ele></trkpt>
      <trkpt lat="46.05150" lon="11.41084"><ele>481</ele></trkpt>
      <trkpt lat="46.05150" lon="11.41077"><ele>481</ele></trkpt>
      <trkpt lat="46.05152" lon="11.41043"><ele>484</ele></trkpt>
      <trkpt lat="46.05157" lon="11.41028"><ele>486</ele></trkpt>
      <trkpt lat="46.05152" lon="11.41043"><ele>484</ele></trkpt>
      <trkpt lat="46.05150" lon="11.41077"><ele>481</ele></trkpt>
      <trkpt lat="46.05150" lon="11.41084"><ele>481</ele></trkpt>
      <trkpt lat="46.05148" lon="11.41086"><ele>481</ele></trkpt>
      <trkpt lat="46.05145" lon="11.41089"><ele>480</ele></trkpt>
      <trkpt lat="46.05138" lon="11.41091"><ele>480</ele></trkpt>
      <trkpt lat="46.05129" lon="11.41093"><ele>480</ele></trkpt>
      <trkpt lat="46.05123" lon="11.41093"><ele>480</ele></trkpt>
      <trkpt lat="46.05116" lon="11.41091"><ele>480</ele></trkpt>
      <trkpt lat="46.05077" lon="11.41077"><ele>481</ele></trkpt>
      <trkpt lat="46.05039" lon="11.41065"><ele>481</ele></trkpt>
      <trkpt lat="46.05020" lon="11.41058"><ele>482</ele></trkpt>
      <trkpt lat="46.05012" lon="11.41065"><ele>481</ele></trkpt>
      <trkpt lat="46.05006" lon="11.41068"><ele>481</ele></trkpt>
      <trkpt lat="46.05000" lon="11.41071"><ele>481</ele></trkpt>
      <trkpt lat="46.04994" lon="11.41072"><ele>480</ele></trkpt>
      <trkpt lat="46.04939" lon="11.41073"><ele>479</ele></trkpt>
      <trkpt lat="46.04933" lon="11.41073"><ele>479</ele></trkpt>
      <trkpt lat="46.04926" lon="11.41073"><ele>479</ele></trkpt>
      <trkpt lat="46.04916" lon="11.41071"><ele>479</ele></trkpt>
      <trkpt lat="46.04907" lon="11.41066"><ele>479</ele></trkpt>
      <trkpt lat="46.04899" lon="11.41060"><ele>478</ele></trkpt>
      <trkpt lat="46.04891" lon="11.41056"><ele>478</ele></trkpt>
      <trkpt lat="46.04779" lon="11.41016"><ele>474</ele></trkpt>
      <trkpt lat="46.04756" lon="11.41006"><ele>474</ele></trkpt>
      <trkpt lat="46.04753" lon="11.41005"><ele>474</ele></trkpt>
      <trkpt lat="46.04747" lon="11.41002"><ele>474</ele></trkpt>
      <trkpt lat="46.04726" lon="11.40986"><ele>474</ele></trkpt>
      <trkpt lat="46.04705" lon="11.40964"><ele>474</ele></trkpt>
      <trkpt lat="46.04685" lon="11.40938"><ele>472</ele></trkpt>
      <trkpt lat="46.04682" lon="11.40934"><ele>472</ele></trkpt>
      <trkpt lat="46.04680" lon="11.40931"><ele>471</ele></trkpt>
      <trkpt lat="46.04648" lon="11.40885"><ele>472</ele></trkpt>
      <trkpt lat="46.04644" lon="11.40878"><ele>473</ele></trkpt>
      <trkpt lat="46.04600" lon="11.40816"><ele>472</ele></trkpt>
      <trkpt lat="46.04564" lon="11.40768"><ele>472</ele></trkpt>
      <trkpt lat="46.04557" lon="11.40762"><ele>472</ele></trkpt>
      <trkpt lat="46.04486" lon="11.40711"><ele>467</ele></trkpt>
      <trkpt lat="46.04484" lon="11.40709"><ele>467</ele></trkpt>
      <trkpt lat="46.04478" lon="11.40703"><ele>466</ele></trkpt>
      <trkpt lat="46.04469" lon="11.40697"><ele>466</ele></trkpt>
      <trkpt lat="46.04436" lon="11.40666"><ele>463</ele></trkpt>
      <trkpt lat="46.04372" lon="11.40601"><ele>456</ele></trkpt>
      <trkpt lat="46.04366" lon="11.40594"><ele>456</ele></trkpt>
      <trkpt lat="46.04306" lon="11.40534"><ele>451</ele></trkpt>
      <trkpt lat="46.04276" lon="11.40498"><ele>448</ele></trkpt>
      <trkpt lat="46.04259" lon="11.40475"><ele>446</ele></trkpt>
      <trkpt lat="46.04235" lon="11.40433"><ele>444</ele></trkpt>
      <trkpt lat="46.04201" lon="11.40368"><ele>440</ele></trkpt>
      <trkpt lat="46.04167" lon="11.40308"><ele>438</ele></trkpt>
      <trkpt lat="46.04147" lon="11.40279"><ele>436</ele></trkpt>
      <trkpt lat="46.04057" lon="11.40158"><ele>429</ele></trkpt>
      <trkpt lat="46.04022" lon="11.40112"><ele>428</ele></trkpt>
      <trkpt lat="46.04001" lon="11.40086"><ele>427</ele></trkpt>
      <trkpt lat="46.03883" lon="11.39948"><ele>422</ele></trkpt>
      <trkpt lat="46.03862" lon="11.39927"><ele>422</ele></trkpt>
      <trkpt lat="46.03850" lon="11.39920"><ele>422</ele></trkpt>
      <trkpt lat="46.03850" lon="11.39917"><ele>422</ele></trkpt>
      <trkpt lat="46.03849" lon="11.39911"><ele>422</ele></trkpt>
      <trkpt lat="46.03847" lon="11.39909"><ele>421</ele></trkpt>
      <trkpt lat="46.03768" lon="11.39825"><ele>420</ele></trkpt>
      <trkpt lat="46.03745" lon="11.39803"><ele>419</ele></trkpt>
      <trkpt lat="46.03708" lon="11.39763"><ele>418</ele></trkpt>
      <trkpt lat="46.03695" lon="11.39752"><ele>418</ele></trkpt>
      <trkpt lat="46.03686" lon="11.39745"><ele>418</ele></trkpt>
      <trkpt lat="46.03658" lon="11.39730"><ele>418</ele></trkpt>
      <trkpt lat="46.03646" lon="11.39725"><ele>417</ele></trkpt>
      <trkpt lat="46.03644" lon="11.39725"><ele>417</ele></trkpt>
      <trkpt lat="46.03641" lon="11.39727"><ele>417</ele></trkpt>
      <trkpt lat="46.03612" lon="11.39690"><ele>416</ele></trkpt>
      <trkpt lat="46.03572" lon="11.39645"><ele>416</ele></trkpt>
      <trkpt lat="46.03518" lon="11.39583"><ele>416</ele></trkpt>
      <trkpt lat="46.03487" lon="11.39546"><ele>417</ele></trkpt>
      <trkpt lat="46.03453" lon="11.39504"><ele>418</ele></trkpt>
      <trkpt lat="46.03437" lon="11.39484"><ele>418</ele></trkpt>
      <trkpt lat="46.03424" lon="11.39463"><ele>419</ele></trkpt>
      <trkpt lat="46.03418" lon="11.39454"><ele>418</ele></trkpt>
      <trkpt lat="46.03400" lon="11.39419"><ele>419</ele></trkpt>
      <trkpt lat="46.03379" lon="11.39378"><ele>419</ele></trkpt>
      <trkpt lat="46.03369" lon="11.39359"><ele>417</ele></trkpt>
      <trkpt lat="46.03362" lon="11.39344"><ele>418</ele></trkpt>
      <trkpt lat="46.03361" lon="11.39337"><ele>419</ele></trkpt>
      <trkpt lat="46.03356" lon="11.39339"><ele>419</ele></trkpt>
      <trkpt lat="46.03346" lon="11.39343"><ele>419</ele></trkpt>
      <trkpt lat="46.03343" lon="11.39343"><ele>419</ele></trkpt>
      <trkpt lat="46.03339" lon="11.39342"><ele>419</ele></trkpt>
      <trkpt lat="46.03336" lon="11.39339"><ele>419</ele></trkpt>
      <trkpt lat="46.03328" lon="11.39329"><ele>418</ele></trkpt>
      <trkpt lat="46.03323" lon="11.39323"><ele>418</ele></trkpt>
      <trkpt lat="46.03320" lon="11.39323"><ele>418</ele></trkpt>
      <trkpt lat="46.03319" lon="11.39325"><ele>419</ele></trkpt>
      <trkpt lat="46.03307" lon="11.39345"><ele>420</ele></trkpt>
      <trkpt lat="46.03303" lon="11.39356"><ele>420</ele></trkpt>
      <trkpt lat="46.03291" lon="11.39378"><ele>420</ele></trkpt>
      <trkpt lat="46.03286" lon="11.39386"><ele>420</ele></trkpt>
      <trkpt lat="46.03284" lon="11.39382"><ele>420</ele></trkpt>
      <trkpt lat="46.03272" lon="11.39357"><ele>421</ele></trkpt>
      <trkpt lat="46.03254" lon="11.39325"><ele>422</ele></trkpt>
      <trkpt lat="46.03231" lon="11.39289"><ele>422</ele></trkpt>
      <trkpt lat="46.03216" lon="11.39269"><ele>423</ele></trkpt>
      <trkpt lat="46.03178" lon="11.39222"><ele>423</ele></trkpt>
      <trkpt lat="46.03118" lon="11.39155"><ele>422</ele></trkpt>
      <trkpt lat="46.03095" lon="11.39140"><ele>423</ele></trkpt>
      <trkpt lat="46.03056" lon="11.39118"><ele>424</ele></trkpt>
      <trkpt lat="46.03032" lon="11.39090"><ele>424</ele></trkpt>
      <trkpt lat="46.03009" lon="11.39058"><ele>424</ele></trkpt>
      <trkpt lat="46.02997" lon="11.39029"><ele>423</ele></trkpt>
      <trkpt lat="46.02988" lon="11.39014"><ele>424</ele></trkpt>
      <trkpt lat="46.02925" lon="11.38933"><ele>426</ele></trkpt>
      <trkpt lat="46.02902" lon="11.38906"><ele>428</ele></trkpt>
      <trkpt lat="46.02897" lon="11.38898"><ele>428</ele></trkpt>
      <trkpt lat="46.02892" lon="11.38885"><ele>429</ele></trkpt>
      <trkpt lat="46.02864" lon="11.38808"><ele>428</ele></trkpt>
      <trkpt lat="46.02848" lon="11.38778"><ele>426</ele></trkpt>
      <trkpt lat="46.02840" lon="11.38776"><ele>426</ele></trkpt>
      <trkpt lat="46.02833" lon="11.38770"><ele>426</ele></trkpt>
      <trkpt lat="46.02821" lon="11.38759"><ele>426</ele></trkpt>
      <trkpt lat="46.02808" lon="11.38753"><ele>426</ele></trkpt>
      <trkpt lat="46.02799" lon="11.38749"><ele>426</ele></trkpt>
      <trkpt lat="46.02758" lon="11.38737"><ele>426</ele></trkpt>
      <trkpt lat="46.02743" lon="11.38729"><ele>427</ele></trkpt>
      <trkpt lat="46.02689" lon="11.38707"><ele>428</ele></trkpt>
      <trkpt lat="46.02666" lon="11.38699"><ele>428</ele></trkpt>
      <trkpt lat="46.02582" lon="11.38630"><ele>429</ele></trkpt>
      <trkpt lat="46.02571" lon="11.38620"><ele>428</ele></trkpt>
      <trkpt lat="46.02457" lon="11.38536"><ele>425</ele></trkpt>
      <trkpt lat="46.02434" lon="11.38533"><ele>426</ele></trkpt>
      <trkpt lat="46.02423" lon="11.38536"><ele>426</ele></trkpt>
      <trkpt lat="46.02412" lon="11.38538"><ele>427</ele></trkpt>
      <trkpt lat="46.02380" lon="11.38532"><ele>428</ele></trkpt>
      <trkpt lat="46.02339" lon="11.38499"><ele>430</ele></trkpt>
      <trkpt lat="46.02303" lon="11.38456"><ele>430</ele></trkpt>
      <trkpt lat="46.02232" lon="11.38316"><ele>429</ele></trkpt>
      <trkpt lat="46.02200" lon="11.38241"><ele>430</ele></trkpt>
      <trkpt lat="46.02172" lon="11.38174"><ele>430</ele></trkpt>
      <trkpt lat="46.02167" lon="11.38166"><ele>431</ele></trkpt>
      <trkpt lat="46.02146" lon="11.38135"><ele>430</ele></trkpt>
      <trkpt lat="46.02131" lon="11.38111"><ele>430</ele></trkpt>
      <trkpt lat="46.02097" lon="11.38059"><ele>429</ele></trkpt>
      <trkpt lat="46.02070" lon="11.38034"><ele>431</ele></trkpt>
      <trkpt lat="46.02029" lon="11.38002"><ele>429</ele></trkpt>
      <trkpt lat="46.02015" lon="11.37987"><ele>429</ele></trkpt>
      <trkpt lat="46.02005" lon="11.37973"><ele>429</ele></trkpt>
      <trkpt lat="46.01993" lon="11.37955"><ele>429</ele></trkpt>
      <trkpt lat="46.01986" lon="11.37941"><ele>430</ele></trkpt>
      <trkpt lat="46.01980" lon="11.37924"><ele>430</ele></trkpt>
      <trkpt lat="46.01977" lon="11.37908"><ele>430</ele></trkpt>
      <trkpt lat="46.01975" lon="11.37893"><ele>430</ele></trkpt>
      <trkpt lat="46.01976" lon="11.37873"><ele>430</ele></trkpt>
      <trkpt lat="46.01977" lon="11.37862"><ele>429</ele></trkpt>
      <trkpt lat="46.01979" lon="11.37849"><ele>429</ele></trkpt>
      <trkpt lat="46.01979" lon="11.37826"><ele>428</ele></trkpt>
      <trkpt lat="46.01978" lon="11.37794"><ele>426</ele></trkpt>
      <trkpt lat="46.01972" lon="11.37727"><ele>425</ele></trkpt>
      <trkpt lat="46.01968" lon="11.37703"><ele>425</ele></trkpt>
      <trkpt lat="46.01963" lon="11.37682"><ele>425</ele></trkpt>
      <trkpt lat="46.01957" lon="11.37663"><ele>426</ele></trkpt>
      <trkpt lat="46.01944" lon="11.37629"><ele>426</ele></trkpt>
      <trkpt lat="46.01936" lon="11.37612"><ele>426</ele></trkpt>
      <trkpt lat="46.01918" lon="11.37585"><ele>426</ele></trkpt>
      <trkpt lat="46.01904" lon="11.37550"><ele>426</ele></trkpt>
      <trkpt lat="46.01894" lon="11.37518"><ele>425</ele></trkpt>
      <trkpt lat="46.01894" lon="11.37514"><ele>425</ele></trkpt>
      <trkpt lat="46.01895" lon="11.37510"><ele>425</ele></trkpt>
      <trkpt lat="46.01887" lon="11.37511"><ele>426</ele></trkpt>
      <trkpt lat="46.01881" lon="11.37512"><ele>426</ele></trkpt>
      <trkpt lat="46.01872" lon="11.37511"><ele>427</ele></trkpt>
      <trkpt lat="46.01862" lon="11.37508"><ele>427</ele></trkpt>
      <trkpt lat="46.01856" lon="11.37504"><ele>428</ele></trkpt>
      <trkpt lat="46.01850" lon="11.37498"><ele>428</ele></trkpt>
      <trkpt lat="46.01845" lon="11.37489"><ele>428</ele></trkpt>
      <trkpt lat="46.01837" lon="11.37472"><ele>429</ele></trkpt>
      <trkpt lat="46.01831" lon="11.37455"><ele>430</ele></trkpt>
      <trkpt lat="46.01824" lon="11.37425"><ele>430</ele></trkpt>
      <trkpt lat="46.01816" lon="11.37401"><ele>431</ele></trkpt>
      <trkpt lat="46.01806" lon="11.37373"><ele>430</ele></trkpt>
      <trkpt lat="46.01796" lon="11.37350"><ele>429</ele></trkpt>
      <trkpt lat="46.01782" lon="11.37328"><ele>429</ele></trkpt>
      <trkpt lat="46.01776" lon="11.37320"><ele>429</ele></trkpt>
      <trkpt lat="46.01753" lon="11.37286"><ele>428</ele></trkpt>
      <trkpt lat="46.01738" lon="11.37260"><ele>428</ele></trkpt>
      <trkpt lat="46.01682" lon="11.37171"><ele>430</ele></trkpt>
      <trkpt lat="46.01653" lon="11.37137"><ele>432</ele></trkpt>
      <trkpt lat="46.01643" lon="11.37120"><ele>433</ele></trkpt>
      <trkpt lat="46.01630" lon="11.37098"><ele>436</ele></trkpt>
      <trkpt lat="46.01570" lon="11.36871"><ele>434</ele></trkpt>
      <trkpt lat="46.01549" lon="11.36797"><ele>437</ele></trkpt>
      <trkpt lat="46.01544" lon="11.36772"><ele>438</ele></trkpt>
      <trkpt lat="46.01536" lon="11.36712"><ele>437</ele></trkpt>
      <trkpt lat="46.01485" lon="11.36584"><ele>434</ele></trkpt>
      <trkpt lat="46.01430" lon="11.36463"><ele>428</ele></trkpt>
      <trkpt lat="46.01381" lon="11.36299"><ele>428</ele></trkpt>
      <trkpt lat="46.01380" lon="11.36284"><ele>427</ele></trkpt>
      <trkpt lat="46.01386" lon="11.36271"><ele>426</ele></trkpt>
      <trkpt lat="46.01497" lon="11.36210"><ele>426</ele></trkpt>
      <trkpt lat="46.01480" lon="11.36119"><ele>425</ele></trkpt>
      <trkpt lat="46.01478" lon="11.36108"><ele>425</ele></trkpt>
      <trkpt lat="46.01477" lon="11.36104"><ele>425</ele></trkpt>
      <trkpt lat="46.01439" lon="11.35907"><ele>424</ele></trkpt>
      <trkpt lat="46.01425" lon="11.35776"><ele>426</ele></trkpt>
      <trkpt lat="46.01421" lon="11.35669"><ele>427</ele></trkpt>
      <trkpt lat="46.01420" lon="11.35573"><ele>427</ele></trkpt>
      <trkpt lat="46.01425" lon="11.35436"><ele>426</ele></trkpt>
      <trkpt lat="46.01441" lon="11.35290"><ele>426</ele></trkpt>
      <trkpt lat="46.01454" lon="11.35140"><ele>427</ele></trkpt>
      <trkpt lat="46.01455" lon="11.35046"><ele>427</ele></trkpt>
      <trkpt lat="46.01455" lon="11.34637"><ele>428</ele></trkpt>
      <trkpt lat="46.01452" lon="11.34580"><ele>428</ele></trkpt>
      <trkpt lat="46.01447" lon="11.34469"><ele>428</ele></trkpt>
      <trkpt lat="46.01438" lon="11.34361"><ele>426</ele></trkpt>
      <trkpt lat="46.01423" lon="11.34266"><ele>428</ele></trkpt>
      <trkpt lat="46.01409" lon="11.34188"><ele>427</ele></trkpt>
      <trkpt lat="46.01379" lon="11.34053"><ele>427</ele></trkpt>
      <trkpt lat="46.01351" lon="11.33935"><ele>428</ele></trkpt>
      <trkpt lat="46.01341" lon="11.33900"><ele>429</ele></trkpt>
      <trkpt lat="46.01333" lon="11.33861"><ele>429</ele></trkpt>
      <trkpt lat="46.01319" lon="11.33812"><ele>429</ele></trkpt>
      <trkpt lat="46.01306" lon="11.33780"><ele>429</ele></trkpt>
      <trkpt lat="46.01302" lon="11.33768"><ele>428</ele></trkpt>
      <trkpt lat="46.01260" lon="11.33661"><ele>429</ele></trkpt>
      <trkpt lat="46.01179" lon="11.33453"><ele>430</ele></trkpt>
      <trkpt lat="46.01146" lon="11.33365"><ele>430</ele></trkpt>
      <trkpt lat="46.01130" lon="11.33324"><ele>429</ele></trkpt>
      <trkpt lat="46.01112" lon="11.33283"><ele>429</ele></trkpt>
      <trkpt lat="46.01090" lon="11.33239"><ele>430</ele></trkpt>
      <trkpt lat="46.01066" lon="11.33195"><ele>430</ele></trkpt>
      <trkpt lat="46.01033" lon="11.33143"><ele>430</ele></trkpt>
      <trkpt lat="46.01011" lon="11.33112"><ele>430</ele></trkpt>
      <trkpt lat="46.01014" lon="11.33108"><ele>430</ele></trkpt>
      <trkpt lat="46.01024" lon="11.33096"><ele>430</ele></trkpt>
      <trkpt lat="46.01027" lon="11.33091"><ele>430</ele></trkpt>
      <trkpt lat="46.00645" lon="11.32492"><ele>431</ele></trkpt>
      <trkpt lat="46.00584" lon="11.32386"><ele>433</ele></trkpt>
      <trkpt lat="46.00556" lon="11.32331"><ele>433</ele></trkpt>
      <trkpt lat="46.00576" lon="11.32271"><ele>435</ele></trkpt>
      <trkpt lat="46.00581" lon="11.32254"><ele>437</ele></trkpt>
      <trkpt lat="46.00601" lon="11.32196"><ele>439</ele></trkpt>
      <trkpt lat="46.00618" lon="11.32161"><ele>442</ele></trkpt>
      <trkpt lat="46.00660" lon="11.32104"><ele>445</ele></trkpt>
      <trkpt lat="46.00716" lon="11.32032"><ele>450</ele></trkpt>
      <trkpt lat="46.00752" lon="11.31981"><ele>454</ele></trkpt>
      <trkpt lat="46.00764" lon="11.31955"><ele>453</ele></trkpt>
      <trkpt lat="46.00771" lon="11.31933"><ele>454</ele></trkpt>
      <trkpt lat="46.00780" lon="11.31896"><ele>456</ele></trkpt>
      <trkpt lat="46.00783" lon="11.31829"><ele>460</ele></trkpt>
      <trkpt lat="46.00782" lon="11.31637"><ele>466</ele></trkpt>
      <trkpt lat="46.00782" lon="11.31608"><ele>467</ele></trkpt>
      <trkpt lat="46.00784" lon="11.31583"><ele>468</ele></trkpt>
      <trkpt lat="46.00791" lon="11.31549"><ele>469</ele></trkpt>
      <trkpt lat="46.00779" lon="11.31518"><ele>469</ele></trkpt>
      <trkpt lat="46.00758" lon="11.31471"><ele>467</ele></trkpt>
      <trkpt lat="46.00749" lon="11.31454"><ele>468</ele></trkpt>
      <trkpt lat="46.00735" lon="11.31437"><ele>468</ele></trkpt>
      <trkpt lat="46.00721" lon="11.31421"><ele>468</ele></trkpt>
      <trkpt lat="46.00698" lon="11.31393"><ele>466</ele></trkpt>
      <trkpt lat="46.00688" lon="11.31371"><ele>466</ele></trkpt>
      <trkpt lat="46.00688" lon="11.31336"><ele>467</ele></trkpt>
      <trkpt lat="46.00687" lon="11.31304"><ele>468</ele></trkpt>
      <trkpt lat="46.00690" lon="11.31280"><ele>470</ele></trkpt>
      <trkpt lat="46.00698" lon="11.31248"><ele>471</ele></trkpt>
      <trkpt lat="46.00702" lon="11.31226"><ele>472</ele></trkpt>
      <trkpt lat="46.00703" lon="11.31214"><ele>472</ele></trkpt>
      <trkpt lat="46.00704" lon="11.31194"><ele>473</ele></trkpt>
      <trkpt lat="46.00704" lon="11.31164"><ele>474</ele></trkpt>
      <trkpt lat="46.00708" lon="11.31149"><ele>474</ele></trkpt>
      <trkpt lat="46.00712" lon="11.31132"><ele>475</ele></trkpt>
      <trkpt lat="46.00732" lon="11.31102"><ele>477</ele></trkpt>
      <trkpt lat="46.00745" lon="11.31077"><ele>478</ele></trkpt>
      <trkpt lat="46.00749" lon="11.31066"><ele>480</ele></trkpt>
      <trkpt lat="46.00754" lon="11.31057"><ele>480</ele></trkpt>
      <trkpt lat="46.00765" lon="11.31036"><ele>481</ele></trkpt>
      <trkpt lat="46.00788" lon="11.31004"><ele>484</ele></trkpt>
      <trkpt lat="46.00805" lon="11.30982"><ele>486</ele></trkpt>
      <trkpt lat="46.00805" lon="11.30970"><ele>486</ele></trkpt>
      <trkpt lat="46.00805" lon="11.30963"><ele>486</ele></trkpt>
      <trkpt lat="46.00805" lon="11.30958"><ele>486</ele></trkpt>
      <trkpt lat="46.00824" lon="11.30734"><ele>482</ele></trkpt>
      <trkpt lat="46.00833" lon="11.30648"><ele>481</ele></trkpt>
      <trkpt lat="46.00841" lon="11.30556"><ele>481</ele></trkpt>
      <trkpt lat="46.00843" lon="11.30537"><ele>481</ele></trkpt>
      <trkpt lat="46.00844" lon="11.30519"><ele>480</ele></trkpt>
      <trkpt lat="46.00863" lon="11.30324"><ele>478</ele></trkpt>
      <trkpt lat="46.00872" lon="11.30250"><ele>476</ele></trkpt>
      <trkpt lat="46.00875" lon="11.30238"><ele>476</ele></trkpt>
      <trkpt lat="46.00877" lon="11.30228"><ele>476</ele></trkpt>
      <trkpt lat="46.00886" lon="11.30188"><ele>476</ele></trkpt>
      <trkpt lat="46.00893" lon="11.30165"><ele>474</ele></trkpt>
      <trkpt lat="46.00886" lon="11.30188"><ele>476</ele></trkpt>
      <trkpt lat="46.00877" lon="11.30228"><ele>476</ele></trkpt>
      <trkpt lat="46.00875" lon="11.30238"><ele>476</ele></trkpt>
      <trkpt lat="46.00852" lon="11.30223"><ele>474</ele></trkpt>
      <trkpt lat="46.00824" lon="11.30210"><ele>470</ele></trkpt>
      <trkpt lat="46.00810" lon="11.30204"><ele>469</ele></trkpt>
      <trkpt lat="46.00765" lon="11.30193"><ele>464</ele></trkpt>
      <trkpt lat="46.00722" lon="11.30173"><ele>461</ele></trkpt>
      <trkpt lat="46.00711" lon="11.30166"><ele>460</ele></trkpt>
      <trkpt lat="46.00710" lon="11.30165"><ele>460</ele></trkpt>
      <trkpt lat="46.00712" lon="11.30163"><ele>460</ele></trkpt>
      <trkpt lat="46.00713" lon="11.30159"><ele>460</ele></trkpt>
      <trkpt lat="46.00713" lon="11.30156"><ele>460</ele></trkpt>
      <trkpt lat="46.00711" lon="11.30152"><ele>460</ele></trkpt>
      <trkpt lat="46.00709" lon="11.30150"><ele>460</ele></trkpt>
      <trkpt lat="46.00707" lon="11.30150"><ele>460</ele></trkpt>
      <trkpt lat="46.00705" lon="11.30151"><ele>460</ele></trkpt>
      <trkpt lat="46.00704" lon="11.30152"><ele>459</ele></trkpt>
      <trkpt lat="46.00695" lon="11.30148"><ele>459</ele></trkpt>
      <trkpt lat="46.00672" lon="11.30132"><ele>457</ele></trkpt>
      <trkpt lat="46.00628" lon="11.30104"><ele>454</ele></trkpt>
      <trkpt lat="46.00622" lon="11.30100"><ele>454</ele></trkpt>
      <trkpt lat="46.00616" lon="11.30096"><ele>453</ele></trkpt>
      <trkpt lat="46.00598" lon="11.30086"><ele>452</ele></trkpt>
      <trkpt lat="46.00569" lon="11.30074"><ele>450</ele></trkpt>
      <trkpt lat="46.00522" lon="11.30053"><ele>448</ele></trkpt>
      <trkpt lat="46.00501" lon="11.30043"><ele>446</ele></trkpt>
      <trkpt lat="46.00478" lon="11.30034"><ele>448</ele></trkpt>
      <trkpt lat="46.00476" lon="11.30033"><ele>448</ele></trkpt>
      <trkpt lat="46.00472" lon="11.30031"><ele>448</ele></trkpt>
      <trkpt lat="46.00447" lon="11.30019"><ele>448</ele></trkpt>
      <trkpt lat="46.00438" lon="11.30016"><ele>446</ele></trkpt>
      <trkpt lat="46.00436" lon="11.30015"><ele>446</ele></trkpt>
      <trkpt lat="46.00339" lon="11.29977"><ele>443</ele></trkpt>
      <trkpt lat="46.00338" lon="11.29976"><ele>443</ele></trkpt>
      <trkpt lat="46.00311" lon="11.29968"><ele>443</ele></trkpt>
      <trkpt lat="46.00278" lon="11.29958"><ele>442</ele></trkpt>
      <trkpt lat="46.00275" lon="11.29957"><ele>442</ele></trkpt>
      <trkpt lat="46.00261" lon="11.29953"><ele>442</ele></trkpt>
      <trkpt lat="46.00238" lon="11.29943"><ele>442</ele></trkpt>
      <trkpt lat="46.00215" lon="11.29937"><ele>441</ele></trkpt>
      <trkpt lat="46.00216" lon="11.29934"><ele>441</ele></trkpt>
      <trkpt lat="46.00216" lon="11.29931"><ele>441</ele></trkpt>
      <trkpt lat="46.00218" lon="11.29930"><ele>441</ele></trkpt>
      <trkpt lat="46.00249" lon="11.29938"><ele>442</ele></trkpt>
      <trkpt lat="46.00253" lon="11.29932"><ele>442</ele></trkpt>
      <trkpt lat="46.00253" lon="11.29921"><ele>441</ele></trkpt>
      <trkpt lat="46.00249" lon="11.29905"><ele>440</ele></trkpt>
      <trkpt lat="46.00227" lon="11.29855"><ele>442</ele></trkpt>
      <trkpt lat="46.00216" lon="11.29831"><ele>441</ele></trkpt>
      <trkpt lat="46.00212" lon="11.29815"><ele>442</ele></trkpt>
      <trkpt lat="46.00214" lon="11.29798"><ele>442</ele></trkpt>
      <trkpt lat="46.00221" lon="11.29752"><ele>443</ele></trkpt>
      <trkpt lat="46.00221" lon="11.29734"><ele>443</ele></trkpt>
      <trkpt lat="46.00218" lon="11.29720"><ele>443</ele></trkpt>
      <trkpt lat="46.00213" lon="11.29707"><ele>442</ele></trkpt>
      <trkpt lat="46.00216" lon="11.29705"><ele>442</ele></trkpt>
      <trkpt lat="46.00229" lon="11.29694"><ele>442</ele></trkpt>
      <trkpt lat="46.00231" lon="11.29692"><ele>442</ele></trkpt>
      <trkpt lat="46.00198" lon="11.29623"><ele>442</ele></trkpt>
      <trkpt lat="46.00174" lon="11.29561"><ele>442</ele></trkpt>
      <trkpt lat="46.00161" lon="11.29464"><ele>442</ele></trkpt>
      <trkpt lat="46.00161" lon="11.29400"><ele>443</ele></trkpt>
      <trkpt lat="46.00165" lon="11.29354"><ele>443</ele></trkpt>
      <trkpt lat="46.00163" lon="11.29279"><ele>443</ele></trkpt>
      <trkpt lat="46.00159" lon="11.29251"><ele>443</ele></trkpt>
      <trkpt lat="46.00125" lon="11.29091"><ele>444</ele></trkpt>
      <trkpt lat="46.00120" lon="11.29069"><ele>444</ele></trkpt>
      <trkpt lat="46.00118" lon="11.29053"><ele>443</ele></trkpt>
      <trkpt lat="46.00122" lon="11.29032"><ele>444</ele></trkpt>
      <trkpt lat="46.00127" lon="11.29012"><ele>444</ele></trkpt>
      <trkpt lat="46.00116" lon="11.29007"><ele>444</ele></trkpt>
      <trkpt lat="46.00157" lon="11.28822"><ele>446</ele></trkpt>
      <trkpt lat="46.00165" lon="11.28779"><ele>445</ele></trkpt>
      <trkpt lat="46.00172" lon="11.28718"><ele>446</ele></trkpt>
      <trkpt lat="46.00190" lon="11.28675"><ele>446</ele></trkpt>
      <trkpt lat="46.00193" lon="11.28668"><ele>446</ele></trkpt>
      <trkpt lat="46.00193" lon="11.28660"><ele>446</ele></trkpt>
      <trkpt lat="46.00180" lon="11.28642"><ele>448</ele></trkpt>
      <trkpt lat="46.00156" lon="11.28599"><ele>449</ele></trkpt>
      <trkpt lat="46.00135" lon="11.28556"><ele>450</ele></trkpt>
      <trkpt lat="46.00118" lon="11.28502"><ele>450</ele></trkpt>
      <trkpt lat="46.00108" lon="11.28464"><ele>452</ele></trkpt>
      <trkpt lat="46.00105" lon="11.28458"><ele>453</ele></trkpt>
      <trkpt lat="46.00092" lon="11.28448"><ele>453</ele></trkpt>
      <trkpt lat="46.00079" lon="11.28436"><ele>453</ele></trkpt>
      <trkpt lat="46.00030" lon="11.28368"><ele>454</ele></trkpt>
      <trkpt lat="46.00018" lon="11.28351"><ele>454</ele></trkpt>
      <trkpt lat="45.99925" lon="11.28483"><ele>452</ele></trkpt>
      <trkpt lat="45.99369" lon="11.27523"><ele>472</ele></trkpt>
      <trkpt lat="45.99334" lon="11.27462"><ele>474</ele></trkpt>
      <trkpt lat="45.99355" lon="11.27364"><ele>474</ele></trkpt>
      <trkpt lat="45.99361" lon="11.27330"><ele>474</ele></trkpt>
      <trkpt lat="45.99388" lon="11.27194"><ele>474</ele></trkpt>
      <trkpt lat="45.99393" lon="11.27169"><ele>474</ele></trkpt>
      <trkpt lat="45.99398" lon="11.27146"><ele>474</ele></trkpt>
      <trkpt lat="45.99397" lon="11.27124"><ele>474</ele></trkpt>
      <trkpt lat="45.99396" lon="11.27114"><ele>475</ele></trkpt>
      <trkpt lat="45.99361" lon="11.26963"><ele>476</ele></trkpt>
      <trkpt lat="45.99365" lon="11.26924"><ele>476</ele></trkpt>
      <trkpt lat="45.99373" lon="11.26868"><ele>476</ele></trkpt>
      <trkpt lat="45.99375" lon="11.26860"><ele>475</ele></trkpt>
      <trkpt lat="45.99371" lon="11.26849"><ele>476</ele></trkpt>
      <trkpt lat="45.99369" lon="11.26843"><ele>476</ele></trkpt>
      <trkpt lat="45.99316" lon="11.26695"><ele>477</ele></trkpt>
      <trkpt lat="45.99312" lon="11.26683"><ele>477</ele></trkpt>
      <trkpt lat="45.99311" lon="11.26680"><ele>477</ele></trkpt>
      <trkpt lat="45.99305" lon="11.26660"><ele>478</ele></trkpt>
      <trkpt lat="45.99303" lon="11.26655"><ele>478</ele></trkpt>
      <trkpt lat="45.99305" lon="11.26645"><ele>478</ele></trkpt>
      <trkpt lat="45.99309" lon="11.26620"><ele>478</ele></trkpt>
      <trkpt lat="45.99312" lon="11.26595"><ele>478</ele></trkpt>
      <trkpt lat="45.99314" lon="11.26567"><ele>478</ele></trkpt>
      <trkpt lat="45.99315" lon="11.26523"><ele>478</ele></trkpt>
      <trkpt lat="45.99315" lon="11.26513"><ele>478</ele></trkpt>
      <trkpt lat="45.99299" lon="11.26356"><ele>477</ele></trkpt>
      <trkpt lat="45.99297" lon="11.26343"><ele>477</ele></trkpt>
      <trkpt lat="45.99296" lon="11.26334"><ele>477</ele></trkpt>
      <trkpt lat="45.99293" lon="11.26312"><ele>477</ele></trkpt>
      <trkpt lat="45.99293" lon="11.26295"><ele>477</ele></trkpt>
      <trkpt lat="45.99292" lon="11.26286"><ele>476</ele></trkpt>
      <trkpt lat="45.99208" lon="11.26249"><ele>478</ele></trkpt>
      <trkpt lat="45.99203" lon="11.26237"><ele>479</ele></trkpt>
      <trkpt lat="45.99191" lon="11.26195"><ele>480</ele></trkpt>
      <trkpt lat="45.99190" lon="11.26183"><ele>480</ele></trkpt>
      <trkpt lat="45.99182" lon="11.26184"><ele>480</ele></trkpt>
      <trkpt lat="45.99157" lon="11.26198"><ele>480</ele></trkpt>
      <trkpt lat="45.99146" lon="11.26205"><ele>481</ele></trkpt>
      <trkpt lat="45.99150" lon="11.26215"><ele>481</ele></trkpt>
      <trkpt lat="45.99146" lon="11.26205"><ele>481</ele></trkpt>
      <trkpt lat="45.99157" lon="11.26198"><ele>480</ele></trkpt>
      <trkpt lat="45.99182" lon="11.26184"><ele>480</ele></trkpt>
      <trkpt lat="45.99190" lon="11.26183"><ele>480</ele></trkpt>
      <trkpt lat="45.99193" lon="11.26181"><ele>480</ele></trkpt>
      <trkpt lat="45.99207" lon="11.26171"><ele>478</ele></trkpt>
      <trkpt lat="45.99235" lon="11.26154"><ele>477</ele></trkpt>
      <trkpt lat="45.99238" lon="11.26149"><ele>477</ele></trkpt>
      <trkpt lat="45.99243" lon="11.26143"><ele>477</ele></trkpt>
      <trkpt lat="45.99234" lon="11.26109"><ele>476</ele></trkpt>
      <trkpt lat="45.99230" lon="11.26079"><ele>476</ele></trkpt>
      <trkpt lat="45.99230" lon="11.26060"><ele>476</ele></trkpt>
      <trkpt lat="45.99233" lon="11.26045"><ele>476</ele></trkpt>
      <trkpt lat="45.99233" lon="11.26024"><ele>476</ele></trkpt>
      <trkpt lat="45.99237" lon="11.26010"><ele>476</ele></trkpt>
      <trkpt lat="45.99245" lon="11.25961"><ele>475</ele></trkpt>
      <trkpt lat="45.99278" lon="11.25883"><ele>473</ele></trkpt>
      <trkpt lat="45.99287" lon="11.25862"><ele>473</ele></trkpt>
      <trkpt lat="45.99293" lon="11.25850"><ele>473</ele></trkpt>
      <trkpt lat="45.99297" lon="11.25843"><ele>472</ele></trkpt>
      <trkpt lat="45.99307" lon="11.25825"><ele>472</ele></trkpt>
      <trkpt lat="45.99323" lon="11.25803"><ele>471</ele></trkpt>
      <trkpt lat="45.99333" lon="11.25792"><ele>471</ele></trkpt>
      <trkpt lat="45.99395" lon="11.25747"><ele>469</ele></trkpt>
      <trkpt lat="45.99436" lon="11.25717"><ele>468</ele></trkpt>
      <trkpt lat="45.99438" lon="11.25713"><ele>468</ele></trkpt>
      <trkpt lat="45.99447" lon="11.25704"><ele>468</ele></trkpt>
      <trkpt lat="45.99459" lon="11.25695"><ele>467</ele></trkpt>
      <trkpt lat="45.99509" lon="11.25658"><ele>466</ele></trkpt>
      <trkpt lat="45.99545" lon="11.25629"><ele>464</ele></trkpt>
      <trkpt lat="45.99553" lon="11.25619"><ele>464</ele></trkpt>
      <trkpt lat="45.99559" lon="11.25610"><ele>464</ele></trkpt>
      <trkpt lat="45.99562" lon="11.25605"><ele>464</ele></trkpt>
      <trkpt lat="45.99561" lon="11.25590"><ele>463</ele></trkpt>
      <trkpt lat="45.99563" lon="11.25581"><ele>463</ele></trkpt>
      <trkpt lat="45.99566" lon="11.25577"><ele>463</ele></trkpt>
      <trkpt lat="45.99569" lon="11.25574"><ele>463</ele></trkpt>
      <trkpt lat="45.99578" lon="11.25571"><ele>463</ele></trkpt>
      <trkpt lat="45.99582" lon="11.25563"><ele>463</ele></trkpt>
      <trkpt lat="45.99611" lon="11.25489"><ele>463</ele></trkpt>
      <trkpt lat="45.99630" lon="11.25440"><ele>462</ele></trkpt>
      <trkpt lat="45.99706" lon="11.25242"><ele>459</ele></trkpt>
      <trkpt lat="45.99807" lon="11.24983"><ele>456</ele></trkpt>
      <trkpt lat="45.99845" lon="11.24883"><ele>454</ele></trkpt>
      <trkpt lat="45.99874" lon="11.24812"><ele>454</ele></trkpt>
      <trkpt lat="45.99892" lon="11.24777"><ele>454</ele></trkpt>
      <trkpt lat="45.99902" lon="11.24764"><ele>454</ele></trkpt>
      <trkpt lat="45.99910" lon="11.24752"><ele>454</ele></trkpt>
      <trkpt lat="45.99934" lon="11.24722"><ele>455</ele></trkpt>
      <trkpt lat="45.99962" lon="11.24696"><ele>454</ele></trkpt>
      <trkpt lat="45.99973" lon="11.24683"><ele>453</ele></trkpt>
      <trkpt lat="45.99999" lon="11.24656"><ele>453</ele></trkpt>
      <trkpt lat="46.00029" lon="11.24635"><ele>453</ele></trkpt>
      <trkpt lat="46.00048" lon="11.24635"><ele>453</ele></trkpt>
      <trkpt lat="46.00048" lon="11.24640"><ele>453</ele></trkpt>
      <trkpt lat="46.00050" lon="11.24649"><ele>452</ele></trkpt>
      <trkpt lat="46.00052" lon="11.24653"><ele>452</ele></trkpt>
      <trkpt lat="46.00059" lon="11.24656"><ele>452</ele></trkpt>
      <trkpt lat="46.00062" lon="11.24656"><ele>452</ele></trkpt>
      <trkpt lat="46.00065" lon="11.24655"><ele>452</ele></trkpt>
      <trkpt lat="46.00071" lon="11.24650"><ele>452</ele></trkpt>
      <trkpt lat="46.00073" lon="11.24646"><ele>452</ele></trkpt>
      <trkpt lat="46.00074" lon="11.24640"><ele>452</ele></trkpt>
      <trkpt lat="46.00074" lon="11.24636"><ele>452</ele></trkpt>
      <trkpt lat="46.00073" lon="11.24631"><ele>452</ele></trkpt>
      <trkpt lat="46.00072" lon="11.24627"><ele>452</ele></trkpt>
      <trkpt lat="46.00070" lon="11.24624"><ele>453</ele></trkpt>
      <trkpt lat="46.00066" lon="11.24621"><ele>453</ele></trkpt>
      <trkpt lat="46.00070" lon="11.24599"><ele>454</ele></trkpt>
      <trkpt lat="46.00080" lon="11.24586"><ele>454</ele></trkpt>
      <trkpt lat="46.00133" lon="11.24523"><ele>456</ele></trkpt>
      <trkpt lat="46.00175" lon="11.24471"><ele>456</ele></trkpt>
      <trkpt lat="46.00218" lon="11.24415"><ele>457</ele></trkpt>
      <trkpt lat="46.00266" lon="11.24359"><ele>459</ele></trkpt>
      <trkpt lat="46.00289" lon="11.24333"><ele>460</ele></trkpt>
      <trkpt lat="46.00320" lon="11.24296"><ele>462</ele></trkpt>
      <trkpt lat="46.00343" lon="11.24264"><ele>463</ele></trkpt>
      <trkpt lat="46.00353" lon="11.24245"><ele>464</ele></trkpt>
      <trkpt lat="46.00355" lon="11.24240"><ele>464</ele></trkpt>
      <trkpt lat="46.00372" lon="11.24213"><ele>464</ele></trkpt>
      <trkpt lat="46.00375" lon="11.24208"><ele>464</ele></trkpt>
      <trkpt lat="46.00393" lon="11.24181"><ele>462</ele></trkpt>
      <trkpt lat="46.00399" lon="11.24175"><ele>463</ele></trkpt>
      <trkpt lat="46.00402" lon="11.24172"><ele>463</ele></trkpt>
      <trkpt lat="46.00404" lon="11.24176"><ele>463</ele></trkpt>
      <trkpt lat="46.00408" lon="11.24178"><ele>463</ele></trkpt>
      <trkpt lat="46.00411" lon="11.24177"><ele>463</ele></trkpt>
      <trkpt lat="46.00414" lon="11.24175"><ele>463</ele></trkpt>
      <trkpt lat="46.00421" lon="11.24178"><ele>463</ele></trkpt>
      <trkpt lat="46.00454" lon="11.24202"><ele>462</ele></trkpt>
      <trkpt lat="46.00463" lon="11.24204"><ele>461</ele></trkpt>
      <trkpt lat="46.00470" lon="11.24204"><ele>461</ele></trkpt>
      <trkpt lat="46.00492" lon="11.24205"><ele>460</ele></trkpt>
      <trkpt lat="46.00492" lon="11.24206"><ele>460</ele></trkpt>
      <trkpt lat="46.00478" lon="11.24230"><ele>460</ele></trkpt>
      <trkpt lat="46.00468" lon="11.24245"><ele>460</ele></trkpt>
      <trkpt lat="46.00458" lon="11.24259"><ele>459</ele></trkpt>
      <trkpt lat="46.00437" lon="11.24288"><ele>459</ele></trkpt>
      <trkpt lat="46.00435" lon="11.24290"><ele>460</ele></trkpt>
      <trkpt lat="46.00432" lon="11.24286"><ele>460</ele></trkpt>
      <trkpt lat="46.00427" lon="11.24293"><ele>460</ele></trkpt>
      <trkpt lat="46.00432" lon="11.24286"><ele>460</ele></trkpt>
      <trkpt lat="46.00435" lon="11.24290"><ele>460</ele></trkpt>
      <trkpt lat="46.00437" lon="11.24288"><ele>459</ele></trkpt>
      <trkpt lat="46.00458" lon="11.24259"><ele>459</ele></trkpt>
      <trkpt lat="46.00468" lon="11.24245"><ele>460</ele></trkpt>
      <trkpt lat="46.00497" lon="11.24215"><ele>460</ele></trkpt>
      <trkpt lat="46.00499" lon="11.24217"><ele>460</ele></trkpt>
      <trkpt lat="46.00502" lon="11.24217"><ele>460</ele></trkpt>
      <trkpt lat="46.00506" lon="11.24215"><ele>460</ele></trkpt>
      <trkpt lat="46.00513" lon="11.24226"><ele>460</ele></trkpt>
      <trkpt lat="46.00596" lon="11.24343"><ele>456</ele></trkpt>
      <trkpt lat="46.00600" lon="11.24352"><ele>456</ele></trkpt>
      <trkpt lat="46.00602" lon="11.24364"><ele>456</ele></trkpt>
      <trkpt lat="46.00599" lon="11.24363"><ele>456</ele></trkpt>
      <trkpt lat="46.00595" lon="11.24366"><ele>456</ele></trkpt>
      <trkpt lat="46.00593" lon="11.24372"><ele>456</ele></trkpt>
      <trkpt lat="46.00594" lon="11.24378"><ele>456</ele></trkpt>
      <trkpt lat="46.00595" lon="11.24381"><ele>456</ele></trkpt>
      <trkpt lat="46.00600" lon="11.24384"><ele>456</ele></trkpt>
      <trkpt lat="46.00602" lon="11.24383"><ele>456</ele></trkpt>
      <trkpt lat="46.00604" lon="11.24381"><ele>456</ele></trkpt>
      <trkpt lat="46.00606" lon="11.24379"><ele>456</ele></trkpt>
      <trkpt lat="46.00607" lon="11.24376"><ele>456</ele></trkpt>
      <trkpt lat="46.00607" lon="11.24372"><ele>456</ele></trkpt>
      <trkpt lat="46.00606" lon="11.24369"><ele>456</ele></trkpt>
      <trkpt lat="46.00612" lon="11.24369"><ele>456</ele></trkpt>
      <trkpt lat="46.00617" lon="11.24367"><ele>456</ele></trkpt>
      <trkpt lat="46.00625" lon="11.24359"><ele>456</ele></trkpt>
      <trkpt lat="46.00630" lon="11.24358"><ele>455</ele></trkpt>
      <trkpt lat="46.00637" lon="11.24353"><ele>455</ele></trkpt>
      <trkpt lat="46.00641" lon="11.24353"><ele>455</ele></trkpt>
      <trkpt lat="46.00649" lon="11.24274"><ele>455</ele></trkpt>
      <trkpt lat="46.00655" lon="11.24216"><ele>454</ele></trkpt>
      <trkpt lat="46.00658" lon="11.24208"><ele>454</ele></trkpt>
      <trkpt lat="46.00662" lon="11.24199"><ele>455</ele></trkpt>
      <trkpt lat="46.00674" lon="11.24166"><ele>454</ele></trkpt>
      <trkpt lat="46.00678" lon="11.24163"><ele>454</ele></trkpt>
      <trkpt lat="46.00719" lon="11.24169"><ele>452</ele></trkpt>
      <trkpt lat="46.00721" lon="11.24171"><ele>452</ele></trkpt>
      <trkpt lat="46.00722" lon="11.24173"><ele>452</ele></trkpt>
      <trkpt lat="46.00719" lon="11.24217"><ele>452</ele></trkpt>
      <trkpt lat="46.00722" lon="11.24220"><ele>452</ele></trkpt>
      <trkpt lat="46.00724" lon="11.24221"><ele>452</ele></trkpt>
      <trkpt lat="46.00733" lon="11.24222"><ele>451</ele></trkpt>
      <trkpt lat="46.00735" lon="11.24222"><ele>450</ele></trkpt>
      <trkpt lat="46.00744" lon="11.24105"><ele>450</ele></trkpt>
      <trkpt lat="46.00751" lon="11.24036"><ele>450</ele></trkpt>
      <trkpt lat="46.00758" lon="11.23987"><ele>451</ele></trkpt>
      <trkpt lat="46.00767" lon="11.23955"><ele>450</ele></trkpt>
      <trkpt lat="46.00781" lon="11.23922"><ele>450</ele></trkpt>
      <trkpt lat="46.00789" lon="11.23904"><ele>451</ele></trkpt>
      <trkpt lat="46.00800" lon="11.23885"><ele>451</ele></trkpt>
      <trkpt lat="46.00826" lon="11.23848"><ele>451</ele></trkpt>
      <trkpt lat="46.00843" lon="11.23820"><ele>451</ele></trkpt>
      <trkpt lat="46.00854" lon="11.23798"><ele>452</ele></trkpt>
      <trkpt lat="46.00886" lon="11.23755"><ele>450</ele></trkpt>
      <trkpt lat="46.00922" lon="11.23729"><ele>450</ele></trkpt>
      <trkpt lat="46.00951" lon="11.23713"><ele>449</ele></trkpt>
      <trkpt lat="46.01004" lon="11.23699"><ele>450</ele></trkpt>
      <trkpt lat="46.01012" lon="11.23697"><ele>451</ele></trkpt>
      <trkpt lat="46.01031" lon="11.23692"><ele>451</ele></trkpt>
      <trkpt lat="46.01102" lon="11.23682"><ele>449</ele></trkpt>
      <trkpt lat="46.01202" lon="11.23635"><ele>449</ele></trkpt>
      <trkpt lat="46.01272" lon="11.23614"><ele>450</ele></trkpt>
      <trkpt lat="46.01335" lon="11.23576"><ele>450</ele></trkpt>
      <trkpt lat="46.01367" lon="11.23547"><ele>450</ele></trkpt>
      <trkpt lat="46.01389" lon="11.23528"><ele>450</ele></trkpt>
      <trkpt lat="46.01413" lon="11.23513"><ele>450</ele></trkpt>
      <trkpt lat="46.01445" lon="11.23501"><ele>450</ele></trkpt>
      <trkpt lat="46.01543" lon="11.23485"><ele>450</ele></trkpt>
      <trkpt lat="46.01560" lon="11.23482"><ele>450</ele></trkpt>
      <trkpt lat="46.01596" lon="11.23473"><ele>449</ele></trkpt>
      <trkpt lat="46.01657" lon="11.23438"><ele>449</ele></trkpt>
      <trkpt lat="46.01707" lon="11.23389"><ele>450</ele></trkpt>
      <trkpt lat="46.01758" lon="11.23326"><ele>450</ele></trkpt>
      <trkpt lat="46.01776" lon="11.23302"><ele>450</ele></trkpt>
      <trkpt lat="46.01797" lon="11.23286"><ele>450</ele></trkpt>
      <trkpt lat="46.01858" lon="11.23261"><ele>450</ele></trkpt>
      <trkpt lat="46.01923" lon="11.23226"><ele>450</ele></trkpt>
      <trkpt lat="46.01958" lon="11.23191"><ele>450</ele></trkpt>
      <trkpt lat="46.02003" lon="11.23138"><ele>451</ele></trkpt>
      <trkpt lat="46.02024" lon="11.23117"><ele>451</ele></trkpt>
      <trkpt lat="46.02059" lon="11.23093"><ele>450</ele></trkpt>
      <trkpt lat="46.02192" lon="11.23054"><ele>452</ele></trkpt>
      <trkpt lat="46.02208" lon="11.23051"><ele>452</ele></trkpt>
      <trkpt lat="46.02224" lon="11.23053"><ele>452</ele></trkpt>
      <trkpt lat="46.02254" lon="11.23054"><ele>452</ele></trkpt>
      <trkpt lat="46.02281" lon="11.23041"><ele>452</ele></trkpt>
      <trkpt lat="46.02329" lon="11.23036"><ele>452</ele></trkpt>
      <trkpt lat="46.02398" lon="11.23039"><ele>452</ele></trkpt>
      <trkpt lat="46.02434" lon="11.23040"><ele>452</ele></trkpt>
      <trkpt lat="46.02489" lon="11.23045"><ele>454</ele></trkpt>
      <trkpt lat="46.02507" lon="11.23049"><ele>454</ele></trkpt>
      <trkpt lat="46.02521" lon="11.23060"><ele>452</ele></trkpt>
      <trkpt lat="46.02535" lon="11.23074"><ele>452</ele></trkpt>
      <trkpt lat="46.02549" lon="11.23085"><ele>452</ele></trkpt>
      <trkpt lat="46.02557" lon="11.23091"><ele>451</ele></trkpt>
      <trkpt lat="46.02596" lon="11.23093"><ele>451</ele></trkpt>
      <trkpt lat="46.02611" lon="11.23091"><ele>451</ele></trkpt>
      <trkpt lat="46.02648" lon="11.23075"><ele>451</ele></trkpt>
      <trkpt lat="46.02653" lon="11.23071"><ele>452</ele></trkpt>
      <trkpt lat="46.02655" lon="11.23070"><ele>452</ele></trkpt>
      <trkpt lat="46.02669" lon="11.23051"><ele>452</ele></trkpt>
      <trkpt lat="46.02676" lon="11.23029"><ele>452</ele></trkpt>
      <trkpt lat="46.02694" lon="11.23007"><ele>453</ele></trkpt>
      <trkpt lat="46.02704" lon="11.22988"><ele>453</ele></trkpt>
      <trkpt lat="46.02720" lon="11.22959"><ele>454</ele></trkpt>
      <trkpt lat="46.02735" lon="11.22953"><ele>455</ele></trkpt>
      <trkpt lat="46.02750" lon="11.22958"><ele>456</ele></trkpt>
      <trkpt lat="46.02767" lon="11.22964"><ele>456</ele></trkpt>
      <trkpt lat="46.02779" lon="11.22968"><ele>456</ele></trkpt>
      <trkpt lat="46.02789" lon="11.22971"><ele>457</ele></trkpt>
      <trkpt lat="46.02824" lon="11.22981"><ele>459</ele></trkpt>
      <trkpt lat="46.02855" lon="11.22988"><ele>461</ele></trkpt>
      <trkpt lat="46.02861" lon="11.22990"><ele>461</ele></trkpt>
      <trkpt lat="46.02871" lon="11.22994"><ele>462</ele></trkpt>
      <trkpt lat="46.02936" lon="11.23005"><ele>466</ele></trkpt>
      <trkpt lat="46.02938" lon="11.23005"><ele>466</ele></trkpt>
      <trkpt lat="46.02951" lon="11.23007"><ele>467</ele></trkpt>
      <trkpt lat="46.02986" lon="11.23009"><ele>467</ele></trkpt>
      <trkpt lat="46.02995" lon="11.23011"><ele>467</ele></trkpt>
      <trkpt lat="46.03002" lon="11.23012"><ele>466</ele></trkpt>
      <trkpt lat="46.03005" lon="11.23013"><ele>466</ele></trkpt>
      <trkpt lat="46.03007" lon="11.23013"><ele>466</ele></trkpt>
      <trkpt lat="46.03047" lon="11.23024"><ele>464</ele></trkpt>
      <trkpt lat="46.03092" lon="11.23018"><ele>464</ele></trkpt>
      <trkpt lat="46.03168" lon="11.23001"><ele>460</ele></trkpt>
      <trkpt lat="46.03232" lon="11.22987"><ele>456</ele></trkpt>
      <trkpt lat="46.03276" lon="11.22954"><ele>455</ele></trkpt>
      <trkpt lat="46.03295" lon="11.22935"><ele>456</ele></trkpt>
      <trkpt lat="46.03349" lon="11.22920"><ele>453</ele></trkpt>
      <trkpt lat="46.03368" lon="11.22914"><ele>454</ele></trkpt>
      <trkpt lat="46.03387" lon="11.22911"><ele>454</ele></trkpt>
      <trkpt lat="46.03409" lon="11.22913"><ele>454</ele></trkpt>
      <trkpt lat="46.03433" lon="11.22920"><ele>455</ele></trkpt>
      <trkpt lat="46.03495" lon="11.22944"><ele>456</ele></trkpt>
      <trkpt lat="46.03533" lon="11.22956"><ele>455</ele></trkpt>
      <trkpt lat="46.03539" lon="11.22957"><ele>455</ele></trkpt>
      <trkpt lat="46.03544" lon="11.22955"><ele>456</ele></trkpt>
      <trkpt lat="46.03566" lon="11.22942"><ele>458</ele></trkpt>
      <trkpt lat="46.03574" lon="11.22940"><ele>457</ele></trkpt>
      <trkpt lat="46.03581" lon="11.22938"><ele>456</ele></trkpt>
      <trkpt lat="46.03592" lon="11.22940"><ele>455</ele></trkpt>
      <trkpt lat="46.03595" lon="11.22942"><ele>454</ele></trkpt>
      <trkpt lat="46.03597" lon="11.22948"><ele>454</ele></trkpt>
      <trkpt lat="46.03598" lon="11.22962"><ele>454</ele></trkpt>
      <trkpt lat="46.03599" lon="11.22969"><ele>454</ele></trkpt>
      <trkpt lat="46.03608" lon="11.22979"><ele>452</ele></trkpt>
      <trkpt lat="46.03617" lon="11.22984"><ele>452</ele></trkpt>
      <trkpt lat="46.03635" lon="11.22991"><ele>452</ele></trkpt>
      <trkpt lat="46.03662" lon="11.23008"><ele>452</ele></trkpt>
      <trkpt lat="46.03695" lon="11.23031"><ele>452</ele></trkpt>
      <trkpt lat="46.03722" lon="11.23054"><ele>452</ele></trkpt>
      <trkpt lat="46.03744" lon="11.23076"><ele>452</ele></trkpt>
      <trkpt lat="46.03752" lon="11.23087"><ele>452</ele></trkpt>
      <trkpt lat="46.03773" lon="11.23119"><ele>451</ele></trkpt>
      <trkpt lat="46.03789" lon="11.23147"><ele>452</ele></trkpt>
      <trkpt lat="46.03799" lon="11.23166"><ele>453</ele></trkpt>
      <trkpt lat="46.03802" lon="11.23172"><ele>452</ele></trkpt>
      <trkpt lat="46.03824" lon="11.23213"><ele>451</ele></trkpt>
      <trkpt lat="46.03848" lon="11.23256"><ele>451</ele></trkpt>
      <trkpt lat="46.03873" lon="11.23297"><ele>452</ele></trkpt>
      <trkpt lat="46.03892" lon="11.23320"><ele>452</ele></trkpt>
      <trkpt lat="46.03911" lon="11.23339"><ele>452</ele></trkpt>
      <trkpt lat="46.03928" lon="11.23350"><ele>453</ele></trkpt>
      <trkpt lat="46.03946" lon="11.23358"><ele>453</ele></trkpt>
      <trkpt lat="46.03950" lon="11.23360"><ele>453</ele></trkpt>
      <trkpt lat="46.03965" lon="11.23364"><ele>453</ele></trkpt>
      <trkpt lat="46.03982" lon="11.23368"><ele>453</ele></trkpt>
      <trkpt lat="46.03997" lon="11.23369"><ele>453</ele></trkpt>
      <trkpt lat="46.04003" lon="11.23370"><ele>453</ele></trkpt>
      <trkpt lat="46.03998" lon="11.23379"><ele>454</ele></trkpt>
      <trkpt lat="46.03989" lon="11.23403"><ele>453</ele></trkpt>
      <trkpt lat="46.03973" lon="11.23422"><ele>453</ele></trkpt>
      <trkpt lat="46.03944" lon="11.23473"><ele>452</ele></trkpt>
      <trkpt lat="46.03953" lon="11.23486"><ele>452</ele></trkpt>
      <trkpt lat="46.03961" lon="11.23499"><ele>452</ele></trkpt>
      <trkpt lat="46.03945" lon="11.23521"><ele>452</ele></trkpt>
      <trkpt lat="46.03926" lon="11.23530"><ele>452</ele></trkpt>
      <trkpt lat="46.03910" lon="11.23528"><ele>452</ele></trkpt>
      <trkpt lat="46.03906" lon="11.23530"><ele>451</ele></trkpt>
      <trkpt lat="46.03910" lon="11.23528"><ele>452</ele></trkpt>
      <trkpt lat="46.03926" lon="11.23530"><ele>452</ele></trkpt>
      <trkpt lat="46.03945" lon="11.23521"><ele>452</ele></trkpt>
      <trkpt lat="46.03961" lon="11.23499"><ele>452</ele></trkpt>
      <trkpt lat="46.03953" lon="11.23486"><ele>452</ele></trkpt>
      <trkpt lat="46.03944" lon="11.23473"><ele>452</ele></trkpt>
      <trkpt lat="46.03973" lon="11.23422"><ele>453</ele></trkpt>
      <trkpt lat="46.03989" lon="11.23403"><ele>453</ele></trkpt>
      <trkpt lat="46.03998" lon="11.23379"><ele>454</ele></trkpt>
      <trkpt lat="46.04003" lon="11.23370"><ele>453</ele></trkpt>
      <trkpt lat="46.04007" lon="11.23370"><ele>453</ele></trkpt>
      <trkpt lat="46.04012" lon="11.23371"><ele>454</ele></trkpt>
      <trkpt lat="46.04020" lon="11.23369"><ele>454</ele></trkpt>
      <trkpt lat="46.04036" lon="11.23364"><ele>454</ele></trkpt>
      <trkpt lat="46.04053" lon="11.23357"><ele>454</ele></trkpt>
      <trkpt lat="46.04193" lon="11.23279"><ele>456</ele></trkpt>
      <trkpt lat="46.04236" lon="11.23260"><ele>457</ele></trkpt>
      <trkpt lat="46.04291" lon="11.23243"><ele>458</ele></trkpt>
      <trkpt lat="46.04321" lon="11.23237"><ele>458</ele></trkpt>
      <trkpt lat="46.04360" lon="11.23232"><ele>458</ele></trkpt>
      <trkpt lat="46.04410" lon="11.23232"><ele>459</ele></trkpt>
      <trkpt lat="46.04437" lon="11.23234"><ele>459</ele></trkpt>
      <trkpt lat="46.04441" lon="11.23230"><ele>460</ele></trkpt>
      <trkpt lat="46.04446" lon="11.23228"><ele>460</ele></trkpt>
      <trkpt lat="46.04461" lon="11.23235"><ele>460</ele></trkpt>
      <trkpt lat="46.04466" lon="11.23236"><ele>460</ele></trkpt>
      <trkpt lat="46.04474" lon="11.23239"><ele>460</ele></trkpt>
      <trkpt lat="46.04513" lon="11.23256"><ele>460</ele></trkpt>
      <trkpt lat="46.04534" lon="11.23268"><ele>460</ele></trkpt>
      <trkpt lat="46.04562" lon="11.23285"><ele>459</ele></trkpt>
      <trkpt lat="46.04649" lon="11.23335"><ele>459</ele></trkpt>
      <trkpt lat="46.04678" lon="11.23352"><ele>460</ele></trkpt>
      <trkpt lat="46.04749" lon="11.23384"><ele>460</ele></trkpt>
      <trkpt lat="46.04813" lon="11.23403"><ele>460</ele></trkpt>
      <trkpt lat="46.04848" lon="11.23410"><ele>460</ele></trkpt>
      <trkpt lat="46.04899" lon="11.23417"><ele>460</ele></trkpt>
      <trkpt lat="46.04962" lon="11.23416"><ele>460</ele></trkpt>
      <trkpt lat="46.05038" lon="11.23394"><ele>460</ele></trkpt>
      <trkpt lat="46.05068" lon="11.23391"><ele>460</ele></trkpt>
      <trkpt lat="46.05098" lon="11.23394"><ele>460</ele></trkpt>
      <trkpt lat="46.05143" lon="11.23400"><ele>460</ele></trkpt>
      <trkpt lat="46.05186" lon="11.23393"><ele>462</ele></trkpt>
      <trkpt lat="46.05364" lon="11.23316"><ele>464</ele></trkpt>
      <trkpt lat="46.05422" lon="11.23288"><ele>464</ele></trkpt>
      <trkpt lat="46.05465" lon="11.23267"><ele>464</ele></trkpt>
      <trkpt lat="46.05473" lon="11.23263"><ele>464</ele></trkpt>
      <trkpt lat="46.05491" lon="11.23250"><ele>462</ele></trkpt>
      <trkpt lat="46.05504" lon="11.23311"><ele>462</ele></trkpt>
      <trkpt lat="46.05508" lon="11.23333"><ele>463</ele></trkpt>
      <trkpt lat="46.05523" lon="11.23390"><ele>464</ele></trkpt>
      <trkpt lat="46.05538" lon="11.23450"><ele>464</ele></trkpt>
      <trkpt lat="46.05547" lon="11.23486"><ele>464</ele></trkpt>
      <trkpt lat="46.05555" lon="11.23512"><ele>465</ele></trkpt>
      <trkpt lat="46.05568" lon="11.23534"><ele>466</ele></trkpt>
      <trkpt lat="46.05582" lon="11.23554"><ele>466</ele></trkpt>
      <trkpt lat="46.05605" lon="11.23572"><ele>466</ele></trkpt>
      <trkpt lat="46.05620" lon="11.23587"><ele>466</ele></trkpt>
      <trkpt lat="46.05628" lon="11.23601"><ele>467</ele></trkpt>
      <trkpt lat="46.05632" lon="11.23613"><ele>467</ele></trkpt>
      <trkpt lat="46.05637" lon="11.23628"><ele>467</ele></trkpt>
      <trkpt lat="46.05638" lon="11.23633"><ele>467</ele></trkpt>
      <trkpt lat="46.05638" lon="11.23637"><ele>467</ele></trkpt>
      <trkpt lat="46.05637" lon="11.23641"><ele>467</ele></trkpt>
      <trkpt lat="46.05634" lon="11.23651"><ele>467</ele></trkpt>
      <trkpt lat="46.05633" lon="11.23658"><ele>467</ele></trkpt>
      <trkpt lat="46.05637" lon="11.23660"><ele>468</ele></trkpt>
      <trkpt lat="46.05664" lon="11.23671"><ele>468</ele></trkpt>
      <trkpt lat="46.05687" lon="11.23685"><ele>468</ele></trkpt>
      <trkpt lat="46.05688" lon="11.23686"><ele>469</ele></trkpt>
      <trkpt lat="46.05692" lon="11.23689"><ele>469</ele></trkpt>
      <trkpt lat="46.05698" lon="11.23695"><ele>469</ele></trkpt>
      <trkpt lat="46.05702" lon="11.23700"><ele>469</ele></trkpt>
      <trkpt lat="46.05705" lon="11.23706"><ele>469</ele></trkpt>
      <trkpt lat="46.05705" lon="11.23712"><ele>469</ele></trkpt>
      <trkpt lat="46.05706" lon="11.23718"><ele>469</ele></trkpt>
      <trkpt lat="46.05709" lon="11.23723"><ele>470</ele></trkpt>
      <trkpt lat="46.05712" lon="11.23725"><ele>470</ele></trkpt>
      <trkpt lat="46.05720" lon="11.23729"><ele>470</ele></trkpt>
      <trkpt lat="46.05728" lon="11.23740"><ele>469</ele></trkpt>
      <trkpt lat="46.05739" lon="11.23763"><ele>470</ele></trkpt>
      <trkpt lat="46.05740" lon="11.23765"><ele>470</ele></trkpt>
      <trkpt lat="46.05743" lon="11.23770"><ele>470</ele></trkpt>
      <trkpt lat="46.05758" lon="11.23803"><ele>470</ele></trkpt>
      <trkpt lat="46.05780" lon="11.23841"><ele>470</ele></trkpt>
      <trkpt lat="46.05791" lon="11.23859"><ele>471</ele></trkpt>
      <trkpt lat="46.05814" lon="11.23893"><ele>471</ele></trkpt>
      <trkpt lat="46.05844" lon="11.23938"><ele>472</ele></trkpt>
      <trkpt lat="46.05850" lon="11.23942"><ele>472</ele></trkpt>
      <trkpt lat="46.05859" lon="11.23951"><ele>472</ele></trkpt>
      <trkpt lat="46.05867" lon="11.23941"><ele>472</ele></trkpt>
      <trkpt lat="46.05880" lon="11.23948"><ele>472</ele></trkpt>
      <trkpt lat="46.05904" lon="11.23967"><ele>472</ele></trkpt>
      <trkpt lat="46.05933" lon="11.23995"><ele>472</ele></trkpt>
      <trkpt lat="46.05954" lon="11.24019"><ele>473</ele></trkpt>
      <trkpt lat="46.05971" lon="11.24035"><ele>473</ele></trkpt>
      <trkpt lat="46.05991" lon="11.24046"><ele>474</ele></trkpt>
      <trkpt lat="46.06012" lon="11.24050"><ele>474</ele></trkpt>
      <trkpt lat="46.06015" lon="11.24049"><ele>474</ele></trkpt>
      <trkpt lat="46.06034" lon="11.24049"><ele>475</ele></trkpt>
      <trkpt lat="46.06053" lon="11.24047"><ele>475</ele></trkpt>
      <trkpt lat="46.06058" lon="11.24051"><ele>475</ele></trkpt>
      <trkpt lat="46.06065" lon="11.24056"><ele>475</ele></trkpt>
      <trkpt lat="46.06060" lon="11.24072"><ele>476</ele></trkpt>
      <trkpt lat="46.06058" lon="11.24079"><ele>476</ele></trkpt>
      <trkpt lat="46.06058" lon="11.24082"><ele>476</ele></trkpt>
      <trkpt lat="46.06057" lon="11.24082"><ele>476</ele></trkpt>
      <trkpt lat="46.06051" lon="11.24082"><ele>476</ele></trkpt>
      <trkpt lat="46.06042" lon="11.24076"><ele>475</ele></trkpt>
      <trkpt lat="46.06034" lon="11.24049"><ele>475</ele></trkpt>
      <trkpt lat="46.06032" lon="11.24028"><ele>475</ele></trkpt>
      <trkpt lat="46.06034" lon="11.24012"><ele>474</ele></trkpt>
      <trkpt lat="46.06045" lon="11.23963"><ele>474</ele></trkpt>
      <trkpt lat="46.06052" lon="11.23945"><ele>474</ele></trkpt>
      <trkpt lat="46.06059" lon="11.23934"><ele>474</ele></trkpt>
      <trkpt lat="46.06062" lon="11.23926"><ele>474</ele></trkpt>
      <trkpt lat="46.06067" lon="11.23920"><ele>474</ele></trkpt>
      <trkpt lat="46.06079" lon="11.23907"><ele>474</ele></trkpt>
      <trkpt lat="46.06114" lon="11.23863"><ele>474</ele></trkpt>
      <trkpt lat="46.06119" lon="11.23855"><ele>474</ele></trkpt>
      <trkpt lat="46.06122" lon="11.23850"><ele>474</ele></trkpt>
      <trkpt lat="46.06134" lon="11.23831"><ele>474</ele></trkpt>
      <trkpt lat="46.06147" lon="11.23809"><ele>474</ele></trkpt>
      <trkpt lat="46.06140" lon="11.23798"><ele>474</ele></trkpt>
      <trkpt lat="46.06134" lon="11.23788"><ele>474</ele></trkpt>
      <trkpt lat="46.06159" lon="11.23744"><ele>474</ele></trkpt>
      <trkpt lat="46.06161" lon="11.23741"><ele>474</ele></trkpt>
      <trkpt lat="46.06165" lon="11.23745"><ele>474</ele></trkpt>
      <trkpt lat="46.06167" lon="11.23747"><ele>474</ele></trkpt>
      <trkpt lat="46.06172" lon="11.23742"><ele>474</ele></trkpt>
      <trkpt lat="46.06176" lon="11.23743"><ele>474</ele></trkpt>
      <trkpt lat="46.06180" lon="11.23749"><ele>474</ele></trkpt>
      <trkpt lat="46.06181" lon="11.23748"><ele>474</ele></trkpt>
      <trkpt lat="46.06183" lon="11.23747"><ele>474</ele></trkpt>
      <trkpt lat="46.06184" lon="11.23745"><ele>474</ele></trkpt>
      <trkpt lat="46.06185" lon="11.23744"><ele>474</ele></trkpt>
      <trkpt lat="46.06188" lon="11.23742"><ele>475</ele></trkpt>
      <trkpt lat="46.06191" lon="11.23738"><ele>475</ele></trkpt>
      <trkpt lat="46.06186" lon="11.23725"><ele>474</ele></trkpt>
      <trkpt lat="46.06187" lon="11.23719"><ele>474</ele></trkpt>
      <trkpt lat="46.06188" lon="11.23708"><ele>474</ele></trkpt>
      <trkpt lat="46.06191" lon="11.23697"><ele>474</ele></trkpt>
      <trkpt lat="46.06211" lon="11.23640"><ele>473</ele></trkpt>
      <trkpt lat="46.06244" lon="11.23541"><ele>472</ele></trkpt>
      <trkpt lat="46.06248" lon="11.23534"><ele>471</ele></trkpt>
      <trkpt lat="46.06253" lon="11.23531"><ele>471</ele></trkpt>
      <trkpt lat="46.06255" lon="11.23527"><ele>471</ele></trkpt>
      <trkpt lat="46.06257" lon="11.23523"><ele>471</ele></trkpt>
      <trkpt lat="46.06259" lon="11.23519"><ele>471</ele></trkpt>
      <trkpt lat="46.06260" lon="11.23502"><ele>471</ele></trkpt>
      <trkpt lat="46.06268" lon="11.23471"><ele>470</ele></trkpt>
      <trkpt lat="46.06273" lon="11.23458"><ele>470</ele></trkpt>
      <trkpt lat="46.06275" lon="11.23454"><ele>470</ele></trkpt>
      <trkpt lat="46.06276" lon="11.23452"><ele>470</ele></trkpt>
      <trkpt lat="46.06278" lon="11.23448"><ele>470</ele></trkpt>
      <trkpt lat="46.06280" lon="11.23443"><ele>470</ele></trkpt>
      <trkpt lat="46.06286" lon="11.23433"><ele>470</ele></trkpt>
      <trkpt lat="46.06288" lon="11.23423"><ele>470</ele></trkpt>
      <trkpt lat="46.06290" lon="11.23405"><ele>469</ele></trkpt>
      <trkpt lat="46.06296" lon="11.23387"><ele>469</ele></trkpt>
      <trkpt lat="46.06301" lon="11.23364"><ele>469</ele></trkpt>
      <trkpt lat="46.06307" lon="11.23339"><ele>468</ele></trkpt>
      <trkpt lat="46.06309" lon="11.23331"><ele>468</ele></trkpt>
      <trkpt lat="46.06311" lon="11.23326"><ele>468</ele></trkpt>
      <trkpt lat="46.06312" lon="11.23320"><ele>468</ele></trkpt>
      <trkpt lat="46.06312" lon="11.23320"><ele>468</ele></trkpt>
      <trkpt lat="46.06328" lon="11.23264"><ele>468</ele></trkpt>
      <trkpt lat="46.06333" lon="11.23245"><ele>468</ele></trkpt>
      <trkpt lat="46.06341" lon="11.23221"><ele>467</ele></trkpt>
      <trkpt lat="46.06342" lon="11.23215"><ele>467</ele></trkpt>
      <trkpt lat="46.06356" lon="11.23180"><ele>467</ele></trkpt>
      <trkpt lat="46.06369" lon="11.23153"><ele>467</ele></trkpt>
      <trkpt lat="46.06384" lon="11.23125"><ele>466</ele></trkpt>
      <trkpt lat="46.06390" lon="11.23112"><ele>466</ele></trkpt>
      <trkpt lat="46.06407" lon="11.23085"><ele>466</ele></trkpt>
      <trkpt lat="46.06427" lon="11.23057"><ele>466</ele></trkpt>
      <trkpt lat="46.06448" lon="11.23030"><ele>466</ele></trkpt>
      <trkpt lat="46.06457" lon="11.23018"><ele>466</ele></trkpt>
      <trkpt lat="46.06476" lon="11.22992"><ele>466</ele></trkpt>
      <trkpt lat="46.06497" lon="11.22960"><ele>466</ele></trkpt>
      <trkpt lat="46.06501" lon="11.22954"><ele>465</ele></trkpt>
      <trkpt lat="46.06525" lon="11.22922"><ele>465</ele></trkpt>
      <trkpt lat="46.06528" lon="11.22917"><ele>465</ele></trkpt>
      <trkpt lat="46.06531" lon="11.22913"><ele>465</ele></trkpt>
      <trkpt lat="46.06541" lon="11.22898"><ele>464</ele></trkpt>
      <trkpt lat="46.06564" lon="11.22872"><ele>464</ele></trkpt>
      <trkpt lat="46.06570" lon="11.22869"><ele>464</ele></trkpt>
      <trkpt lat="46.06576" lon="11.22861"><ele>464</ele></trkpt>
      <trkpt lat="46.06583" lon="11.22843"><ele>464</ele></trkpt>
      <trkpt lat="46.06598" lon="11.22821"><ele>464</ele></trkpt>
      <trkpt lat="46.06602" lon="11.22815"><ele>464</ele></trkpt>
      <trkpt lat="46.06605" lon="11.22814"><ele>464</ele></trkpt>
      <trkpt lat="46.06607" lon="11.22814"><ele>464</ele></trkpt>
      <trkpt lat="46.06611" lon="11.22820"><ele>464</ele></trkpt>
      <trkpt lat="46.06618" lon="11.22810"><ele>464</ele></trkpt>
      <trkpt lat="46.06620" lon="11.22809"><ele>464</ele></trkpt>
      <trkpt lat="46.06621" lon="11.22808"><ele>464</ele></trkpt>
      <trkpt lat="46.06623" lon="11.22807"><ele>464</ele></trkpt>
      <trkpt lat="46.06624" lon="11.22807"><ele>464</ele></trkpt>
      <trkpt lat="46.06626" lon="11.22806"><ele>463</ele></trkpt>
      <trkpt lat="46.06627" lon="11.22806"><ele>463</ele></trkpt>
      <trkpt lat="46.06626" lon="11.22785"><ele>463</ele></trkpt>
      <trkpt lat="46.06627" lon="11.22779"><ele>463</ele></trkpt>
      <trkpt lat="46.06628" lon="11.22774"><ele>463</ele></trkpt>
      <trkpt lat="46.06630" lon="11.22770"><ele>463</ele></trkpt>
      <trkpt lat="46.06707" lon="11.22665"><ele>462</ele></trkpt>
      <trkpt lat="46.06712" lon="11.22663"><ele>462</ele></trkpt>
      <trkpt lat="46.06719" lon="11.22665"><ele>462</ele></trkpt>
      <trkpt lat="46.06725" lon="11.22669"><ele>462</ele></trkpt>
      <trkpt lat="46.06728" lon="11.22672"><ele>462</ele></trkpt>
      <trkpt lat="46.06733" lon="11.22681"><ele>462</ele></trkpt>
      <trkpt lat="46.06734" lon="11.22680"><ele>462</ele></trkpt>
      <trkpt lat="46.06737" lon="11.22679"><ele>462</ele></trkpt>
      <trkpt lat="46.06738" lon="11.22679"><ele>462</ele></trkpt>
      <trkpt lat="46.06739" lon="11.22678"><ele>462</ele></trkpt>
      <trkpt lat="46.06740" lon="11.22678"><ele>462</ele></trkpt>
      <trkpt lat="46.06743" lon="11.22677"><ele>462</ele></trkpt>
      <trkpt lat="46.06744" lon="11.22677"><ele>462</ele></trkpt>
      <trkpt lat="46.06742" lon="11.22661"><ele>462</ele></trkpt>
      <trkpt lat="46.06745" lon="11.22643"><ele>461</ele></trkpt>
      <trkpt lat="46.06745" lon="11.22633"><ele>461</ele></trkpt>
      <trkpt lat="46.06744" lon="11.22627"><ele>461</ele></trkpt>
      <trkpt lat="46.06744" lon="11.22621"><ele>461</ele></trkpt>
      <trkpt lat="46.06750" lon="11.22607"><ele>461</ele></trkpt>
      <trkpt lat="46.06767" lon="11.22585"><ele>461</ele></trkpt>
      <trkpt lat="46.06793" lon="11.22555"><ele>461</ele></trkpt>
      <trkpt lat="46.06866" lon="11.22485"><ele>459</ele></trkpt>
      <trkpt lat="46.06868" lon="11.22484"><ele>459</ele></trkpt>
      <trkpt lat="46.06872" lon="11.22483"><ele>458</ele></trkpt>
      <trkpt lat="46.06913" lon="11.22464"><ele>459</ele></trkpt>
      <trkpt lat="46.06920" lon="11.22461"><ele>460</ele></trkpt>
      <trkpt lat="46.06926" lon="11.22438"><ele>460</ele></trkpt>
      <trkpt lat="46.06936" lon="11.22433"><ele>462</ele></trkpt>
      <trkpt lat="46.06946" lon="11.22413"><ele>462</ele></trkpt>
      <trkpt lat="46.06952" lon="11.22404"><ele>462</ele></trkpt>
      <trkpt lat="46.06959" lon="11.22396"><ele>462</ele></trkpt>
      <trkpt lat="46.06974" lon="11.22376"><ele>462</ele></trkpt>
      <trkpt lat="46.06980" lon="11.22366"><ele>461</ele></trkpt>
      <trkpt lat="46.06984" lon="11.22360"><ele>462</ele></trkpt>
      <trkpt lat="46.06993" lon="11.22341"><ele>461</ele></trkpt>
      <trkpt lat="46.07000" lon="11.22321"><ele>460</ele></trkpt>
      <trkpt lat="46.07005" lon="11.22305"><ele>460</ele></trkpt>
      <trkpt lat="46.07008" lon="11.22281"><ele>460</ele></trkpt>
      <trkpt lat="46.07014" lon="11.22231"><ele>458</ele></trkpt>
      <trkpt lat="46.07016" lon="11.22218"><ele>457</ele></trkpt>
      <trkpt lat="46.07021" lon="11.22203"><ele>456</ele></trkpt>
      <trkpt lat="46.07030" lon="11.22191"><ele>456</ele></trkpt>
      <trkpt lat="46.07028" lon="11.22187"><ele>456</ele></trkpt>
      <trkpt lat="46.07024" lon="11.22191"><ele>455</ele></trkpt>
      <trkpt lat="46.07030" lon="11.22175"><ele>455</ele></trkpt>
      <trkpt lat="46.07037" lon="11.22151"><ele>454</ele></trkpt>
      <trkpt lat="46.07074" lon="11.22004"><ele>450</ele></trkpt>
      <trkpt lat="46.07078" lon="11.21975"><ele>450</ele></trkpt>
      <trkpt lat="46.07080" lon="11.21939"><ele>450</ele></trkpt>
      <trkpt lat="46.07074" lon="11.21907"><ele>450</ele></trkpt>
      <trkpt lat="46.07068" lon="11.21890"><ele>450</ele></trkpt>
      <trkpt lat="46.07061" lon="11.21879"><ele>450</ele></trkpt>
      <trkpt lat="46.07059" lon="11.21879"><ele>450</ele></trkpt>
      <trkpt lat="46.07054" lon="11.21878"><ele>449</ele></trkpt>
      <trkpt lat="46.07062" lon="11.21827"><ele>452</ele></trkpt>
      <trkpt lat="46.07068" lon="11.21807"><ele>454</ele></trkpt>
      <trkpt lat="46.07078" lon="11.21788"><ele>452</ele></trkpt>
      <trkpt lat="46.07123" lon="11.21727"><ele>451</ele></trkpt>
      <trkpt lat="46.07235" lon="11.21577"><ele>446</ele></trkpt>
      <trkpt lat="46.07263" lon="11.21532"><ele>444</ele></trkpt>
      <trkpt lat="46.07280" lon="11.21505"><ele>443</ele></trkpt>
      <trkpt lat="46.07312" lon="11.21448"><ele>440</ele></trkpt>
      <trkpt lat="46.07347" lon="11.21385"><ele>440</ele></trkpt>
      <trkpt lat="46.07343" lon="11.21380"><ele>440</ele></trkpt>
      <trkpt lat="46.07610" lon="11.20893"><ele>431</ele></trkpt>
      <trkpt lat="46.07628" lon="11.20861"><ele>430</ele></trkpt>
      <trkpt lat="46.07754" lon="11.20637"><ele>427</ele></trkpt>
      <trkpt lat="46.07774" lon="11.20603"><ele>427</ele></trkpt>
      <trkpt lat="46.07794" lon="11.20567"><ele>426</ele></trkpt>
      <trkpt lat="46.07805" lon="11.20548"><ele>426</ele></trkpt>
      <trkpt lat="46.07814" lon="11.20534"><ele>426</ele></trkpt>
      <trkpt lat="46.07849" lon="11.20581"><ele>426</ele></trkpt>
      <trkpt lat="46.07881" lon="11.20536"><ele>424</ele></trkpt>
      <trkpt lat="46.07972" lon="11.20382"><ele>421</ele></trkpt>
      <trkpt lat="46.08001" lon="11.20364"><ele>420</ele></trkpt>
      <trkpt lat="46.08148" lon="11.20302"><ele>414</ele></trkpt>
      <trkpt lat="46.08150" lon="11.20300"><ele>413</ele></trkpt>
      <trkpt lat="46.08158" lon="11.20293"><ele>413</ele></trkpt>
      <trkpt lat="46.08165" lon="11.20283"><ele>415</ele></trkpt>
      <trkpt lat="46.08176" lon="11.20266"><ele>416</ele></trkpt>
      <trkpt lat="46.08185" lon="11.20240"><ele>418</ele></trkpt>
      <trkpt lat="46.08193" lon="11.20207"><ele>421</ele></trkpt>
      <trkpt lat="46.08200" lon="11.20194"><ele>423</ele></trkpt>
      <trkpt lat="46.08220" lon="11.20175"><ele>425</ele></trkpt>
      <trkpt lat="46.08236" lon="11.20161"><ele>425</ele></trkpt>
      <trkpt lat="46.08278" lon="11.20115"><ele>424</ele></trkpt>
      <trkpt lat="46.08291" lon="11.20099"><ele>425</ele></trkpt>
      <trkpt lat="46.08303" lon="11.20082"><ele>424</ele></trkpt>
      <trkpt lat="46.08316" lon="11.20046"><ele>423</ele></trkpt>
      <trkpt lat="46.08327" lon="11.20011"><ele>424</ele></trkpt>
      <trkpt lat="46.08329" lon="11.20004"><ele>424</ele></trkpt>
      <trkpt lat="46.08331" lon="11.20004"><ele>424</ele></trkpt>
      <trkpt lat="46.08333" lon="11.20002"><ele>424</ele></trkpt>
      <trkpt lat="46.08335" lon="11.19999"><ele>424</ele></trkpt>
      <trkpt lat="46.08336" lon="11.19993"><ele>424</ele></trkpt>
      <trkpt lat="46.08336" lon="11.19990"><ele>424</ele></trkpt>
      <trkpt lat="46.08335" lon="11.19988"><ele>424</ele></trkpt>
      <trkpt lat="46.08332" lon="11.19984"><ele>423</ele></trkpt>
      <trkpt lat="46.08333" lon="11.19978"><ele>423</ele></trkpt>
      <trkpt lat="46.08341" lon="11.19952"><ele>422</ele></trkpt>
      <trkpt lat="46.08347" lon="11.19916"><ele>421</ele></trkpt>
      <trkpt lat="46.08368" lon="11.19802"><ele>421</ele></trkpt>
      <trkpt lat="46.08371" lon="11.19779"><ele>421</ele></trkpt>
      <trkpt lat="46.08375" lon="11.19731"><ele>422</ele></trkpt>
      <trkpt lat="46.08376" lon="11.19664"><ele>422</ele></trkpt>
      <trkpt lat="46.08377" lon="11.19611"><ele>423</ele></trkpt>
      <trkpt lat="46.08383" lon="11.19548"><ele>426</ele></trkpt>
      <trkpt lat="46.08388" lon="11.19523"><ele>425</ele></trkpt>
      <trkpt lat="46.08412" lon="11.19456"><ele>425</ele></trkpt>
      <trkpt lat="46.08481" lon="11.19326"><ele>426</ele></trkpt>
      <trkpt lat="46.08523" lon="11.19228"><ele>426</ele></trkpt>
      <trkpt lat="46.08547" lon="11.19177"><ele>426</ele></trkpt>
      <trkpt lat="46.08555" lon="11.19160"><ele>426</ele></trkpt>
      <trkpt lat="46.08663" lon="11.18999"><ele>430</ele></trkpt>
      <trkpt lat="46.08685" lon="11.18953"><ele>432</ele></trkpt>
      <trkpt lat="46.08758" lon="11.18776"><ele>437</ele></trkpt>
      <trkpt lat="46.08776" lon="11.18737"><ele>438</ele></trkpt>
      <trkpt lat="46.08789" lon="11.18713"><ele>438</ele></trkpt>
      <trkpt lat="46.08838" lon="11.18652"><ele>439</ele></trkpt>
      <trkpt lat="46.08861" lon="11.18629"><ele>442</ele></trkpt>
      <trkpt lat="46.08868" lon="11.18626"><ele>442</ele></trkpt>
      <trkpt lat="46.08873" lon="11.18624"><ele>443</ele></trkpt>
      <trkpt lat="46.08875" lon="11.18624"><ele>443</ele></trkpt>
      <trkpt lat="46.08883" lon="11.18630"><ele>445</ele></trkpt>
      <trkpt lat="46.08893" lon="11.18625"><ele>446</ele></trkpt>
      <trkpt lat="46.08899" lon="11.18619"><ele>446</ele></trkpt>
      <trkpt lat="46.08902" lon="11.18613"><ele>446</ele></trkpt>
      <trkpt lat="46.08906" lon="11.18604"><ele>446</ele></trkpt>
      <trkpt lat="46.08915" lon="11.18589"><ele>446</ele></trkpt>
      <trkpt lat="46.08932" lon="11.18557"><ele>446</ele></trkpt>
      <trkpt lat="46.08937" lon="11.18559"><ele>447</ele></trkpt>
      <trkpt lat="46.08942" lon="11.18557"><ele>447</ele></trkpt>
      <trkpt lat="46.08946" lon="11.18550"><ele>447</ele></trkpt>
      <trkpt lat="46.08947" lon="11.18542"><ele>447</ele></trkpt>
      <trkpt lat="46.08945" lon="11.18536"><ele>447</ele></trkpt>
      <trkpt lat="46.08942" lon="11.18532"><ele>446</ele></trkpt>
      <trkpt lat="46.08937" lon="11.18529"><ele>446</ele></trkpt>
      <trkpt lat="46.08933" lon="11.18530"><ele>445</ele></trkpt>
      <trkpt lat="46.08932" lon="11.18526"><ele>444</ele></trkpt>
      <trkpt lat="46.08931" lon="11.18520"><ele>444</ele></trkpt>
      <trkpt lat="46.08928" lon="11.18506"><ele>444</ele></trkpt>
      <trkpt lat="46.08924" lon="11.18498"><ele>445</ele></trkpt>
      <trkpt lat="46.08918" lon="11.18487"><ele>445</ele></trkpt>
      <trkpt lat="46.08905" lon="11.18473"><ele>445</ele></trkpt>
      <trkpt lat="46.08894" lon="11.18464"><ele>445</ele></trkpt>
      <trkpt lat="46.08884" lon="11.18417"><ele>448</ele></trkpt>
      <trkpt lat="46.08884" lon="11.18412"><ele>448</ele></trkpt>
      <trkpt lat="46.08880" lon="11.18391"><ele>450</ele></trkpt>
      <trkpt lat="46.08872" lon="11.18357"><ele>451</ele></trkpt>
      <trkpt lat="46.08868" lon="11.18341"><ele>452</ele></trkpt>
      <trkpt lat="46.08859" lon="11.18309"><ele>453</ele></trkpt>
      <trkpt lat="46.08852" lon="11.18263"><ele>452</ele></trkpt>
      <trkpt lat="46.08852" lon="11.18234"><ele>453</ele></trkpt>
      <trkpt lat="46.08854" lon="11.18199"><ele>454</ele></trkpt>
      <trkpt lat="46.08854" lon="11.18191"><ele>454</ele></trkpt>
      <trkpt lat="46.08859" lon="11.18126"><ele>454</ele></trkpt>
      <trkpt lat="46.08862" lon="11.18098"><ele>454</ele></trkpt>
      <trkpt lat="46.08860" lon="11.18073"><ele>453</ele></trkpt>
      <trkpt lat="46.08878" lon="11.18071"><ele>455</ele></trkpt>
      <trkpt lat="46.08890" lon="11.18073"><ele>456</ele></trkpt>
      <trkpt lat="46.08899" lon="11.18076"><ele>457</ele></trkpt>
      <trkpt lat="46.08901" lon="11.18076"><ele>457</ele></trkpt>
      <trkpt lat="46.08903" lon="11.18074"><ele>458</ele></trkpt>
      <trkpt lat="46.08903" lon="11.18068"><ele>458</ele></trkpt>
      <trkpt lat="46.08901" lon="11.18009"><ele>457</ele></trkpt>
      <trkpt lat="46.08903" lon="11.18068"><ele>458</ele></trkpt>
      <trkpt lat="46.08903" lon="11.18074"><ele>458</ele></trkpt>
      <trkpt lat="46.08901" lon="11.18076"><ele>457</ele></trkpt>
      <trkpt lat="46.08899" lon="11.18076"><ele>457</ele></trkpt>
      <trkpt lat="46.08890" lon="11.18073"><ele>456</ele></trkpt>
      <trkpt lat="46.08878" lon="11.18071"><ele>455</ele></trkpt>
      <trkpt lat="46.08860" lon="11.18073"><ele>453</ele></trkpt>
      <trkpt lat="46.08857" lon="11.18057"><ele>452</ele></trkpt>
      <trkpt lat="46.08852" lon="11.18038"><ele>452</ele></trkpt>
      <trkpt lat="46.08848" lon="11.18027"><ele>452</ele></trkpt>
      <trkpt lat="46.08844" lon="11.18021"><ele>453</ele></trkpt>
      <trkpt lat="46.08836" lon="11.18014"><ele>456</ele></trkpt>
      <trkpt lat="46.08832" lon="11.18012"><ele>457</ele></trkpt>
      <trkpt lat="46.08793" lon="11.17985"><ele>457</ele></trkpt>
      <trkpt lat="46.08784" lon="11.17980"><ele>458</ele></trkpt>
      <trkpt lat="46.08771" lon="11.17977"><ele>460</ele></trkpt>
      <trkpt lat="46.08752" lon="11.17976"><ele>461</ele></trkpt>
      <trkpt lat="46.08736" lon="11.17976"><ele>461</ele></trkpt>
      <trkpt lat="46.08723" lon="11.17976"><ele>460</ele></trkpt>
      <trkpt lat="46.08709" lon="11.17976"><ele>459</ele></trkpt>
      <trkpt lat="46.08686" lon="11.17963"><ele>458</ele></trkpt>
      <trkpt lat="46.08649" lon="11.17940"><ele>459</ele></trkpt>
      <trkpt lat="46.08592" lon="11.17920"><ele>460</ele></trkpt>
      <trkpt lat="46.08545" lon="11.17910"><ele>460</ele></trkpt>
      <trkpt lat="46.08530" lon="11.17909"><ele>461</ele></trkpt>
      <trkpt lat="46.08515" lon="11.17916"><ele>460</ele></trkpt>
      <trkpt lat="46.08503" lon="11.17928"><ele>461</ele></trkpt>
      <trkpt lat="46.08495" lon="11.17937"><ele>461</ele></trkpt>
      <trkpt lat="46.08493" lon="11.17939"><ele>461</ele></trkpt>
      <trkpt lat="46.08490" lon="11.17943"><ele>460</ele></trkpt>
      <trkpt lat="46.08481" lon="11.17948"><ele>460</ele></trkpt>
      <trkpt lat="46.08468" lon="11.17951"><ele>460</ele></trkpt>
      <trkpt lat="46.08456" lon="11.17957"><ele>459</ele></trkpt>
      <trkpt lat="46.08449" lon="11.17935"><ele>462</ele></trkpt>
      <trkpt lat="46.08445" lon="11.17918"><ele>463</ele></trkpt>
      <trkpt lat="46.08441" lon="11.17883"><ele>468</ele></trkpt>
      <trkpt lat="46.08437" lon="11.17699"><ele>478</ele></trkpt>
      <trkpt lat="46.08419" lon="11.17560"><ele>487</ele></trkpt>
      <trkpt lat="46.08417" lon="11.17549"><ele>490</ele></trkpt>
      <trkpt lat="46.08412" lon="11.17538"><ele>493</ele></trkpt>
      <trkpt lat="46.08397" lon="11.17521"><ele>494</ele></trkpt>
      <trkpt lat="46.08395" lon="11.17516"><ele>495</ele></trkpt>
      <trkpt lat="46.08389" lon="11.17497"><ele>495</ele></trkpt>
      <trkpt lat="46.08382" lon="11.17491"><ele>496</ele></trkpt>
      <trkpt lat="46.08359" lon="11.17488"><ele>496</ele></trkpt>
      <trkpt lat="46.08351" lon="11.17481"><ele>494</ele></trkpt>
      <trkpt lat="46.08347" lon="11.17468"><ele>492</ele></trkpt>
      <trkpt lat="46.08355" lon="11.17413"><ele>495</ele></trkpt>
      <trkpt lat="46.08354" lon="11.17374"><ele>496</ele></trkpt>
      <trkpt lat="46.08351" lon="11.17345"><ele>499</ele></trkpt>
      <trkpt lat="46.08345" lon="11.17319"><ele>502</ele></trkpt>
      <trkpt lat="46.08333" lon="11.17278"><ele>500</ele></trkpt>
      <trkpt lat="46.08322" lon="11.17245"><ele>504</ele></trkpt>
      <trkpt lat="46.08299" lon="11.17198"><ele>505</ele></trkpt>
      <trkpt lat="46.08281" lon="11.17161"><ele>503</ele></trkpt>
      <trkpt lat="46.08248" lon="11.17105"><ele>499</ele></trkpt>
      <trkpt lat="46.08219" lon="11.17049"><ele>491</ele></trkpt>
      <trkpt lat="46.08207" lon="11.17019"><ele>491</ele></trkpt>
      <trkpt lat="46.08199" lon="11.16988"><ele>492</ele></trkpt>
      <trkpt lat="46.08177" lon="11.16869"><ele>481</ele></trkpt>
      <trkpt lat="46.08172" lon="11.16826"><ele>483</ele></trkpt>
      <trkpt lat="46.08170" lon="11.16783"><ele>481</ele></trkpt>
      <trkpt lat="46.08170" lon="11.16654"><ele>482</ele></trkpt>
      <trkpt lat="46.08172" lon="11.16541"><ele>482</ele></trkpt>
      <trkpt lat="46.08162" lon="11.16429"><ele>476</ele></trkpt>
      <trkpt lat="46.08161" lon="11.16396"><ele>477</ele></trkpt>
      <trkpt lat="46.08171" lon="11.16363"><ele>482</ele></trkpt>
      <trkpt lat="46.08189" lon="11.16297"><ele>484</ele></trkpt>
      <trkpt lat="46.08193" lon="11.16275"><ele>480</ele></trkpt>
      <trkpt lat="46.08193" lon="11.16245"><ele>478</ele></trkpt>
      <trkpt lat="46.08187" lon="11.16217"><ele>474</ele></trkpt>
      <trkpt lat="46.08184" lon="11.16196"><ele>472</ele></trkpt>
      <trkpt lat="46.08187" lon="11.16147"><ele>470</ele></trkpt>
      <trkpt lat="46.08185" lon="11.16128"><ele>470</ele></trkpt>
      <trkpt lat="46.08179" lon="11.16111"><ele>469</ele></trkpt>
      <trkpt lat="46.08143" lon="11.16048"><ele>464</ele></trkpt>
      <trkpt lat="46.08132" lon="11.16028"><ele>463</ele></trkpt>
      <trkpt lat="46.08117" lon="11.15995"><ele>462</ele></trkpt>
      <trkpt lat="46.08105" lon="11.15962"><ele>460</ele></trkpt>
      <trkpt lat="46.08093" lon="11.15917"><ele>457</ele></trkpt>
      <trkpt lat="46.08083" lon="11.15880"><ele>456</ele></trkpt>
      <trkpt lat="46.08075" lon="11.15875"><ele>454</ele></trkpt>
      <trkpt lat="46.08072" lon="11.15870"><ele>454</ele></trkpt>
      <trkpt lat="46.08037" lon="11.15812"><ele>451</ele></trkpt>
      <trkpt lat="46.08009" lon="11.15780"><ele>448</ele></trkpt>
      <trkpt lat="46.07993" lon="11.15758"><ele>446</ele></trkpt>
      <trkpt lat="46.07984" lon="11.15738"><ele>445</ele></trkpt>
      <trkpt lat="46.07978" lon="11.15717"><ele>444</ele></trkpt>
      <trkpt lat="46.07960" lon="11.15634"><ele>440</ele></trkpt>
      <trkpt lat="46.07951" lon="11.15606"><ele>437</ele></trkpt>
      <trkpt lat="46.07933" lon="11.15560"><ele>432</ele></trkpt>
      <trkpt lat="46.07920" lon="11.15526"><ele>430</ele></trkpt>
      <trkpt lat="46.07909" lon="11.15473"><ele>429</ele></trkpt>
      <trkpt lat="46.07893" lon="11.15386"><ele>425</ele></trkpt>
      <trkpt lat="46.07885" lon="11.15338"><ele>422</ele></trkpt>
      <trkpt lat="46.07872" lon="11.15299"><ele>420</ele></trkpt>
      <trkpt lat="46.07840" lon="11.15232"><ele>414</ele></trkpt>
      <trkpt lat="46.07809" lon="11.15172"><ele>411</ele></trkpt>
      <trkpt lat="46.07799" lon="11.15156"><ele>409</ele></trkpt>
      <trkpt lat="46.07701" lon="11.15024"><ele>402</ele></trkpt>
      <trkpt lat="46.07682" lon="11.14989"><ele>400</ele></trkpt>
      <trkpt lat="46.07660" lon="11.14934"><ele>395</ele></trkpt>
      <trkpt lat="46.07610" lon="11.14808"><ele>388</ele></trkpt>
      <trkpt lat="46.07604" lon="11.14782"><ele>388</ele></trkpt>
      <trkpt lat="46.07598" lon="11.14751"><ele>385</ele></trkpt>
      <trkpt lat="46.07595" lon="11.14688"><ele>380</ele></trkpt>
      <trkpt lat="46.07595" lon="11.14673"><ele>380</ele></trkpt>
      <trkpt lat="46.07594" lon="11.14664"><ele>380</ele></trkpt>
      <trkpt lat="46.07594" lon="11.14660"><ele>379</ele></trkpt>
      <trkpt lat="46.07595" lon="11.14598"><ele>376</ele></trkpt>
      <trkpt lat="46.07597" lon="11.14574"><ele>374</ele></trkpt>
      <trkpt lat="46.07604" lon="11.14521"><ele>370</ele></trkpt>
      <trkpt lat="46.07603" lon="11.14489"><ele>368</ele></trkpt>
      <trkpt lat="46.07602" lon="11.14476"><ele>368</ele></trkpt>
      <trkpt lat="46.07598" lon="11.14459"><ele>368</ele></trkpt>
      <trkpt lat="46.07567" lon="11.14384"><ele>364</ele></trkpt>
      <trkpt lat="46.07564" lon="11.14370"><ele>362</ele></trkpt>
      <trkpt lat="46.07562" lon="11.14363"><ele>361</ele></trkpt>
      <trkpt lat="46.07564" lon="11.14361"><ele>361</ele></trkpt>
      <trkpt lat="46.07565" lon="11.14357"><ele>361</ele></trkpt>
      <trkpt lat="46.07566" lon="11.14353"><ele>362</ele></trkpt>
      <trkpt lat="46.07565" lon="11.14350"><ele>361</ele></trkpt>
      <trkpt lat="46.07563" lon="11.14347"><ele>361</ele></trkpt>
      <trkpt lat="46.07561" lon="11.14345"><ele>361</ele></trkpt>
      <trkpt lat="46.07558" lon="11.14345"><ele>360</ele></trkpt>
      <trkpt lat="46.07555" lon="11.14347"><ele>360</ele></trkpt>
      <trkpt lat="46.07551" lon="11.14339"><ele>360</ele></trkpt>
      <trkpt lat="46.07553" lon="11.14326"><ele>360</ele></trkpt>
      <trkpt lat="46.07557" lon="11.14310"><ele>358</ele></trkpt>
      <trkpt lat="46.07559" lon="11.14299"><ele>358</ele></trkpt>
      <trkpt lat="46.07562" lon="11.14272"><ele>357</ele></trkpt>
      <trkpt lat="46.07565" lon="11.14227"><ele>355</ele></trkpt>
      <trkpt lat="46.07569" lon="11.14160"><ele>350</ele></trkpt>
      <trkpt lat="46.07569" lon="11.14152"><ele>349</ele></trkpt>
      <trkpt lat="46.07570" lon="11.14125"><ele>348</ele></trkpt>
      <trkpt lat="46.07568" lon="11.14098"><ele>347</ele></trkpt>
      <trkpt lat="46.07566" lon="11.14083"><ele>345</ele></trkpt>
      <trkpt lat="46.07555" lon="11.14038"><ele>344</ele></trkpt>
      <trkpt lat="46.07547" lon="11.14006"><ele>342</ele></trkpt>
      <trkpt lat="46.07544" lon="11.13992"><ele>342</ele></trkpt>
      <trkpt lat="46.07542" lon="11.13975"><ele>341</ele></trkpt>
      <trkpt lat="46.07539" lon="11.13923"><ele>338</ele></trkpt>
      <trkpt lat="46.07539" lon="11.13918"><ele>337</ele></trkpt>
      <trkpt lat="46.07538" lon="11.13907"><ele>336</ele></trkpt>
      <trkpt lat="46.07536" lon="11.13874"><ele>334</ele></trkpt>
      <trkpt lat="46.07532" lon="11.13845"><ele>332</ele></trkpt>
      <trkpt lat="46.07529" lon="11.13833"><ele>331</ele></trkpt>
      <trkpt lat="46.07526" lon="11.13824"><ele>330</ele></trkpt>
      <trkpt lat="46.07522" lon="11.13816"><ele>329</ele></trkpt>
      <trkpt lat="46.07516" lon="11.13809"><ele>328</ele></trkpt>
      <trkpt lat="46.07513" lon="11.13792"><ele>327</ele></trkpt>
      <trkpt lat="46.07509" lon="11.13738"><ele>325</ele></trkpt>
      <trkpt lat="46.07504" lon="11.13721"><ele>323</ele></trkpt>
      <trkpt lat="46.07499" lon="11.13714"><ele>324</ele></trkpt>
      <trkpt lat="46.07494" lon="11.13707"><ele>324</ele></trkpt>
      <trkpt lat="46.07478" lon="11.13701"><ele>322</ele></trkpt>
      <trkpt lat="46.07462" lon="11.13695"><ele>321</ele></trkpt>
      <trkpt lat="46.07436" lon="11.13684"><ele>320</ele></trkpt>
      <trkpt lat="46.07429" lon="11.13682"><ele>319</ele></trkpt>
      <trkpt lat="46.07420" lon="11.13680"><ele>318</ele></trkpt>
      <trkpt lat="46.07409" lon="11.13673"><ele>318</ele></trkpt>
      <trkpt lat="46.07404" lon="11.13668"><ele>319</ele></trkpt>
      <trkpt lat="46.07400" lon="11.13664"><ele>318</ele></trkpt>
      <trkpt lat="46.07398" lon="11.13658"><ele>318</ele></trkpt>
      <trkpt lat="46.07395" lon="11.13650"><ele>318</ele></trkpt>
      <trkpt lat="46.07395" lon="11.13642"><ele>319</ele></trkpt>
      <trkpt lat="46.07395" lon="11.13633"><ele>318</ele></trkpt>
      <trkpt lat="46.07397" lon="11.13625"><ele>317</ele></trkpt>
      <trkpt lat="46.07401" lon="11.13615"><ele>316</ele></trkpt>
      <trkpt lat="46.07405" lon="11.13609"><ele>316</ele></trkpt>
      <trkpt lat="46.07409" lon="11.13606"><ele>316</ele></trkpt>
      <trkpt lat="46.07410" lon="11.13604"><ele>316</ele></trkpt>
      <trkpt lat="46.07412" lon="11.13602"><ele>316</ele></trkpt>
      <trkpt lat="46.07413" lon="11.13598"><ele>316</ele></trkpt>
      <trkpt lat="46.07413" lon="11.13593"><ele>316</ele></trkpt>
      <trkpt lat="46.07407" lon="11.13575"><ele>314</ele></trkpt>
      <trkpt lat="46.07407" lon="11.13570"><ele>313</ele></trkpt>
      <trkpt lat="46.07408" lon="11.13553"><ele>312</ele></trkpt>
      <trkpt lat="46.07406" lon="11.13546"><ele>312</ele></trkpt>
      <trkpt lat="46.07425" lon="11.13522"><ele>312</ele></trkpt>
      <trkpt lat="46.07455" lon="11.13496"><ele>313</ele></trkpt>
      <trkpt lat="46.07485" lon="11.13470"><ele>313</ele></trkpt>
      <trkpt lat="46.07507" lon="11.13446"><ele>314</ele></trkpt>
      <trkpt lat="46.07515" lon="11.13441"><ele>314</ele></trkpt>
      <trkpt lat="46.07529" lon="11.13427"><ele>314</ele></trkpt>
      <trkpt lat="46.07567" lon="11.13401"><ele>312</ele></trkpt>
      <trkpt lat="46.07575" lon="11.13397"><ele>312</ele></trkpt>
      <trkpt lat="46.07586" lon="11.13404"><ele>312</ele></trkpt>
      <trkpt lat="46.07590" lon="11.13408"><ele>312</ele></trkpt>
      <trkpt lat="46.07601" lon="11.13410"><ele>311</ele></trkpt>
      <trkpt lat="46.07610" lon="11.13407"><ele>311</ele></trkpt>
      <trkpt lat="46.07615" lon="11.13402"><ele>312</ele></trkpt>
      <trkpt lat="46.07620" lon="11.13395"><ele>313</ele></trkpt>
      <trkpt lat="46.07679" lon="11.13276"><ele>309</ele></trkpt>
      <trkpt lat="46.07691" lon="11.13248"><ele>305</ele></trkpt>
      <trkpt lat="46.07701" lon="11.13219"><ele>303</ele></trkpt>
      <trkpt lat="46.07704" lon="11.13207"><ele>304</ele></trkpt>
      <trkpt lat="46.07704" lon="11.13203"><ele>303</ele></trkpt>
      <trkpt lat="46.07704" lon="11.13200"><ele>303</ele></trkpt>
      <trkpt lat="46.07702" lon="11.13199"><ele>303</ele></trkpt>
      <trkpt lat="46.07704" lon="11.13187"><ele>303</ele></trkpt>
      <trkpt lat="46.07706" lon="11.13182"><ele>303</ele></trkpt>
      <trkpt lat="46.07709" lon="11.13178"><ele>303</ele></trkpt>
      <trkpt lat="46.07710" lon="11.13175"><ele>303</ele></trkpt>
      <trkpt lat="46.07713" lon="11.13161"><ele>302</ele></trkpt>
      <trkpt lat="46.07725" lon="11.13071"><ele>298</ele></trkpt>
      <trkpt lat="46.07725" lon="11.13059"><ele>298</ele></trkpt>
      <trkpt lat="46.07727" lon="11.13052"><ele>298</ele></trkpt>
      <trkpt lat="46.07728" lon="11.13044"><ele>298</ele></trkpt>
      <trkpt lat="46.07727" lon="11.13030"><ele>298</ele></trkpt>
      <trkpt lat="46.07722" lon="11.12987"><ele>296</ele></trkpt>
      <trkpt lat="46.07716" lon="11.12965"><ele>295</ele></trkpt>
      <trkpt lat="46.07706" lon="11.12955"><ele>292</ele></trkpt>
      <trkpt lat="46.07683" lon="11.12943"><ele>289</ele></trkpt>
      <trkpt lat="46.07640" lon="11.12903"><ele>281</ele></trkpt>
      <trkpt lat="46.07618" lon="11.12887"><ele>276</ele></trkpt>
      <trkpt lat="46.07589" lon="11.12866"><ele>271</ele></trkpt>
      <trkpt lat="46.07591" lon="11.12855"><ele>270</ele></trkpt>
      <trkpt lat="46.07591" lon="11.12843"><ele>269</ele></trkpt>
      <trkpt lat="46.07593" lon="11.12823"><ele>268</ele></trkpt>
      <trkpt lat="46.07585" lon="11.12822"><ele>266</ele></trkpt>
      <trkpt lat="46.07577" lon="11.12820"><ele>266</ele></trkpt>
      <trkpt lat="46.07574" lon="11.12819"><ele>265</ele></trkpt>
      <trkpt lat="46.07562" lon="11.12815"><ele>264</ele></trkpt>
      <trkpt lat="46.07519" lon="11.12803"><ele>260</ele></trkpt>
      <trkpt lat="46.07484" lon="11.12793"><ele>256</ele></trkpt>
      <trkpt lat="46.07467" lon="11.12787"><ele>254</ele></trkpt>
      <trkpt lat="46.07455" lon="11.12788"><ele>253</ele></trkpt>
      <trkpt lat="46.07442" lon="11.12794"><ele>251</ele></trkpt>
      <trkpt lat="46.07432" lon="11.12807"><ele>249</ele></trkpt>
      <trkpt lat="46.07425" lon="11.12823"><ele>249</ele></trkpt>
      <trkpt lat="46.07419" lon="11.12838"><ele>249</ele></trkpt>
      <trkpt lat="46.07413" lon="11.12853"><ele>248</ele></trkpt>
      <trkpt lat="46.07411" lon="11.12858"><ele>248</ele></trkpt>
      <trkpt lat="46.07402" lon="11.12868"><ele>248</ele></trkpt>
      <trkpt lat="46.07395" lon="11.12870"><ele>248</ele></trkpt>
      <trkpt lat="46.07376" lon="11.12871"><ele>246</ele></trkpt>
      <trkpt lat="46.07364" lon="11.12871"><ele>246</ele></trkpt>
      <trkpt lat="46.07355" lon="11.12864"><ele>244</ele></trkpt>
      <trkpt lat="46.07348" lon="11.12852"><ele>243</ele></trkpt>
      <trkpt lat="46.07343" lon="11.12840"><ele>241</ele></trkpt>
      <trkpt lat="46.07337" lon="11.12826"><ele>240</ele></trkpt>
      <trkpt lat="46.07329" lon="11.12814"><ele>238</ele></trkpt>
      <trkpt lat="46.07326" lon="11.12810"><ele>238</ele></trkpt>
      <trkpt lat="46.07320" lon="11.12804"><ele>237</ele></trkpt>
      <trkpt lat="46.07315" lon="11.12802"><ele>236</ele></trkpt>
      <trkpt lat="46.07276" lon="11.12804"><ele>231</ele></trkpt>
      <trkpt lat="46.07258" lon="11.12806"><ele>230</ele></trkpt>
      <trkpt lat="46.07256" lon="11.12806"><ele>230</ele></trkpt>
      <trkpt lat="46.07247" lon="11.12810"><ele>229</ele></trkpt>
      <trkpt lat="46.07228" lon="11.12820"><ele>226</ele></trkpt>
      <trkpt lat="46.07226" lon="11.12821"><ele>226</ele></trkpt>
      <trkpt lat="46.07224" lon="11.12823"><ele>226</ele></trkpt>
      <trkpt lat="46.07185" lon="11.12847"><ele>222</ele></trkpt>
      <trkpt lat="46.07181" lon="11.12850"><ele>222</ele></trkpt>
      <trkpt lat="46.07173" lon="11.12855"><ele>221</ele></trkpt>
      <trkpt lat="46.07169" lon="11.12856"><ele>221</ele></trkpt>
      <trkpt lat="46.07166" lon="11.12856"><ele>220</ele></trkpt>
      <trkpt lat="46.07163" lon="11.12855"><ele>220</ele></trkpt>
      <trkpt lat="46.07159" lon="11.12853"><ele>219</ele></trkpt>
      <trkpt lat="46.07156" lon="11.12849"><ele>218</ele></trkpt>
      <trkpt lat="46.07154" lon="11.12843"><ele>217</ele></trkpt>
      <trkpt lat="46.07153" lon="11.12836"><ele>216</ele></trkpt>
      <trkpt lat="46.07153" lon="11.12830"><ele>215</ele></trkpt>
      <trkpt lat="46.07154" lon="11.12825"><ele>215</ele></trkpt>
      <trkpt lat="46.07156" lon="11.12819"><ele>215</ele></trkpt>
      <trkpt lat="46.07162" lon="11.12809"><ele>215</ele></trkpt>
      <trkpt lat="46.07164" lon="11.12805"><ele>215</ele></trkpt>
      <trkpt lat="46.07164" lon="11.12800"><ele>215</ele></trkpt>
      <trkpt lat="46.07164" lon="11.12794"><ele>215</ele></trkpt>
      <trkpt lat="46.07161" lon="11.12783"><ele>214</ele></trkpt>
      <trkpt lat="46.07159" lon="11.12779"><ele>214</ele></trkpt>
      <trkpt lat="46.07152" lon="11.12774"><ele>212</ele></trkpt>
      <trkpt lat="46.07136" lon="11.12778"><ele>210</ele></trkpt>
      <trkpt lat="46.07104" lon="11.12786"><ele>208</ele></trkpt>
      <trkpt lat="46.07049" lon="11.12801"><ele>206</ele></trkpt>
      <trkpt lat="46.07032" lon="11.12802"><ele>204</ele></trkpt>
      <trkpt lat="46.07025" lon="11.12802"><ele>204</ele></trkpt>
      <trkpt lat="46.07005" lon="11.12799"><ele>202</ele></trkpt>
      <trkpt lat="46.06994" lon="11.12796"><ele>202</ele></trkpt>
      <trkpt lat="46.06996" lon="11.12784"><ele>201</ele></trkpt>
      <trkpt lat="46.06994" lon="11.12781"><ele>201</ele></trkpt>
      <trkpt lat="46.06993" lon="11.12769"><ele>201</ele></trkpt>
      <trkpt lat="46.06992" lon="11.12763"><ele>201</ele></trkpt>
      <trkpt lat="46.06992" lon="11.12760"><ele>201</ele></trkpt>
      <trkpt lat="46.06992" lon="11.12752"><ele>200</ele></trkpt>
      <trkpt lat="46.06992" lon="11.12745"><ele>200</ele></trkpt>
      <trkpt lat="46.06992" lon="11.12745"><ele>200</ele></trkpt>
      <trkpt lat="46.06992" lon="11.12743"><ele>200</ele></trkpt>
      <trkpt lat="46.06992" lon="11.12733"><ele>199</ele></trkpt>
      <trkpt lat="46.06998" lon="11.12731"><ele>200</ele></trkpt>
      <trkpt lat="46.07053" lon="11.12680"><ele>198</ele></trkpt>
      <trkpt lat="46.07051" lon="11.12664"><ele>196</ele></trkpt>
      <trkpt lat="46.07047" lon="11.12636"><ele>196</ele></trkpt>
      <trkpt lat="46.07040" lon="11.12608"><ele>195</ele></trkpt>
      <trkpt lat="46.07020" lon="11.12543"><ele>194</ele></trkpt>
      <trkpt lat="46.07016" lon="11.12521"><ele>194</ele></trkpt>
      <trkpt lat="46.07012" lon="11.12493"><ele>194</ele></trkpt>
      <trkpt lat="46.07011" lon="11.12454"><ele>194</ele></trkpt>
      <trkpt lat="46.07007" lon="11.12442"><ele>194</ele></trkpt>
      <trkpt lat="46.07004" lon="11.12438"><ele>195</ele></trkpt>
      <trkpt lat="46.06999" lon="11.12426"><ele>195</ele></trkpt>
      <trkpt lat="46.06996" lon="11.12416"><ele>195</ele></trkpt>
      <trkpt lat="46.06989" lon="11.12382"><ele>195</ele></trkpt>
      <trkpt lat="46.06989" lon="11.12360"><ele>195</ele></trkpt>
      <trkpt lat="46.06988" lon="11.12338"><ele>195</ele></trkpt>
      <trkpt lat="46.06988" lon="11.12318"><ele>194</ele></trkpt>
      <trkpt lat="46.06983" lon="11.12261"><ele>194</ele></trkpt>
      <trkpt lat="46.06983" lon="11.12253"><ele>194</ele></trkpt>
      <trkpt lat="46.06975" lon="11.12178"><ele>193</ele></trkpt>
      <trkpt lat="46.06974" lon="11.12170"><ele>193</ele></trkpt>
      <trkpt lat="46.06973" lon="11.12163"><ele>193</ele></trkpt>
      <trkpt lat="46.06972" lon="11.12151"><ele>193</ele></trkpt>
      <trkpt lat="46.06968" lon="11.12117"><ele>192</ele></trkpt>
      <trkpt lat="46.06952" lon="11.12118"><ele>192</ele></trkpt>
      <trkpt lat="46.06904" lon="11.12121"><ele>193</ele></trkpt>
      <trkpt lat="46.06894" lon="11.12122"><ele>193</ele></trkpt>
      <trkpt lat="46.06884" lon="11.12123"><ele>193</ele></trkpt>
      <trkpt lat="46.06864" lon="11.12127"><ele>193</ele></trkpt>
      <trkpt lat="46.06844" lon="11.12131"><ele>194</ele></trkpt>
      <trkpt lat="46.06826" lon="11.12135"><ele>194</ele></trkpt>
      <trkpt lat="46.06815" lon="11.12138"><ele>194</ele></trkpt>
      <trkpt lat="46.06814" lon="11.12132"><ele>194</ele></trkpt>
      <trkpt lat="46.06775" lon="11.12137"><ele>194</ele></trkpt>
      <trkpt lat="46.06775" lon="11.12136"><ele>194</ele></trkpt>
      <trkpt lat="46.06773" lon="11.12113"><ele>194</ele></trkpt>
    </trkseg>
  </trk>
</gpx>
