<?xml version="1.0" encoding="UTF-8"?>
<gpx version="1.1" creator="dolomites-trip" xmlns="http://www.topografix.com/GPX/1/1">
  <metadata><name>День 8: Riva → седло San Giovanni → Adige → Mezzocorona</name></metadata>
  <trk>
    <name>День 8: Riva → седло San Giovanni → Adige → Mezzocorona</name>
    <trkseg>
      <trkpt lat="45.88500" lon="10.84100"><ele>68</ele></trkpt>
      <trkpt lat="45.88511" lon="10.84100"><ele>69</ele></trkpt>
      <trkpt lat="45.88510" lon="10.84146"><ele>69</ele></trkpt>
      <trkpt lat="45.88513" lon="10.84145"><ele>69</ele></trkpt>
      <trkpt lat="45.88513" lon="10.84147"><ele>69</ele></trkpt>
      <trkpt lat="45.88513" lon="10.84181"><ele>69</ele></trkpt>
      <trkpt lat="45.88509" lon="10.84179"><ele>69</ele></trkpt>
      <trkpt lat="45.88507" lon="10.84179"><ele>69</ele></trkpt>
      <trkpt lat="45.88505" lon="10.84181"><ele>68</ele></trkpt>
      <trkpt lat="45.88503" lon="10.84184"><ele>68</ele></trkpt>
      <trkpt lat="45.88505" lon="10.84198"><ele>68</ele></trkpt>
      <trkpt lat="45.88506" lon="10.84210"><ele>68</ele></trkpt>
      <trkpt lat="45.88503" lon="10.84225"><ele>68</ele></trkpt>
      <trkpt lat="45.88500" lon="10.84234"><ele>68</ele></trkpt>
      <trkpt lat="45.88494" lon="10.84241"><ele>67</ele></trkpt>
      <trkpt lat="45.88493" lon="10.84300"><ele>68</ele></trkpt>
      <trkpt lat="45.88489" lon="10.84370"><ele>68</ele></trkpt>
      <trkpt lat="45.88483" lon="10.84455"><ele>67</ele></trkpt>
      <trkpt lat="45.88476" lon="10.84454"><ele>68</ele></trkpt>
      <trkpt lat="45.88464" lon="10.84450"><ele>68</ele></trkpt>
      <trkpt lat="45.88440" lon="10.84447"><ele>68</ele></trkpt>
      <trkpt lat="45.88427" lon="10.84445"><ele>67</ele></trkpt>
      <trkpt lat="45.88419" lon="10.84443"><ele>67</ele></trkpt>
      <trkpt lat="45.88412" lon="10.84442"><ele>67</ele></trkpt>
      <trkpt lat="45.88414" lon="10.84447"><ele>67</ele></trkpt>
      <trkpt lat="45.88417" lon="10.84453"><ele>67</ele></trkpt>
      <trkpt lat="45.88401" lon="10.84447"><ele>67</ele></trkpt>
      <trkpt lat="45.88385" lon="10.84442"><ele>67</ele></trkpt>
      <trkpt lat="45.88381" lon="10.84441"><ele>67</ele></trkpt>
      <trkpt lat="45.88366" lon="10.84436"><ele>67</ele></trkpt>
      <trkpt lat="45.88353" lon="10.84434"><ele>67</ele></trkpt>
      <trkpt lat="45.88344" lon="10.84436"><ele>67</ele></trkpt>
      <trkpt lat="45.88336" lon="10.84443"><ele>67</ele></trkpt>
      <trkpt lat="45.88330" lon="10.84453"><ele>67</ele></trkpt>
      <trkpt lat="45.88323" lon="10.84479"><ele>66</ele></trkpt>
      <trkpt lat="45.88320" lon="10.84499"><ele>66</ele></trkpt>
      <trkpt lat="45.88314" lon="10.84517"><ele>66</ele></trkpt>
      <trkpt lat="45.88308" lon="10.84532"><ele>66</ele></trkpt>
      <trkpt lat="45.88300" lon="10.84548"><ele>66</ele></trkpt>
      <trkpt lat="45.88291" lon="10.84566"><ele>66</ele></trkpt>
      <trkpt lat="45.88277" lon="10.84594"><ele>66</ele></trkpt>
      <trkpt lat="45.88209" lon="10.84571"><ele>66</ele></trkpt>
      <trkpt lat="45.88189" lon="10.84564"><ele>67</ele></trkpt>
      <trkpt lat="45.88169" lon="10.84555"><ele>67</ele></trkpt>
      <trkpt lat="45.88166" lon="10.84571"><ele>67</ele></trkpt>
      <trkpt lat="45.88166" lon="10.84574"><ele>67</ele></trkpt>
      <trkpt lat="45.88164" lon="10.84595"><ele>67</ele></trkpt>
      <trkpt lat="45.88162" lon="10.84616"><ele>67</ele></trkpt>
      <trkpt lat="45.88163" lon="10.84627"><ele>67</ele></trkpt>
      <trkpt lat="45.88186" lon="10.84628"><ele>67</ele></trkpt>
      <trkpt lat="45.88191" lon="10.84628"><ele>67</ele></trkpt>
      <trkpt lat="45.88202" lon="10.84645"><ele>68</ele></trkpt>
      <trkpt lat="45.88200" lon="10.84646"><ele>68</ele></trkpt>
      <trkpt lat="45.88192" lon="10.84648"><ele>68</ele></trkpt>
      <trkpt lat="45.88186" lon="10.84652"><ele>67</ele></trkpt>
      <trkpt lat="45.88184" lon="10.84655"><ele>67</ele></trkpt>
      <trkpt lat="45.88182" lon="10.84660"><ele>67</ele></trkpt>
      <trkpt lat="45.88180" lon="10.84667"><ele>66</ele></trkpt>
      <trkpt lat="45.88179" lon="10.84677"><ele>66</ele></trkpt>
      <trkpt lat="45.88178" lon="10.84699"><ele>66</ele></trkpt>
      <trkpt lat="45.88178" lon="10.84705"><ele>66</ele></trkpt>
      <trkpt lat="45.88182" lon="10.84731"><ele>66</ele></trkpt>
      <trkpt lat="45.88182" lon="10.84736"><ele>66</ele></trkpt>
      <trkpt lat="45.88182" lon="10.84742"><ele>66</ele></trkpt>
      <trkpt lat="45.88180" lon="10.84748"><ele>66</ele></trkpt>
      <trkpt lat="45.88174" lon="10.84769"><ele>66</ele></trkpt>
      <trkpt lat="45.88173" lon="10.84774"><ele>66</ele></trkpt>
      <trkpt lat="45.88173" lon="10.84779"><ele>66</ele></trkpt>
      <trkpt lat="45.88178" lon="10.84801"><ele>66</ele></trkpt>
      <trkpt lat="45.88178" lon="10.84806"><ele>66</ele></trkpt>
      <trkpt lat="45.88177" lon="10.84809"><ele>66</ele></trkpt>
      <trkpt lat="45.88172" lon="10.84821"><ele>66</ele></trkpt>
      <trkpt lat="45.88171" lon="10.84826"><ele>66</ele></trkpt>
      <trkpt lat="45.88172" lon="10.84845"><ele>66</ele></trkpt>
      <trkpt lat="45.88173" lon="10.84862"><ele>66</ele></trkpt>
      <trkpt lat="45.88173" lon="10.84871"><ele>66</ele></trkpt>
      <trkpt lat="45.88173" lon="10.84877"><ele>66</ele></trkpt>
      <trkpt lat="45.88170" lon="10.84894"><ele>66</ele></trkpt>
      <trkpt lat="45.88171" lon="10.84926"><ele>66</ele></trkpt>
      <trkpt lat="45.88171" lon="10.84932"><ele>66</ele></trkpt>
      <trkpt lat="45.88169" lon="10.84939"><ele>67</ele></trkpt>
      <trkpt lat="45.88162" lon="10.84957"><ele>67</ele></trkpt>
      <trkpt lat="45.88162" lon="10.84963"><ele>67</ele></trkpt>
      <trkpt lat="45.88163" lon="10.84969"><ele>67</ele></trkpt>
      <trkpt lat="45.88162" lon="10.84975"><ele>67</ele></trkpt>
      <trkpt lat="45.88156" lon="10.84983"><ele>67</ele></trkpt>
      <trkpt lat="45.88145" lon="10.84999"><ele>67</ele></trkpt>
      <trkpt lat="45.88139" lon="10.85006"><ele>67</ele></trkpt>
      <trkpt lat="45.88136" lon="10.85016"><ele>66</ele></trkpt>
      <trkpt lat="45.88131" lon="10.85024"><ele>66</ele></trkpt>
      <trkpt lat="45.88127" lon="10.85027"><ele>66</ele></trkpt>
      <trkpt lat="45.88123" lon="10.85030"><ele>66</ele></trkpt>
      <trkpt lat="45.88121" lon="10.85031"><ele>66</ele></trkpt>
      <trkpt lat="45.88119" lon="10.85031"><ele>66</ele></trkpt>
      <trkpt lat="45.88115" lon="10.85028"><ele>67</ele></trkpt>
      <trkpt lat="45.88081" lon="10.84982"><ele>66</ele></trkpt>
      <trkpt lat="45.88079" lon="10.84979"><ele>66</ele></trkpt>
      <trkpt lat="45.88074" lon="10.84977"><ele>66</ele></trkpt>
      <trkpt lat="45.88069" lon="10.84979"><ele>66</ele></trkpt>
      <trkpt lat="45.88066" lon="10.84980"><ele>66</ele></trkpt>
      <trkpt lat="45.88063" lon="10.84984"><ele>66</ele></trkpt>
      <trkpt lat="45.88055" lon="10.84994"><ele>65</ele></trkpt>
      <trkpt lat="45.88051" lon="10.84999"><ele>65</ele></trkpt>
      <trkpt lat="45.88026" lon="10.85041"><ele>66</ele></trkpt>
      <trkpt lat="45.88022" lon="10.85050"><ele>66</ele></trkpt>
      <trkpt lat="45.88017" lon="10.85065"><ele>66</ele></trkpt>
      <trkpt lat="45.88008" lon="10.85114"><ele>66</ele></trkpt>
      <trkpt lat="45.88006" lon="10.85126"><ele>66</ele></trkpt>
      <trkpt lat="45.88007" lon="10.85143"><ele>66</ele></trkpt>
      <trkpt lat="45.88004" lon="10.85154"><ele>66</ele></trkpt>
      <trkpt lat="45.87992" lon="10.85182"><ele>65</ele></trkpt>
      <trkpt lat="45.87989" lon="10.85190"><ele>65</ele></trkpt>
      <trkpt lat="45.87972" lon="10.85229"><ele>66</ele></trkpt>
      <trkpt lat="45.87964" lon="10.85248"><ele>66</ele></trkpt>
      <trkpt lat="45.87959" lon="10.85257"><ele>66</ele></trkpt>
      <trkpt lat="45.87950" lon="10.85274"><ele>66</ele></trkpt>
      <trkpt lat="45.87943" lon="10.85287"><ele>66</ele></trkpt>
      <trkpt lat="45.87942" lon="10.85290"><ele>66</ele></trkpt>
      <trkpt lat="45.87943" lon="10.85292"><ele>66</ele></trkpt>
      <trkpt lat="45.87968" lon="10.85325"><ele>66</ele></trkpt>
      <trkpt lat="45.87972" lon="10.85336"><ele>66</ele></trkpt>
      <trkpt lat="45.87977" lon="10.85342"><ele>66</ele></trkpt>
      <trkpt lat="45.87982" lon="10.85349"><ele>66</ele></trkpt>
      <trkpt lat="45.87983" lon="10.85351"><ele>66</ele></trkpt>
      <trkpt lat="45.87983" lon="10.85355"><ele>66</ele></trkpt>
      <trkpt lat="45.87955" lon="10.85418"><ele>67</ele></trkpt>
      <trkpt lat="45.87941" lon="10.85449"><ele>67</ele></trkpt>
      <trkpt lat="45.87936" lon="10.85458"><ele>67</ele></trkpt>
      <trkpt lat="45.87921" lon="10.85475"><ele>66</ele></trkpt>
      <trkpt lat="45.87912" lon="10.85494"><ele>66</ele></trkpt>
      <trkpt lat="45.87909" lon="10.85497"><ele>66</ele></trkpt>
      <trkpt lat="45.87908" lon="10.85497"><ele>66</ele></trkpt>
      <trkpt lat="45.87897" lon="10.85495"><ele>66</ele></trkpt>
      <trkpt lat="45.87895" lon="10.85495"><ele>66</ele></trkpt>
      <trkpt lat="45.87893" lon="10.85497"><ele>66</ele></trkpt>
      <trkpt lat="45.87891" lon="10.85501"><ele>66</ele></trkpt>
      <trkpt lat="45.87880" lon="10.85529"><ele>66</ele></trkpt>
      <trkpt lat="45.87867" lon="10.85562"><ele>66</ele></trkpt>
      <trkpt lat="45.87867" lon="10.85565"><ele>66</ele></trkpt>
      <trkpt lat="45.87871" lon="10.85573"><ele>66</ele></trkpt>
      <trkpt lat="45.87877" lon="10.85595"><ele>66</ele></trkpt>
      <trkpt lat="45.87880" lon="10.85607"><ele>67</ele></trkpt>
      <trkpt lat="45.87882" lon="10.85629"><ele>67</ele></trkpt>
      <trkpt lat="45.87883" lon="10.85632"><ele>67</ele></trkpt>
      <trkpt lat="45.87880" lon="10.85634"><ele>66</ele></trkpt>
      <trkpt lat="45.87880" lon="10.85638"><ele>66</ele></trkpt>
      <trkpt lat="45.87881" lon="10.85646"><ele>67</ele></trkpt>
      <trkpt lat="45.87870" lon="10.85652"><ele>66</ele></trkpt>
      <trkpt lat="45.87863" lon="10.85657"><ele>66</ele></trkpt>
      <trkpt lat="45.87866" lon="10.85671"><ele>67</ele></trkpt>
      <trkpt lat="45.87873" lon="10.85703"><ele>67</ele></trkpt>
      <trkpt lat="45.87870" lon="10.85704"><ele>67</ele></trkpt>
      <trkpt lat="45.87872" lon="10.85715"><ele>67</ele></trkpt>
      <trkpt lat="45.87870" lon="10.85716"><ele>67</ele></trkpt>
      <trkpt lat="45.87855" lon="10.85722"><ele>67</ele></trkpt>
      <trkpt lat="45.87843" lon="10.85727"><ele>67</ele></trkpt>
      <trkpt lat="45.87828" lon="10.85734"><ele>67</ele></trkpt>
      <trkpt lat="45.87815" lon="10.85739"><ele>67</ele></trkpt>
      <trkpt lat="45.87814" lon="10.85740"><ele>67</ele></trkpt>
      <trkpt lat="45.87805" lon="10.85749"><ele>67</ele></trkpt>
      <trkpt lat="45.87779" lon="10.85765"><ele>68</ele></trkpt>
      <trkpt lat="45.87773" lon="10.85768"><ele>69</ele></trkpt>
      <trkpt lat="45.87771" lon="10.85763"><ele>69</ele></trkpt>
      <trkpt lat="45.87745" lon="10.85739"><ele>70</ele></trkpt>
      <trkpt lat="45.87737" lon="10.85733"><ele>70</ele></trkpt>
      <trkpt lat="45.87721" lon="10.85722"><ele>69</ele></trkpt>
      <trkpt lat="45.87716" lon="10.85720"><ele>69</ele></trkpt>
      <trkpt lat="45.87710" lon="10.85721"><ele>69</ele></trkpt>
      <trkpt lat="45.87706" lon="10.85723"><ele>70</ele></trkpt>
      <trkpt lat="45.87701" lon="10.85727"><ele>70</ele></trkpt>
      <trkpt lat="45.87696" lon="10.85734"><ele>71</ele></trkpt>
      <trkpt lat="45.87683" lon="10.85754"><ele>70</ele></trkpt>
      <trkpt lat="45.87666" lon="10.85794"><ele>70</ele></trkpt>
      <trkpt lat="45.87659" lon="10.85822"><ele>71</ele></trkpt>
      <trkpt lat="45.87650" lon="10.85840"><ele>72</ele></trkpt>
      <trkpt lat="45.87639" lon="10.85867"><ele>68</ele></trkpt>
      <trkpt lat="45.87636" lon="10.85879"><ele>68</ele></trkpt>
      <trkpt lat="45.87633" lon="10.85896"><ele>69</ele></trkpt>
      <trkpt lat="45.87633" lon="10.85927"><ele>71</ele></trkpt>
      <trkpt lat="45.87635" lon="10.85942"><ele>72</ele></trkpt>
      <trkpt lat="45.87652" lon="10.86022"><ele>77</ele></trkpt>
      <trkpt lat="45.87656" lon="10.86048"><ele>72</ele></trkpt>
      <trkpt lat="45.87660" lon="10.86074"><ele>70</ele></trkpt>
      <trkpt lat="45.87662" lon="10.86098"><ele>70</ele></trkpt>
      <trkpt lat="45.87661" lon="10.86121"><ele>69</ele></trkpt>
      <trkpt lat="45.87664" lon="10.86156"><ele>69</ele></trkpt>
      <trkpt lat="45.87668" lon="10.86180"><ele>71</ele></trkpt>
      <trkpt lat="45.87670" lon="10.86193"><ele>72</ele></trkpt>
      <trkpt lat="45.87677" lon="10.86281"><ele>76</ele></trkpt>
      <trkpt lat="45.87679" lon="10.86294"><ele>76</ele></trkpt>
      <trkpt lat="45.87685" lon="10.86323"><ele>74</ele></trkpt>
      <trkpt lat="45.87709" lon="10.86408"><ele>76</ele></trkpt>
      <trkpt lat="45.87710" lon="10.86421"><ele>74</ele></trkpt>
      <trkpt lat="45.87717" lon="10.86461"><ele>72</ele></trkpt>
      <trkpt lat="45.87712" lon="10.86468"><ele>70</ele></trkpt>
      <trkpt lat="45.87704" lon="10.86491"><ele>68</ele></trkpt>
      <trkpt lat="45.87700" lon="10.86501"><ele>67</ele></trkpt>
      <trkpt lat="45.87675" lon="10.86554"><ele>66</ele></trkpt>
      <trkpt lat="45.87658" lon="10.86580"><ele>66</ele></trkpt>
      <trkpt lat="45.87636" lon="10.86609"><ele>66</ele></trkpt>
      <trkpt lat="45.87577" lon="10.86677"><ele>66</ele></trkpt>
      <trkpt lat="45.87564" lon="10.86688"><ele>66</ele></trkpt>
      <trkpt lat="45.87555" lon="10.86699"><ele>66</ele></trkpt>
      <trkpt lat="45.87549" lon="10.86705"><ele>66</ele></trkpt>
      <trkpt lat="45.87544" lon="10.86708"><ele>66</ele></trkpt>
      <trkpt lat="45.87539" lon="10.86710"><ele>66</ele></trkpt>
      <trkpt lat="45.87530" lon="10.86709"><ele>66</ele></trkpt>
      <trkpt lat="45.87518" lon="10.86707"><ele>66</ele></trkpt>
      <trkpt lat="45.87512" lon="10.86708"><ele>66</ele></trkpt>
      <trkpt lat="45.87508" lon="10.86708"><ele>66</ele></trkpt>
      <trkpt lat="45.87500" lon="10.86704"><ele>66</ele></trkpt>
      <trkpt lat="45.87495" lon="10.86703"><ele>66</ele></trkpt>
      <trkpt lat="45.87489" lon="10.86704"><ele>66</ele></trkpt>
      <trkpt lat="45.87482" lon="10.86706"><ele>66</ele></trkpt>
      <trkpt lat="45.87471" lon="10.86710"><ele>66</ele></trkpt>
      <trkpt lat="45.87460" lon="10.86714"><ele>66</ele></trkpt>
      <trkpt lat="45.87458" lon="10.86714"><ele>66</ele></trkpt>
      <trkpt lat="45.87455" lon="10.86714"><ele>66</ele></trkpt>
      <trkpt lat="45.87449" lon="10.86708"><ele>66</ele></trkpt>
      <trkpt lat="45.87437" lon="10.86697"><ele>66</ele></trkpt>
      <trkpt lat="45.87431" lon="10.86694"><ele>66</ele></trkpt>
      <trkpt lat="45.87428" lon="10.86694"><ele>66</ele></trkpt>
      <trkpt lat="45.87405" lon="10.86702"><ele>66</ele></trkpt>
      <trkpt lat="45.87396" lon="10.86706"><ele>66</ele></trkpt>
      <trkpt lat="45.87392" lon="10.86710"><ele>66</ele></trkpt>
      <trkpt lat="45.87377" lon="10.86732"><ele>66</ele></trkpt>
      <trkpt lat="45.87374" lon="10.86734"><ele>66</ele></trkpt>
      <trkpt lat="45.87369" lon="10.86735"><ele>66</ele></trkpt>
      <trkpt lat="45.87364" lon="10.86734"><ele>66</ele></trkpt>
      <trkpt lat="45.87363" lon="10.86734"><ele>66</ele></trkpt>
      <trkpt lat="45.87362" lon="10.86736"><ele>66</ele></trkpt>
      <trkpt lat="45.87366" lon="10.86768"><ele>66</ele></trkpt>
      <trkpt lat="45.87366" lon="10.86778"><ele>66</ele></trkpt>
      <trkpt lat="45.87373" lon="10.86813"><ele>65</ele></trkpt>
      <trkpt lat="45.87395" lon="10.86958"><ele>66</ele></trkpt>
      <trkpt lat="45.87413" lon="10.87061"><ele>68</ele></trkpt>
      <trkpt lat="45.87425" lon="10.87115"><ele>67</ele></trkpt>
      <trkpt lat="45.87430" lon="10.87135"><ele>66</ele></trkpt>
      <trkpt lat="45.87441" lon="10.87172"><ele>67</ele></trkpt>
      <trkpt lat="45.87445" lon="10.87186"><ele>68</ele></trkpt>
      <trkpt lat="45.87452" lon="10.87204"><ele>68</ele></trkpt>
      <trkpt lat="45.87460" lon="10.87226"><ele>66</ele></trkpt>
      <trkpt lat="45.87474" lon="10.87259"><ele>69</ele></trkpt>
      <trkpt lat="45.87477" lon="10.87263"><ele>69</ele></trkpt>
      <trkpt lat="45.87483" lon="10.87273"><ele>68</ele></trkpt>
      <trkpt lat="45.87484" lon="10.87275"><ele>69</ele></trkpt>
      <trkpt lat="45.87486" lon="10.87279"><ele>69</ele></trkpt>
      <trkpt lat="45.87484" lon="10.87282"><ele>68</ele></trkpt>
      <trkpt lat="45.87483" lon="10.87283"><ele>68</ele></trkpt>
      <trkpt lat="45.87446" lon="10.87324"><ele>68</ele></trkpt>
      <trkpt lat="45.87438" lon="10.87332"><ele>70</ele></trkpt>
      <trkpt lat="45.87427" lon="10.87343"><ele>69</ele></trkpt>
      <trkpt lat="45.87414" lon="10.87354"><ele>69</ele></trkpt>
      <trkpt lat="45.87378" lon="10.87378"><ele>68</ele></trkpt>
      <trkpt lat="45.87340" lon="10.87400"><ele>67</ele></trkpt>
      <trkpt lat="45.87321" lon="10.87410"><ele>67</ele></trkpt>
      <trkpt lat="45.87315" lon="10.87413"><ele>68</ele></trkpt>
      <trkpt lat="45.87298" lon="10.87424"><ele>67</ele></trkpt>
      <trkpt lat="45.87277" lon="10.87437"><ele>68</ele></trkpt>
      <trkpt lat="45.87262" lon="10.87450"><ele>68</ele></trkpt>
      <trkpt lat="45.87247" lon="10.87467"><ele>67</ele></trkpt>
      <trkpt lat="45.87227" lon="10.87490"><ele>67</ele></trkpt>
      <trkpt lat="45.87218" lon="10.87495"><ele>67</ele></trkpt>
      <trkpt lat="45.87217" lon="10.87496"><ele>67</ele></trkpt>
      <trkpt lat="45.87214" lon="10.87499"><ele>67</ele></trkpt>
      <trkpt lat="45.87214" lon="10.87501"><ele>67</ele></trkpt>
      <trkpt lat="45.87206" lon="10.87505"><ele>67</ele></trkpt>
      <trkpt lat="45.87167" lon="10.87513"><ele>68</ele></trkpt>
      <trkpt lat="45.87157" lon="10.87514"><ele>67</ele></trkpt>
      <trkpt lat="45.87140" lon="10.87522"><ele>68</ele></trkpt>
      <trkpt lat="45.87136" lon="10.87524"><ele>68</ele></trkpt>
      <trkpt lat="45.87131" lon="10.87528"><ele>68</ele></trkpt>
      <trkpt lat="45.87126" lon="10.87533"><ele>68</ele></trkpt>
      <trkpt lat="45.87120" lon="10.87542"><ele>68</ele></trkpt>
      <trkpt lat="45.87113" lon="10.87552"><ele>68</ele></trkpt>
      <trkpt lat="45.87106" lon="10.87563"><ele>68</ele></trkpt>
      <trkpt lat="45.87101" lon="10.87572"><ele>68</ele></trkpt>
      <trkpt lat="45.87092" lon="10.87581"><ele>68</ele></trkpt>
      <trkpt lat="45.87080" lon="10.87597"><ele>68</ele></trkpt>
      <trkpt lat="45.87076" lon="10.87596"><ele>68</ele></trkpt>
      <trkpt lat="45.87073" lon="10.87597"><ele>68</ele></trkpt>
      <trkpt lat="45.87070" lon="10.87599"><ele>68</ele></trkpt>
      <trkpt lat="45.87047" lon="10.87596"><ele>68</ele></trkpt>
      <trkpt lat="45.87027" lon="10.87588"><ele>68</ele></trkpt>
      <trkpt lat="45.87005" lon="10.87581"><ele>68</ele></trkpt>
      <trkpt lat="45.86997" lon="10.87579"><ele>68</ele></trkpt>
      <trkpt lat="45.86990" lon="10.87578"><ele>68</ele></trkpt>
      <trkpt lat="45.86978" lon="10.87578"><ele>68</ele></trkpt>
      <trkpt lat="45.86972" lon="10.87581"><ele>68</ele></trkpt>
      <trkpt lat="45.86968" lon="10.87583"><ele>68</ele></trkpt>
      <trkpt lat="45.86958" lon="10.87589"><ele>68</ele></trkpt>
      <trkpt lat="45.86956" lon="10.87596"><ele>68</ele></trkpt>
      <trkpt lat="45.86952" lon="10.87610"><ele>68</ele></trkpt>
      <trkpt lat="45.86944" lon="10.87628"><ele>66</ele></trkpt>
      <trkpt lat="45.86941" lon="10.87635"><ele>66</ele></trkpt>
      <trkpt lat="45.86935" lon="10.87636"><ele>66</ele></trkpt>
      <trkpt lat="45.86932" lon="10.87642"><ele>66</ele></trkpt>
      <trkpt lat="45.86928" lon="10.87650"><ele>66</ele></trkpt>
      <trkpt lat="45.86919" lon="10.87665"><ele>67</ele></trkpt>
      <trkpt lat="45.86927" lon="10.87674"><ele>68</ele></trkpt>
      <trkpt lat="45.86946" lon="10.87693"><ele>70</ele></trkpt>
      <trkpt lat="45.86948" lon="10.87695"><ele>71</ele></trkpt>
      <trkpt lat="45.86961" lon="10.87703"><ele>74</ele></trkpt>
      <trkpt lat="45.86967" lon="10.87708"><ele>74</ele></trkpt>
      <trkpt lat="45.86969" lon="10.87711"><ele>75</ele></trkpt>
      <trkpt lat="45.86971" lon="10.87714"><ele>75</ele></trkpt>
      <trkpt lat="45.86971" lon="10.87716"><ele>75</ele></trkpt>
      <trkpt lat="45.86970" lon="10.87722"><ele>76</ele></trkpt>
      <trkpt lat="45.86969" lon="10.87724"><ele>76</ele></trkpt>
      <trkpt lat="45.86968" lon="10.87729"><ele>77</ele></trkpt>
      <trkpt lat="45.86969" lon="10.87746"><ele>79</ele></trkpt>
      <trkpt lat="45.86971" lon="10.87761"><ele>81</ele></trkpt>
      <trkpt lat="45.86972" lon="10.87765"><ele>82</ele></trkpt>
      <trkpt lat="45.86978" lon="10.87785"><ele>85</ele></trkpt>
      <trkpt lat="45.86985" lon="10.87802"><ele>87</ele></trkpt>
      <trkpt lat="45.86992" lon="10.87814"><ele>87</ele></trkpt>
      <trkpt lat="45.87002" lon="10.87830"><ele>88</ele></trkpt>
      <trkpt lat="45.87011" lon="10.87838"><ele>89</ele></trkpt>
      <trkpt lat="45.87020" lon="10.87833"><ele>89</ele></trkpt>
      <trkpt lat="45.87038" lon="10.87820"><ele>94</ele></trkpt>
      <trkpt lat="45.87043" lon="10.87815"><ele>98</ele></trkpt>
      <trkpt lat="45.87045" lon="10.87807"><ele>101</ele></trkpt>
      <trkpt lat="45.87044" lon="10.87800"><ele>101</ele></trkpt>
      <trkpt lat="45.87042" lon="10.87794"><ele>100</ele></trkpt>
      <trkpt lat="45.87037" lon="10.87781"><ele>96</ele></trkpt>
      <trkpt lat="45.87026" lon="10.87763"><ele>93</ele></trkpt>
      <trkpt lat="45.87025" lon="10.87759"><ele>94</ele></trkpt>
      <trkpt lat="45.87026" lon="10.87755"><ele>95</ele></trkpt>
      <trkpt lat="45.87028" lon="10.87749"><ele>96</ele></trkpt>
      <trkpt lat="45.87029" lon="10.87748"><ele>96</ele></trkpt>
      <trkpt lat="45.87033" lon="10.87747"><ele>96</ele></trkpt>
      <trkpt lat="45.87041" lon="10.87749"><ele>98</ele></trkpt>
      <trkpt lat="45.87048" lon="10.87752"><ele>99</ele></trkpt>
      <trkpt lat="45.87102" lon="10.87791"><ele>108</ele></trkpt>
      <trkpt lat="45.87127" lon="10.87813"><ele>110</ele></trkpt>
      <trkpt lat="45.87256" lon="10.87978"><ele>125</ele></trkpt>
      <trkpt lat="45.87405" lon="10.88180"><ele>146</ele></trkpt>
      <trkpt lat="45.87493" lon="10.88292"><ele>157</ele></trkpt>
      <trkpt lat="45.87525" lon="10.88328"><ele>161</ele></trkpt>
      <trkpt lat="45.87774" lon="10.88596"><ele>199</ele></trkpt>
      <trkpt lat="45.87787" lon="10.88609"><ele>200</ele></trkpt>
      <trkpt lat="45.87806" lon="10.88631"><ele>202</ele></trkpt>
      <trkpt lat="45.87814" lon="10.88643"><ele>200</ele></trkpt>
      <trkpt lat="45.87821" lon="10.88658"><ele>202</ele></trkpt>
      <trkpt lat="45.87825" lon="10.88676"><ele>204</ele></trkpt>
      <trkpt lat="45.87826" lon="10.88684"><ele>205</ele></trkpt>
      <trkpt lat="45.87829" lon="10.88711"><ele>204</ele></trkpt>
      <trkpt lat="45.87829" lon="10.88742"><ele>205</ele></trkpt>
      <trkpt lat="45.87829" lon="10.88759"><ele>207</ele></trkpt>
      <trkpt lat="45.87828" lon="10.88774"><ele>210</ele></trkpt>
      <trkpt lat="45.87823" lon="10.88799"><ele>214</ele></trkpt>
      <trkpt lat="45.87822" lon="10.88815"><ele>215</ele></trkpt>
      <trkpt lat="45.87822" lon="10.88825"><ele>214</ele></trkpt>
      <trkpt lat="45.87826" lon="10.88847"><ele>213</ele></trkpt>
      <trkpt lat="45.87826" lon="10.88850"><ele>213</ele></trkpt>
      <trkpt lat="45.87828" lon="10.88865"><ele>212</ele></trkpt>
      <trkpt lat="45.87824" lon="10.88885"><ele>213</ele></trkpt>
      <trkpt lat="45.87819" lon="10.88918"><ele>214</ele></trkpt>
      <trkpt lat="45.87807" lon="10.88987"><ele>215</ele></trkpt>
      <trkpt lat="45.87801" lon="10.89026"><ele>214</ele></trkpt>
      <trkpt lat="45.87800" lon="10.89032"><ele>214</ele></trkpt>
      <trkpt lat="45.87799" lon="10.89037"><ele>214</ele></trkpt>
      <trkpt lat="45.87797" lon="10.89053"><ele>215</ele></trkpt>
      <trkpt lat="45.87794" lon="10.89064"><ele>216</ele></trkpt>
      <trkpt lat="45.87791" lon="10.89072"><ele>216</ele></trkpt>
      <trkpt lat="45.87788" lon="10.89076"><ele>216</ele></trkpt>
      <trkpt lat="45.87781" lon="10.89084"><ele>216</ele></trkpt>
      <trkpt lat="45.87778" lon="10.89088"><ele>216</ele></trkpt>
      <trkpt lat="45.87772" lon="10.89101"><ele>217</ele></trkpt>
      <trkpt lat="45.87763" lon="10.89120"><ele>218</ele></trkpt>
      <trkpt lat="45.87755" lon="10.89154"><ele>220</ele></trkpt>
      <trkpt lat="45.87754" lon="10.89158"><ele>220</ele></trkpt>
      <trkpt lat="45.87748" lon="10.89171"><ele>220</ele></trkpt>
      <trkpt lat="45.87745" lon="10.89198"><ele>221</ele></trkpt>
      <trkpt lat="45.87742" lon="10.89222"><ele>221</ele></trkpt>
      <trkpt lat="45.87742" lon="10.89237"><ele>222</ele></trkpt>
      <trkpt lat="45.87740" lon="10.89251"><ele>223</ele></trkpt>
      <trkpt lat="45.87738" lon="10.89260"><ele>222</ele></trkpt>
      <trkpt lat="45.87735" lon="10.89270"><ele>222</ele></trkpt>
      <trkpt lat="45.87733" lon="10.89272"><ele>222</ele></trkpt>
      <trkpt lat="45.87731" lon="10.89294"><ele>222</ele></trkpt>
      <trkpt lat="45.87709" lon="10.89343"><ele>222</ele></trkpt>
      <trkpt lat="45.87697" lon="10.89368"><ele>223</ele></trkpt>
      <trkpt lat="45.87680" lon="10.89409"><ele>222</ele></trkpt>
      <trkpt lat="45.87679" lon="10.89412"><ele>222</ele></trkpt>
      <trkpt lat="45.87664" lon="10.89443"><ele>223</ele></trkpt>
      <trkpt lat="45.87663" lon="10.89452"><ele>223</ele></trkpt>
      <trkpt lat="45.87664" lon="10.89461"><ele>223</ele></trkpt>
      <trkpt lat="45.87665" lon="10.89469"><ele>223</ele></trkpt>
      <trkpt lat="45.87673" lon="10.89489"><ele>224</ele></trkpt>
      <trkpt lat="45.87680" lon="10.89508"><ele>224</ele></trkpt>
      <trkpt lat="45.87685" lon="10.89527"><ele>224</ele></trkpt>
      <trkpt lat="45.87686" lon="10.89539"><ele>224</ele></trkpt>
      <trkpt lat="45.87684" lon="10.89556"><ele>225</ele></trkpt>
      <trkpt lat="45.87683" lon="10.89565"><ele>225</ele></trkpt>
      <trkpt lat="45.87679" lon="10.89569"><ele>225</ele></trkpt>
      <trkpt lat="45.87667" lon="10.89593"><ele>226</ele></trkpt>
      <trkpt lat="45.87653" lon="10.89628"><ele>225</ele></trkpt>
      <trkpt lat="45.87645" lon="10.89659"><ele>226</ele></trkpt>
      <trkpt lat="45.87641" lon="10.89684"><ele>226</ele></trkpt>
      <trkpt lat="45.87640" lon="10.89697"><ele>227</ele></trkpt>
      <trkpt lat="45.87640" lon="10.89707"><ele>227</ele></trkpt>
      <trkpt lat="45.87643" lon="10.89723"><ele>228</ele></trkpt>
      <trkpt lat="45.87644" lon="10.89761"><ele>229</ele></trkpt>
      <trkpt lat="45.87642" lon="10.89774"><ele>230</ele></trkpt>
      <trkpt lat="45.87641" lon="10.89781"><ele>230</ele></trkpt>
      <trkpt lat="45.87637" lon="10.89795"><ele>229</ele></trkpt>
      <trkpt lat="45.87630" lon="10.89813"><ele>230</ele></trkpt>
      <trkpt lat="45.87620" lon="10.89837"><ele>231</ele></trkpt>
      <trkpt lat="45.87612" lon="10.89849"><ele>232</ele></trkpt>
      <trkpt lat="45.87605" lon="10.89863"><ele>232</ele></trkpt>
      <trkpt lat="45.87598" lon="10.89882"><ele>231</ele></trkpt>
      <trkpt lat="45.87590" lon="10.89911"><ele>231</ele></trkpt>
      <trkpt lat="45.87586" lon="10.89932"><ele>232</ele></trkpt>
      <trkpt lat="45.87582" lon="10.89945"><ele>233</ele></trkpt>
      <trkpt lat="45.87576" lon="10.89964"><ele>237</ele></trkpt>
      <trkpt lat="45.87572" lon="10.89979"><ele>239</ele></trkpt>
      <trkpt lat="45.87571" lon="10.89988"><ele>240</ele></trkpt>
      <trkpt lat="45.87571" lon="10.90001"><ele>240</ele></trkpt>
      <trkpt lat="45.87575" lon="10.90014"><ele>236</ele></trkpt>
      <trkpt lat="45.87586" lon="10.90042"><ele>235</ele></trkpt>
      <trkpt lat="45.87593" lon="10.90058"><ele>235</ele></trkpt>
      <trkpt lat="45.87609" lon="10.90086"><ele>238</ele></trkpt>
      <trkpt lat="45.87629" lon="10.90118"><ele>242</ele></trkpt>
      <trkpt lat="45.87637" lon="10.90133"><ele>242</ele></trkpt>
      <trkpt lat="45.87639" lon="10.90142"><ele>242</ele></trkpt>
      <trkpt lat="45.87639" lon="10.90149"><ele>242</ele></trkpt>
      <trkpt lat="45.87637" lon="10.90159"><ele>244</ele></trkpt>
      <trkpt lat="45.87627" lon="10.90180"><ele>246</ele></trkpt>
      <trkpt lat="45.87626" lon="10.90183"><ele>246</ele></trkpt>
      <trkpt lat="45.87625" lon="10.90187"><ele>246</ele></trkpt>
      <trkpt lat="45.87624" lon="10.90197"><ele>246</ele></trkpt>
      <trkpt lat="45.87625" lon="10.90209"><ele>247</ele></trkpt>
      <trkpt lat="45.87627" lon="10.90216"><ele>248</ele></trkpt>
      <trkpt lat="45.87631" lon="10.90225"><ele>248</ele></trkpt>
      <trkpt lat="45.87666" lon="10.90266"><ele>252</ele></trkpt>
      <trkpt lat="45.87664" lon="10.90281"><ele>253</ele></trkpt>
      <trkpt lat="45.87662" lon="10.90303"><ele>255</ele></trkpt>
      <trkpt lat="45.87663" lon="10.90373"><ele>261</ele></trkpt>
      <trkpt lat="45.87662" lon="10.90395"><ele>263</ele></trkpt>
      <trkpt lat="45.87660" lon="10.90408"><ele>264</ele></trkpt>
      <trkpt lat="45.87657" lon="10.90419"><ele>265</ele></trkpt>
      <trkpt lat="45.87654" lon="10.90429"><ele>266</ele></trkpt>
      <trkpt lat="45.87649" lon="10.90439"><ele>268</ele></trkpt>
      <trkpt lat="45.87634" lon="10.90463"><ele>270</ele></trkpt>
      <trkpt lat="45.87624" lon="10.90476"><ele>273</ele></trkpt>
      <trkpt lat="45.87611" lon="10.90487"><ele>273</ele></trkpt>
      <trkpt lat="45.87597" lon="10.90497"><ele>272</ele></trkpt>
      <trkpt lat="45.87571" lon="10.90507"><ele>272</ele></trkpt>
      <trkpt lat="45.87543" lon="10.90513"><ele>268</ele></trkpt>
      <trkpt lat="45.87537" lon="10.90517"><ele>267</ele></trkpt>
      <trkpt lat="45.87527" lon="10.90520"><ele>266</ele></trkpt>
      <trkpt lat="45.87525" lon="10.90523"><ele>268</ele></trkpt>
      <trkpt lat="45.87519" lon="10.90538"><ele>270</ele></trkpt>
      <trkpt lat="45.87515" lon="10.90554"><ele>271</ele></trkpt>
      <trkpt lat="45.87515" lon="10.90561"><ele>272</ele></trkpt>
      <trkpt lat="45.87515" lon="10.90571"><ele>272</ele></trkpt>
      <trkpt lat="45.87515" lon="10.90580"><ele>273</ele></trkpt>
      <trkpt lat="45.87515" lon="10.90582"><ele>273</ele></trkpt>
      <trkpt lat="45.87512" lon="10.90584"><ele>274</ele></trkpt>
      <trkpt lat="45.87511" lon="10.90585"><ele>274</ele></trkpt>
      <trkpt lat="45.87509" lon="10.90584"><ele>275</ele></trkpt>
      <trkpt lat="45.87508" lon="10.90582"><ele>275</ele></trkpt>
      <trkpt lat="45.87506" lon="10.90548"><ele>272</ele></trkpt>
      <trkpt lat="45.87506" lon="10.90546"><ele>272</ele></trkpt>
      <trkpt lat="45.87504" lon="10.90546"><ele>272</ele></trkpt>
      <trkpt lat="45.87495" lon="10.90547"><ele>273</ele></trkpt>
      <trkpt lat="45.87481" lon="10.90552"><ele>274</ele></trkpt>
      <trkpt lat="45.87462" lon="10.90564"><ele>275</ele></trkpt>
      <trkpt lat="45.87444" lon="10.90579"><ele>274</ele></trkpt>
      <trkpt lat="45.87435" lon="10.90591"><ele>274</ele></trkpt>
      <trkpt lat="45.87408" lon="10.90634"><ele>274</ele></trkpt>
      <trkpt lat="45.87403" lon="10.90642"><ele>274</ele></trkpt>
      <trkpt lat="45.87401" lon="10.90651"><ele>274</ele></trkpt>
      <trkpt lat="45.87395" lon="10.90663"><ele>274</ele></trkpt>
      <trkpt lat="45.87381" lon="10.90684"><ele>273</ele></trkpt>
      <trkpt lat="45.87367" lon="10.90703"><ele>274</ele></trkpt>
      <trkpt lat="45.87356" lon="10.90710"><ele>275</ele></trkpt>
      <trkpt lat="45.87343" lon="10.90720"><ele>274</ele></trkpt>
      <trkpt lat="45.87340" lon="10.90723"><ele>273</ele></trkpt>
      <trkpt lat="45.87334" lon="10.90729"><ele>272</ele></trkpt>
      <trkpt lat="45.87327" lon="10.90741"><ele>270</ele></trkpt>
      <trkpt lat="45.87327" lon="10.90746"><ele>269</ele></trkpt>
      <trkpt lat="45.87328" lon="10.90750"><ele>269</ele></trkpt>
      <trkpt lat="45.87331" lon="10.90752"><ele>269</ele></trkpt>
      <trkpt lat="45.87334" lon="10.90753"><ele>269</ele></trkpt>
      <trkpt lat="45.87339" lon="10.90752"><ele>270</ele></trkpt>
      <trkpt lat="45.87344" lon="10.90755"><ele>270</ele></trkpt>
      <trkpt lat="45.87348" lon="10.90758"><ele>270</ele></trkpt>
      <trkpt lat="45.87360" lon="10.90787"><ele>266</ele></trkpt>
      <trkpt lat="45.87368" lon="10.90830"><ele>264</ele></trkpt>
      <trkpt lat="45.87370" lon="10.90850"><ele>263</ele></trkpt>
      <trkpt lat="45.87370" lon="10.90858"><ele>262</ele></trkpt>
      <trkpt lat="45.87369" lon="10.90865"><ele>261</ele></trkpt>
      <trkpt lat="45.87365" lon="10.90875"><ele>261</ele></trkpt>
      <trkpt lat="45.87361" lon="10.90883"><ele>260</ele></trkpt>
      <trkpt lat="45.87353" lon="10.90888"><ele>260</ele></trkpt>
      <trkpt lat="45.87343" lon="10.90888"><ele>258</ele></trkpt>
      <trkpt lat="45.87333" lon="10.90885"><ele>256</ele></trkpt>
      <trkpt lat="45.87326" lon="10.90884"><ele>256</ele></trkpt>
      <trkpt lat="45.87320" lon="10.90892"><ele>255</ele></trkpt>
      <trkpt lat="45.87316" lon="10.90903"><ele>256</ele></trkpt>
      <trkpt lat="45.87312" lon="10.90910"><ele>255</ele></trkpt>
      <trkpt lat="45.87309" lon="10.90916"><ele>254</ele></trkpt>
      <trkpt lat="45.87303" lon="10.90924"><ele>254</ele></trkpt>
      <trkpt lat="45.87299" lon="10.90929"><ele>254</ele></trkpt>
      <trkpt lat="45.87294" lon="10.90934"><ele>254</ele></trkpt>
      <trkpt lat="45.87284" lon="10.90940"><ele>252</ele></trkpt>
      <trkpt lat="45.87282" lon="10.90941"><ele>251</ele></trkpt>
      <trkpt lat="45.87274" lon="10.90944"><ele>250</ele></trkpt>
      <trkpt lat="45.87267" lon="10.90945"><ele>248</ele></trkpt>
      <trkpt lat="45.87260" lon="10.90944"><ele>248</ele></trkpt>
      <trkpt lat="45.87253" lon="10.90943"><ele>247</ele></trkpt>
      <trkpt lat="45.87248" lon="10.90941"><ele>246</ele></trkpt>
      <trkpt lat="45.87242" lon="10.90937"><ele>244</ele></trkpt>
      <trkpt lat="45.87235" lon="10.90930"><ele>243</ele></trkpt>
      <trkpt lat="45.87228" lon="10.90922"><ele>245</ele></trkpt>
      <trkpt lat="45.87203" lon="10.90884"><ele>245</ele></trkpt>
      <trkpt lat="45.87194" lon="10.90869"><ele>246</ele></trkpt>
      <trkpt lat="45.87189" lon="10.90862"><ele>248</ele></trkpt>
      <trkpt lat="45.87186" lon="10.90860"><ele>248</ele></trkpt>
      <trkpt lat="45.87183" lon="10.90860"><ele>248</ele></trkpt>
      <trkpt lat="45.87154" lon="10.90856"><ele>247</ele></trkpt>
      <trkpt lat="45.87089" lon="10.90865"><ele>241</ele></trkpt>
      <trkpt lat="45.87081" lon="10.90866"><ele>241</ele></trkpt>
      <trkpt lat="45.87059" lon="10.90867"><ele>238</ele></trkpt>
      <trkpt lat="45.87011" lon="10.90859"><ele>235</ele></trkpt>
      <trkpt lat="45.86972" lon="10.90856"><ele>233</ele></trkpt>
      <trkpt lat="45.86962" lon="10.90859"><ele>232</ele></trkpt>
      <trkpt lat="45.86954" lon="10.90866"><ele>230</ele></trkpt>
      <trkpt lat="45.86951" lon="10.90871"><ele>230</ele></trkpt>
      <trkpt lat="45.86948" lon="10.90878"><ele>229</ele></trkpt>
      <trkpt lat="45.86953" lon="10.90951"><ele>226</ele></trkpt>
      <trkpt lat="45.86954" lon="10.90971"><ele>226</ele></trkpt>
      <trkpt lat="45.86951" lon="10.91003"><ele>225</ele></trkpt>
      <trkpt lat="45.86932" lon="10.91082"><ele>225</ele></trkpt>
      <trkpt lat="45.86926" lon="10.91107"><ele>225</ele></trkpt>
      <trkpt lat="45.86920" lon="10.91123"><ele>224</ele></trkpt>
      <trkpt lat="45.86906" lon="10.91144"><ele>225</ele></trkpt>
      <trkpt lat="45.86892" lon="10.91179"><ele>225</ele></trkpt>
      <trkpt lat="45.86889" lon="10.91190"><ele>224</ele></trkpt>
      <trkpt lat="45.86854" lon="10.91248"><ele>228</ele></trkpt>
      <trkpt lat="45.86836" lon="10.91288"><ele>227</ele></trkpt>
      <trkpt lat="45.86829" lon="10.91307"><ele>225</ele></trkpt>
      <trkpt lat="45.86824" lon="10.91326"><ele>225</ele></trkpt>
      <trkpt lat="45.86824" lon="10.91335"><ele>225</ele></trkpt>
      <trkpt lat="45.86824" lon="10.91348"><ele>225</ele></trkpt>
      <trkpt lat="45.86829" lon="10.91387"><ele>223</ele></trkpt>
      <trkpt lat="45.86829" lon="10.91401"><ele>223</ele></trkpt>
      <trkpt lat="45.86827" lon="10.91413"><ele>223</ele></trkpt>
      <trkpt lat="45.86823" lon="10.91433"><ele>224</ele></trkpt>
      <trkpt lat="45.86817" lon="10.91446"><ele>224</ele></trkpt>
      <trkpt lat="45.86812" lon="10.91456"><ele>224</ele></trkpt>
      <trkpt lat="45.86803" lon="10.91468"><ele>223</ele></trkpt>
      <trkpt lat="45.86794" lon="10.91479"><ele>224</ele></trkpt>
      <trkpt lat="45.86783" lon="10.91488"><ele>224</ele></trkpt>
      <trkpt lat="45.86775" lon="10.91490"><ele>224</ele></trkpt>
      <trkpt lat="45.86667" lon="10.91494"><ele>225</ele></trkpt>
      <trkpt lat="45.86642" lon="10.91498"><ele>224</ele></trkpt>
      <trkpt lat="45.86624" lon="10.91504"><ele>225</ele></trkpt>
      <trkpt lat="45.86578" lon="10.91529"><ele>224</ele></trkpt>
      <trkpt lat="45.86563" lon="10.91539"><ele>224</ele></trkpt>
      <trkpt lat="45.86499" lon="10.91611"><ele>224</ele></trkpt>
      <trkpt lat="45.86455" lon="10.91646"><ele>224</ele></trkpt>
      <trkpt lat="45.86410" lon="10.91678"><ele>225</ele></trkpt>
      <trkpt lat="45.86388" lon="10.91691"><ele>224</ele></trkpt>
      <trkpt lat="45.86378" lon="10.91696"><ele>223</ele></trkpt>
      <trkpt lat="45.86375" lon="10.91697"><ele>223</ele></trkpt>
      <trkpt lat="45.86366" lon="10.91698"><ele>223</ele></trkpt>
      <trkpt lat="45.86349" lon="10.91699"><ele>223</ele></trkpt>
      <trkpt lat="45.86336" lon="10.91700"><ele>223</ele></trkpt>
      <trkpt lat="45.86304" lon="10.91700"><ele>224</ele></trkpt>
      <trkpt lat="45.86279" lon="10.91707"><ele>224</ele></trkpt>
      <trkpt lat="45.86243" lon="10.91724"><ele>222</ele></trkpt>
      <trkpt lat="45.86180" lon="10.91751"><ele>223</ele></trkpt>
      <trkpt lat="45.86170" lon="10.91756"><ele>223</ele></trkpt>
      <trkpt lat="45.86123" lon="10.91790"><ele>223</ele></trkpt>
      <trkpt lat="45.86062" lon="10.91845"><ele>223</ele></trkpt>
      <trkpt lat="45.86009" lon="10.91888"><ele>222</ele></trkpt>
      <trkpt lat="45.85899" lon="10.91978"><ele>223</ele></trkpt>
      <trkpt lat="45.85818" lon="10.92043"><ele>222</ele></trkpt>
      <trkpt lat="45.85803" lon="10.92057"><ele>222</ele></trkpt>
      <trkpt lat="45.85798" lon="10.92064"><ele>222</ele></trkpt>
      <trkpt lat="45.85794" lon="10.92072"><ele>222</ele></trkpt>
      <trkpt lat="45.85793" lon="10.92076"><ele>222</ele></trkpt>
      <trkpt lat="45.85792" lon="10.92080"><ele>222</ele></trkpt>
      <trkpt lat="45.85786" lon="10.92089"><ele>223</ele></trkpt>
      <trkpt lat="45.85776" lon="10.92107"><ele>223</ele></trkpt>
      <trkpt lat="45.85771" lon="10.92113"><ele>224</ele></trkpt>
      <trkpt lat="45.85768" lon="10.92114"><ele>224</ele></trkpt>
      <trkpt lat="45.85766" lon="10.92118"><ele>224</ele></trkpt>
      <trkpt lat="45.85754" lon="10.92150"><ele>224</ele></trkpt>
      <trkpt lat="45.85683" lon="10.92467"><ele>224</ele></trkpt>
      <trkpt lat="45.85614" lon="10.92769"><ele>224</ele></trkpt>
      <trkpt lat="45.85603" lon="10.92818"><ele>224</ele></trkpt>
      <trkpt lat="45.85588" lon="10.92896"><ele>225</ele></trkpt>
      <trkpt lat="45.85588" lon="10.92897"><ele>225</ele></trkpt>
      <trkpt lat="45.85567" lon="10.92996"><ele>227</ele></trkpt>
      <trkpt lat="45.85560" lon="10.93024"><ele>228</ele></trkpt>
      <trkpt lat="45.85557" lon="10.93033"><ele>228</ele></trkpt>
      <trkpt lat="45.85553" lon="10.93046"><ele>228</ele></trkpt>
      <trkpt lat="45.85554" lon="10.93050"><ele>229</ele></trkpt>
      <trkpt lat="45.85555" lon="10.93054"><ele>229</ele></trkpt>
      <trkpt lat="45.85555" lon="10.93058"><ele>229</ele></trkpt>
      <trkpt lat="45.85537" lon="10.93121"><ele>230</ele></trkpt>
      <trkpt lat="45.85536" lon="10.93126"><ele>230</ele></trkpt>
      <trkpt lat="45.85537" lon="10.93132"><ele>230</ele></trkpt>
      <trkpt lat="45.85546" lon="10.93137"><ele>230</ele></trkpt>
      <trkpt lat="45.85584" lon="10.93155"><ele>234</ele></trkpt>
      <trkpt lat="45.85546" lon="10.93137"><ele>230</ele></trkpt>
      <trkpt lat="45.85537" lon="10.93132"><ele>230</ele></trkpt>
      <trkpt lat="45.85536" lon="10.93126"><ele>230</ele></trkpt>
      <trkpt lat="45.85537" lon="10.93121"><ele>230</ele></trkpt>
      <trkpt lat="45.85555" lon="10.93058"><ele>229</ele></trkpt>
      <trkpt lat="45.85555" lon="10.93054"><ele>229</ele></trkpt>
      <trkpt lat="45.85554" lon="10.93050"><ele>229</ele></trkpt>
      <trkpt lat="45.85553" lon="10.93046"><ele>228</ele></trkpt>
      <trkpt lat="45.85543" lon="10.93089"><ele>229</ele></trkpt>
      <trkpt lat="45.85542" lon="10.93094"><ele>229</ele></trkpt>
      <trkpt lat="45.85527" lon="10.93109"><ele>229</ele></trkpt>
      <trkpt lat="45.85511" lon="10.93128"><ele>229</ele></trkpt>
      <trkpt lat="45.85495" lon="10.93152"><ele>229</ele></trkpt>
      <trkpt lat="45.85491" lon="10.93158"><ele>229</ele></trkpt>
      <trkpt lat="45.85490" lon="10.93161"><ele>229</ele></trkpt>
      <trkpt lat="45.85486" lon="10.93178"><ele>228</ele></trkpt>
      <trkpt lat="45.85482" lon="10.93199"><ele>228</ele></trkpt>
      <trkpt lat="45.85482" lon="10.93202"><ele>228</ele></trkpt>
      <trkpt lat="45.85483" lon="10.93209"><ele>229</ele></trkpt>
      <trkpt lat="45.85490" lon="10.93238"><ele>229</ele></trkpt>
      <trkpt lat="45.85491" lon="10.93245"><ele>229</ele></trkpt>
      <trkpt lat="45.85491" lon="10.93260"><ele>229</ele></trkpt>
      <trkpt lat="45.85484" lon="10.93295"><ele>229</ele></trkpt>
      <trkpt lat="45.85448" lon="10.93449"><ele>227</ele></trkpt>
      <trkpt lat="45.85448" lon="10.93453"><ele>226</ele></trkpt>
      <trkpt lat="45.85439" lon="10.93494"><ele>226</ele></trkpt>
      <trkpt lat="45.85422" lon="10.93572"><ele>224</ele></trkpt>
      <trkpt lat="45.85413" lon="10.93617"><ele>222</ele></trkpt>
      <trkpt lat="45.85409" lon="10.93639"><ele>222</ele></trkpt>
      <trkpt lat="45.85409" lon="10.93659"><ele>222</ele></trkpt>
      <trkpt lat="45.85408" lon="10.93694"><ele>220</ele></trkpt>
      <trkpt lat="45.85407" lon="10.93734"><ele>220</ele></trkpt>
      <trkpt lat="45.85424" lon="10.93784"><ele>219</ele></trkpt>
      <trkpt lat="45.85451" lon="10.93862"><ele>217</ele></trkpt>
      <trkpt lat="45.85456" lon="10.93882"><ele>217</ele></trkpt>
      <trkpt lat="45.85460" lon="10.93901"><ele>217</ele></trkpt>
      <trkpt lat="45.85461" lon="10.93913"><ele>217</ele></trkpt>
      <trkpt lat="45.85459" lon="10.93938"><ele>216</ele></trkpt>
      <trkpt lat="45.85454" lon="10.93966"><ele>215</ele></trkpt>
      <trkpt lat="45.85435" lon="10.94049"><ele>213</ele></trkpt>
      <trkpt lat="45.85424" lon="10.94093"><ele>212</ele></trkpt>
      <trkpt lat="45.85401" lon="10.94201"><ele>210</ele></trkpt>
      <trkpt lat="45.85389" lon="10.94306"><ele>209</ele></trkpt>
      <trkpt lat="45.85385" lon="10.94359"><ele>208</ele></trkpt>
      <trkpt lat="45.85386" lon="10.94394"><ele>208</ele></trkpt>
      <trkpt lat="45.85386" lon="10.94473"><ele>208</ele></trkpt>
      <trkpt lat="45.85389" lon="10.94561"><ele>207</ele></trkpt>
      <trkpt lat="45.85392" lon="10.94615"><ele>207</ele></trkpt>
      <trkpt lat="45.85404" lon="10.94743"><ele>208</ele></trkpt>
      <trkpt lat="45.85405" lon="10.94756"><ele>207</ele></trkpt>
      <trkpt lat="45.85410" lon="10.94817"><ele>207</ele></trkpt>
      <trkpt lat="45.85410" lon="10.94843"><ele>208</ele></trkpt>
      <trkpt lat="45.85408" lon="10.94868"><ele>208</ele></trkpt>
      <trkpt lat="45.85402" lon="10.94915"><ele>207</ele></trkpt>
      <trkpt lat="45.85387" lon="10.95086"><ele>207</ele></trkpt>
      <trkpt lat="45.85379" lon="10.95156"><ele>206</ele></trkpt>
      <trkpt lat="45.85369" lon="10.95215"><ele>206</ele></trkpt>
      <trkpt lat="45.85363" lon="10.95245"><ele>206</ele></trkpt>
      <trkpt lat="45.85356" lon="10.95265"><ele>206</ele></trkpt>
      <trkpt lat="45.85344" lon="10.95290"><ele>205</ele></trkpt>
      <trkpt lat="45.85341" lon="10.95294"><ele>206</ele></trkpt>
      <trkpt lat="45.85314" lon="10.95331"><ele>206</ele></trkpt>
      <trkpt lat="45.85305" lon="10.95345"><ele>206</ele></trkpt>
      <trkpt lat="45.85285" lon="10.95393"><ele>205</ele></trkpt>
      <trkpt lat="45.85261" lon="10.95451"><ele>204</ele></trkpt>
      <trkpt lat="45.85258" lon="10.95461"><ele>204</ele></trkpt>
      <trkpt lat="45.85256" lon="10.95471"><ele>204</ele></trkpt>
      <trkpt lat="45.85254" lon="10.95491"><ele>204</ele></trkpt>
      <trkpt lat="45.85254" lon="10.95542"><ele>204</ele></trkpt>
      <trkpt lat="45.85251" lon="10.95605"><ele>204</ele></trkpt>
      <trkpt lat="45.85238" lon="10.95803"><ele>203</ele></trkpt>
      <trkpt lat="45.85234" lon="10.95909"><ele>202</ele></trkpt>
      <trkpt lat="45.85234" lon="10.95917"><ele>202</ele></trkpt>
      <trkpt lat="45.85233" lon="10.95944"><ele>203</ele></trkpt>
      <trkpt lat="45.85231" lon="10.95960"><ele>203</ele></trkpt>
      <trkpt lat="45.85230" lon="10.95989"><ele>204</ele></trkpt>
      <trkpt lat="45.85230" lon="10.96012"><ele>202</ele></trkpt>
      <trkpt lat="45.85231" lon="10.96031"><ele>202</ele></trkpt>
      <trkpt lat="45.85231" lon="10.96038"><ele>202</ele></trkpt>
      <trkpt lat="45.85229" lon="10.96045"><ele>202</ele></trkpt>
      <trkpt lat="45.85228" lon="10.96047"><ele>202</ele></trkpt>
      <trkpt lat="45.85229" lon="10.96059"><ele>202</ele></trkpt>
      <trkpt lat="45.85230" lon="10.96067"><ele>202</ele></trkpt>
      <trkpt lat="45.85224" lon="10.96119"><ele>202</ele></trkpt>
      <trkpt lat="45.85224" lon="10.96134"><ele>202</ele></trkpt>
      <trkpt lat="45.85224" lon="10.96153"><ele>202</ele></trkpt>
      <trkpt lat="45.85230" lon="10.96232"><ele>201</ele></trkpt>
      <trkpt lat="45.85237" lon="10.96333"><ele>201</ele></trkpt>
      <trkpt lat="45.85237" lon="10.96382"><ele>201</ele></trkpt>
      <trkpt lat="45.85234" lon="10.96469"><ele>201</ele></trkpt>
      <trkpt lat="45.85234" lon="10.96505"><ele>201</ele></trkpt>
      <trkpt lat="45.85232" lon="10.96552"><ele>200</ele></trkpt>
      <trkpt lat="45.85234" lon="10.96596"><ele>200</ele></trkpt>
      <trkpt lat="45.85237" lon="10.96654"><ele>201</ele></trkpt>
      <trkpt lat="45.85239" lon="10.96669"><ele>202</ele></trkpt>
      <trkpt lat="45.85240" lon="10.96688"><ele>202</ele></trkpt>
      <trkpt lat="45.85242" lon="10.96716"><ele>201</ele></trkpt>
      <trkpt lat="45.85245" lon="10.96744"><ele>200</ele></trkpt>
      <trkpt lat="45.85247" lon="10.96762"><ele>200</ele></trkpt>
      <trkpt lat="45.85248" lon="10.96783"><ele>200</ele></trkpt>
      <trkpt lat="45.85251" lon="10.96821"><ele>201</ele></trkpt>
      <trkpt lat="45.85251" lon="10.96834"><ele>201</ele></trkpt>
      <trkpt lat="45.85251" lon="10.96843"><ele>201</ele></trkpt>
      <trkpt lat="45.85251" lon="10.96884"><ele>201</ele></trkpt>
      <trkpt lat="45.85251" lon="10.96908"><ele>201</ele></trkpt>
      <trkpt lat="45.85251" lon="10.96933"><ele>201</ele></trkpt>
      <trkpt lat="45.85251" lon="10.96937"><ele>201</ele></trkpt>
      <trkpt lat="45.85251" lon="10.96963"><ele>201</ele></trkpt>
      <trkpt lat="45.85251" lon="10.96998"><ele>201</ele></trkpt>
      <trkpt lat="45.85249" lon="10.96999"><ele>201</ele></trkpt>
      <trkpt lat="45.85247" lon="10.96999"><ele>200</ele></trkpt>
      <trkpt lat="45.85247" lon="10.97007"><ele>201</ele></trkpt>
      <trkpt lat="45.85243" lon="10.97013"><ele>201</ele></trkpt>
      <trkpt lat="45.85243" lon="10.97037"><ele>202</ele></trkpt>
      <trkpt lat="45.85243" lon="10.97039"><ele>202</ele></trkpt>
      <trkpt lat="45.85242" lon="10.97041"><ele>202</ele></trkpt>
      <trkpt lat="45.85238" lon="10.97045"><ele>202</ele></trkpt>
      <trkpt lat="45.85236" lon="10.97049"><ele>202</ele></trkpt>
      <trkpt lat="45.85235" lon="10.97053"><ele>202</ele></trkpt>
      <trkpt lat="45.85235" lon="10.97059"><ele>202</ele></trkpt>
      <trkpt lat="45.85200" lon="10.97148"><ele>202</ele></trkpt>
      <trkpt lat="45.85177" lon="10.97205"><ele>202</ele></trkpt>
      <trkpt lat="45.85164" lon="10.97241"><ele>202</ele></trkpt>
      <trkpt lat="45.85163" lon="10.97243"><ele>202</ele></trkpt>
      <trkpt lat="45.85153" lon="10.97265"><ele>202</ele></trkpt>
      <trkpt lat="45.85152" lon="10.97269"><ele>202</ele></trkpt>
      <trkpt lat="45.85158" lon="10.97273"><ele>202</ele></trkpt>
      <trkpt lat="45.85167" lon="10.97272"><ele>202</ele></trkpt>
      <trkpt lat="45.85177" lon="10.97273"><ele>202</ele></trkpt>
      <trkpt lat="45.85207" lon="10.97295"><ele>202</ele></trkpt>
      <trkpt lat="45.85216" lon="10.97303"><ele>202</ele></trkpt>
      <trkpt lat="45.85227" lon="10.97309"><ele>202</ele></trkpt>
      <trkpt lat="45.85240" lon="10.97312"><ele>201</ele></trkpt>
      <trkpt lat="45.85306" lon="10.97315"><ele>200</ele></trkpt>
      <trkpt lat="45.85320" lon="10.97315"><ele>200</ele></trkpt>
      <trkpt lat="45.85372" lon="10.97316"><ele>200</ele></trkpt>
      <trkpt lat="45.85383" lon="10.97319"><ele>200</ele></trkpt>
      <trkpt lat="45.85363" lon="10.97375"><ele>200</ele></trkpt>
      <trkpt lat="45.85332" lon="10.97463"><ele>200</ele></trkpt>
      <trkpt lat="45.85330" lon="10.97469"><ele>201</ele></trkpt>
      <trkpt lat="45.85325" lon="10.97483"><ele>201</ele></trkpt>
      <trkpt lat="45.85324" lon="10.97486"><ele>201</ele></trkpt>
      <trkpt lat="45.85313" lon="10.97516"><ele>201</ele></trkpt>
      <trkpt lat="45.85312" lon="10.97519"><ele>201</ele></trkpt>
      <trkpt lat="45.85310" lon="10.97524"><ele>201</ele></trkpt>
      <trkpt lat="45.85314" lon="10.97525"><ele>201</ele></trkpt>
      <trkpt lat="45.85319" lon="10.97527"><ele>201</ele></trkpt>
      <trkpt lat="45.85339" lon="10.97532"><ele>201</ele></trkpt>
      <trkpt lat="45.85319" lon="10.97527"><ele>201</ele></trkpt>
      <trkpt lat="45.85314" lon="10.97525"><ele>201</ele></trkpt>
      <trkpt lat="45.85310" lon="10.97524"><ele>201</ele></trkpt>
      <trkpt lat="45.85305" lon="10.97538"><ele>201</ele></trkpt>
      <trkpt lat="45.85300" lon="10.97552"><ele>201</ele></trkpt>
      <trkpt lat="45.85290" lon="10.97580"><ele>200</ele></trkpt>
      <trkpt lat="45.85284" lon="10.97597"><ele>200</ele></trkpt>
      <trkpt lat="45.85268" lon="10.97643"><ele>200</ele></trkpt>
      <trkpt lat="45.85258" lon="10.97670"><ele>199</ele></trkpt>
      <trkpt lat="45.85252" lon="10.97683"><ele>199</ele></trkpt>
      <trkpt lat="45.85246" lon="10.97693"><ele>199</ele></trkpt>
      <trkpt lat="45.85238" lon="10.97707"><ele>199</ele></trkpt>
      <trkpt lat="45.85236" lon="10.97711"><ele>198</ele></trkpt>
      <trkpt lat="45.85217" lon="10.97746"><ele>198</ele></trkpt>
      <trkpt lat="45.85214" lon="10.97751"><ele>198</ele></trkpt>
      <trkpt lat="45.85198" lon="10.97776"><ele>197</ele></trkpt>
      <trkpt lat="45.85196" lon="10.97778"><ele>197</ele></trkpt>
      <trkpt lat="45.85195" lon="10.97779"><ele>197</ele></trkpt>
      <trkpt lat="45.85193" lon="10.97783"><ele>197</ele></trkpt>
      <trkpt lat="45.85193" lon="10.97787"><ele>197</ele></trkpt>
      <trkpt lat="45.85194" lon="10.97789"><ele>197</ele></trkpt>
      <trkpt lat="45.85196" lon="10.97792"><ele>197</ele></trkpt>
      <trkpt lat="45.85200" lon="10.97793"><ele>197</ele></trkpt>
      <trkpt lat="45.85203" lon="10.97791"><ele>197</ele></trkpt>
      <trkpt lat="45.85210" lon="10.97800"><ele>197</ele></trkpt>
      <trkpt lat="45.85231" lon="10.97829"><ele>198</ele></trkpt>
      <trkpt lat="45.85277" lon="10.97863"><ele>199</ele></trkpt>
      <trkpt lat="45.85291" lon="10.97872"><ele>198</ele></trkpt>
      <trkpt lat="45.85320" lon="10.97892"><ele>199</ele></trkpt>
      <trkpt lat="45.85340" lon="10.97907"><ele>198</ele></trkpt>
      <trkpt lat="45.85349" lon="10.97916"><ele>198</ele></trkpt>
      <trkpt lat="45.85382" lon="10.97947"><ele>198</ele></trkpt>
      <trkpt lat="45.85386" lon="10.97952"><ele>198</ele></trkpt>
      <trkpt lat="45.85391" lon="10.97960"><ele>199</ele></trkpt>
      <trkpt lat="45.85396" lon="10.97979"><ele>199</ele></trkpt>
      <trkpt lat="45.85406" lon="10.98004"><ele>199</ele></trkpt>
      <trkpt lat="45.85410" lon="10.98015"><ele>200</ele></trkpt>
      <trkpt lat="45.85414" lon="10.98030"><ele>200</ele></trkpt>
      <trkpt lat="45.85419" lon="10.98056"><ele>198</ele></trkpt>
      <trkpt lat="45.85422" lon="10.98071"><ele>198</ele></trkpt>
      <trkpt lat="45.85429" lon="10.98115"><ele>196</ele></trkpt>
      <trkpt lat="45.85431" lon="10.98127"><ele>196</ele></trkpt>
      <trkpt lat="45.85434" lon="10.98136"><ele>196</ele></trkpt>
      <trkpt lat="45.85440" lon="10.98165"><ele>196</ele></trkpt>
      <trkpt lat="45.85451" lon="10.98216"><ele>196</ele></trkpt>
      <trkpt lat="45.85457" lon="10.98255"><ele>195</ele></trkpt>
      <trkpt lat="45.85464" lon="10.98280"><ele>194</ele></trkpt>
      <trkpt lat="45.85476" lon="10.98317"><ele>196</ele></trkpt>
      <trkpt lat="45.85479" lon="10.98325"><ele>196</ele></trkpt>
      <trkpt lat="45.85482" lon="10.98335"><ele>196</ele></trkpt>
      <trkpt lat="45.85486" lon="10.98352"><ele>197</ele></trkpt>
      <trkpt lat="45.85489" lon="10.98378"><ele>197</ele></trkpt>
      <trkpt lat="45.85491" lon="10.98407"><ele>197</ele></trkpt>
      <trkpt lat="45.85497" lon="10.98450"><ele>196</ele></trkpt>
      <trkpt lat="45.85498" lon="10.98462"><ele>196</ele></trkpt>
      <trkpt lat="45.85511" lon="10.98544"><ele>194</ele></trkpt>
      <trkpt lat="45.85517" lon="10.98563"><ele>194</ele></trkpt>
      <trkpt lat="45.85535" lon="10.98644"><ele>194</ele></trkpt>
      <trkpt lat="45.85537" lon="10.98651"><ele>194</ele></trkpt>
      <trkpt lat="45.85550" lon="10.98701"><ele>193</ele></trkpt>
      <trkpt lat="45.85576" lon="10.98761"><ele>193</ele></trkpt>
      <trkpt lat="45.85586" lon="10.98782"><ele>193</ele></trkpt>
      <trkpt lat="45.85592" lon="10.98791"><ele>192</ele></trkpt>
      <trkpt lat="45.85599" lon="10.98803"><ele>192</ele></trkpt>
      <trkpt lat="45.85649" lon="10.98868"><ele>192</ele></trkpt>
      <trkpt lat="45.85659" lon="10.98882"><ele>192</ele></trkpt>
      <trkpt lat="45.85660" lon="10.98921"><ele>191</ele></trkpt>
      <trkpt lat="45.85660" lon="10.98924"><ele>191</ele></trkpt>
      <trkpt lat="45.85662" lon="10.98927"><ele>191</ele></trkpt>
      <trkpt lat="45.85663" lon="10.98931"><ele>191</ele></trkpt>
      <trkpt lat="45.85670" lon="10.98936"><ele>191</ele></trkpt>
      <trkpt lat="45.85674" lon="10.98942"><ele>191</ele></trkpt>
      <trkpt lat="45.85683" lon="10.98947"><ele>192</ele></trkpt>
      <trkpt lat="45.85710" lon="10.98960"><ele>192</ele></trkpt>
      <trkpt lat="45.85759" lon="10.98987"><ele>192</ele></trkpt>
      <trkpt lat="45.85775" lon="10.98994"><ele>192</ele></trkpt>
      <trkpt lat="45.85778" lon="10.98996"><ele>192</ele></trkpt>
      <trkpt lat="45.85779" lon="10.98996"><ele>192</ele></trkpt>
      <trkpt lat="45.85784" lon="10.98999"><ele>192</ele></trkpt>
      <trkpt lat="45.85819" lon="10.99020"><ele>192</ele></trkpt>
      <trkpt lat="45.85831" lon="10.99026"><ele>192</ele></trkpt>
      <trkpt lat="45.85848" lon="10.99036"><ele>192</ele></trkpt>
      <trkpt lat="45.85851" lon="10.99038"><ele>192</ele></trkpt>
      <trkpt lat="45.85876" lon="10.99052"><ele>193</ele></trkpt>
      <trkpt lat="45.85882" lon="10.99056"><ele>193</ele></trkpt>
      <trkpt lat="45.85896" lon="10.99064"><ele>193</ele></trkpt>
      <trkpt lat="45.85925" lon="10.99081"><ele>193</ele></trkpt>
      <trkpt lat="45.85939" lon="10.99089"><ele>193</ele></trkpt>
      <trkpt lat="45.85947" lon="10.99094"><ele>193</ele></trkpt>
      <trkpt lat="45.85963" lon="10.99104"><ele>193</ele></trkpt>
      <trkpt lat="45.85973" lon="10.99110"><ele>193</ele></trkpt>
      <trkpt lat="45.85979" lon="10.99116"><ele>193</ele></trkpt>
      <trkpt lat="45.85983" lon="10.99119"><ele>192</ele></trkpt>
      <trkpt lat="45.86007" lon="10.99140"><ele>192</ele></trkpt>
      <trkpt lat="45.86017" lon="10.99151"><ele>192</ele></trkpt>
      <trkpt lat="45.86025" lon="10.99163"><ele>191</ele></trkpt>
      <trkpt lat="45.86041" lon="10.99187"><ele>192</ele></trkpt>
      <trkpt lat="45.86046" lon="10.99193"><ele>191</ele></trkpt>
      <trkpt lat="45.86103" lon="10.99309"><ele>186</ele></trkpt>
      <trkpt lat="45.86115" lon="10.99326"><ele>187</ele></trkpt>
      <trkpt lat="45.86125" lon="10.99336"><ele>186</ele></trkpt>
      <trkpt lat="45.86137" lon="10.99344"><ele>186</ele></trkpt>
      <trkpt lat="45.86144" lon="10.99347"><ele>186</ele></trkpt>
      <trkpt lat="45.86154" lon="10.99349"><ele>186</ele></trkpt>
      <trkpt lat="45.86180" lon="10.99353"><ele>185</ele></trkpt>
      <trkpt lat="45.86190" lon="10.99354"><ele>185</ele></trkpt>
      <trkpt lat="45.86200" lon="10.99357"><ele>184</ele></trkpt>
      <trkpt lat="45.86211" lon="10.99361"><ele>184</ele></trkpt>
      <trkpt lat="45.86223" lon="10.99367"><ele>184</ele></trkpt>
      <trkpt lat="45.86233" lon="10.99375"><ele>184</ele></trkpt>
      <trkpt lat="45.86242" lon="10.99384"><ele>184</ele></trkpt>
      <trkpt lat="45.86294" lon="10.99456"><ele>181</ele></trkpt>
      <trkpt lat="45.86344" lon="10.99521"><ele>178</ele></trkpt>
      <trkpt lat="45.86357" lon="10.99553"><ele>177</ele></trkpt>
      <trkpt lat="45.86362" lon="10.99578"><ele>177</ele></trkpt>
      <trkpt lat="45.86361" lon="10.99600"><ele>176</ele></trkpt>
      <trkpt lat="45.86357" lon="10.99623"><ele>176</ele></trkpt>
      <trkpt lat="45.86346" lon="10.99659"><ele>176</ele></trkpt>
      <trkpt lat="45.86318" lon="10.99734"><ele>173</ele></trkpt>
      <trkpt lat="45.86315" lon="10.99741"><ele>173</ele></trkpt>
      <trkpt lat="45.86313" lon="10.99747"><ele>173</ele></trkpt>
      <trkpt lat="45.86287" lon="10.99812"><ele>170</ele></trkpt>
      <trkpt lat="45.86278" lon="10.99838"><ele>170</ele></trkpt>
      <trkpt lat="45.86276" lon="10.99843"><ele>169</ele></trkpt>
      <trkpt lat="45.86242" lon="10.99933"><ele>168</ele></trkpt>
      <trkpt lat="45.86231" lon="10.99963"><ele>170</ele></trkpt>
      <trkpt lat="45.86219" lon="10.99994"><ele>171</ele></trkpt>
      <trkpt lat="45.86216" lon="11.00003"><ele>171</ele></trkpt>
      <trkpt lat="45.86215" lon="11.00006"><ele>171</ele></trkpt>
      <trkpt lat="45.86192" lon="11.00062"><ele>172</ele></trkpt>
      <trkpt lat="45.86189" lon="11.00068"><ele>172</ele></trkpt>
      <trkpt lat="45.86185" lon="11.00066"><ele>172</ele></trkpt>
      <trkpt lat="45.86169" lon="11.00061"><ele>172</ele></trkpt>
      <trkpt lat="45.86152" lon="11.00059"><ele>172</ele></trkpt>
      <trkpt lat="45.86156" lon="11.00047"><ele>172</ele></trkpt>
      <trkpt lat="45.86158" lon="11.00035"><ele>172</ele></trkpt>
      <trkpt lat="45.86161" lon="11.00022"><ele>172</ele></trkpt>
      <trkpt lat="45.86162" lon="11.00009"><ele>172</ele></trkpt>
      <trkpt lat="45.86161" lon="10.99995"><ele>172</ele></trkpt>
      <trkpt lat="45.86160" lon="10.99979"><ele>172</ele></trkpt>
      <trkpt lat="45.86158" lon="10.99964"><ele>172</ele></trkpt>
      <trkpt lat="45.86155" lon="10.99953"><ele>172</ele></trkpt>
      <trkpt lat="45.86151" lon="10.99939"><ele>172</ele></trkpt>
      <trkpt lat="45.86157" lon="10.99940"><ele>172</ele></trkpt>
      <trkpt lat="45.86163" lon="10.99943"><ele>171</ele></trkpt>
      <trkpt lat="45.86166" lon="10.99947"><ele>171</ele></trkpt>
      <trkpt lat="45.86172" lon="10.99959"><ele>171</ele></trkpt>
      <trkpt lat="45.86193" lon="10.99980"><ele>170</ele></trkpt>
      <trkpt lat="45.86200" lon="10.99986"><ele>170</ele></trkpt>
      <trkpt lat="45.86209" lon="10.99990"><ele>170</ele></trkpt>
      <trkpt lat="45.86215" lon="10.99991"><ele>170</ele></trkpt>
      <trkpt lat="45.86230" lon="10.99989"><ele>169</ele></trkpt>
      <trkpt lat="45.86233" lon="10.99989"><ele>169</ele></trkpt>
      <trkpt lat="45.86236" lon="10.99985"><ele>169</ele></trkpt>
      <trkpt lat="45.86246" lon="10.99952"><ele>168</ele></trkpt>
      <trkpt lat="45.86248" lon="10.99951"><ele>168</ele></trkpt>
      <trkpt lat="45.86250" lon="10.99951"><ele>168</ele></trkpt>
      <trkpt lat="45.86259" lon="10.99959"><ele>167</ele></trkpt>
      <trkpt lat="45.86389" lon="11.00071"><ele>168</ele></trkpt>
      <trkpt lat="45.86523" lon="11.00184"><ele>169</ele></trkpt>
      <trkpt lat="45.86564" lon="11.00227"><ele>169</ele></trkpt>
      <trkpt lat="45.86597" lon="11.00277"><ele>169</ele></trkpt>
      <trkpt lat="45.86602" lon="11.00286"><ele>168</ele></trkpt>
      <trkpt lat="45.86619" lon="11.00327"><ele>169</ele></trkpt>
      <trkpt lat="45.86627" lon="11.00351"><ele>168</ele></trkpt>
      <trkpt lat="45.86637" lon="11.00393"><ele>168</ele></trkpt>
      <trkpt lat="45.86641" lon="11.00417"><ele>170</ele></trkpt>
      <trkpt lat="45.86646" lon="11.00471"><ele>169</ele></trkpt>
      <trkpt lat="45.86647" lon="11.00486"><ele>169</ele></trkpt>
      <trkpt lat="45.86651" lon="11.00639"><ele>168</ele></trkpt>
      <trkpt lat="45.86660" lon="11.00701"><ele>167</ele></trkpt>
      <trkpt lat="45.86668" lon="11.00750"><ele>169</ele></trkpt>
      <trkpt lat="45.86678" lon="11.00801"><ele>167</ele></trkpt>
      <trkpt lat="45.86682" lon="11.00819"><ele>167</ele></trkpt>
      <trkpt lat="45.86701" lon="11.00883"><ele>170</ele></trkpt>
      <trkpt lat="45.86726" lon="11.00952"><ele>169</ele></trkpt>
      <trkpt lat="45.86757" lon="11.01017"><ele>169</ele></trkpt>
      <trkpt lat="45.86792" lon="11.01077"><ele>169</ele></trkpt>
      <trkpt lat="45.86812" lon="11.01106"><ele>167</ele></trkpt>
      <trkpt lat="45.86840" lon="11.01141"><ele>168</ele></trkpt>
      <trkpt lat="45.86876" lon="11.01183"><ele>168</ele></trkpt>
      <trkpt lat="45.86907" lon="11.01211"><ele>168</ele></trkpt>
      <trkpt lat="45.86934" lon="11.01234"><ele>167</ele></trkpt>
      <trkpt lat="45.86971" lon="11.01261"><ele>167</ele></trkpt>
      <trkpt lat="45.87012" lon="11.01285"><ele>168</ele></trkpt>
      <trkpt lat="45.87097" lon="11.01331"><ele>168</ele></trkpt>
      <trkpt lat="45.87111" lon="11.01341"><ele>169</ele></trkpt>
      <trkpt lat="45.87130" lon="11.01358"><ele>169</ele></trkpt>
      <trkpt lat="45.87212" lon="11.01411"><ele>170</ele></trkpt>
      <trkpt lat="45.87344" lon="11.01504"><ele>169</ele></trkpt>
      <trkpt lat="45.87452" lon="11.01576"><ele>169</ele></trkpt>
      <trkpt lat="45.87465" lon="11.01589"><ele>168</ele></trkpt>
      <trkpt lat="45.87468" lon="11.01595"><ele>168</ele></trkpt>
      <trkpt lat="45.87470" lon="11.01602"><ele>168</ele></trkpt>
      <trkpt lat="45.87473" lon="11.01608"><ele>168</ele></trkpt>
      <trkpt lat="45.87625" lon="11.01728"><ele>168</ele></trkpt>
      <trkpt lat="45.87648" lon="11.01747"><ele>169</ele></trkpt>
      <trkpt lat="45.87671" lon="11.01768"><ele>169</ele></trkpt>
      <trkpt lat="45.87685" lon="11.01779"><ele>169</ele></trkpt>
      <trkpt lat="45.87699" lon="11.01788"><ele>169</ele></trkpt>
      <trkpt lat="45.87708" lon="11.01788"><ele>169</ele></trkpt>
      <trkpt lat="45.87714" lon="11.01790"><ele>169</ele></trkpt>
      <trkpt lat="45.87750" lon="11.01814"><ele>169</ele></trkpt>
      <trkpt lat="45.87964" lon="11.01985"><ele>170</ele></trkpt>
      <trkpt lat="45.87987" lon="11.02007"><ele>170</ele></trkpt>
      <trkpt lat="45.88026" lon="11.02078"><ele>171</ele></trkpt>
      <trkpt lat="45.88041" lon="11.02110"><ele>170</ele></trkpt>
      <trkpt lat="45.88052" lon="11.02137"><ele>172</ele></trkpt>
      <trkpt lat="45.88077" lon="11.02210"><ele>172</ele></trkpt>
      <trkpt lat="45.88077" lon="11.02215"><ele>172</ele></trkpt>
      <trkpt lat="45.88076" lon="11.02222"><ele>173</ele></trkpt>
      <trkpt lat="45.88078" lon="11.02227"><ele>173</ele></trkpt>
      <trkpt lat="45.88080" lon="11.02233"><ele>173</ele></trkpt>
      <trkpt lat="45.88084" lon="11.02230"><ele>173</ele></trkpt>
      <trkpt lat="45.88108" lon="11.02214"><ele>173</ele></trkpt>
      <trkpt lat="45.88115" lon="11.02210"><ele>173</ele></trkpt>
      <trkpt lat="45.88115" lon="11.02204"><ele>174</ele></trkpt>
      <trkpt lat="45.88113" lon="11.02196"><ele>174</ele></trkpt>
      <trkpt lat="45.88100" lon="11.02181"><ele>172</ele></trkpt>
      <trkpt lat="45.88090" lon="11.02149"><ele>172</ele></trkpt>
      <trkpt lat="45.88080" lon="11.02122"><ele>172</ele></trkpt>
      <trkpt lat="45.88053" lon="11.02063"><ele>170</ele></trkpt>
      <trkpt lat="45.88031" lon="11.02019"><ele>170</ele></trkpt>
      <trkpt lat="45.88027" lon="11.02009"><ele>170</ele></trkpt>
      <trkpt lat="45.88026" lon="11.02003"><ele>170</ele></trkpt>
      <trkpt lat="45.88027" lon="11.01995"><ele>170</ele></trkpt>
      <trkpt lat="45.88029" lon="11.01992"><ele>170</ele></trkpt>
      <trkpt lat="45.88034" lon="11.01988"><ele>170</ele></trkpt>
      <trkpt lat="45.88037" lon="11.01989"><ele>170</ele></trkpt>
      <trkpt lat="45.88070" lon="11.01999"><ele>172</ele></trkpt>
      <trkpt lat="45.88094" lon="11.02000"><ele>172</ele></trkpt>
      <trkpt lat="45.88122" lon="11.01994"><ele>170</ele></trkpt>
      <trkpt lat="45.88145" lon="11.01984"><ele>170</ele></trkpt>
      <trkpt lat="45.88158" lon="11.01975"><ele>170</ele></trkpt>
      <trkpt lat="45.88169" lon="11.01966"><ele>170</ele></trkpt>
      <trkpt lat="45.88191" lon="11.01944"><ele>170</ele></trkpt>
      <trkpt lat="45.88211" lon="11.01923"><ele>170</ele></trkpt>
      <trkpt lat="45.88232" lon="11.01905"><ele>170</ele></trkpt>
      <trkpt lat="45.88243" lon="11.01896"><ele>171</ele></trkpt>
      <trkpt lat="45.88261" lon="11.01880"><ele>172</ele></trkpt>
      <trkpt lat="45.88272" lon="11.01872"><ele>173</ele></trkpt>
      <trkpt lat="45.88288" lon="11.01864"><ele>176</ele></trkpt>
      <trkpt lat="45.88303" lon="11.01853"><ele>178</ele></trkpt>
      <trkpt lat="45.88309" lon="11.01851"><ele>178</ele></trkpt>
      <trkpt lat="45.88314" lon="11.01849"><ele>177</ele></trkpt>
      <trkpt lat="45.88332" lon="11.01846"><ele>174</ele></trkpt>
      <trkpt lat="45.88357" lon="11.01840"><ele>176</ele></trkpt>
      <trkpt lat="45.88371" lon="11.01836"><ele>174</ele></trkpt>
      <trkpt lat="45.88402" lon="11.01835"><ele>172</ele></trkpt>
      <trkpt lat="45.88408" lon="11.01836"><ele>173</ele></trkpt>
      <trkpt lat="45.88416" lon="11.01835"><ele>173</ele></trkpt>
      <trkpt lat="45.88435" lon="11.01833"><ele>173</ele></trkpt>
      <trkpt lat="45.88454" lon="11.01803"><ele>173</ele></trkpt>
      <trkpt lat="45.88456" lon="11.01807"><ele>173</ele></trkpt>
      <trkpt lat="45.88458" lon="11.01809"><ele>173</ele></trkpt>
      <trkpt lat="45.88461" lon="11.01810"><ele>173</ele></trkpt>
      <trkpt lat="45.88464" lon="11.01809"><ele>173</ele></trkpt>
      <trkpt lat="45.88466" lon="11.01807"><ele>173</ele></trkpt>
      <trkpt lat="45.88469" lon="11.01805"><ele>173</ele></trkpt>
      <trkpt lat="45.88470" lon="11.01801"><ele>173</ele></trkpt>
      <trkpt lat="45.88471" lon="11.01797"><ele>173</ele></trkpt>
      <trkpt lat="45.88483" lon="11.01798"><ele>173</ele></trkpt>
      <trkpt lat="45.88492" lon="11.01797"><ele>173</ele></trkpt>
      <trkpt lat="45.88494" lon="11.01792"><ele>173</ele></trkpt>
      <trkpt lat="45.88497" lon="11.01787"><ele>173</ele></trkpt>
      <trkpt lat="45.88512" lon="11.01771"><ele>172</ele></trkpt>
      <trkpt lat="45.88501" lon="11.01745"><ele>171</ele></trkpt>
      <trkpt lat="45.88547" lon="11.01703"><ele>172</ele></trkpt>
      <trkpt lat="45.88585" lon="11.01669"><ele>173</ele></trkpt>
      <trkpt lat="45.88624" lon="11.01636"><ele>172</ele></trkpt>
      <trkpt lat="45.88634" lon="11.01629"><ele>171</ele></trkpt>
      <trkpt lat="45.88667" lon="11.01612"><ele>173</ele></trkpt>
      <trkpt lat="45.88697" lon="11.01601"><ele>171</ele></trkpt>
      <trkpt lat="45.88716" lon="11.01597"><ele>171</ele></trkpt>
      <trkpt lat="45.88740" lon="11.01592"><ele>172</ele></trkpt>
      <trkpt lat="45.88764" lon="11.01591"><ele>172</ele></trkpt>
      <trkpt lat="45.88797" lon="11.01607"><ele>172</ele></trkpt>
      <trkpt lat="45.88831" lon="11.01617"><ele>173</ele></trkpt>
      <trkpt lat="45.88849" lon="11.01617"><ele>173</ele></trkpt>
      <trkpt lat="45.88866" lon="11.01617"><ele>173</ele></trkpt>
      <trkpt lat="45.88893" lon="11.01616"><ele>174</ele></trkpt>
      <trkpt lat="45.88898" lon="11.01615"><ele>174</ele></trkpt>
      <trkpt lat="45.88903" lon="11.01616"><ele>174</ele></trkpt>
      <trkpt lat="45.88913" lon="11.01620"><ele>174</ele></trkpt>
      <trkpt lat="45.88936" lon="11.01627"><ele>174</ele></trkpt>
      <trkpt lat="45.88985" lon="11.01630"><ele>174</ele></trkpt>
      <trkpt lat="45.89037" lon="11.01642"><ele>174</ele></trkpt>
      <trkpt lat="45.89087" lon="11.01671"><ele>174</ele></trkpt>
      <trkpt lat="45.89126" lon="11.01696"><ele>173</ele></trkpt>
      <trkpt lat="45.89181" lon="11.01736"><ele>172</ele></trkpt>
      <trkpt lat="45.89227" lon="11.01774"><ele>171</ele></trkpt>
      <trkpt lat="45.89278" lon="11.01820"><ele>170</ele></trkpt>
      <trkpt lat="45.89303" lon="11.01848"><ele>170</ele></trkpt>
      <trkpt lat="45.89322" lon="11.01876"><ele>170</ele></trkpt>
      <trkpt lat="45.89336" lon="11.01906"><ele>171</ele></trkpt>
      <trkpt lat="45.89369" lon="11.01962"><ele>172</ele></trkpt>
      <trkpt lat="45.89386" lon="11.01988"><ele>172</ele></trkpt>
      <trkpt lat="45.89406" lon="11.02015"><ele>172</ele></trkpt>
      <trkpt lat="45.89460" lon="11.02078"><ele>173</ele></trkpt>
      <trkpt lat="45.89529" lon="11.02166"><ele>175</ele></trkpt>
      <trkpt lat="45.89572" lon="11.02224"><ele>174</ele></trkpt>
      <trkpt lat="45.89575" lon="11.02232"><ele>174</ele></trkpt>
      <trkpt lat="45.89577" lon="11.02244"><ele>174</ele></trkpt>
      <trkpt lat="45.89582" lon="11.02257"><ele>174</ele></trkpt>
      <trkpt lat="45.89616" lon="11.02295"><ele>174</ele></trkpt>
      <trkpt lat="45.89639" lon="11.02323"><ele>175</ele></trkpt>
      <trkpt lat="45.89683" lon="11.02374"><ele>175</ele></trkpt>
      <trkpt lat="45.89726" lon="11.02429"><ele>174</ele></trkpt>
      <trkpt lat="45.89737" lon="11.02448"><ele>172</ele></trkpt>
      <trkpt lat="45.89744" lon="11.02471"><ele>174</ele></trkpt>
      <trkpt lat="45.89767" lon="11.02522"><ele>173</ele></trkpt>
      <trkpt lat="45.89793" lon="11.02571"><ele>173</ele></trkpt>
      <trkpt lat="45.89829" lon="11.02646"><ele>174</ele></trkpt>
      <trkpt lat="45.89847" lon="11.02687"><ele>174</ele></trkpt>
      <trkpt lat="45.89865" lon="11.02731"><ele>174</ele></trkpt>
      <trkpt lat="45.89876" lon="11.02766"><ele>172</ele></trkpt>
      <trkpt lat="45.89886" lon="11.02783"><ele>172</ele></trkpt>
      <trkpt lat="45.89913" lon="11.02812"><ele>173</ele></trkpt>
      <trkpt lat="45.89993" lon="11.02896"><ele>172</ele></trkpt>
      <trkpt lat="45.90012" lon="11.02918"><ele>172</ele></trkpt>
      <trkpt lat="45.90023" lon="11.02929"><ele>172</ele></trkpt>
      <trkpt lat="45.90035" lon="11.02940"><ele>172</ele></trkpt>
      <trkpt lat="45.90066" lon="11.02959"><ele>172</ele></trkpt>
      <trkpt lat="45.90080" lon="11.02969"><ele>173</ele></trkpt>
      <trkpt lat="45.90089" lon="11.02977"><ele>173</ele></trkpt>
      <trkpt lat="45.90113" lon="11.03003"><ele>174</ele></trkpt>
      <trkpt lat="45.90123" lon="11.03012"><ele>173</ele></trkpt>
      <trkpt lat="45.90133" lon="11.03019"><ele>173</ele></trkpt>
      <trkpt lat="45.90170" lon="11.03042"><ele>173</ele></trkpt>
      <trkpt lat="45.90233" lon="11.03076"><ele>173</ele></trkpt>
      <trkpt lat="45.90238" lon="11.03082"><ele>173</ele></trkpt>
      <trkpt lat="45.90241" lon="11.03090"><ele>173</ele></trkpt>
      <trkpt lat="45.90243" lon="11.03102"><ele>173</ele></trkpt>
      <trkpt lat="45.90244" lon="11.03107"><ele>173</ele></trkpt>
      <trkpt lat="45.90255" lon="11.03181"><ele>173</ele></trkpt>
      <trkpt lat="45.90255" lon="11.03192"><ele>173</ele></trkpt>
      <trkpt lat="45.90255" lon="11.03201"><ele>173</ele></trkpt>
      <trkpt lat="45.90232" lon="11.03296"><ele>173</ele></trkpt>
      <trkpt lat="45.90213" lon="11.03369"><ele>174</ele></trkpt>
      <trkpt lat="45.90245" lon="11.03389"><ele>174</ele></trkpt>
      <trkpt lat="45.90278" lon="11.03404"><ele>174</ele></trkpt>
      <trkpt lat="45.90324" lon="11.03421"><ele>173</ele></trkpt>
      <trkpt lat="45.90357" lon="11.03434"><ele>174</ele></trkpt>
      <trkpt lat="45.90413" lon="11.03452"><ele>174</ele></trkpt>
      <trkpt lat="45.90470" lon="11.03469"><ele>174</ele></trkpt>
      <trkpt lat="45.90517" lon="11.03482"><ele>173</ele></trkpt>
      <trkpt lat="45.90541" lon="11.03487"><ele>173</ele></trkpt>
      <trkpt lat="45.90580" lon="11.03494"><ele>174</ele></trkpt>
      <trkpt lat="45.90605" lon="11.03497"><ele>174</ele></trkpt>
      <trkpt lat="45.90703" lon="11.03487"><ele>174</ele></trkpt>
      <trkpt lat="45.90771" lon="11.03482"><ele>174</ele></trkpt>
      <trkpt lat="45.90780" lon="11.03486"><ele>174</ele></trkpt>
      <trkpt lat="45.90794" lon="11.03502"><ele>173</ele></trkpt>
      <trkpt lat="45.90835" lon="11.03566"><ele>174</ele></trkpt>
      <trkpt lat="45.90863" lon="11.03613"><ele>175</ele></trkpt>
      <trkpt lat="45.90877" lon="11.03640"><ele>174</ele></trkpt>
      <trkpt lat="45.90886" lon="11.03657"><ele>174</ele></trkpt>
      <trkpt lat="45.90898" lon="11.03664"><ele>174</ele></trkpt>
      <trkpt lat="45.90959" lon="11.03695"><ele>174</ele></trkpt>
      <trkpt lat="45.91013" lon="11.03737"><ele>175</ele></trkpt>
      <trkpt lat="45.91051" lon="11.03769"><ele>175</ele></trkpt>
      <trkpt lat="45.91062" lon="11.03777"><ele>174</ele></trkpt>
      <trkpt lat="45.91071" lon="11.03781"><ele>174</ele></trkpt>
      <trkpt lat="45.91100" lon="11.03786"><ele>174</ele></trkpt>
      <trkpt lat="45.91114" lon="11.03788"><ele>174</ele></trkpt>
      <trkpt lat="45.91138" lon="11.03796"><ele>174</ele></trkpt>
      <trkpt lat="45.91152" lon="11.03802"><ele>175</ele></trkpt>
      <trkpt lat="45.91160" lon="11.03807"><ele>175</ele></trkpt>
      <trkpt lat="45.91165" lon="11.03812"><ele>175</ele></trkpt>
      <trkpt lat="45.91171" lon="11.03827"><ele>176</ele></trkpt>
      <trkpt lat="45.91172" lon="11.03835"><ele>176</ele></trkpt>
      <trkpt lat="45.91171" lon="11.03843"><ele>176</ele></trkpt>
      <trkpt lat="45.91171" lon="11.03855"><ele>177</ele></trkpt>
      <trkpt lat="45.91172" lon="11.03863"><ele>177</ele></trkpt>
      <trkpt lat="45.91174" lon="11.03868"><ele>178</ele></trkpt>
      <trkpt lat="45.91177" lon="11.03871"><ele>178</ele></trkpt>
      <trkpt lat="45.91184" lon="11.03875"><ele>178</ele></trkpt>
      <trkpt lat="45.91216" lon="11.03890"><ele>182</ele></trkpt>
      <trkpt lat="45.91219" lon="11.03892"><ele>182</ele></trkpt>
      <trkpt lat="45.91219" lon="11.03896"><ele>182</ele></trkpt>
      <trkpt lat="45.91224" lon="11.03888"><ele>182</ele></trkpt>
      <trkpt lat="45.91228" lon="11.03885"><ele>181</ele></trkpt>
      <trkpt lat="45.91237" lon="11.03872"><ele>180</ele></trkpt>
      <trkpt lat="45.91242" lon="11.03862"><ele>180</ele></trkpt>
      <trkpt lat="45.91280" lon="11.03799"><ele>177</ele></trkpt>
      <trkpt lat="45.91300" lon="11.03765"><ele>176</ele></trkpt>
      <trkpt lat="45.91320" lon="11.03724"><ele>176</ele></trkpt>
      <trkpt lat="45.91329" lon="11.03704"><ele>176</ele></trkpt>
      <trkpt lat="45.91328" lon="11.03696"><ele>176</ele></trkpt>
      <trkpt lat="45.91341" lon="11.03665"><ele>176</ele></trkpt>
      <trkpt lat="45.91361" lon="11.03621"><ele>176</ele></trkpt>
      <trkpt lat="45.91366" lon="11.03622"><ele>176</ele></trkpt>
      <trkpt lat="45.91368" lon="11.03620"><ele>176</ele></trkpt>
      <trkpt lat="45.91397" lon="11.03552"><ele>176</ele></trkpt>
      <trkpt lat="45.91402" lon="11.03554"><ele>176</ele></trkpt>
      <trkpt lat="45.91408" lon="11.03555"><ele>176</ele></trkpt>
      <trkpt lat="45.91412" lon="11.03553"><ele>176</ele></trkpt>
      <trkpt lat="45.91416" lon="11.03551"><ele>176</ele></trkpt>
      <trkpt lat="45.91424" lon="11.03543"><ele>176</ele></trkpt>
      <trkpt lat="45.91431" lon="11.03530"><ele>176</ele></trkpt>
      <trkpt lat="45.91435" lon="11.03520"><ele>176</ele></trkpt>
      <trkpt lat="45.91440" lon="11.03506"><ele>176</ele></trkpt>
      <trkpt lat="45.91441" lon="11.03498"><ele>176</ele></trkpt>
      <trkpt lat="45.91441" lon="11.03489"><ele>176</ele></trkpt>
      <trkpt lat="45.91441" lon="11.03485"><ele>176</ele></trkpt>
      <trkpt lat="45.91444" lon="11.03462"><ele>177</ele></trkpt>
      <trkpt lat="45.91450" lon="11.03443"><ele>177</ele></trkpt>
      <trkpt lat="45.91452" lon="11.03436"><ele>177</ele></trkpt>
      <trkpt lat="45.91459" lon="11.03420"><ele>177</ele></trkpt>
      <trkpt lat="45.91468" lon="11.03393"><ele>178</ele></trkpt>
      <trkpt lat="45.91482" lon="11.03357"><ele>179</ele></trkpt>
      <trkpt lat="45.91490" lon="11.03338"><ele>179</ele></trkpt>
      <trkpt lat="45.91495" lon="11.03322"><ele>180</ele></trkpt>
      <trkpt lat="45.91503" lon="11.03305"><ele>180</ele></trkpt>
      <trkpt lat="45.91495" lon="11.03322"><ele>180</ele></trkpt>
      <trkpt lat="45.91507" lon="11.03333"><ele>180</ele></trkpt>
      <trkpt lat="45.91548" lon="11.03372"><ele>179</ele></trkpt>
      <trkpt lat="45.91575" lon="11.03390"><ele>179</ele></trkpt>
      <trkpt lat="45.91590" lon="11.03400"><ele>178</ele></trkpt>
      <trkpt lat="45.91660" lon="11.03429"><ele>180</ele></trkpt>
      <trkpt lat="45.91674" lon="11.03437"><ele>180</ele></trkpt>
      <trkpt lat="45.91681" lon="11.03440"><ele>180</ele></trkpt>
      <trkpt lat="45.91705" lon="11.03444"><ele>181</ele></trkpt>
      <trkpt lat="45.91706" lon="11.03447"><ele>181</ele></trkpt>
      <trkpt lat="45.91709" lon="11.03449"><ele>181</ele></trkpt>
      <trkpt lat="45.91711" lon="11.03451"><ele>181</ele></trkpt>
      <trkpt lat="45.91713" lon="11.03453"><ele>181</ele></trkpt>
      <trkpt lat="45.91715" lon="11.03454"><ele>182</ele></trkpt>
      <trkpt lat="45.91761" lon="11.03472"><ele>181</ele></trkpt>
      <trkpt lat="45.91794" lon="11.03487"><ele>180</ele></trkpt>
      <trkpt lat="45.91850" lon="11.03515"><ele>180</ele></trkpt>
      <trkpt lat="45.92107" lon="11.03653"><ele>186</ele></trkpt>
      <trkpt lat="45.92123" lon="11.03663"><ele>186</ele></trkpt>
      <trkpt lat="45.92108" lon="11.03686"><ele>185</ele></trkpt>
      <trkpt lat="45.92080" lon="11.03726"><ele>182</ele></trkpt>
      <trkpt lat="45.92072" lon="11.03738"><ele>181</ele></trkpt>
      <trkpt lat="45.92069" lon="11.03744"><ele>181</ele></trkpt>
      <trkpt lat="45.92066" lon="11.03753"><ele>180</ele></trkpt>
      <trkpt lat="45.92065" lon="11.03762"><ele>180</ele></trkpt>
      <trkpt lat="45.92058" lon="11.03778"><ele>180</ele></trkpt>
      <trkpt lat="45.92055" lon="11.03787"><ele>180</ele></trkpt>
      <trkpt lat="45.92050" lon="11.03792"><ele>180</ele></trkpt>
      <trkpt lat="45.92043" lon="11.03801"><ele>180</ele></trkpt>
      <trkpt lat="45.92041" lon="11.03822"><ele>180</ele></trkpt>
      <trkpt lat="45.92044" lon="11.03830"><ele>179</ele></trkpt>
      <trkpt lat="45.92048" lon="11.03836"><ele>179</ele></trkpt>
      <trkpt lat="45.92055" lon="11.03839"><ele>180</ele></trkpt>
      <trkpt lat="45.92064" lon="11.03838"><ele>180</ele></trkpt>
      <trkpt lat="45.92071" lon="11.03832"><ele>180</ele></trkpt>
      <trkpt lat="45.92075" lon="11.03826"><ele>180</ele></trkpt>
      <trkpt lat="45.92102" lon="11.03819"><ele>180</ele></trkpt>
      <trkpt lat="45.92162" lon="11.03827"><ele>182</ele></trkpt>
      <trkpt lat="45.92189" lon="11.03834"><ele>184</ele></trkpt>
      <trkpt lat="45.92211" lon="11.03846"><ele>184</ele></trkpt>
      <trkpt lat="45.92230" lon="11.03863"><ele>186</ele></trkpt>
      <trkpt lat="45.92250" lon="11.03887"><ele>187</ele></trkpt>
      <trkpt lat="45.92256" lon="11.03896"><ele>186</ele></trkpt>
      <trkpt lat="45.92264" lon="11.03908"><ele>186</ele></trkpt>
      <trkpt lat="45.92276" lon="11.03937"><ele>187</ele></trkpt>
      <trkpt lat="45.92285" lon="11.03981"><ele>186</ele></trkpt>
      <trkpt lat="45.92316" lon="11.04165"><ele>188</ele></trkpt>
      <trkpt lat="45.92341" lon="11.04298"><ele>183</ele></trkpt>
      <trkpt lat="45.92369" lon="11.04447"><ele>180</ele></trkpt>
      <trkpt lat="45.92375" lon="11.04486"><ele>179</ele></trkpt>
      <trkpt lat="45.92378" lon="11.04517"><ele>179</ele></trkpt>
      <trkpt lat="45.92382" lon="11.04545"><ele>180</ele></trkpt>
      <trkpt lat="45.92382" lon="11.04551"><ele>180</ele></trkpt>
      <trkpt lat="45.92381" lon="11.04563"><ele>180</ele></trkpt>
      <trkpt lat="45.92380" lon="11.04568"><ele>180</ele></trkpt>
      <trkpt lat="45.92375" lon="11.04580"><ele>179</ele></trkpt>
      <trkpt lat="45.92372" lon="11.04584"><ele>179</ele></trkpt>
      <trkpt lat="45.92369" lon="11.04589"><ele>179</ele></trkpt>
      <trkpt lat="45.92368" lon="11.04595"><ele>179</ele></trkpt>
      <trkpt lat="45.92367" lon="11.04601"><ele>180</ele></trkpt>
      <trkpt lat="45.92367" lon="11.04607"><ele>180</ele></trkpt>
      <trkpt lat="45.92368" lon="11.04613"><ele>180</ele></trkpt>
      <trkpt lat="45.92370" lon="11.04618"><ele>180</ele></trkpt>
      <trkpt lat="45.92373" lon="11.04623"><ele>180</ele></trkpt>
      <trkpt lat="45.92376" lon="11.04627"><ele>180</ele></trkpt>
      <trkpt lat="45.92380" lon="11.04629"><ele>180</ele></trkpt>
      <trkpt lat="45.92385" lon="11.04630"><ele>180</ele></trkpt>
      <trkpt lat="45.92389" lon="11.04630"><ele>180</ele></trkpt>
      <trkpt lat="45.92394" lon="11.04632"><ele>180</ele></trkpt>
      <trkpt lat="45.92399" lon="11.04636"><ele>180</ele></trkpt>
      <trkpt lat="45.92404" lon="11.04640"><ele>180</ele></trkpt>
      <trkpt lat="45.92407" lon="11.04646"><ele>180</ele></trkpt>
      <trkpt lat="45.92411" lon="11.04652"><ele>180</ele></trkpt>
      <trkpt lat="45.92415" lon="11.04670"><ele>180</ele></trkpt>
      <trkpt lat="45.92418" lon="11.04682"><ele>180</ele></trkpt>
      <trkpt lat="45.92423" lon="11.04702"><ele>180</ele></trkpt>
      <trkpt lat="45.92428" lon="11.04724"><ele>181</ele></trkpt>
      <trkpt lat="45.92458" lon="11.04842"><ele>184</ele></trkpt>
      <trkpt lat="45.92461" lon="11.04850"><ele>184</ele></trkpt>
      <trkpt lat="45.92466" lon="11.04873"><ele>184</ele></trkpt>
      <trkpt lat="45.92469" lon="11.04887"><ele>184</ele></trkpt>
      <trkpt lat="45.92472" lon="11.04902"><ele>184</ele></trkpt>
      <trkpt lat="45.92508" lon="11.05081"><ele>181</ele></trkpt>
      <trkpt lat="45.92517" lon="11.05119"><ele>179</ele></trkpt>
      <trkpt lat="45.92545" lon="11.05205"><ele>187</ele></trkpt>
      <trkpt lat="45.92552" lon="11.05237"><ele>182</ele></trkpt>
      <trkpt lat="45.92551" lon="11.05269"><ele>178</ele></trkpt>
      <trkpt lat="45.92548" lon="11.05320"><ele>176</ele></trkpt>
      <trkpt lat="45.92542" lon="11.05383"><ele>176</ele></trkpt>
      <trkpt lat="45.92542" lon="11.05407"><ele>176</ele></trkpt>
      <trkpt lat="45.92543" lon="11.05421"><ele>176</ele></trkpt>
      <trkpt lat="45.92551" lon="11.05441"><ele>176</ele></trkpt>
      <trkpt lat="45.92671" lon="11.05673"><ele>183</ele></trkpt>
      <trkpt lat="45.92707" lon="11.05749"><ele>182</ele></trkpt>
      <trkpt lat="45.92752" lon="11.05858"><ele>178</ele></trkpt>
      <trkpt lat="45.92760" lon="11.05877"><ele>179</ele></trkpt>
      <trkpt lat="45.92784" lon="11.05940"><ele>178</ele></trkpt>
      <trkpt lat="45.92799" lon="11.05998"><ele>178</ele></trkpt>
      <trkpt lat="45.92800" lon="11.06000"><ele>178</ele></trkpt>
      <trkpt lat="45.92803" lon="11.06002"><ele>178</ele></trkpt>
      <trkpt lat="45.92803" lon="11.06007"><ele>178</ele></trkpt>
      <trkpt lat="45.92803" lon="11.06012"><ele>178</ele></trkpt>
      <trkpt lat="45.92805" lon="11.06017"><ele>177</ele></trkpt>
      <trkpt lat="45.92807" lon="11.06021"><ele>177</ele></trkpt>
      <trkpt lat="45.92810" lon="11.06024"><ele>177</ele></trkpt>
      <trkpt lat="45.92813" lon="11.06026"><ele>177</ele></trkpt>
      <trkpt lat="45.92817" lon="11.06026"><ele>177</ele></trkpt>
      <trkpt lat="45.92821" lon="11.06025"><ele>178</ele></trkpt>
      <trkpt lat="45.92824" lon="11.06023"><ele>178</ele></trkpt>
      <trkpt lat="45.92833" lon="11.06024"><ele>178</ele></trkpt>
      <trkpt lat="45.92836" lon="11.06025"><ele>180</ele></trkpt>
      <trkpt lat="45.92843" lon="11.06029"><ele>182</ele></trkpt>
      <trkpt lat="45.92871" lon="11.06081"><ele>179</ele></trkpt>
      <trkpt lat="45.92920" lon="11.06223"><ele>180</ele></trkpt>
      <trkpt lat="45.92939" lon="11.06285"><ele>180</ele></trkpt>
      <trkpt lat="45.92972" lon="11.06433"><ele>180</ele></trkpt>
      <trkpt lat="45.92977" lon="11.06563"><ele>178</ele></trkpt>
      <trkpt lat="45.92974" lon="11.06608"><ele>178</ele></trkpt>
      <trkpt lat="45.92963" lon="11.06718"><ele>178</ele></trkpt>
      <trkpt lat="45.92945" lon="11.06839"><ele>179</ele></trkpt>
      <trkpt lat="45.92940" lon="11.06874"><ele>177</ele></trkpt>
      <trkpt lat="45.92938" lon="11.06886"><ele>177</ele></trkpt>
      <trkpt lat="45.92934" lon="11.06925"><ele>177</ele></trkpt>
      <trkpt lat="45.92929" lon="11.06955"><ele>177</ele></trkpt>
      <trkpt lat="45.92917" lon="11.07016"><ele>177</ele></trkpt>
      <trkpt lat="45.92900" lon="11.07106"><ele>177</ele></trkpt>
      <trkpt lat="45.92895" lon="11.07126"><ele>177</ele></trkpt>
      <trkpt lat="45.92893" lon="11.07139"><ele>177</ele></trkpt>
      <trkpt lat="45.92887" lon="11.07154"><ele>177</ele></trkpt>
      <trkpt lat="45.92884" lon="11.07166"><ele>177</ele></trkpt>
      <trkpt lat="45.92876" lon="11.07209"><ele>178</ele></trkpt>
      <trkpt lat="45.92871" lon="11.07234"><ele>178</ele></trkpt>
      <trkpt lat="45.92852" lon="11.07329"><ele>177</ele></trkpt>
      <trkpt lat="45.92850" lon="11.07338"><ele>177</ele></trkpt>
      <trkpt lat="45.92842" lon="11.07385"><ele>177</ele></trkpt>
      <trkpt lat="45.92830" lon="11.07449"><ele>177</ele></trkpt>
      <trkpt lat="45.92823" lon="11.07487"><ele>177</ele></trkpt>
      <trkpt lat="45.92812" lon="11.07544"><ele>178</ele></trkpt>
      <trkpt lat="45.92807" lon="11.07570"><ele>177</ele></trkpt>
      <trkpt lat="45.92802" lon="11.07598"><ele>177</ele></trkpt>
      <trkpt lat="45.92796" lon="11.07629"><ele>178</ele></trkpt>
      <trkpt lat="45.92787" lon="11.07676"><ele>178</ele></trkpt>
      <trkpt lat="45.92785" lon="11.07696"><ele>178</ele></trkpt>
      <trkpt lat="45.92783" lon="11.07731"><ele>178</ele></trkpt>
      <trkpt lat="45.92784" lon="11.07833"><ele>180</ele></trkpt>
      <trkpt lat="45.92780" lon="11.07843"><ele>180</ele></trkpt>
      <trkpt lat="45.92772" lon="11.07853"><ele>179</ele></trkpt>
      <trkpt lat="45.92788" lon="11.07893"><ele>179</ele></trkpt>
      <trkpt lat="45.92816" lon="11.07945"><ele>181</ele></trkpt>
      <trkpt lat="45.92835" lon="11.07984"><ele>180</ele></trkpt>
      <trkpt lat="45.92883" lon="11.08066"><ele>181</ele></trkpt>
      <trkpt lat="45.92896" lon="11.08089"><ele>181</ele></trkpt>
      <trkpt lat="45.92950" lon="11.08163"><ele>180</ele></trkpt>
      <trkpt lat="45.93050" lon="11.08269"><ele>180</ele></trkpt>
      <trkpt lat="45.93161" lon="11.08382"><ele>181</ele></trkpt>
      <trkpt lat="45.93459" lon="11.08688"><ele>182</ele></trkpt>
      <trkpt lat="45.93649" lon="11.08888"><ele>183</ele></trkpt>
      <trkpt lat="45.93654" lon="11.08894"><ele>183</ele></trkpt>
      <trkpt lat="45.93745" lon="11.08987"><ele>184</ele></trkpt>
      <trkpt lat="45.93756" lon="11.08999"><ele>184</ele></trkpt>
      <trkpt lat="45.93765" lon="11.09005"><ele>184</ele></trkpt>
      <trkpt lat="45.93788" lon="11.09019"><ele>184</ele></trkpt>
      <trkpt lat="45.93795" lon="11.09025"><ele>184</ele></trkpt>
      <trkpt lat="45.93800" lon="11.09030"><ele>184</ele></trkpt>
      <trkpt lat="45.93807" lon="11.09038"><ele>184</ele></trkpt>
      <trkpt lat="45.93819" lon="11.09058"><ele>184</ele></trkpt>
      <trkpt lat="45.93836" lon="11.09080"><ele>183</ele></trkpt>
      <trkpt lat="45.93975" lon="11.09244"><ele>180</ele></trkpt>
      <trkpt lat="45.93998" lon="11.09264"><ele>180</ele></trkpt>
      <trkpt lat="45.94019" lon="11.09279"><ele>180</ele></trkpt>
      <trkpt lat="45.94050" lon="11.09299"><ele>180</ele></trkpt>
      <trkpt lat="45.94143" lon="11.09362"><ele>180</ele></trkpt>
      <trkpt lat="45.94174" lon="11.09382"><ele>181</ele></trkpt>
      <trkpt lat="45.94188" lon="11.09388"><ele>180</ele></trkpt>
      <trkpt lat="45.94218" lon="11.09397"><ele>181</ele></trkpt>
      <trkpt lat="45.94299" lon="11.09415"><ele>180</ele></trkpt>
      <trkpt lat="45.94321" lon="11.09420"><ele>181</ele></trkpt>
      <trkpt lat="45.94389" lon="11.09445"><ele>181</ele></trkpt>
      <trkpt lat="45.94408" lon="11.09450"><ele>182</ele></trkpt>
      <trkpt lat="45.94420" lon="11.09450"><ele>183</ele></trkpt>
      <trkpt lat="45.94432" lon="11.09450"><ele>182</ele></trkpt>
      <trkpt lat="45.94535" lon="11.09435"><ele>182</ele></trkpt>
      <trkpt lat="45.94656" lon="11.09427"><ele>180</ele></trkpt>
      <trkpt lat="45.94677" lon="11.09422"><ele>180</ele></trkpt>
      <trkpt lat="45.94694" lon="11.09417"><ele>180</ele></trkpt>
      <trkpt lat="45.94809" lon="11.09366"><ele>180</ele></trkpt>
      <trkpt lat="45.95086" lon="11.09347"><ele>181</ele></trkpt>
      <trkpt lat="45.95105" lon="11.09360"><ele>181</ele></trkpt>
      <trkpt lat="45.95122" lon="11.09374"><ele>180</ele></trkpt>
      <trkpt lat="45.95146" lon="11.09402"><ele>180</ele></trkpt>
      <trkpt lat="45.95154" lon="11.09410"><ele>180</ele></trkpt>
      <trkpt lat="45.95199" lon="11.09443"><ele>180</ele></trkpt>
      <trkpt lat="45.95230" lon="11.09459"><ele>181</ele></trkpt>
      <trkpt lat="45.95252" lon="11.09459"><ele>181</ele></trkpt>
      <trkpt lat="45.95279" lon="11.09450"><ele>181</ele></trkpt>
      <trkpt lat="45.95308" lon="11.09460"><ele>180</ele></trkpt>
      <trkpt lat="45.95332" lon="11.09464"><ele>180</ele></trkpt>
      <trkpt lat="45.95356" lon="11.09452"><ele>180</ele></trkpt>
      <trkpt lat="45.95374" lon="11.09444"><ele>180</ele></trkpt>
      <trkpt lat="45.95384" lon="11.09447"><ele>180</ele></trkpt>
      <trkpt lat="45.95390" lon="11.09455"><ele>179</ele></trkpt>
      <trkpt lat="45.95395" lon="11.09457"><ele>179</ele></trkpt>
      <trkpt lat="45.95400" lon="11.09465"><ele>178</ele></trkpt>
      <trkpt lat="45.95403" lon="11.09471"><ele>178</ele></trkpt>
      <trkpt lat="45.95435" lon="11.09441"><ele>178</ele></trkpt>
      <trkpt lat="45.95465" lon="11.09419"><ele>179</ele></trkpt>
      <trkpt lat="45.95495" lon="11.09407"><ele>179</ele></trkpt>
      <trkpt lat="45.95555" lon="11.09397"><ele>179</ele></trkpt>
      <trkpt lat="45.95940" lon="11.09324"><ele>179</ele></trkpt>
      <trkpt lat="45.96003" lon="11.09317"><ele>178</ele></trkpt>
      <trkpt lat="45.96010" lon="11.09316"><ele>178</ele></trkpt>
      <trkpt lat="45.96131" lon="11.09298"><ele>179</ele></trkpt>
      <trkpt lat="45.96161" lon="11.09294"><ele>179</ele></trkpt>
      <trkpt lat="45.96328" lon="11.09317"><ele>179</ele></trkpt>
      <trkpt lat="45.96345" lon="11.09315"><ele>179</ele></trkpt>
      <trkpt lat="45.96372" lon="11.09306"><ele>179</ele></trkpt>
      <trkpt lat="45.96426" lon="11.09279"><ele>179</ele></trkpt>
      <trkpt lat="45.96432" lon="11.09276"><ele>179</ele></trkpt>
      <trkpt lat="45.96471" lon="11.09262"><ele>180</ele></trkpt>
      <trkpt lat="45.96536" lon="11.09240"><ele>180</ele></trkpt>
      <trkpt lat="45.96535" lon="11.09236"><ele>180</ele></trkpt>
      <trkpt lat="45.96534" lon="11.09224"><ele>180</ele></trkpt>
      <trkpt lat="45.96532" lon="11.09216"><ele>180</ele></trkpt>
      <trkpt lat="45.96639" lon="11.09178"><ele>180</ele></trkpt>
      <trkpt lat="45.96664" lon="11.09169"><ele>180</ele></trkpt>
      <trkpt lat="45.96707" lon="11.09168"><ele>181</ele></trkpt>
      <trkpt lat="45.96750" lon="11.09178"><ele>181</ele></trkpt>
      <trkpt lat="45.96758" lon="11.09175"><ele>181</ele></trkpt>
      <trkpt lat="45.96767" lon="11.09155"><ele>182</ele></trkpt>
      <trkpt lat="45.96771" lon="11.09150"><ele>181</ele></trkpt>
      <trkpt lat="45.96773" lon="11.09145"><ele>181</ele></trkpt>
      <trkpt lat="45.96775" lon="11.09140"><ele>181</ele></trkpt>
      <trkpt lat="45.96775" lon="11.09133"><ele>181</ele></trkpt>
      <trkpt lat="45.96773" lon="11.09127"><ele>180</ele></trkpt>
      <trkpt lat="45.96773" lon="11.09124"><ele>180</ele></trkpt>
      <trkpt lat="45.96770" lon="11.09102"><ele>180</ele></trkpt>
      <trkpt lat="45.96774" lon="11.09086"><ele>181</ele></trkpt>
      <trkpt lat="45.96791" lon="11.09062"><ele>183</ele></trkpt>
      <trkpt lat="45.96817" lon="11.09009"><ele>186</ele></trkpt>
      <trkpt lat="45.96847" lon="11.08968"><ele>185</ele></trkpt>
      <trkpt lat="45.96873" lon="11.08954"><ele>185</ele></trkpt>
      <trkpt lat="45.96895" lon="11.08943"><ele>185</ele></trkpt>
      <trkpt lat="45.96951" lon="11.08924"><ele>186</ele></trkpt>
      <trkpt lat="45.96998" lon="11.08928"><ele>187</ele></trkpt>
      <trkpt lat="45.97034" lon="11.08929"><ele>187</ele></trkpt>
      <trkpt lat="45.97059" lon="11.08938"><ele>187</ele></trkpt>
      <trkpt lat="45.97088" lon="11.08947"><ele>188</ele></trkpt>
      <trkpt lat="45.97128" lon="11.08948"><ele>188</ele></trkpt>
      <trkpt lat="45.97217" lon="11.08926"><ele>193</ele></trkpt>
      <trkpt lat="45.97252" lon="11.08934"><ele>194</ele></trkpt>
      <trkpt lat="45.97341" lon="11.08960"><ele>199</ele></trkpt>
      <trkpt lat="45.97459" lon="11.08977"><ele>205</ele></trkpt>
      <trkpt lat="45.97469" lon="11.08980"><ele>206</ele></trkpt>
      <trkpt lat="45.97498" lon="11.08995"><ele>207</ele></trkpt>
      <trkpt lat="45.97530" lon="11.09014"><ele>208</ele></trkpt>
      <trkpt lat="45.97558" lon="11.09034"><ele>210</ele></trkpt>
      <trkpt lat="45.97569" lon="11.09043"><ele>210</ele></trkpt>
      <trkpt lat="45.97572" lon="11.09049"><ele>210</ele></trkpt>
      <trkpt lat="45.97575" lon="11.09053"><ele>210</ele></trkpt>
      <trkpt lat="45.97599" lon="11.09076"><ele>211</ele></trkpt>
      <trkpt lat="45.97619" lon="11.09089"><ele>212</ele></trkpt>
      <trkpt lat="45.97631" lon="11.09097"><ele>212</ele></trkpt>
      <trkpt lat="45.97633" lon="11.09098"><ele>212</ele></trkpt>
      <trkpt lat="45.97641" lon="11.09103"><ele>212</ele></trkpt>
      <trkpt lat="45.97654" lon="11.09109"><ele>212</ele></trkpt>
      <trkpt lat="45.97664" lon="11.09114"><ele>211</ele></trkpt>
      <trkpt lat="45.97666" lon="11.09115"><ele>211</ele></trkpt>
      <trkpt lat="45.97669" lon="11.09084"><ele>214</ele></trkpt>
      <trkpt lat="45.97666" lon="11.09115"><ele>211</ele></trkpt>
      <trkpt lat="45.97694" lon="11.09120"><ele>210</ele></trkpt>
      <trkpt lat="45.97700" lon="11.09121"><ele>210</ele></trkpt>
      <trkpt lat="45.97708" lon="11.09122"><ele>210</ele></trkpt>
      <trkpt lat="45.97715" lon="11.09121"><ele>209</ele></trkpt>
      <trkpt lat="45.97740" lon="11.09120"><ele>210</ele></trkpt>
      <trkpt lat="45.97751" lon="11.09121"><ele>210</ele></trkpt>
      <trkpt lat="45.97767" lon="11.09120"><ele>210</ele></trkpt>
      <trkpt lat="45.97786" lon="11.09119"><ele>210</ele></trkpt>
      <trkpt lat="45.97821" lon="11.09125"><ele>209</ele></trkpt>
      <trkpt lat="45.97834" lon="11.09126"><ele>209</ele></trkpt>
      <trkpt lat="45.97856" lon="11.09129"><ele>208</ele></trkpt>
      <trkpt lat="45.97863" lon="11.09130"><ele>208</ele></trkpt>
      <trkpt lat="45.97903" lon="11.09135"><ele>206</ele></trkpt>
      <trkpt lat="45.97946" lon="11.09140"><ele>205</ele></trkpt>
      <trkpt lat="45.98019" lon="11.09149"><ele>201</ele></trkpt>
      <trkpt lat="45.98036" lon="11.09150"><ele>201</ele></trkpt>
      <trkpt lat="45.98051" lon="11.09150"><ele>201</ele></trkpt>
      <trkpt lat="45.98073" lon="11.09154"><ele>200</ele></trkpt>
      <trkpt lat="45.98104" lon="11.09159"><ele>199</ele></trkpt>
      <trkpt lat="45.98119" lon="11.09161"><ele>199</ele></trkpt>
      <trkpt lat="45.98148" lon="11.09172"><ele>198</ele></trkpt>
      <trkpt lat="45.98166" lon="11.09181"><ele>197</ele></trkpt>
      <trkpt lat="45.98180" lon="11.09190"><ele>197</ele></trkpt>
      <trkpt lat="45.98201" lon="11.09206"><ele>196</ele></trkpt>
      <trkpt lat="45.98249" lon="11.09259"><ele>194</ele></trkpt>
      <trkpt lat="45.98281" lon="11.09293"><ele>193</ele></trkpt>
      <trkpt lat="45.98383" lon="11.09406"><ele>190</ele></trkpt>
      <trkpt lat="45.98384" lon="11.09407"><ele>189</ele></trkpt>
      <trkpt lat="45.98387" lon="11.09411"><ele>189</ele></trkpt>
      <trkpt lat="45.98390" lon="11.09420"><ele>189</ele></trkpt>
      <trkpt lat="45.98391" lon="11.09425"><ele>189</ele></trkpt>
      <trkpt lat="45.98391" lon="11.09435"><ele>189</ele></trkpt>
      <trkpt lat="45.98391" lon="11.09437"><ele>189</ele></trkpt>
      <trkpt lat="45.98389" lon="11.09444"><ele>189</ele></trkpt>
      <trkpt lat="45.98385" lon="11.09447"><ele>189</ele></trkpt>
      <trkpt lat="45.98383" lon="11.09452"><ele>189</ele></trkpt>
      <trkpt lat="45.98380" lon="11.09458"><ele>189</ele></trkpt>
      <trkpt lat="45.98379" lon="11.09465"><ele>189</ele></trkpt>
      <trkpt lat="45.98380" lon="11.09472"><ele>189</ele></trkpt>
      <trkpt lat="45.98381" lon="11.09479"><ele>188</ele></trkpt>
      <trkpt lat="45.98384" lon="11.09485"><ele>187</ele></trkpt>
      <trkpt lat="45.98389" lon="11.09491"><ele>186</ele></trkpt>
      <trkpt lat="45.98395" lon="11.09494"><ele>186</ele></trkpt>
      <trkpt lat="45.98401" lon="11.09493"><ele>186</ele></trkpt>
      <trkpt lat="45.98407" lon="11.09490"><ele>186</ele></trkpt>
      <trkpt lat="45.98412" lon="11.09485"><ele>187</ele></trkpt>
      <trkpt lat="45.98421" lon="11.09482"><ele>187</ele></trkpt>
      <trkpt lat="45.98432" lon="11.09480"><ele>187</ele></trkpt>
      <trkpt lat="45.98448" lon="11.09478"><ele>187</ele></trkpt>
      <trkpt lat="45.98469" lon="11.09485"><ele>186</ele></trkpt>
      <trkpt lat="45.98481" lon="11.09490"><ele>185</ele></trkpt>
      <trkpt lat="45.98502" lon="11.09503"><ele>185</ele></trkpt>
      <trkpt lat="45.98546" lon="11.09531"><ele>183</ele></trkpt>
      <trkpt lat="45.98579" lon="11.09554"><ele>183</ele></trkpt>
      <trkpt lat="45.98663" lon="11.09615"><ele>182</ele></trkpt>
      <trkpt lat="45.98698" lon="11.09631"><ele>182</ele></trkpt>
      <trkpt lat="45.98758" lon="11.09651"><ele>182</ele></trkpt>
      <trkpt lat="45.98773" lon="11.09656"><ele>181</ele></trkpt>
      <trkpt lat="45.98909" lon="11.09704"><ele>183</ele></trkpt>
      <trkpt lat="45.99142" lon="11.09784"><ele>182</ele></trkpt>
      <trkpt lat="45.99200" lon="11.09804"><ele>182</ele></trkpt>
      <trkpt lat="45.99225" lon="11.09813"><ele>182</ele></trkpt>
      <trkpt lat="45.99343" lon="11.09854"><ele>183</ele></trkpt>
      <trkpt lat="45.99432" lon="11.09887"><ele>182</ele></trkpt>
      <trkpt lat="45.99476" lon="11.09911"><ele>183</ele></trkpt>
      <trkpt lat="45.99541" lon="11.09954"><ele>184</ele></trkpt>
      <trkpt lat="45.99523" lon="11.10047"><ele>182</ele></trkpt>
      <trkpt lat="45.99488" lon="11.10247"><ele>182</ele></trkpt>
      <trkpt lat="45.99481" lon="11.10308"><ele>182</ele></trkpt>
      <trkpt lat="45.99483" lon="11.10339"><ele>182</ele></trkpt>
      <trkpt lat="45.99486" lon="11.10355"><ele>182</ele></trkpt>
      <trkpt lat="45.99489" lon="11.10365"><ele>182</ele></trkpt>
      <trkpt lat="45.99493" lon="11.10377"><ele>182</ele></trkpt>
      <trkpt lat="45.99497" lon="11.10393"><ele>182</ele></trkpt>
      <trkpt lat="45.99510" lon="11.10428"><ele>182</ele></trkpt>
      <trkpt lat="45.99525" lon="11.10450"><ele>182</ele></trkpt>
      <trkpt lat="45.99544" lon="11.10470"><ele>182</ele></trkpt>
      <trkpt lat="45.99580" lon="11.10497"><ele>183</ele></trkpt>
      <trkpt lat="45.99618" lon="11.10524"><ele>182</ele></trkpt>
      <trkpt lat="45.99637" lon="11.10546"><ele>182</ele></trkpt>
      <trkpt lat="45.99641" lon="11.10553"><ele>182</ele></trkpt>
      <trkpt lat="45.99697" lon="11.10638"><ele>183</ele></trkpt>
      <trkpt lat="45.99714" lon="11.10668"><ele>182</ele></trkpt>
      <trkpt lat="45.99717" lon="11.10675"><ele>182</ele></trkpt>
      <trkpt lat="45.99736" lon="11.10723"><ele>182</ele></trkpt>
      <trkpt lat="45.99750" lon="11.10781"><ele>183</ele></trkpt>
      <trkpt lat="45.99759" lon="11.10844"><ele>182</ele></trkpt>
      <trkpt lat="45.99765" lon="11.10889"><ele>182</ele></trkpt>
      <trkpt lat="45.99771" lon="11.10950"><ele>183</ele></trkpt>
      <trkpt lat="45.99787" lon="11.11019"><ele>182</ele></trkpt>
      <trkpt lat="45.99797" lon="11.11061"><ele>183</ele></trkpt>
      <trkpt lat="45.99814" lon="11.11118"><ele>183</ele></trkpt>
      <trkpt lat="45.99825" lon="11.11151"><ele>183</ele></trkpt>
      <trkpt lat="45.99833" lon="11.11174"><ele>183</ele></trkpt>
      <trkpt lat="45.99868" lon="11.11266"><ele>183</ele></trkpt>
      <trkpt lat="46.00051" lon="11.11708"><ele>184</ele></trkpt>
      <trkpt lat="46.00125" lon="11.11886"><ele>184</ele></trkpt>
      <trkpt lat="46.00163" lon="11.11978"><ele>184</ele></trkpt>
      <trkpt lat="46.00177" lon="11.12005"><ele>184</ele></trkpt>
      <trkpt lat="46.00195" lon="11.12030"><ele>184</ele></trkpt>
      <trkpt lat="46.00210" lon="11.12041"><ele>184</ele></trkpt>
      <trkpt lat="46.00231" lon="11.12054"><ele>184</ele></trkpt>
      <trkpt lat="46.00248" lon="11.12062"><ele>184</ele></trkpt>
      <trkpt lat="46.00278" lon="11.12065"><ele>184</ele></trkpt>
      <trkpt lat="46.00324" lon="11.12066"><ele>184</ele></trkpt>
      <trkpt lat="46.00480" lon="11.12073"><ele>184</ele></trkpt>
      <trkpt lat="46.00572" lon="11.12076"><ele>184</ele></trkpt>
      <trkpt lat="46.00612" lon="11.12080"><ele>184</ele></trkpt>
      <trkpt lat="46.00652" lon="11.12080"><ele>184</ele></trkpt>
      <trkpt lat="46.00682" lon="11.12075"><ele>184</ele></trkpt>
      <trkpt lat="46.00698" lon="11.12070"><ele>184</ele></trkpt>
      <trkpt lat="46.00890" lon="11.12008"><ele>185</ele></trkpt>
      <trkpt lat="46.00905" lon="11.12005"><ele>186</ele></trkpt>
      <trkpt lat="46.00914" lon="11.12006"><ele>187</ele></trkpt>
      <trkpt lat="46.00922" lon="11.12009"><ele>186</ele></trkpt>
      <trkpt lat="46.00935" lon="11.12017"><ele>187</ele></trkpt>
      <trkpt lat="46.00946" lon="11.12034"><ele>188</ele></trkpt>
      <trkpt lat="46.00955" lon="11.12051"><ele>186</ele></trkpt>
      <trkpt lat="46.00961" lon="11.12074"><ele>185</ele></trkpt>
      <trkpt lat="46.00962" lon="11.12095"><ele>186</ele></trkpt>
      <trkpt lat="46.00961" lon="11.12160"><ele>186</ele></trkpt>
      <trkpt lat="46.00961" lon="11.12221"><ele>188</ele></trkpt>
      <trkpt lat="46.00961" lon="11.12225"><ele>186</ele></trkpt>
      <trkpt lat="46.00960" lon="11.12355"><ele>186</ele></trkpt>
      <trkpt lat="46.00959" lon="11.12360"><ele>188</ele></trkpt>
      <trkpt lat="46.00959" lon="11.12365"><ele>188</ele></trkpt>
      <trkpt lat="46.00959" lon="11.12367"><ele>188</ele></trkpt>
      <trkpt lat="46.00956" lon="11.12396"><ele>186</ele></trkpt>
      <trkpt lat="46.00947" lon="11.12449"><ele>190</ele></trkpt>
      <trkpt lat="46.00944" lon="11.12473"><ele>190</ele></trkpt>
      <trkpt lat="46.00942" lon="11.12483"><ele>188</ele></trkpt>
      <trkpt lat="46.00938" lon="11.12509"><ele>187</ele></trkpt>
      <trkpt lat="46.00937" lon="11.12512"><ele>188</ele></trkpt>
      <trkpt lat="46.00936" lon="11.12518"><ele>189</ele></trkpt>
      <trkpt lat="46.00933" lon="11.12540"><ele>190</ele></trkpt>
      <trkpt lat="46.00932" lon="11.12547"><ele>188</ele></trkpt>
      <trkpt lat="46.00930" lon="11.12556"><ele>188</ele></trkpt>
      <trkpt lat="46.00923" lon="11.12600"><ele>188</ele></trkpt>
      <trkpt lat="46.00906" lon="11.12707"><ele>188</ele></trkpt>
      <trkpt lat="46.00900" lon="11.12746"><ele>188</ele></trkpt>
      <trkpt lat="46.00898" lon="11.12760"><ele>188</ele></trkpt>
      <trkpt lat="46.00893" lon="11.12761"><ele>189</ele></trkpt>
      <trkpt lat="46.00891" lon="11.12764"><ele>189</ele></trkpt>
      <trkpt lat="46.00890" lon="11.12766"><ele>189</ele></trkpt>
      <trkpt lat="46.00890" lon="11.12771"><ele>189</ele></trkpt>
      <trkpt lat="46.00890" lon="11.12774"><ele>189</ele></trkpt>
      <trkpt lat="46.00892" lon="11.12776"><ele>189</ele></trkpt>
      <trkpt lat="46.00894" lon="11.12778"><ele>189</ele></trkpt>
      <trkpt lat="46.00898" lon="11.12779"><ele>189</ele></trkpt>
      <trkpt lat="46.00901" lon="11.12777"><ele>189</ele></trkpt>
      <trkpt lat="46.00902" lon="11.12774"><ele>189</ele></trkpt>
      <trkpt lat="46.00910" lon="11.12782"><ele>189</ele></trkpt>
      <trkpt lat="46.00929" lon="11.12798"><ele>189</ele></trkpt>
      <trkpt lat="46.00946" lon="11.12813"><ele>190</ele></trkpt>
      <trkpt lat="46.00944" lon="11.12820"><ele>190</ele></trkpt>
      <trkpt lat="46.00939" lon="11.12848"><ele>192</ele></trkpt>
      <trkpt lat="46.00933" lon="11.12882"><ele>194</ele></trkpt>
      <trkpt lat="46.00932" lon="11.12887"><ele>194</ele></trkpt>
      <trkpt lat="46.00902" lon="11.12869"><ele>194</ele></trkpt>
      <trkpt lat="46.00900" lon="11.12868"><ele>194</ele></trkpt>
      <trkpt lat="46.00872" lon="11.12851"><ele>194</ele></trkpt>
      <trkpt lat="46.00868" lon="11.12849"><ele>193</ele></trkpt>
      <trkpt lat="46.00867" lon="11.12854"><ele>194</ele></trkpt>
      <trkpt lat="46.00865" lon="11.12859"><ele>194</ele></trkpt>
      <trkpt lat="46.00864" lon="11.12858"><ele>194</ele></trkpt>
      <trkpt lat="46.00857" lon="11.12882"><ele>195</ele></trkpt>
      <trkpt lat="46.00860" lon="11.12883"><ele>195</ele></trkpt>
      <trkpt lat="46.00856" lon="11.12897"><ele>196</ele></trkpt>
      <trkpt lat="46.00842" lon="11.12889"><ele>197</ele></trkpt>
      <trkpt lat="46.00841" lon="11.12891"><ele>197</ele></trkpt>
      <trkpt lat="46.00790" lon="11.12861"><ele>198</ele></trkpt>
      <trkpt lat="46.00759" lon="11.12843"><ele>198</ele></trkpt>
      <trkpt lat="46.00753" lon="11.12866"><ele>199</ele></trkpt>
      <trkpt lat="46.00748" lon="11.12863"><ele>199</ele></trkpt>
      <trkpt lat="46.00750" lon="11.12855"><ele>198</ele></trkpt>
      <trkpt lat="46.00736" lon="11.12850"><ele>198</ele></trkpt>
      <trkpt lat="46.00720" lon="11.12844"><ele>198</ele></trkpt>
      <trkpt lat="46.00706" lon="11.12838"><ele>198</ele></trkpt>
      <trkpt lat="46.00695" lon="11.12833"><ele>198</ele></trkpt>
      <trkpt lat="46.00691" lon="11.12831"><ele>198</ele></trkpt>
      <trkpt lat="46.00691" lon="11.12827"><ele>198</ele></trkpt>
      <trkpt lat="46.00689" lon="11.12825"><ele>198</ele></trkpt>
      <trkpt lat="46.00684" lon="11.12822"><ele>197</ele></trkpt>
      <trkpt lat="46.00681" lon="11.12822"><ele>198</ele></trkpt>
      <trkpt lat="46.00677" lon="11.12821"><ele>198</ele></trkpt>
      <trkpt lat="46.00680" lon="11.12813"><ele>197</ele></trkpt>
      <trkpt lat="46.00688" lon="11.12776"><ele>196</ele></trkpt>
      <trkpt lat="46.00690" lon="11.12773"><ele>196</ele></trkpt>
      <trkpt lat="46.00692" lon="11.12772"><ele>196</ele></trkpt>
      <trkpt lat="46.00695" lon="11.12771"><ele>196</ele></trkpt>
      <trkpt lat="46.00701" lon="11.12772"><ele>195</ele></trkpt>
      <trkpt lat="46.00702" lon="11.12773"><ele>195</ele></trkpt>
      <trkpt lat="46.00729" lon="11.12784"><ele>195</ele></trkpt>
      <trkpt lat="46.00790" lon="11.12805"><ele>195</ele></trkpt>
      <trkpt lat="46.00804" lon="11.12811"><ele>195</ele></trkpt>
      <trkpt lat="46.00821" lon="11.12821"><ele>194</ele></trkpt>
      <trkpt lat="46.00823" lon="11.12815"><ele>194</ele></trkpt>
      <trkpt lat="46.00827" lon="11.12781"><ele>192</ele></trkpt>
      <trkpt lat="46.00835" lon="11.12745"><ele>190</ele></trkpt>
      <trkpt lat="46.00836" lon="11.12737"><ele>190</ele></trkpt>
      <trkpt lat="46.00837" lon="11.12731"><ele>190</ele></trkpt>
      <trkpt lat="46.00890" lon="11.12766"><ele>189</ele></trkpt>
      <trkpt lat="46.00890" lon="11.12771"><ele>189</ele></trkpt>
      <trkpt lat="46.00890" lon="11.12774"><ele>189</ele></trkpt>
      <trkpt lat="46.00892" lon="11.12776"><ele>189</ele></trkpt>
      <trkpt lat="46.00894" lon="11.12778"><ele>189</ele></trkpt>
      <trkpt lat="46.00898" lon="11.12779"><ele>189</ele></trkpt>
      <trkpt lat="46.00901" lon="11.12777"><ele>189</ele></trkpt>
      <trkpt lat="46.00902" lon="11.12774"><ele>189</ele></trkpt>
      <trkpt lat="46.00903" lon="11.12772"><ele>189</ele></trkpt>
      <trkpt lat="46.00903" lon="11.12767"><ele>188</ele></trkpt>
      <trkpt lat="46.00901" lon="11.12762"><ele>188</ele></trkpt>
      <trkpt lat="46.00898" lon="11.12760"><ele>188</ele></trkpt>
      <trkpt lat="46.00900" lon="11.12746"><ele>188</ele></trkpt>
      <trkpt lat="46.00906" lon="11.12707"><ele>188</ele></trkpt>
      <trkpt lat="46.00923" lon="11.12600"><ele>188</ele></trkpt>
      <trkpt lat="46.00930" lon="11.12556"><ele>188</ele></trkpt>
      <trkpt lat="46.00932" lon="11.12547"><ele>188</ele></trkpt>
      <trkpt lat="46.00933" lon="11.12540"><ele>190</ele></trkpt>
      <trkpt lat="46.00936" lon="11.12518"><ele>189</ele></trkpt>
      <trkpt lat="46.00937" lon="11.12512"><ele>188</ele></trkpt>
      <trkpt lat="46.00938" lon="11.12509"><ele>187</ele></trkpt>
      <trkpt lat="46.00942" lon="11.12483"><ele>188</ele></trkpt>
      <trkpt lat="46.00944" lon="11.12473"><ele>190</ele></trkpt>
      <trkpt lat="46.00947" lon="11.12449"><ele>190</ele></trkpt>
      <trkpt lat="46.00956" lon="11.12396"><ele>186</ele></trkpt>
      <trkpt lat="46.00959" lon="11.12367"><ele>188</ele></trkpt>
      <trkpt lat="46.00959" lon="11.12365"><ele>188</ele></trkpt>
      <trkpt lat="46.00959" lon="11.12360"><ele>188</ele></trkpt>
      <trkpt lat="46.00963" lon="11.12360"><ele>188</ele></trkpt>
      <trkpt lat="46.00964" lon="11.12360"><ele>188</ele></trkpt>
      <trkpt lat="46.01079" lon="11.12361"><ele>186</ele></trkpt>
      <trkpt lat="46.01089" lon="11.12361"><ele>186</ele></trkpt>
      <trkpt lat="46.01244" lon="11.12362"><ele>188</ele></trkpt>
      <trkpt lat="46.01417" lon="11.12362"><ele>187</ele></trkpt>
      <trkpt lat="46.01512" lon="11.12362"><ele>187</ele></trkpt>
      <trkpt lat="46.01521" lon="11.12366"><ele>186</ele></trkpt>
      <trkpt lat="46.01548" lon="11.12371"><ele>186</ele></trkpt>
      <trkpt lat="46.01628" lon="11.12373"><ele>186</ele></trkpt>
      <trkpt lat="46.02644" lon="11.12373"><ele>188</ele></trkpt>
      <trkpt lat="46.02649" lon="11.12374"><ele>187</ele></trkpt>
      <trkpt lat="46.02655" lon="11.12375"><ele>187</ele></trkpt>
      <trkpt lat="46.02659" lon="11.12374"><ele>187</ele></trkpt>
      <trkpt lat="46.02884" lon="11.12373"><ele>188</ele></trkpt>
      <trkpt lat="46.02910" lon="11.12368"><ele>187</ele></trkpt>
      <trkpt lat="46.02925" lon="11.12370"><ele>186</ele></trkpt>
      <trkpt lat="46.02983" lon="11.12384"><ele>188</ele></trkpt>
      <trkpt lat="46.03031" lon="11.12398"><ele>188</ele></trkpt>
      <trkpt lat="46.03094" lon="11.12419"><ele>189</ele></trkpt>
      <trkpt lat="46.03140" lon="11.12436"><ele>187</ele></trkpt>
      <trkpt lat="46.03187" lon="11.12452"><ele>188</ele></trkpt>
      <trkpt lat="46.03212" lon="11.12458"><ele>188</ele></trkpt>
      <trkpt lat="46.03245" lon="11.12464"><ele>188</ele></trkpt>
      <trkpt lat="46.03265" lon="11.12464"><ele>188</ele></trkpt>
      <trkpt lat="46.03277" lon="11.12465"><ele>188</ele></trkpt>
      <trkpt lat="46.03303" lon="11.12464"><ele>189</ele></trkpt>
      <trkpt lat="46.03327" lon="11.12461"><ele>188</ele></trkpt>
      <trkpt lat="46.03361" lon="11.12452"><ele>188</ele></trkpt>
      <trkpt lat="46.03394" lon="11.12443"><ele>190</ele></trkpt>
      <trkpt lat="46.03407" lon="11.12447"><ele>190</ele></trkpt>
      <trkpt lat="46.03433" lon="11.12450"><ele>190</ele></trkpt>
      <trkpt lat="46.03464" lon="11.12456"><ele>192</ele></trkpt>
      <trkpt lat="46.03476" lon="11.12459"><ele>192</ele></trkpt>
      <trkpt lat="46.03507" lon="11.12465"><ele>190</ele></trkpt>
      <trkpt lat="46.03514" lon="11.12466"><ele>190</ele></trkpt>
      <trkpt lat="46.03522" lon="11.12465"><ele>190</ele></trkpt>
      <trkpt lat="46.03523" lon="11.12464"><ele>190</ele></trkpt>
      <trkpt lat="46.03525" lon="11.12460"><ele>190</ele></trkpt>
      <trkpt lat="46.03527" lon="11.12460"><ele>190</ele></trkpt>
      <trkpt lat="46.03533" lon="11.12461"><ele>190</ele></trkpt>
      <trkpt lat="46.03611" lon="11.12466"><ele>188</ele></trkpt>
      <trkpt lat="46.03631" lon="11.12465"><ele>188</ele></trkpt>
      <trkpt lat="46.03661" lon="11.12466"><ele>188</ele></trkpt>
      <trkpt lat="46.03681" lon="11.12460"><ele>188</ele></trkpt>
      <trkpt lat="46.03690" lon="11.12461"><ele>188</ele></trkpt>
      <trkpt lat="46.03720" lon="11.12467"><ele>189</ele></trkpt>
      <trkpt lat="46.03723" lon="11.12467"><ele>189</ele></trkpt>
      <trkpt lat="46.03738" lon="11.12462"><ele>189</ele></trkpt>
      <trkpt lat="46.03752" lon="11.12459"><ele>189</ele></trkpt>
      <trkpt lat="46.03796" lon="11.12448"><ele>189</ele></trkpt>
      <trkpt lat="46.03797" lon="11.12446"><ele>189</ele></trkpt>
      <trkpt lat="46.03800" lon="11.12436"><ele>189</ele></trkpt>
      <trkpt lat="46.03802" lon="11.12435"><ele>189</ele></trkpt>
      <trkpt lat="46.03806" lon="11.12435"><ele>189</ele></trkpt>
      <trkpt lat="46.03810" lon="11.12434"><ele>189</ele></trkpt>
      <trkpt lat="46.03811" lon="11.12436"><ele>189</ele></trkpt>
      <trkpt lat="46.03813" lon="11.12443"><ele>189</ele></trkpt>
      <trkpt lat="46.03815" lon="11.12445"><ele>189</ele></trkpt>
      <trkpt lat="46.03820" lon="11.12444"><ele>189</ele></trkpt>
      <trkpt lat="46.03851" lon="11.12438"><ele>189</ele></trkpt>
      <trkpt lat="46.03866" lon="11.12435"><ele>189</ele></trkpt>
      <trkpt lat="46.03935" lon="11.12417"><ele>189</ele></trkpt>
      <trkpt lat="46.03952" lon="11.12412"><ele>189</ele></trkpt>
      <trkpt lat="46.03994" lon="11.12402"><ele>189</ele></trkpt>
      <trkpt lat="46.04033" lon="11.12392"><ele>190</ele></trkpt>
      <trkpt lat="46.04062" lon="11.12384"><ele>190</ele></trkpt>
      <trkpt lat="46.04079" lon="11.12380"><ele>190</ele></trkpt>
      <trkpt lat="46.04129" lon="11.12367"><ele>190</ele></trkpt>
      <trkpt lat="46.04136" lon="11.12366"><ele>190</ele></trkpt>
      <trkpt lat="46.04146" lon="11.12363"><ele>190</ele></trkpt>
      <trkpt lat="46.04184" lon="11.12353"><ele>190</ele></trkpt>
      <trkpt lat="46.04199" lon="11.12345"><ele>190</ele></trkpt>
      <trkpt lat="46.04217" lon="11.12331"><ele>191</ele></trkpt>
      <trkpt lat="46.04257" lon="11.12313"><ele>191</ele></trkpt>
      <trkpt lat="46.04342" lon="11.12265"><ele>191</ele></trkpt>
      <trkpt lat="46.04463" lon="11.12170"><ele>192</ele></trkpt>
      <trkpt lat="46.04469" lon="11.12165"><ele>193</ele></trkpt>
      <trkpt lat="46.04482" lon="11.12159"><ele>193</ele></trkpt>
      <trkpt lat="46.04491" lon="11.12151"><ele>193</ele></trkpt>
      <trkpt lat="46.04496" lon="11.12143"><ele>194</ele></trkpt>
      <trkpt lat="46.04541" lon="11.12108"><ele>194</ele></trkpt>
      <trkpt lat="46.04573" lon="11.12082"><ele>194</ele></trkpt>
      <trkpt lat="46.04606" lon="11.12057"><ele>194</ele></trkpt>
      <trkpt lat="46.04727" lon="11.11963"><ele>196</ele></trkpt>
      <trkpt lat="46.04731" lon="11.11961"><ele>196</ele></trkpt>
      <trkpt lat="46.04733" lon="11.11963"><ele>196</ele></trkpt>
      <trkpt lat="46.04735" lon="11.11968"><ele>196</ele></trkpt>
      <trkpt lat="46.04737" lon="11.11974"><ele>195</ele></trkpt>
      <trkpt lat="46.04746" lon="11.11968"><ele>195</ele></trkpt>
      <trkpt lat="46.04767" lon="11.11958"><ele>196</ele></trkpt>
      <trkpt lat="46.04785" lon="11.11955"><ele>196</ele></trkpt>
      <trkpt lat="46.04800" lon="11.11953"><ele>196</ele></trkpt>
      <trkpt lat="46.04826" lon="11.11954"><ele>196</ele></trkpt>
      <trkpt lat="46.04839" lon="11.11956"><ele>195</ele></trkpt>
      <trkpt lat="46.04844" lon="11.11956"><ele>194</ele></trkpt>
      <trkpt lat="46.04850" lon="11.11957"><ele>194</ele></trkpt>
      <trkpt lat="46.04850" lon="11.11957"><ele>194</ele></trkpt>
      <trkpt lat="46.04870" lon="11.11963"><ele>194</ele></trkpt>
      <trkpt lat="46.04872" lon="11.11962"><ele>194</ele></trkpt>
      <trkpt lat="46.04873" lon="11.11959"><ele>194</ele></trkpt>
      <trkpt lat="46.04878" lon="11.11960"><ele>194</ele></trkpt>
      <trkpt lat="46.04923" lon="11.11979"><ele>195</ele></trkpt>
      <trkpt lat="46.04968" lon="11.11998"><ele>198</ele></trkpt>
      <trkpt lat="46.04973" lon="11.12001"><ele>198</ele></trkpt>
      <trkpt lat="46.04980" lon="11.12009"><ele>197</ele></trkpt>
      <trkpt lat="46.05007" lon="11.12034"><ele>196</ele></trkpt>
      <trkpt lat="46.05020" lon="11.12042"><ele>198</ele></trkpt>
      <trkpt lat="46.05039" lon="11.12052"><ele>198</ele></trkpt>
      <trkpt lat="46.05047" lon="11.12057"><ele>198</ele></trkpt>
      <trkpt lat="46.05051" lon="11.12058"><ele>197</ele></trkpt>
      <trkpt lat="46.05056" lon="11.12059"><ele>197</ele></trkpt>
      <trkpt lat="46.05070" lon="11.12058"><ele>198</ele></trkpt>
      <trkpt lat="46.05094" lon="11.12061"><ele>197</ele></trkpt>
      <trkpt lat="46.05110" lon="11.12066"><ele>196</ele></trkpt>
      <trkpt lat="46.05129" lon="11.12075"><ele>197</ele></trkpt>
      <trkpt lat="46.05153" lon="11.12088"><ele>198</ele></trkpt>
      <trkpt lat="46.05158" lon="11.12092"><ele>197</ele></trkpt>
      <trkpt lat="46.05211" lon="11.12127"><ele>199</ele></trkpt>
      <trkpt lat="46.05241" lon="11.12149"><ele>200</ele></trkpt>
      <trkpt lat="46.05249" lon="11.12153"><ele>200</ele></trkpt>
      <trkpt lat="46.05256" lon="11.12158"><ele>201</ele></trkpt>
      <trkpt lat="46.05257" lon="11.12158"><ele>200</ele></trkpt>
      <trkpt lat="46.05258" lon="11.12155"><ele>200</ele></trkpt>
      <trkpt lat="46.05266" lon="11.12133"><ele>200</ele></trkpt>
      <trkpt lat="46.05268" lon="11.12128"><ele>200</ele></trkpt>
      <trkpt lat="46.05273" lon="11.12131"><ele>200</ele></trkpt>
      <trkpt lat="46.05279" lon="11.12134"><ele>201</ele></trkpt>
      <trkpt lat="46.05277" lon="11.12138"><ele>201</ele></trkpt>
      <trkpt lat="46.05431" lon="11.12253"><ele>198</ele></trkpt>
      <trkpt lat="46.05432" lon="11.12255"><ele>198</ele></trkpt>
      <trkpt lat="46.05433" lon="11.12259"><ele>198</ele></trkpt>
      <trkpt lat="46.05435" lon="11.12262"><ele>198</ele></trkpt>
      <trkpt lat="46.05477" lon="11.12300"><ele>198</ele></trkpt>
      <trkpt lat="46.05482" lon="11.12302"><ele>198</ele></trkpt>
      <trkpt lat="46.05491" lon="11.12309"><ele>198</ele></trkpt>
      <trkpt lat="46.05494" lon="11.12311"><ele>198</ele></trkpt>
      <trkpt lat="46.05501" lon="11.12317"><ele>198</ele></trkpt>
      <trkpt lat="46.05516" lon="11.12333"><ele>199</ele></trkpt>
      <trkpt lat="46.05517" lon="11.12335"><ele>199</ele></trkpt>
      <trkpt lat="46.05517" lon="11.12339"><ele>199</ele></trkpt>
      <trkpt lat="46.05618" lon="11.12432"><ele>202</ele></trkpt>
      <trkpt lat="46.05621" lon="11.12432"><ele>202</ele></trkpt>
      <trkpt lat="46.05623" lon="11.12432"><ele>202</ele></trkpt>
      <trkpt lat="46.05626" lon="11.12434"><ele>202</ele></trkpt>
      <trkpt lat="46.05631" lon="11.12435"><ele>203</ele></trkpt>
      <trkpt lat="46.05647" lon="11.12430"><ele>202</ele></trkpt>
      <trkpt lat="46.05652" lon="11.12431"><ele>202</ele></trkpt>
      <trkpt lat="46.05663" lon="11.12438"><ele>204</ele></trkpt>
      <trkpt lat="46.05670" lon="11.12446"><ele>204</ele></trkpt>
      <trkpt lat="46.05676" lon="11.12447"><ele>204</ele></trkpt>
      <trkpt lat="46.05680" lon="11.12448"><ele>204</ele></trkpt>
      <trkpt lat="46.05706" lon="11.12467"><ele>204</ele></trkpt>
      <trkpt lat="46.05709" lon="11.12471"><ele>204</ele></trkpt>
      <trkpt lat="46.05717" lon="11.12485"><ele>205</ele></trkpt>
      <trkpt lat="46.05721" lon="11.12489"><ele>205</ele></trkpt>
      <trkpt lat="46.05725" lon="11.12491"><ele>205</ele></trkpt>
      <trkpt lat="46.05734" lon="11.12494"><ele>204</ele></trkpt>
      <trkpt lat="46.05739" lon="11.12495"><ele>204</ele></trkpt>
      <trkpt lat="46.05744" lon="11.12499"><ele>204</ele></trkpt>
      <trkpt lat="46.05762" lon="11.12520"><ele>203</ele></trkpt>
      <trkpt lat="46.05770" lon="11.12529"><ele>203</ele></trkpt>
      <trkpt lat="46.05773" lon="11.12534"><ele>203</ele></trkpt>
      <trkpt lat="46.05775" lon="11.12540"><ele>204</ele></trkpt>
      <trkpt lat="46.05777" lon="11.12545"><ele>205</ele></trkpt>
      <trkpt lat="46.05781" lon="11.12549"><ele>205</ele></trkpt>
      <trkpt lat="46.05787" lon="11.12554"><ele>205</ele></trkpt>
      <trkpt lat="46.05793" lon="11.12563"><ele>204</ele></trkpt>
      <trkpt lat="46.05796" lon="11.12567"><ele>204</ele></trkpt>
      <trkpt lat="46.05802" lon="11.12570"><ele>204</ele></trkpt>
      <trkpt lat="46.05806" lon="11.12573"><ele>205</ele></trkpt>
      <trkpt lat="46.05842" lon="11.12613"><ele>205</ele></trkpt>
      <trkpt lat="46.05846" lon="11.12621"><ele>204</ele></trkpt>
      <trkpt lat="46.05850" lon="11.12633"><ele>204</ele></trkpt>
      <trkpt lat="46.05852" lon="11.12639"><ele>204</ele></trkpt>
      <trkpt lat="46.05855" lon="11.12644"><ele>205</ele></trkpt>
      <trkpt lat="46.05858" lon="11.12648"><ele>205</ele></trkpt>
      <trkpt lat="46.05868" lon="11.12658"><ele>205</ele></trkpt>
      <trkpt lat="46.05871" lon="11.12664"><ele>205</ele></trkpt>
      <trkpt lat="46.05877" lon="11.12671"><ele>205</ele></trkpt>
      <trkpt lat="46.05889" lon="11.12688"><ele>207</ele></trkpt>
      <trkpt lat="46.05883" lon="11.12696"><ele>207</ele></trkpt>
      <trkpt lat="46.05884" lon="11.12699"><ele>207</ele></trkpt>
      <trkpt lat="46.05886" lon="11.12702"><ele>207</ele></trkpt>
      <trkpt lat="46.05889" lon="11.12706"><ele>206</ele></trkpt>
      <trkpt lat="46.05890" lon="11.12708"><ele>206</ele></trkpt>
      <trkpt lat="46.05892" lon="11.12707"><ele>206</ele></trkpt>
      <trkpt lat="46.05894" lon="11.12708"><ele>206</ele></trkpt>
      <trkpt lat="46.05897" lon="11.12711"><ele>206</ele></trkpt>
      <trkpt lat="46.05898" lon="11.12711"><ele>206</ele></trkpt>
      <trkpt lat="46.05900" lon="11.12709"><ele>207</ele></trkpt>
      <trkpt lat="46.05901" lon="11.12707"><ele>207</ele></trkpt>
      <trkpt lat="46.05903" lon="11.12705"><ele>207</ele></trkpt>
      <trkpt lat="46.05904" lon="11.12704"><ele>207</ele></trkpt>
      <trkpt lat="46.05906" lon="11.12702"><ele>207</ele></trkpt>
      <trkpt lat="46.05907" lon="11.12701"><ele>207</ele></trkpt>
      <trkpt lat="46.05906" lon="11.12699"><ele>207</ele></trkpt>
      <trkpt lat="46.05906" lon="11.12695"><ele>207</ele></trkpt>
      <trkpt lat="46.05907" lon="11.12693"><ele>207</ele></trkpt>
      <trkpt lat="46.05923" lon="11.12677"><ele>206</ele></trkpt>
      <trkpt lat="46.05983" lon="11.12616"><ele>203</ele></trkpt>
      <trkpt lat="46.05989" lon="11.12613"><ele>203</ele></trkpt>
      <trkpt lat="46.05993" lon="11.12609"><ele>203</ele></trkpt>
      <trkpt lat="46.05997" lon="11.12605"><ele>203</ele></trkpt>
      <trkpt lat="46.05998" lon="11.12603"><ele>202</ele></trkpt>
      <trkpt lat="46.06000" lon="11.12599"><ele>202</ele></trkpt>
      <trkpt lat="46.06034" lon="11.12561"><ele>201</ele></trkpt>
      <trkpt lat="46.06054" lon="11.12541"><ele>201</ele></trkpt>
      <trkpt lat="46.06091" lon="11.12504"><ele>201</ele></trkpt>
      <trkpt lat="46.06095" lon="11.12500"><ele>200</ele></trkpt>
      <trkpt lat="46.06096" lon="11.12500"><ele>200</ele></trkpt>
      <trkpt lat="46.06099" lon="11.12496"><ele>200</ele></trkpt>
      <trkpt lat="46.06103" lon="11.12493"><ele>200</ele></trkpt>
      <trkpt lat="46.06103" lon="11.12491"><ele>200</ele></trkpt>
      <trkpt lat="46.06109" lon="11.12485"><ele>200</ele></trkpt>
      <trkpt lat="46.06173" lon="11.12419"><ele>199</ele></trkpt>
      <trkpt lat="46.06175" lon="11.12419"><ele>199</ele></trkpt>
      <trkpt lat="46.06177" lon="11.12420"><ele>199</ele></trkpt>
      <trkpt lat="46.06182" lon="11.12419"><ele>199</ele></trkpt>
      <trkpt lat="46.06189" lon="11.12416"><ele>199</ele></trkpt>
      <trkpt lat="46.06195" lon="11.12413"><ele>199</ele></trkpt>
      <trkpt lat="46.06197" lon="11.12421"><ele>199</ele></trkpt>
      <trkpt lat="46.06216" lon="11.12416"><ele>200</ele></trkpt>
      <trkpt lat="46.06236" lon="11.12410"><ele>199</ele></trkpt>
      <trkpt lat="46.06246" lon="11.12407"><ele>199</ele></trkpt>
      <trkpt lat="46.06280" lon="11.12388"><ele>199</ele></trkpt>
      <trkpt lat="46.06289" lon="11.12385"><ele>199</ele></trkpt>
      <trkpt lat="46.06301" lon="11.12386"><ele>199</ele></trkpt>
      <trkpt lat="46.06314" lon="11.12384"><ele>199</ele></trkpt>
      <trkpt lat="46.06337" lon="11.12379"><ele>199</ele></trkpt>
      <trkpt lat="46.06336" lon="11.12368"><ele>199</ele></trkpt>
      <trkpt lat="46.06336" lon="11.12362"><ele>199</ele></trkpt>
      <trkpt lat="46.06351" lon="11.12358"><ele>199</ele></trkpt>
      <trkpt lat="46.06365" lon="11.12354"><ele>199</ele></trkpt>
      <trkpt lat="46.06388" lon="11.12349"><ele>199</ele></trkpt>
      <trkpt lat="46.06450" lon="11.12336"><ele>198</ele></trkpt>
      <trkpt lat="46.06469" lon="11.12332"><ele>198</ele></trkpt>
      <trkpt lat="46.06472" lon="11.12332"><ele>198</ele></trkpt>
      <trkpt lat="46.06485" lon="11.12329"><ele>198</ele></trkpt>
      <trkpt lat="46.06489" lon="11.12325"><ele>198</ele></trkpt>
      <trkpt lat="46.06491" lon="11.12320"><ele>198</ele></trkpt>
      <trkpt lat="46.06493" lon="11.12316"><ele>198</ele></trkpt>
      <trkpt lat="46.06507" lon="11.12314"><ele>198</ele></trkpt>
      <trkpt lat="46.06510" lon="11.12316"><ele>198</ele></trkpt>
      <trkpt lat="46.06515" lon="11.12318"><ele>197</ele></trkpt>
      <trkpt lat="46.06520" lon="11.12316"><ele>197</ele></trkpt>
      <trkpt lat="46.06523" lon="11.12313"><ele>197</ele></trkpt>
      <trkpt lat="46.06536" lon="11.12309"><ele>196</ele></trkpt>
      <trkpt lat="46.06540" lon="11.12310"><ele>196</ele></trkpt>
      <trkpt lat="46.06571" lon="11.12119"><ele>195</ele></trkpt>
      <trkpt lat="46.06571" lon="11.12115"><ele>195</ele></trkpt>
      <trkpt lat="46.06611" lon="11.12115"><ele>194</ele></trkpt>
      <trkpt lat="46.06616" lon="11.12113"><ele>194</ele></trkpt>
      <trkpt lat="46.06641" lon="11.12105"><ele>194</ele></trkpt>
      <trkpt lat="46.06656" lon="11.12102"><ele>193</ele></trkpt>
      <trkpt lat="46.06661" lon="11.12102"><ele>193</ele></trkpt>
      <trkpt lat="46.06666" lon="11.12102"><ele>193</ele></trkpt>
      <trkpt lat="46.06675" lon="11.12105"><ele>193</ele></trkpt>
      <trkpt lat="46.06677" lon="11.12106"><ele>193</ele></trkpt>
      <trkpt lat="46.06687" lon="11.12105"><ele>194</ele></trkpt>
      <trkpt lat="46.06700" lon="11.12104"><ele>194</ele></trkpt>
      <trkpt lat="46.06704" lon="11.12103"><ele>194</ele></trkpt>
      <trkpt lat="46.06705" lon="11.12112"><ele>194</ele></trkpt>
      <trkpt lat="46.06730" lon="11.12130"><ele>194</ele></trkpt>
      <trkpt lat="46.06765" lon="11.12125"><ele>194</ele></trkpt>
      <trkpt lat="46.06766" lon="11.12149"><ele>194</ele></trkpt>
      <trkpt lat="46.06774" lon="11.12147"><ele>194</ele></trkpt>
      <trkpt lat="46.06815" lon="11.12138"><ele>194</ele></trkpt>
      <trkpt lat="46.06814" lon="11.12132"><ele>194</ele></trkpt>
      <trkpt lat="46.06775" lon="11.12137"><ele>194</ele></trkpt>
      <trkpt lat="46.06775" lon="11.12136"><ele>194</ele></trkpt>
      <trkpt lat="46.06773" lon="11.12113"><ele>194</ele></trkpt>
      <trkpt lat="46.06775" lon="11.12136"><ele>194</ele></trkpt>
      <trkpt lat="46.06775" lon="11.12137"><ele>194</ele></trkpt>
      <trkpt lat="46.06814" lon="11.12132"><ele>194</ele></trkpt>
      <trkpt lat="46.06815" lon="11.12138"><ele>194</ele></trkpt>
      <trkpt lat="46.06826" lon="11.12135"><ele>194</ele></trkpt>
      <trkpt lat="46.06844" lon="11.12131"><ele>194</ele></trkpt>
      <trkpt lat="46.06864" lon="11.12127"><ele>193</ele></trkpt>
      <trkpt lat="46.06884" lon="11.12123"><ele>193</ele></trkpt>
      <trkpt lat="46.06894" lon="11.12122"><ele>193</ele></trkpt>
      <trkpt lat="46.06904" lon="11.12121"><ele>193</ele></trkpt>
      <trkpt lat="46.06952" lon="11.12118"><ele>192</ele></trkpt>
      <trkpt lat="46.06968" lon="11.12117"><ele>192</ele></trkpt>
      <trkpt lat="46.06972" lon="11.12151"><ele>193</ele></trkpt>
      <trkpt lat="46.06973" lon="11.12163"><ele>193</ele></trkpt>
      <trkpt lat="46.06975" lon="11.12163"><ele>193</ele></trkpt>
      <trkpt lat="46.06980" lon="11.12161"><ele>193</ele></trkpt>
      <trkpt lat="46.07006" lon="11.12154"><ele>193</ele></trkpt>
      <trkpt lat="46.07018" lon="11.12151"><ele>192</ele></trkpt>
      <trkpt lat="46.07021" lon="11.12150"><ele>192</ele></trkpt>
      <trkpt lat="46.07022" lon="11.12148"><ele>192</ele></trkpt>
      <trkpt lat="46.07026" lon="11.12146"><ele>192</ele></trkpt>
      <trkpt lat="46.07033" lon="11.12144"><ele>192</ele></trkpt>
      <trkpt lat="46.07035" lon="11.12144"><ele>192</ele></trkpt>
      <trkpt lat="46.07037" lon="11.12145"><ele>192</ele></trkpt>
      <trkpt lat="46.07039" lon="11.12145"><ele>192</ele></trkpt>
      <trkpt lat="46.07054" lon="11.12140"><ele>192</ele></trkpt>
      <trkpt lat="46.07061" lon="11.12138"><ele>192</ele></trkpt>
      <trkpt lat="46.07084" lon="11.12132"><ele>192</ele></trkpt>
      <trkpt lat="46.07087" lon="11.12129"><ele>191</ele></trkpt>
      <trkpt lat="46.07091" lon="11.12127"><ele>191</ele></trkpt>
      <trkpt lat="46.07099" lon="11.12124"><ele>191</ele></trkpt>
      <trkpt lat="46.07140" lon="11.12114"><ele>192</ele></trkpt>
      <trkpt lat="46.07141" lon="11.12110"><ele>192</ele></trkpt>
      <trkpt lat="46.07143" lon="11.12104"><ele>192</ele></trkpt>
      <trkpt lat="46.07145" lon="11.12103"><ele>192</ele></trkpt>
      <trkpt lat="46.07148" lon="11.12103"><ele>192</ele></trkpt>
      <trkpt lat="46.07158" lon="11.12108"><ele>192</ele></trkpt>
      <trkpt lat="46.07165" lon="11.12112"><ele>192</ele></trkpt>
      <trkpt lat="46.07188" lon="11.12128"><ele>192</ele></trkpt>
      <trkpt lat="46.07193" lon="11.12135"><ele>192</ele></trkpt>
      <trkpt lat="46.07203" lon="11.12145"><ele>192</ele></trkpt>
      <trkpt lat="46.07206" lon="11.12148"><ele>192</ele></trkpt>
      <trkpt lat="46.07208" lon="11.12151"><ele>192</ele></trkpt>
      <trkpt lat="46.07227" lon="11.12164"><ele>192</ele></trkpt>
      <trkpt lat="46.07266" lon="11.12189"><ele>192</ele></trkpt>
      <trkpt lat="46.07269" lon="11.12191"><ele>192</ele></trkpt>
      <trkpt lat="46.07301" lon="11.12212"><ele>192</ele></trkpt>
      <trkpt lat="46.07302" lon="11.12213"><ele>192</ele></trkpt>
      <trkpt lat="46.07307" lon="11.12216"><ele>192</ele></trkpt>
      <trkpt lat="46.07315" lon="11.12221"><ele>192</ele></trkpt>
      <trkpt lat="46.07422" lon="11.12290"><ele>193</ele></trkpt>
      <trkpt lat="46.07430" lon="11.12296"><ele>192</ele></trkpt>
      <trkpt lat="46.07433" lon="11.12298"><ele>192</ele></trkpt>
      <trkpt lat="46.07437" lon="11.12301"><ele>192</ele></trkpt>
      <trkpt lat="46.07445" lon="11.12308"><ele>192</ele></trkpt>
      <trkpt lat="46.07451" lon="11.12312"><ele>192</ele></trkpt>
      <trkpt lat="46.07467" lon="11.12323"><ele>192</ele></trkpt>
      <trkpt lat="46.07511" lon="11.12353"><ele>192</ele></trkpt>
      <trkpt lat="46.07518" lon="11.12357"><ele>192</ele></trkpt>
      <trkpt lat="46.07523" lon="11.12360"><ele>192</ele></trkpt>
      <trkpt lat="46.07533" lon="11.12361"><ele>192</ele></trkpt>
      <trkpt lat="46.07540" lon="11.12360"><ele>192</ele></trkpt>
      <trkpt lat="46.07543" lon="11.12370"><ele>192</ele></trkpt>
      <trkpt lat="46.07545" lon="11.12373"><ele>192</ele></trkpt>
      <trkpt lat="46.07563" lon="11.12387"><ele>192</ele></trkpt>
      <trkpt lat="46.07573" lon="11.12393"><ele>192</ele></trkpt>
      <trkpt lat="46.07577" lon="11.12395"><ele>192</ele></trkpt>
      <trkpt lat="46.07584" lon="11.12395"><ele>192</ele></trkpt>
      <trkpt lat="46.07592" lon="11.12392"><ele>192</ele></trkpt>
      <trkpt lat="46.07594" lon="11.12391"><ele>192</ele></trkpt>
      <trkpt lat="46.07605" lon="11.12377"><ele>192</ele></trkpt>
      <trkpt lat="46.07613" lon="11.12362"><ele>192</ele></trkpt>
      <trkpt lat="46.07635" lon="11.12317"><ele>192</ele></trkpt>
      <trkpt lat="46.07641" lon="11.12317"><ele>192</ele></trkpt>
      <trkpt lat="46.07647" lon="11.12318"><ele>192</ele></trkpt>
      <trkpt lat="46.07648" lon="11.12315"><ele>192</ele></trkpt>
      <trkpt lat="46.07652" lon="11.12312"><ele>192</ele></trkpt>
      <trkpt lat="46.07655" lon="11.12309"><ele>192</ele></trkpt>
      <trkpt lat="46.07722" lon="11.12355"><ele>192</ele></trkpt>
      <trkpt lat="46.07784" lon="11.12320"><ele>192</ele></trkpt>
      <trkpt lat="46.07788" lon="11.12318"><ele>192</ele></trkpt>
      <trkpt lat="46.07797" lon="11.12312"><ele>192</ele></trkpt>
      <trkpt lat="46.07799" lon="11.12311"><ele>192</ele></trkpt>
      <trkpt lat="46.07804" lon="11.12308"><ele>192</ele></trkpt>
      <trkpt lat="46.07837" lon="11.12289"><ele>192</ele></trkpt>
      <trkpt lat="46.07840" lon="11.12287"><ele>192</ele></trkpt>
      <trkpt lat="46.07842" lon="11.12286"><ele>192</ele></trkpt>
      <trkpt lat="46.07854" lon="11.12279"><ele>192</ele></trkpt>
      <trkpt lat="46.07857" lon="11.12277"><ele>192</ele></trkpt>
      <trkpt lat="46.07859" lon="11.12276"><ele>192</ele></trkpt>
      <trkpt lat="46.07873" lon="11.12269"><ele>192</ele></trkpt>
      <trkpt lat="46.07877" lon="11.12266"><ele>192</ele></trkpt>
      <trkpt lat="46.07916" lon="11.12244"><ele>192</ele></trkpt>
      <trkpt lat="46.07917" lon="11.12243"><ele>192</ele></trkpt>
      <trkpt lat="46.07919" lon="11.12242"><ele>192</ele></trkpt>
      <trkpt lat="46.07937" lon="11.12231"><ele>192</ele></trkpt>
      <trkpt lat="46.07964" lon="11.12217"><ele>192</ele></trkpt>
      <trkpt lat="46.07975" lon="11.12212"><ele>192</ele></trkpt>
      <trkpt lat="46.07983" lon="11.12208"><ele>192</ele></trkpt>
      <trkpt lat="46.08006" lon="11.12197"><ele>192</ele></trkpt>
      <trkpt lat="46.08155" lon="11.12112"><ele>192</ele></trkpt>
      <trkpt lat="46.08309" lon="11.12023"><ele>192</ele></trkpt>
      <trkpt lat="46.08357" lon="11.11995"><ele>192</ele></trkpt>
      <trkpt lat="46.08360" lon="11.11992"><ele>192</ele></trkpt>
      <trkpt lat="46.08364" lon="11.11983"><ele>192</ele></trkpt>
      <trkpt lat="46.08371" lon="11.11979"><ele>192</ele></trkpt>
      <trkpt lat="46.08385" lon="11.11971"><ele>192</ele></trkpt>
      <trkpt lat="46.08399" lon="11.11963"><ele>192</ele></trkpt>
      <trkpt lat="46.08404" lon="11.11960"><ele>192</ele></trkpt>
      <trkpt lat="46.08407" lon="11.11958"><ele>192</ele></trkpt>
      <trkpt lat="46.08410" lon="11.11957"><ele>192</ele></trkpt>
      <trkpt lat="46.08444" lon="11.11937"><ele>192</ele></trkpt>
      <trkpt lat="46.08449" lon="11.11934"><ele>192</ele></trkpt>
      <trkpt lat="46.08453" lon="11.11932"><ele>192</ele></trkpt>
      <trkpt lat="46.08493" lon="11.11910"><ele>192</ele></trkpt>
      <trkpt lat="46.08495" lon="11.11916"><ele>192</ele></trkpt>
      <trkpt lat="46.08497" lon="11.11925"><ele>192</ele></trkpt>
      <trkpt lat="46.08499" lon="11.11932"><ele>192</ele></trkpt>
      <trkpt lat="46.08524" lon="11.11918"><ele>193</ele></trkpt>
      <trkpt lat="46.08534" lon="11.11917"><ele>193</ele></trkpt>
      <trkpt lat="46.08544" lon="11.11919"><ele>193</ele></trkpt>
      <trkpt lat="46.08553" lon="11.11923"><ele>193</ele></trkpt>
      <trkpt lat="46.08559" lon="11.11928"><ele>193</ele></trkpt>
      <trkpt lat="46.08563" lon="11.11934"><ele>193</ele></trkpt>
      <trkpt lat="46.08570" lon="11.11950"><ele>193</ele></trkpt>
      <trkpt lat="46.08586" lon="11.12007"><ele>192</ele></trkpt>
      <trkpt lat="46.08587" lon="11.12012"><ele>192</ele></trkpt>
      <trkpt lat="46.08595" lon="11.12042"><ele>191</ele></trkpt>
      <trkpt lat="46.08597" lon="11.12046"><ele>191</ele></trkpt>
      <trkpt lat="46.08601" lon="11.12050"><ele>191</ele></trkpt>
      <trkpt lat="46.08605" lon="11.12053"><ele>191</ele></trkpt>
      <trkpt lat="46.08610" lon="11.12053"><ele>191</ele></trkpt>
      <trkpt lat="46.08648" lon="11.12032"><ele>192</ele></trkpt>
      <trkpt lat="46.08658" lon="11.12026"><ele>192</ele></trkpt>
      <trkpt lat="46.08708" lon="11.11998"><ele>192</ele></trkpt>
      <trkpt lat="46.08733" lon="11.11984"><ele>192</ele></trkpt>
      <trkpt lat="46.08747" lon="11.11976"><ele>192</ele></trkpt>
      <trkpt lat="46.08782" lon="11.11957"><ele>192</ele></trkpt>
      <trkpt lat="46.08792" lon="11.11952"><ele>192</ele></trkpt>
      <trkpt lat="46.08811" lon="11.11944"><ele>192</ele></trkpt>
      <trkpt lat="46.08832" lon="11.11936"><ele>192</ele></trkpt>
      <trkpt lat="46.08840" lon="11.11934"><ele>192</ele></trkpt>
      <trkpt lat="46.08844" lon="11.11932"><ele>192</ele></trkpt>
      <trkpt lat="46.08910" lon="11.11910"><ele>192</ele></trkpt>
      <trkpt lat="46.08915" lon="11.11909"><ele>192</ele></trkpt>
      <trkpt lat="46.08919" lon="11.11908"><ele>192</ele></trkpt>
      <trkpt lat="46.08927" lon="11.11905"><ele>192</ele></trkpt>
      <trkpt lat="46.08960" lon="11.11888"><ele>192</ele></trkpt>
      <trkpt lat="46.08966" lon="11.11885"><ele>192</ele></trkpt>
      <trkpt lat="46.08970" lon="11.11882"><ele>192</ele></trkpt>
      <trkpt lat="46.08974" lon="11.11880"><ele>192</ele></trkpt>
      <trkpt lat="46.08983" lon="11.11873"><ele>192</ele></trkpt>
      <trkpt lat="46.09022" lon="11.11849"><ele>192</ele></trkpt>
      <trkpt lat="46.09029" lon="11.11845"><ele>191</ele></trkpt>
      <trkpt lat="46.09033" lon="11.11845"><ele>191</ele></trkpt>
      <trkpt lat="46.09036" lon="11.11846"><ele>191</ele></trkpt>
      <trkpt lat="46.09039" lon="11.11850"><ele>192</ele></trkpt>
      <trkpt lat="46.09048" lon="11.11880"><ele>192</ele></trkpt>
      <trkpt lat="46.09052" lon="11.11896"><ele>191</ele></trkpt>
      <trkpt lat="46.09076" lon="11.11992"><ele>191</ele></trkpt>
      <trkpt lat="46.09081" lon="11.11990"><ele>191</ele></trkpt>
      <trkpt lat="46.09093" lon="11.11984"><ele>191</ele></trkpt>
      <trkpt lat="46.09099" lon="11.11981"><ele>192</ele></trkpt>
      <trkpt lat="46.09100" lon="11.11966"><ele>191</ele></trkpt>
      <trkpt lat="46.09106" lon="11.11956"><ele>191</ele></trkpt>
      <trkpt lat="46.09114" lon="11.11951"><ele>191</ele></trkpt>
      <trkpt lat="46.09155" lon="11.11929"><ele>192</ele></trkpt>
      <trkpt lat="46.09207" lon="11.11901"><ele>192</ele></trkpt>
      <trkpt lat="46.09231" lon="11.11889"><ele>192</ele></trkpt>
      <trkpt lat="46.09238" lon="11.11886"><ele>192</ele></trkpt>
      <trkpt lat="46.09240" lon="11.11887"><ele>192</ele></trkpt>
      <trkpt lat="46.09244" lon="11.11891"><ele>192</ele></trkpt>
      <trkpt lat="46.09248" lon="11.11889"><ele>192</ele></trkpt>
      <trkpt lat="46.09253" lon="11.11886"><ele>192</ele></trkpt>
      <trkpt lat="46.09255" lon="11.11878"><ele>192</ele></trkpt>
      <trkpt lat="46.09256" lon="11.11877"><ele>192</ele></trkpt>
      <trkpt lat="46.09257" lon="11.11876"><ele>192</ele></trkpt>
      <trkpt lat="46.09300" lon="11.11853"><ele>192</ele></trkpt>
      <trkpt lat="46.09380" lon="11.11811"><ele>192</ele></trkpt>
      <trkpt lat="46.09383" lon="11.11809"><ele>192</ele></trkpt>
      <trkpt lat="46.09389" lon="11.11813"><ele>192</ele></trkpt>
      <trkpt lat="46.09395" lon="11.11811"><ele>192</ele></trkpt>
      <trkpt lat="46.09401" lon="11.11809"><ele>192</ele></trkpt>
      <trkpt lat="46.09402" lon="11.11802"><ele>192</ele></trkpt>
      <trkpt lat="46.09407" lon="11.11797"><ele>192</ele></trkpt>
      <trkpt lat="46.09455" lon="11.11774"><ele>192</ele></trkpt>
      <trkpt lat="46.09500" lon="11.11749"><ele>192</ele></trkpt>
      <trkpt lat="46.09505" lon="11.11746"><ele>192</ele></trkpt>
      <trkpt lat="46.09510" lon="11.11746"><ele>192</ele></trkpt>
      <trkpt lat="46.09514" lon="11.11752"><ele>192</ele></trkpt>
      <trkpt lat="46.09520" lon="11.11749"><ele>192</ele></trkpt>
      <trkpt lat="46.09526" lon="11.11747"><ele>192</ele></trkpt>
      <trkpt lat="46.09519" lon="11.11703"><ele>192</ele></trkpt>
      <trkpt lat="46.09517" lon="11.11698"><ele>192</ele></trkpt>
      <trkpt lat="46.09501" lon="11.11596"><ele>192</ele></trkpt>
      <trkpt lat="46.09493" lon="11.11554"><ele>192</ele></trkpt>
      <trkpt lat="46.09486" lon="11.11526"><ele>192</ele></trkpt>
      <trkpt lat="46.09484" lon="11.11508"><ele>193</ele></trkpt>
      <trkpt lat="46.09482" lon="11.11494"><ele>192</ele></trkpt>
      <trkpt lat="46.09482" lon="11.11487"><ele>192</ele></trkpt>
      <trkpt lat="46.09483" lon="11.11481"><ele>192</ele></trkpt>
      <trkpt lat="46.09486" lon="11.11470"><ele>192</ele></trkpt>
      <trkpt lat="46.09490" lon="11.11468"><ele>192</ele></trkpt>
      <trkpt lat="46.09495" lon="11.11469"><ele>192</ele></trkpt>
      <trkpt lat="46.09503" lon="11.11473"><ele>192</ele></trkpt>
      <trkpt lat="46.09522" lon="11.11486"><ele>193</ele></trkpt>
      <trkpt lat="46.09532" lon="11.11492"><ele>194</ele></trkpt>
      <trkpt lat="46.09538" lon="11.11494"><ele>194</ele></trkpt>
      <trkpt lat="46.09543" lon="11.11495"><ele>193</ele></trkpt>
      <trkpt lat="46.09554" lon="11.11494"><ele>192</ele></trkpt>
      <trkpt lat="46.09564" lon="11.11492"><ele>192</ele></trkpt>
      <trkpt lat="46.09574" lon="11.11486"><ele>192</ele></trkpt>
      <trkpt lat="46.09581" lon="11.11479"><ele>192</ele></trkpt>
      <trkpt lat="46.09587" lon="11.11471"><ele>191</ele></trkpt>
      <trkpt lat="46.09591" lon="11.11463"><ele>192</ele></trkpt>
      <trkpt lat="46.09595" lon="11.11446"><ele>192</ele></trkpt>
      <trkpt lat="46.09598" lon="11.11429"><ele>193</ele></trkpt>
      <trkpt lat="46.09602" lon="11.11415"><ele>194</ele></trkpt>
      <trkpt lat="46.09603" lon="11.11408"><ele>194</ele></trkpt>
      <trkpt lat="46.09604" lon="11.11400"><ele>194</ele></trkpt>
      <trkpt lat="46.09593" lon="11.11333"><ele>194</ele></trkpt>
      <trkpt lat="46.09592" lon="11.11327"><ele>193</ele></trkpt>
      <trkpt lat="46.09593" lon="11.11322"><ele>193</ele></trkpt>
      <trkpt lat="46.09595" lon="11.11317"><ele>193</ele></trkpt>
      <trkpt lat="46.09597" lon="11.11315"><ele>193</ele></trkpt>
      <trkpt lat="46.09613" lon="11.11308"><ele>192</ele></trkpt>
      <trkpt lat="46.09627" lon="11.11303"><ele>192</ele></trkpt>
      <trkpt lat="46.09633" lon="11.11301"><ele>192</ele></trkpt>
      <trkpt lat="46.09660" lon="11.11297"><ele>192</ele></trkpt>
      <trkpt lat="46.09678" lon="11.11295"><ele>194</ele></trkpt>
      <trkpt lat="46.09694" lon="11.11291"><ele>195</ele></trkpt>
      <trkpt lat="46.09700" lon="11.11290"><ele>194</ele></trkpt>
      <trkpt lat="46.09706" lon="11.11292"><ele>194</ele></trkpt>
      <trkpt lat="46.09709" lon="11.11294"><ele>194</ele></trkpt>
      <trkpt lat="46.09719" lon="11.11301"><ele>194</ele></trkpt>
      <trkpt lat="46.09723" lon="11.11304"><ele>193</ele></trkpt>
      <trkpt lat="46.09729" lon="11.11291"><ele>193</ele></trkpt>
      <trkpt lat="46.09734" lon="11.11283"><ele>193</ele></trkpt>
      <trkpt lat="46.09740" lon="11.11278"><ele>193</ele></trkpt>
      <trkpt lat="46.09760" lon="11.11272"><ele>193</ele></trkpt>
      <trkpt lat="46.09776" lon="11.11273"><ele>193</ele></trkpt>
      <trkpt lat="46.09833" lon="11.11274"><ele>193</ele></trkpt>
      <trkpt lat="46.09846" lon="11.11274"><ele>193</ele></trkpt>
      <trkpt lat="46.09849" lon="11.11276"><ele>193</ele></trkpt>
      <trkpt lat="46.09857" lon="11.11276"><ele>193</ele></trkpt>
      <trkpt lat="46.09860" lon="11.11275"><ele>193</ele></trkpt>
      <trkpt lat="46.09872" lon="11.11275"><ele>193</ele></trkpt>
      <trkpt lat="46.09920" lon="11.11276"><ele>193</ele></trkpt>
      <trkpt lat="46.09947" lon="11.11276"><ele>193</ele></trkpt>
      <trkpt lat="46.10030" lon="11.11278"><ele>193</ele></trkpt>
      <trkpt lat="46.10076" lon="11.11279"><ele>193</ele></trkpt>
      <trkpt lat="46.10093" lon="11.11280"><ele>193</ele></trkpt>
      <trkpt lat="46.10128" lon="11.11280"><ele>193</ele></trkpt>
      <trkpt lat="46.10175" lon="11.11280"><ele>193</ele></trkpt>
      <trkpt lat="46.10179" lon="11.11280"><ele>193</ele></trkpt>
      <trkpt lat="46.10182" lon="11.11280"><ele>193</ele></trkpt>
      <trkpt lat="46.10240" lon="11.11281"><ele>193</ele></trkpt>
      <trkpt lat="46.10289" lon="11.11282"><ele>193</ele></trkpt>
      <trkpt lat="46.10292" lon="11.11283"><ele>193</ele></trkpt>
      <trkpt lat="46.10296" lon="11.11283"><ele>193</ele></trkpt>
      <trkpt lat="46.10299" lon="11.11283"><ele>193</ele></trkpt>
      <trkpt lat="46.10371" lon="11.11284"><ele>193</ele></trkpt>
      <trkpt lat="46.10375" lon="11.11284"><ele>193</ele></trkpt>
      <trkpt lat="46.10377" lon="11.11284"><ele>193</ele></trkpt>
      <trkpt lat="46.10386" lon="11.11284"><ele>193</ele></trkpt>
      <trkpt lat="46.10409" lon="11.11284"><ele>193</ele></trkpt>
      <trkpt lat="46.10444" lon="11.11277"><ele>194</ele></trkpt>
      <trkpt lat="46.10491" lon="11.11262"><ele>193</ele></trkpt>
      <trkpt lat="46.10525" lon="11.11252"><ele>195</ele></trkpt>
      <trkpt lat="46.10598" lon="11.11228"><ele>196</ele></trkpt>
      <trkpt lat="46.10616" lon="11.11223"><ele>196</ele></trkpt>
      <trkpt lat="46.10636" lon="11.11217"><ele>197</ele></trkpt>
      <trkpt lat="46.10650" lon="11.11213"><ele>198</ele></trkpt>
      <trkpt lat="46.10663" lon="11.11209"><ele>198</ele></trkpt>
      <trkpt lat="46.10666" lon="11.11205"><ele>198</ele></trkpt>
      <trkpt lat="46.10666" lon="11.11202"><ele>198</ele></trkpt>
      <trkpt lat="46.10665" lon="11.11195"><ele>198</ele></trkpt>
      <trkpt lat="46.10670" lon="11.11194"><ele>198</ele></trkpt>
      <trkpt lat="46.10674" lon="11.11192"><ele>198</ele></trkpt>
      <trkpt lat="46.10677" lon="11.11199"><ele>198</ele></trkpt>
      <trkpt lat="46.10679" lon="11.11201"><ele>198</ele></trkpt>
      <trkpt lat="46.10683" lon="11.11202"><ele>198</ele></trkpt>
      <trkpt lat="46.10699" lon="11.11197"><ele>199</ele></trkpt>
      <trkpt lat="46.10700" lon="11.11203"><ele>199</ele></trkpt>
      <trkpt lat="46.10700" lon="11.11205"><ele>199</ele></trkpt>
      <trkpt lat="46.10701" lon="11.11210"><ele>199</ele></trkpt>
      <trkpt lat="46.10704" lon="11.11212"><ele>199</ele></trkpt>
      <trkpt lat="46.10707" lon="11.11207"><ele>199</ele></trkpt>
      <trkpt lat="46.10710" lon="11.11204"><ele>199</ele></trkpt>
      <trkpt lat="46.10719" lon="11.11197"><ele>200</ele></trkpt>
      <trkpt lat="46.10755" lon="11.11186"><ele>200</ele></trkpt>
      <trkpt lat="46.10757" lon="11.11185"><ele>200</ele></trkpt>
      <trkpt lat="46.10791" lon="11.11173"><ele>201</ele></trkpt>
      <trkpt lat="46.10816" lon="11.11166"><ele>202</ele></trkpt>
      <trkpt lat="46.10822" lon="11.11165"><ele>202</ele></trkpt>
      <trkpt lat="46.10848" lon="11.11158"><ele>201</ele></trkpt>
      <trkpt lat="46.10860" lon="11.11154"><ele>201</ele></trkpt>
      <trkpt lat="46.10873" lon="11.11148"><ele>200</ele></trkpt>
      <trkpt lat="46.10878" lon="11.11146"><ele>200</ele></trkpt>
      <trkpt lat="46.10891" lon="11.11136"><ele>200</ele></trkpt>
      <trkpt lat="46.10894" lon="11.11134"><ele>200</ele></trkpt>
      <trkpt lat="46.10906" lon="11.11123"><ele>200</ele></trkpt>
      <trkpt lat="46.10908" lon="11.11122"><ele>200</ele></trkpt>
      <trkpt lat="46.10939" lon="11.11097"><ele>199</ele></trkpt>
      <trkpt lat="46.10947" lon="11.11090"><ele>199</ele></trkpt>
      <trkpt lat="46.10951" lon="11.11086"><ele>199</ele></trkpt>
      <trkpt lat="46.10961" lon="11.11076"><ele>199</ele></trkpt>
      <trkpt lat="46.10975" lon="11.11060"><ele>199</ele></trkpt>
      <trkpt lat="46.10977" lon="11.11059"><ele>199</ele></trkpt>
      <trkpt lat="46.10981" lon="11.11054"><ele>199</ele></trkpt>
      <trkpt lat="46.10996" lon="11.11037"><ele>199</ele></trkpt>
      <trkpt lat="46.11006" lon="11.11027"><ele>199</ele></trkpt>
      <trkpt lat="46.11041" lon="11.10997"><ele>199</ele></trkpt>
      <trkpt lat="46.11051" lon="11.10990"><ele>198</ele></trkpt>
      <trkpt lat="46.11054" lon="11.10988"><ele>198</ele></trkpt>
      <trkpt lat="46.11055" lon="11.10993"><ele>199</ele></trkpt>
      <trkpt lat="46.11058" lon="11.10992"><ele>198</ele></trkpt>
      <trkpt lat="46.11075" lon="11.10981"><ele>198</ele></trkpt>
      <trkpt lat="46.11078" lon="11.10979"><ele>198</ele></trkpt>
      <trkpt lat="46.11098" lon="11.10966"><ele>198</ele></trkpt>
      <trkpt lat="46.11131" lon="11.10946"><ele>199</ele></trkpt>
      <trkpt lat="46.11167" lon="11.10924"><ele>199</ele></trkpt>
      <trkpt lat="46.11184" lon="11.10913"><ele>199</ele></trkpt>
      <trkpt lat="46.11203" lon="11.10897"><ele>199</ele></trkpt>
      <trkpt lat="46.11224" lon="11.10878"><ele>199</ele></trkpt>
      <trkpt lat="46.11338" lon="11.10774"><ele>199</ele></trkpt>
      <trkpt lat="46.11355" lon="11.10760"><ele>200</ele></trkpt>
      <trkpt lat="46.11387" lon="11.10739"><ele>200</ele></trkpt>
      <trkpt lat="46.11391" lon="11.10732"><ele>200</ele></trkpt>
      <trkpt lat="46.11395" lon="11.10730"><ele>200</ele></trkpt>
      <trkpt lat="46.11398" lon="11.10730"><ele>200</ele></trkpt>
      <trkpt lat="46.11400" lon="11.10731"><ele>200</ele></trkpt>
      <trkpt lat="46.11402" lon="11.10733"><ele>200</ele></trkpt>
      <trkpt lat="46.11404" lon="11.10736"><ele>200</ele></trkpt>
      <trkpt lat="46.11405" lon="11.10741"><ele>200</ele></trkpt>
      <trkpt lat="46.11406" lon="11.10742"><ele>200</ele></trkpt>
      <trkpt lat="46.11410" lon="11.10742"><ele>200</ele></trkpt>
      <trkpt lat="46.11413" lon="11.10742"><ele>200</ele></trkpt>
      <trkpt lat="46.11414" lon="11.10736"><ele>200</ele></trkpt>
      <trkpt lat="46.11415" lon="11.10731"><ele>200</ele></trkpt>
      <trkpt lat="46.11418" lon="11.10728"><ele>201</ele></trkpt>
      <trkpt lat="46.11423" lon="11.10726"><ele>201</ele></trkpt>
      <trkpt lat="46.11431" lon="11.10726"><ele>201</ele></trkpt>
      <trkpt lat="46.11447" lon="11.10730"><ele>200</ele></trkpt>
      <trkpt lat="46.11469" lon="11.10743"><ele>201</ele></trkpt>
      <trkpt lat="46.11476" lon="11.10746"><ele>201</ele></trkpt>
      <trkpt lat="46.11480" lon="11.10743"><ele>201</ele></trkpt>
      <trkpt lat="46.11496" lon="11.10730"><ele>200</ele></trkpt>
      <trkpt lat="46.11513" lon="11.10731"><ele>200</ele></trkpt>
      <trkpt lat="46.11540" lon="11.10734"><ele>200</ele></trkpt>
      <trkpt lat="46.11585" lon="11.10737"><ele>202</ele></trkpt>
      <trkpt lat="46.11623" lon="11.10751"><ele>202</ele></trkpt>
      <trkpt lat="46.11655" lon="11.10774"><ele>203</ele></trkpt>
      <trkpt lat="46.11685" lon="11.10801"><ele>205</ele></trkpt>
      <trkpt lat="46.11688" lon="11.10803"><ele>206</ele></trkpt>
      <trkpt lat="46.11691" lon="11.10802"><ele>206</ele></trkpt>
      <trkpt lat="46.11696" lon="11.10796"><ele>206</ele></trkpt>
      <trkpt lat="46.11699" lon="11.10792"><ele>206</ele></trkpt>
      <trkpt lat="46.11711" lon="11.10788"><ele>205</ele></trkpt>
      <trkpt lat="46.11727" lon="11.10787"><ele>204</ele></trkpt>
      <trkpt lat="46.11842" lon="11.10796"><ele>204</ele></trkpt>
      <trkpt lat="46.11932" lon="11.10801"><ele>204</ele></trkpt>
      <trkpt lat="46.11940" lon="11.10804"><ele>205</ele></trkpt>
      <trkpt lat="46.11951" lon="11.10815"><ele>205</ele></trkpt>
      <trkpt lat="46.11983" lon="11.10820"><ele>206</ele></trkpt>
      <trkpt lat="46.12089" lon="11.10843"><ele>207</ele></trkpt>
      <trkpt lat="46.12278" lon="11.10883"><ele>210</ele></trkpt>
      <trkpt lat="46.12311" lon="11.10892"><ele>210</ele></trkpt>
      <trkpt lat="46.12316" lon="11.10892"><ele>210</ele></trkpt>
      <trkpt lat="46.12320" lon="11.10893"><ele>210</ele></trkpt>
      <trkpt lat="46.12357" lon="11.10903"><ele>211</ele></trkpt>
      <trkpt lat="46.12375" lon="11.10909"><ele>211</ele></trkpt>
      <trkpt lat="46.12413" lon="11.10922"><ele>213</ele></trkpt>
      <trkpt lat="46.12493" lon="11.10922"><ele>214</ele></trkpt>
      <trkpt lat="46.12501" lon="11.10922"><ele>215</ele></trkpt>
      <trkpt lat="46.12505" lon="11.10919"><ele>214</ele></trkpt>
      <trkpt lat="46.12507" lon="11.10921"><ele>215</ele></trkpt>
      <trkpt lat="46.12545" lon="11.10943"><ele>216</ele></trkpt>
      <trkpt lat="46.12584" lon="11.10979"><ele>216</ele></trkpt>
      <trkpt lat="46.12589" lon="11.10987"><ele>217</ele></trkpt>
      <trkpt lat="46.12591" lon="11.10999"><ele>218</ele></trkpt>
      <trkpt lat="46.12593" lon="11.11016"><ele>219</ele></trkpt>
      <trkpt lat="46.12588" lon="11.11058"><ele>218</ele></trkpt>
      <trkpt lat="46.12591" lon="11.11078"><ele>219</ele></trkpt>
      <trkpt lat="46.12605" lon="11.11091"><ele>219</ele></trkpt>
      <trkpt lat="46.12628" lon="11.11110"><ele>220</ele></trkpt>
      <trkpt lat="46.12641" lon="11.11124"><ele>222</ele></trkpt>
      <trkpt lat="46.12649" lon="11.11130"><ele>222</ele></trkpt>
      <trkpt lat="46.12672" lon="11.11138"><ele>220</ele></trkpt>
      <trkpt lat="46.12757" lon="11.11164"><ele>222</ele></trkpt>
      <trkpt lat="46.12792" lon="11.11169"><ele>222</ele></trkpt>
      <trkpt lat="46.12826" lon="11.11177"><ele>222</ele></trkpt>
      <trkpt lat="46.12892" lon="11.11199"><ele>222</ele></trkpt>
      <trkpt lat="46.12900" lon="11.11197"><ele>222</ele></trkpt>
      <trkpt lat="46.12911" lon="11.11201"><ele>223</ele></trkpt>
      <trkpt lat="46.12937" lon="11.11216"><ele>223</ele></trkpt>
      <trkpt lat="46.12956" lon="11.11235"><ele>225</ele></trkpt>
      <trkpt lat="46.12980" lon="11.11247"><ele>224</ele></trkpt>
      <trkpt lat="46.13110" lon="11.11309"><ele>226</ele></trkpt>
      <trkpt lat="46.13234" lon="11.11366"><ele>228</ele></trkpt>
      <trkpt lat="46.13287" lon="11.11389"><ele>229</ele></trkpt>
      <trkpt lat="46.13296" lon="11.11390"><ele>230</ele></trkpt>
      <trkpt lat="46.13309" lon="11.11382"><ele>229</ele></trkpt>
      <trkpt lat="46.13316" lon="11.11367"><ele>228</ele></trkpt>
      <trkpt lat="46.13319" lon="11.11359"><ele>228</ele></trkpt>
      <trkpt lat="46.13332" lon="11.11224"><ele>228</ele></trkpt>
      <trkpt lat="46.13334" lon="11.11170"><ele>228</ele></trkpt>
      <trkpt lat="46.13336" lon="11.11162"><ele>228</ele></trkpt>
      <trkpt lat="46.13342" lon="11.11154"><ele>228</ele></trkpt>
      <trkpt lat="46.13349" lon="11.11153"><ele>228</ele></trkpt>
      <trkpt lat="46.13357" lon="11.11154"><ele>229</ele></trkpt>
      <trkpt lat="46.13362" lon="11.11155"><ele>229</ele></trkpt>
      <trkpt lat="46.13372" lon="11.11156"><ele>229</ele></trkpt>
      <trkpt lat="46.13378" lon="11.11153"><ele>230</ele></trkpt>
      <trkpt lat="46.13394" lon="11.11140"><ele>231</ele></trkpt>
      <trkpt lat="46.13405" lon="11.11139"><ele>232</ele></trkpt>
      <trkpt lat="46.13415" lon="11.11140"><ele>232</ele></trkpt>
      <trkpt lat="46.13418" lon="11.11133"><ele>232</ele></trkpt>
      <trkpt lat="46.13421" lon="11.11127"><ele>232</ele></trkpt>
      <trkpt lat="46.13421" lon="11.11124"><ele>232</ele></trkpt>
      <trkpt lat="46.13420" lon="11.11113"><ele>233</ele></trkpt>
      <trkpt lat="46.13419" lon="11.11108"><ele>232</ele></trkpt>
      <trkpt lat="46.13418" lon="11.11099"><ele>232</ele></trkpt>
      <trkpt lat="46.13417" lon="11.11092"><ele>231</ele></trkpt>
      <trkpt lat="46.13410" lon="11.11094"><ele>231</ele></trkpt>
      <trkpt lat="46.13402" lon="11.11089"><ele>231</ele></trkpt>
      <trkpt lat="46.13397" lon="11.11088"><ele>231</ele></trkpt>
      <trkpt lat="46.13383" lon="11.11089"><ele>231</ele></trkpt>
      <trkpt lat="46.13378" lon="11.11085"><ele>230</ele></trkpt>
      <trkpt lat="46.13374" lon="11.11085"><ele>230</ele></trkpt>
      <trkpt lat="46.13374" lon="11.11081"><ele>230</ele></trkpt>
      <trkpt lat="46.13372" lon="11.11057"><ele>231</ele></trkpt>
      <trkpt lat="46.13372" lon="11.11040"><ele>230</ele></trkpt>
      <trkpt lat="46.13409" lon="11.11035"><ele>230</ele></trkpt>
      <trkpt lat="46.13446" lon="11.11027"><ele>230</ele></trkpt>
      <trkpt lat="46.13454" lon="11.11019"><ele>230</ele></trkpt>
      <trkpt lat="46.13458" lon="11.11013"><ele>230</ele></trkpt>
      <trkpt lat="46.13459" lon="11.11005"><ele>230</ele></trkpt>
      <trkpt lat="46.13461" lon="11.11010"><ele>230</ele></trkpt>
      <trkpt lat="46.13464" lon="11.11025"><ele>232</ele></trkpt>
      <trkpt lat="46.13466" lon="11.11027"><ele>232</ele></trkpt>
      <trkpt lat="46.13468" lon="11.11027"><ele>232</ele></trkpt>
      <trkpt lat="46.13477" lon="11.11024"><ele>231</ele></trkpt>
      <trkpt lat="46.13573" lon="11.10986"><ele>231</ele></trkpt>
      <trkpt lat="46.13574" lon="11.10984"><ele>231</ele></trkpt>
      <trkpt lat="46.13570" lon="11.10969"><ele>230</ele></trkpt>
      <trkpt lat="46.13572" lon="11.10968"><ele>230</ele></trkpt>
      <trkpt lat="46.13574" lon="11.10967"><ele>230</ele></trkpt>
      <trkpt lat="46.13578" lon="11.10981"><ele>232</ele></trkpt>
      <trkpt lat="46.13581" lon="11.10991"><ele>233</ele></trkpt>
      <trkpt lat="46.13586" lon="11.11008"><ele>233</ele></trkpt>
      <trkpt lat="46.13593" lon="11.11026"><ele>231</ele></trkpt>
      <trkpt lat="46.13594" lon="11.11033"><ele>231</ele></trkpt>
      <trkpt lat="46.13596" lon="11.11037"><ele>231</ele></trkpt>
      <trkpt lat="46.13598" lon="11.11047"><ele>232</ele></trkpt>
      <trkpt lat="46.13610" lon="11.11086"><ele>232</ele></trkpt>
      <trkpt lat="46.13631" lon="11.11141"><ele>232</ele></trkpt>
      <trkpt lat="46.13643" lon="11.11166"><ele>233</ele></trkpt>
      <trkpt lat="46.13656" lon="11.11201"><ele>233</ele></trkpt>
      <trkpt lat="46.13662" lon="11.11214"><ele>233</ele></trkpt>
      <trkpt lat="46.13668" lon="11.11225"><ele>234</ele></trkpt>
      <trkpt lat="46.13676" lon="11.11229"><ele>234</ele></trkpt>
      <trkpt lat="46.13723" lon="11.11210"><ele>233</ele></trkpt>
      <trkpt lat="46.13753" lon="11.11200"><ele>233</ele></trkpt>
      <trkpt lat="46.13760" lon="11.11197"><ele>233</ele></trkpt>
      <trkpt lat="46.13769" lon="11.11194"><ele>233</ele></trkpt>
      <trkpt lat="46.13785" lon="11.11188"><ele>233</ele></trkpt>
      <trkpt lat="46.13812" lon="11.11179"><ele>233</ele></trkpt>
      <trkpt lat="46.13815" lon="11.11179"><ele>233</ele></trkpt>
      <trkpt lat="46.13824" lon="11.11185"><ele>233</ele></trkpt>
      <trkpt lat="46.13826" lon="11.11186"><ele>234</ele></trkpt>
      <trkpt lat="46.13834" lon="11.11197"><ele>234</ele></trkpt>
      <trkpt lat="46.13842" lon="11.11220"><ele>234</ele></trkpt>
      <trkpt lat="46.13854" lon="11.11241"><ele>234</ele></trkpt>
      <trkpt lat="46.13857" lon="11.11235"><ele>234</ele></trkpt>
      <trkpt lat="46.13862" lon="11.11222"><ele>234</ele></trkpt>
      <trkpt lat="46.13874" lon="11.11177"><ele>233</ele></trkpt>
      <trkpt lat="46.13890" lon="11.11117"><ele>233</ele></trkpt>
      <trkpt lat="46.13914" lon="11.11127"><ele>232</ele></trkpt>
      <trkpt lat="46.13933" lon="11.11131"><ele>232</ele></trkpt>
      <trkpt lat="46.13945" lon="11.11130"><ele>231</ele></trkpt>
      <trkpt lat="46.13963" lon="11.11139"><ele>231</ele></trkpt>
      <trkpt lat="46.13966" lon="11.11140"><ele>231</ele></trkpt>
      <trkpt lat="46.13967" lon="11.11141"><ele>231</ele></trkpt>
      <trkpt lat="46.13969" lon="11.11141"><ele>231</ele></trkpt>
      <trkpt lat="46.13973" lon="11.11126"><ele>230</ele></trkpt>
      <trkpt lat="46.13976" lon="11.11114"><ele>230</ele></trkpt>
      <trkpt lat="46.13986" lon="11.11075"><ele>230</ele></trkpt>
      <trkpt lat="46.13996" lon="11.11045"><ele>230</ele></trkpt>
      <trkpt lat="46.13997" lon="11.11041"><ele>228</ele></trkpt>
      <trkpt lat="46.14013" lon="11.11002"><ele>228</ele></trkpt>
      <trkpt lat="46.14035" lon="11.10971"><ele>228</ele></trkpt>
      <trkpt lat="46.14038" lon="11.10967"><ele>228</ele></trkpt>
      <trkpt lat="46.14048" lon="11.10953"><ele>228</ele></trkpt>
      <trkpt lat="46.14065" lon="11.10914"><ele>228</ele></trkpt>
      <trkpt lat="46.14072" lon="11.10891"><ele>227</ele></trkpt>
      <trkpt lat="46.14075" lon="11.10878"><ele>227</ele></trkpt>
      <trkpt lat="46.14078" lon="11.10863"><ele>227</ele></trkpt>
      <trkpt lat="46.14083" lon="11.10834"><ele>227</ele></trkpt>
      <trkpt lat="46.14088" lon="11.10804"><ele>226</ele></trkpt>
      <trkpt lat="46.14096" lon="11.10755"><ele>226</ele></trkpt>
      <trkpt lat="46.14099" lon="11.10744"><ele>226</ele></trkpt>
      <trkpt lat="46.14104" lon="11.10732"><ele>226</ele></trkpt>
      <trkpt lat="46.14107" lon="11.10724"><ele>226</ele></trkpt>
      <trkpt lat="46.14105" lon="11.10722"><ele>226</ele></trkpt>
      <trkpt lat="46.14104" lon="11.10717"><ele>226</ele></trkpt>
      <trkpt lat="46.14105" lon="11.10706"><ele>225</ele></trkpt>
      <trkpt lat="46.14106" lon="11.10702"><ele>225</ele></trkpt>
      <trkpt lat="46.14129" lon="11.10647"><ele>224</ele></trkpt>
      <trkpt lat="46.14140" lon="11.10618"><ele>224</ele></trkpt>
      <trkpt lat="46.14159" lon="11.10569"><ele>223</ele></trkpt>
      <trkpt lat="46.14187" lon="11.10497"><ele>222</ele></trkpt>
      <trkpt lat="46.14189" lon="11.10489"><ele>222</ele></trkpt>
      <trkpt lat="46.14197" lon="11.10474"><ele>222</ele></trkpt>
      <trkpt lat="46.14203" lon="11.10466"><ele>222</ele></trkpt>
      <trkpt lat="46.14212" lon="11.10461"><ele>221</ele></trkpt>
      <trkpt lat="46.14217" lon="11.10459"><ele>221</ele></trkpt>
      <trkpt lat="46.14219" lon="11.10458"><ele>221</ele></trkpt>
      <trkpt lat="46.14220" lon="11.10456"><ele>221</ele></trkpt>
      <trkpt lat="46.14222" lon="11.10452"><ele>221</ele></trkpt>
      <trkpt lat="46.14223" lon="11.10448"><ele>221</ele></trkpt>
      <trkpt lat="46.14223" lon="11.10441"><ele>221</ele></trkpt>
      <trkpt lat="46.14223" lon="11.10438"><ele>221</ele></trkpt>
      <trkpt lat="46.14225" lon="11.10415"><ele>221</ele></trkpt>
      <trkpt lat="46.14227" lon="11.10404"><ele>221</ele></trkpt>
      <trkpt lat="46.14232" lon="11.10390"><ele>220</ele></trkpt>
      <trkpt lat="46.14258" lon="11.10323"><ele>219</ele></trkpt>
      <trkpt lat="46.14262" lon="11.10307"><ele>219</ele></trkpt>
      <trkpt lat="46.14281" lon="11.10258"><ele>218</ele></trkpt>
      <trkpt lat="46.14339" lon="11.10116"><ele>217</ele></trkpt>
      <trkpt lat="46.14351" lon="11.10092"><ele>216</ele></trkpt>
      <trkpt lat="46.14369" lon="11.10059"><ele>216</ele></trkpt>
      <trkpt lat="46.14388" lon="11.10033"><ele>216</ele></trkpt>
      <trkpt lat="46.14393" lon="11.10026"><ele>216</ele></trkpt>
      <trkpt lat="46.14401" lon="11.10013"><ele>216</ele></trkpt>
      <trkpt lat="46.14418" lon="11.09995"><ele>215</ele></trkpt>
      <trkpt lat="46.14429" lon="11.09986"><ele>215</ele></trkpt>
      <trkpt lat="46.14435" lon="11.09987"><ele>215</ele></trkpt>
      <trkpt lat="46.14441" lon="11.09986"><ele>215</ele></trkpt>
      <trkpt lat="46.14446" lon="11.09983"><ele>216</ele></trkpt>
      <trkpt lat="46.14451" lon="11.09979"><ele>216</ele></trkpt>
      <trkpt lat="46.14455" lon="11.09972"><ele>216</ele></trkpt>
      <trkpt lat="46.14458" lon="11.09963"><ele>215</ele></trkpt>
      <trkpt lat="46.14460" lon="11.09953"><ele>215</ele></trkpt>
      <trkpt lat="46.14459" lon="11.09943"><ele>214</ele></trkpt>
      <trkpt lat="46.14456" lon="11.09935"><ele>214</ele></trkpt>
      <trkpt lat="46.14458" lon="11.09920"><ele>214</ele></trkpt>
      <trkpt lat="46.14463" lon="11.09907"><ele>213</ele></trkpt>
      <trkpt lat="46.14477" lon="11.09887"><ele>213</ele></trkpt>
      <trkpt lat="46.14494" lon="11.09868"><ele>213</ele></trkpt>
      <trkpt lat="46.14514" lon="11.09858"><ele>213</ele></trkpt>
      <trkpt lat="46.14541" lon="11.09856"><ele>213</ele></trkpt>
      <trkpt lat="46.14550" lon="11.09852"><ele>212</ele></trkpt>
      <trkpt lat="46.14560" lon="11.09844"><ele>212</ele></trkpt>
      <trkpt lat="46.14564" lon="11.09836"><ele>212</ele></trkpt>
      <trkpt lat="46.14566" lon="11.09824"><ele>212</ele></trkpt>
      <trkpt lat="46.14565" lon="11.09767"><ele>212</ele></trkpt>
      <trkpt lat="46.14563" lon="11.09741"><ele>212</ele></trkpt>
      <trkpt lat="46.14563" lon="11.09732"><ele>211</ele></trkpt>
      <trkpt lat="46.14564" lon="11.09713"><ele>211</ele></trkpt>
      <trkpt lat="46.14568" lon="11.09718"><ele>211</ele></trkpt>
      <trkpt lat="46.14573" lon="11.09721"><ele>211</ele></trkpt>
      <trkpt lat="46.14578" lon="11.09721"><ele>211</ele></trkpt>
      <trkpt lat="46.14583" lon="11.09720"><ele>211</ele></trkpt>
      <trkpt lat="46.14588" lon="11.09716"><ele>211</ele></trkpt>
      <trkpt lat="46.14592" lon="11.09710"><ele>211</ele></trkpt>
      <trkpt lat="46.14594" lon="11.09702"><ele>211</ele></trkpt>
      <trkpt lat="46.14594" lon="11.09694"><ele>212</ele></trkpt>
      <trkpt lat="46.14593" lon="11.09685"><ele>211</ele></trkpt>
      <trkpt lat="46.14589" lon="11.09679"><ele>211</ele></trkpt>
      <trkpt lat="46.14593" lon="11.09675"><ele>211</ele></trkpt>
      <trkpt lat="46.14619" lon="11.09653"><ele>210</ele></trkpt>
      <trkpt lat="46.14637" lon="11.09627"><ele>210</ele></trkpt>
      <trkpt lat="46.14684" lon="11.09485"><ele>208</ele></trkpt>
      <trkpt lat="46.14701" lon="11.09430"><ele>209</ele></trkpt>
      <trkpt lat="46.14707" lon="11.09414"><ele>210</ele></trkpt>
      <trkpt lat="46.14713" lon="11.09406"><ele>210</ele></trkpt>
      <trkpt lat="46.14722" lon="11.09403"><ele>210</ele></trkpt>
      <trkpt lat="46.14732" lon="11.09404"><ele>209</ele></trkpt>
      <trkpt lat="46.14740" lon="11.09414"><ele>209</ele></trkpt>
      <trkpt lat="46.14744" lon="11.09429"><ele>208</ele></trkpt>
      <trkpt lat="46.14743" lon="11.09439"><ele>208</ele></trkpt>
      <trkpt lat="46.14739" lon="11.09459"><ele>207</ele></trkpt>
      <trkpt lat="46.14738" lon="11.09463"><ele>207</ele></trkpt>
      <trkpt lat="46.14738" lon="11.09468"><ele>207</ele></trkpt>
      <trkpt lat="46.14739" lon="11.09472"><ele>207</ele></trkpt>
      <trkpt lat="46.14740" lon="11.09474"><ele>207</ele></trkpt>
      <trkpt lat="46.14744" lon="11.09480"><ele>207</ele></trkpt>
      <trkpt lat="46.14758" lon="11.09492"><ele>207</ele></trkpt>
      <trkpt lat="46.14777" lon="11.09504"><ele>207</ele></trkpt>
      <trkpt lat="46.14790" lon="11.09509"><ele>207</ele></trkpt>
      <trkpt lat="46.14822" lon="11.09511"><ele>207</ele></trkpt>
      <trkpt lat="46.14849" lon="11.09506"><ele>206</ele></trkpt>
      <trkpt lat="46.14850" lon="11.09506"><ele>206</ele></trkpt>
      <trkpt lat="46.14853" lon="11.09506"><ele>206</ele></trkpt>
      <trkpt lat="46.14856" lon="11.09506"><ele>206</ele></trkpt>
      <trkpt lat="46.14860" lon="11.09507"><ele>206</ele></trkpt>
      <trkpt lat="46.14864" lon="11.09507"><ele>206</ele></trkpt>
      <trkpt lat="46.14864" lon="11.09529"><ele>207</ele></trkpt>
      <trkpt lat="46.14867" lon="11.09540"><ele>207</ele></trkpt>
      <trkpt lat="46.14873" lon="11.09554"><ele>207</ele></trkpt>
      <trkpt lat="46.14876" lon="11.09558"><ele>207</ele></trkpt>
      <trkpt lat="46.14887" lon="11.09571"><ele>207</ele></trkpt>
      <trkpt lat="46.14900" lon="11.09585"><ele>207</ele></trkpt>
      <trkpt lat="46.14952" lon="11.09642"><ele>206</ele></trkpt>
      <trkpt lat="46.14963" lon="11.09655"><ele>206</ele></trkpt>
      <trkpt lat="46.14980" lon="11.09674"><ele>206</ele></trkpt>
      <trkpt lat="46.14989" lon="11.09683"><ele>206</ele></trkpt>
      <trkpt lat="46.15014" lon="11.09712"><ele>206</ele></trkpt>
      <trkpt lat="46.15032" lon="11.09732"><ele>206</ele></trkpt>
      <trkpt lat="46.15064" lon="11.09769"><ele>205</ele></trkpt>
      <trkpt lat="46.15071" lon="11.09776"><ele>205</ele></trkpt>
      <trkpt lat="46.15113" lon="11.09829"><ele>206</ele></trkpt>
      <trkpt lat="46.15153" lon="11.09877"><ele>206</ele></trkpt>
      <trkpt lat="46.15175" lon="11.09906"><ele>206</ele></trkpt>
      <trkpt lat="46.15192" lon="11.09930"><ele>206</ele></trkpt>
      <trkpt lat="46.15204" lon="11.09947"><ele>206</ele></trkpt>
      <trkpt lat="46.15229" lon="11.09972"><ele>206</ele></trkpt>
      <trkpt lat="46.15314" lon="11.10053"><ele>204</ele></trkpt>
      <trkpt lat="46.15388" lon="11.10123"><ele>204</ele></trkpt>
      <trkpt lat="46.15399" lon="11.10134"><ele>204</ele></trkpt>
      <trkpt lat="46.15576" lon="11.10301"><ele>203</ele></trkpt>
      <trkpt lat="46.15629" lon="11.10344"><ele>202</ele></trkpt>
      <trkpt lat="46.15679" lon="11.10384"><ele>202</ele></trkpt>
      <trkpt lat="46.15686" lon="11.10389"><ele>202</ele></trkpt>
      <trkpt lat="46.15694" lon="11.10396"><ele>201</ele></trkpt>
      <trkpt lat="46.15697" lon="11.10398"><ele>201</ele></trkpt>
      <trkpt lat="46.15761" lon="11.10450"><ele>202</ele></trkpt>
      <trkpt lat="46.15767" lon="11.10455"><ele>202</ele></trkpt>
      <trkpt lat="46.15860" lon="11.10529"><ele>202</ele></trkpt>
      <trkpt lat="46.15923" lon="11.10580"><ele>201</ele></trkpt>
      <trkpt lat="46.15926" lon="11.10582"><ele>201</ele></trkpt>
      <trkpt lat="46.15944" lon="11.10596"><ele>201</ele></trkpt>
      <trkpt lat="46.15963" lon="11.10612"><ele>202</ele></trkpt>
      <trkpt lat="46.15988" lon="11.10634"><ele>201</ele></trkpt>
      <trkpt lat="46.16067" lon="11.10696"><ele>201</ele></trkpt>
      <trkpt lat="46.16078" lon="11.10704"><ele>202</ele></trkpt>
      <trkpt lat="46.16094" lon="11.10720"><ele>203</ele></trkpt>
      <trkpt lat="46.16106" lon="11.10732"><ele>203</ele></trkpt>
      <trkpt lat="46.16128" lon="11.10753"><ele>204</ele></trkpt>
      <trkpt lat="46.16144" lon="11.10769"><ele>204</ele></trkpt>
      <trkpt lat="46.16153" lon="11.10782"><ele>204</ele></trkpt>
      <trkpt lat="46.16157" lon="11.10775"><ele>204</ele></trkpt>
      <trkpt lat="46.16162" lon="11.10762"><ele>205</ele></trkpt>
      <trkpt lat="46.16167" lon="11.10754"><ele>205</ele></trkpt>
      <trkpt lat="46.16176" lon="11.10732"><ele>203</ele></trkpt>
      <trkpt lat="46.16202" lon="11.10691"><ele>203</ele></trkpt>
      <trkpt lat="46.16210" lon="11.10676"><ele>203</ele></trkpt>
      <trkpt lat="46.16214" lon="11.10669"><ele>203</ele></trkpt>
      <trkpt lat="46.16224" lon="11.10656"><ele>204</ele></trkpt>
      <trkpt lat="46.16228" lon="11.10652"><ele>204</ele></trkpt>
      <trkpt lat="46.16241" lon="11.10678"><ele>204</ele></trkpt>
      <trkpt lat="46.16330" lon="11.10847"><ele>204</ele></trkpt>
      <trkpt lat="46.16421" lon="11.11017"><ele>203</ele></trkpt>
      <trkpt lat="46.16464" lon="11.11079"><ele>205</ele></trkpt>
      <trkpt lat="46.16511" lon="11.11133"><ele>203</ele></trkpt>
      <trkpt lat="46.16561" lon="11.11183"><ele>205</ele></trkpt>
      <trkpt lat="46.16585" lon="11.11202"><ele>204</ele></trkpt>
      <trkpt lat="46.16610" lon="11.11220"><ele>205</ele></trkpt>
      <trkpt lat="46.16635" lon="11.11236"><ele>204</ele></trkpt>
      <trkpt lat="46.16674" lon="11.11253"><ele>206</ele></trkpt>
      <trkpt lat="46.16676" lon="11.11254"><ele>206</ele></trkpt>
      <trkpt lat="46.16678" lon="11.11255"><ele>206</ele></trkpt>
      <trkpt lat="46.16679" lon="11.11251"><ele>206</ele></trkpt>
      <trkpt lat="46.16680" lon="11.11245"><ele>204</ele></trkpt>
      <trkpt lat="46.16709" lon="11.11119"><ele>204</ele></trkpt>
      <trkpt lat="46.16710" lon="11.11114"><ele>204</ele></trkpt>
      <trkpt lat="46.16711" lon="11.11107"><ele>205</ele></trkpt>
      <trkpt lat="46.16714" lon="11.11106"><ele>205</ele></trkpt>
      <trkpt lat="46.16717" lon="11.11107"><ele>205</ele></trkpt>
      <trkpt lat="46.16737" lon="11.11109"><ele>205</ele></trkpt>
      <trkpt lat="46.16751" lon="11.11111"><ele>206</ele></trkpt>
      <trkpt lat="46.16786" lon="11.11114"><ele>206</ele></trkpt>
      <trkpt lat="46.16837" lon="11.11116"><ele>204</ele></trkpt>
      <trkpt lat="46.16926" lon="11.11106"><ele>206</ele></trkpt>
      <trkpt lat="46.16934" lon="11.11105"><ele>206</ele></trkpt>
      <trkpt lat="46.17108" lon="11.11085"><ele>206</ele></trkpt>
      <trkpt lat="46.17392" lon="11.11051"><ele>205</ele></trkpt>
      <trkpt lat="46.17473" lon="11.11041"><ele>204</ele></trkpt>
      <trkpt lat="46.17519" lon="11.11036"><ele>205</ele></trkpt>
      <trkpt lat="46.17554" lon="11.11035"><ele>205</ele></trkpt>
      <trkpt lat="46.17595" lon="11.11037"><ele>205</ele></trkpt>
      <trkpt lat="46.17639" lon="11.11043"><ele>204</ele></trkpt>
      <trkpt lat="46.17682" lon="11.11051"><ele>206</ele></trkpt>
      <trkpt lat="46.17735" lon="11.11067"><ele>205</ele></trkpt>
      <trkpt lat="46.17783" lon="11.11086"><ele>206</ele></trkpt>
      <trkpt lat="46.17845" lon="11.11120"><ele>205</ele></trkpt>
      <trkpt lat="46.18052" lon="11.11249"><ele>206</ele></trkpt>
      <trkpt lat="46.18686" lon="11.11655"><ele>206</ele></trkpt>
      <trkpt lat="46.18799" lon="11.11740"><ele>207</ele></trkpt>
      <trkpt lat="46.18886" lon="11.11814"><ele>207</ele></trkpt>
      <trkpt lat="46.18890" lon="11.11820"><ele>208</ele></trkpt>
      <trkpt lat="46.18892" lon="11.11824"><ele>208</ele></trkpt>
      <trkpt lat="46.18885" lon="11.11872"><ele>203</ele></trkpt>
      <trkpt lat="46.18885" lon="11.11882"><ele>203</ele></trkpt>
      <trkpt lat="46.18886" lon="11.11890"><ele>203</ele></trkpt>
      <trkpt lat="46.18895" lon="11.11907"><ele>204</ele></trkpt>
      <trkpt lat="46.18928" lon="11.11942"><ele>204</ele></trkpt>
      <trkpt lat="46.18963" lon="11.11979"><ele>205</ele></trkpt>
      <trkpt lat="46.18997" lon="11.12018"><ele>206</ele></trkpt>
      <trkpt lat="46.19009" lon="11.12035"><ele>206</ele></trkpt>
      <trkpt lat="46.19018" lon="11.12058"><ele>204</ele></trkpt>
      <trkpt lat="46.19094" lon="11.12280"><ele>204</ele></trkpt>
      <trkpt lat="46.19098" lon="11.12292"><ele>204</ele></trkpt>
      <trkpt lat="46.19100" lon="11.12298"><ele>205</ele></trkpt>
      <trkpt lat="46.19103" lon="11.12305"><ele>206</ele></trkpt>
      <trkpt lat="46.19109" lon="11.12320"><ele>206</ele></trkpt>
      <trkpt lat="46.19111" lon="11.12325"><ele>207</ele></trkpt>
      <trkpt lat="46.19117" lon="11.12335"><ele>206</ele></trkpt>
      <trkpt lat="46.19120" lon="11.12343"><ele>206</ele></trkpt>
      <trkpt lat="46.19123" lon="11.12353"><ele>206</ele></trkpt>
      <trkpt lat="46.19130" lon="11.12380"><ele>206</ele></trkpt>
      <trkpt lat="46.19135" lon="11.12408"><ele>206</ele></trkpt>
      <trkpt lat="46.19139" lon="11.12431"><ele>207</ele></trkpt>
      <trkpt lat="46.19206" lon="11.12691"><ele>206</ele></trkpt>
      <trkpt lat="46.19230" lon="11.12767"><ele>206</ele></trkpt>
      <trkpt lat="46.19249" lon="11.12811"><ele>207</ele></trkpt>
      <trkpt lat="46.19252" lon="11.12814"><ele>207</ele></trkpt>
      <trkpt lat="46.19254" lon="11.12814"><ele>207</ele></trkpt>
      <trkpt lat="46.19258" lon="11.12821"><ele>207</ele></trkpt>
      <trkpt lat="46.19264" lon="11.12830"><ele>208</ele></trkpt>
      <trkpt lat="46.19267" lon="11.12837"><ele>208</ele></trkpt>
      <trkpt lat="46.19270" lon="11.12848"><ele>207</ele></trkpt>
      <trkpt lat="46.19271" lon="11.12852"><ele>206</ele></trkpt>
      <trkpt lat="46.19324" lon="11.12820"><ele>207</ele></trkpt>
      <trkpt lat="46.19330" lon="11.12817"><ele>207</ele></trkpt>
      <trkpt lat="46.19337" lon="11.12810"><ele>208</ele></trkpt>
      <trkpt lat="46.19341" lon="11.12806"><ele>208</ele></trkpt>
      <trkpt lat="46.19362" lon="11.12800"><ele>208</ele></trkpt>
      <trkpt lat="46.19375" lon="11.12813"><ele>207</ele></trkpt>
      <trkpt lat="46.19379" lon="11.12814"><ele>207</ele></trkpt>
      <trkpt lat="46.19398" lon="11.12801"><ele>208</ele></trkpt>
      <trkpt lat="46.19398" lon="11.12785"><ele>208</ele></trkpt>
      <trkpt lat="46.19401" lon="11.12778"><ele>208</ele></trkpt>
      <trkpt lat="46.19449" lon="11.12749"><ele>208</ele></trkpt>
      <trkpt lat="46.19476" lon="11.12727"><ele>208</ele></trkpt>
      <trkpt lat="46.19527" lon="11.12695"><ele>208</ele></trkpt>
      <trkpt lat="46.19552" lon="11.12670"><ele>208</ele></trkpt>
      <trkpt lat="46.19576" lon="11.12644"><ele>208</ele></trkpt>
      <trkpt lat="46.19596" lon="11.12616"><ele>209</ele></trkpt>
      <trkpt lat="46.19606" lon="11.12599"><ele>206</ele></trkpt>
      <trkpt lat="46.19611" lon="11.12601"><ele>206</ele></trkpt>
      <trkpt lat="46.19618" lon="11.12609"><ele>206</ele></trkpt>
      <trkpt lat="46.19646" lon="11.12646"><ele>207</ele></trkpt>
      <trkpt lat="46.19649" lon="11.12651"><ele>207</ele></trkpt>
      <trkpt lat="46.19651" lon="11.12649"><ele>206</ele></trkpt>
      <trkpt lat="46.19668" lon="11.12619"><ele>206</ele></trkpt>
      <trkpt lat="46.19669" lon="11.12616"><ele>207</ele></trkpt>
      <trkpt lat="46.19666" lon="11.12612"><ele>208</ele></trkpt>
      <trkpt lat="46.19654" lon="11.12598"><ele>206</ele></trkpt>
      <trkpt lat="46.19625" lon="11.12560"><ele>207</ele></trkpt>
      <trkpt lat="46.19623" lon="11.12557"><ele>207</ele></trkpt>
      <trkpt lat="46.19677" lon="11.12464"><ele>207</ele></trkpt>
      <trkpt lat="46.19685" lon="11.12394"><ele>207</ele></trkpt>
      <trkpt lat="46.19699" lon="11.12322"><ele>207</ele></trkpt>
      <trkpt lat="46.19725" lon="11.12200"><ele>207</ele></trkpt>
      <trkpt lat="46.19730" lon="11.12180"><ele>207</ele></trkpt>
      <trkpt lat="46.19785" lon="11.11986"><ele>208</ele></trkpt>
      <trkpt lat="46.19857" lon="11.12132"><ele>208</ele></trkpt>
      <trkpt lat="46.19888" lon="11.12203"><ele>210</ele></trkpt>
      <trkpt lat="46.19918" lon="11.12210"><ele>210</ele></trkpt>
      <trkpt lat="46.19946" lon="11.12227"><ele>209</ele></trkpt>
      <trkpt lat="46.19963" lon="11.12242"><ele>209</ele></trkpt>
      <trkpt lat="46.20012" lon="11.12318"><ele>209</ele></trkpt>
      <trkpt lat="46.20032" lon="11.12346"><ele>209</ele></trkpt>
      <trkpt lat="46.20053" lon="11.12368"><ele>209</ele></trkpt>
      <trkpt lat="46.20068" lon="11.12376"><ele>210</ele></trkpt>
      <trkpt lat="46.20081" lon="11.12374"><ele>211</ele></trkpt>
      <trkpt lat="46.20231" lon="11.12164"><ele>212</ele></trkpt>
      <trkpt lat="46.20274" lon="11.12103"><ele>212</ele></trkpt>
      <trkpt lat="46.20302" lon="11.12061"><ele>212</ele></trkpt>
      <trkpt lat="46.20350" lon="11.11991"><ele>212</ele></trkpt>
      <trkpt lat="46.20416" lon="11.12087"><ele>212</ele></trkpt>
      <trkpt lat="46.20420" lon="11.12092"><ele>212</ele></trkpt>
      <trkpt lat="46.20425" lon="11.12094"><ele>211</ele></trkpt>
      <trkpt lat="46.20430" lon="11.12093"><ele>211</ele></trkpt>
      <trkpt lat="46.20435" lon="11.12087"><ele>211</ele></trkpt>
      <trkpt lat="46.20595" lon="11.11859"><ele>213</ele></trkpt>
      <trkpt lat="46.20688" lon="11.11953"><ele>212</ele></trkpt>
      <trkpt lat="46.20778" lon="11.12043"><ele>212</ele></trkpt>
      <trkpt lat="46.20783" lon="11.12048"><ele>212</ele></trkpt>
      <trkpt lat="46.20818" lon="11.12090"><ele>212</ele></trkpt>
      <trkpt lat="46.20882" lon="11.12127"><ele>212</ele></trkpt>
      <trkpt lat="46.20961" lon="11.12197"><ele>212</ele></trkpt>
      <trkpt lat="46.20987" lon="11.12223"><ele>212</ele></trkpt>
      <trkpt lat="46.20992" lon="11.12234"><ele>212</ele></trkpt>
      <trkpt lat="46.20999" lon="11.12259"><ele>212</ele></trkpt>
      <trkpt lat="46.21008" lon="11.12273"><ele>211</ele></trkpt>
      <trkpt lat="46.21016" lon="11.12283"><ele>212</ele></trkpt>
      <trkpt lat="46.21025" lon="11.12294"><ele>212</ele></trkpt>
      <trkpt lat="46.21050" lon="11.12313"><ele>212</ele></trkpt>
      <trkpt lat="46.21065" lon="11.12324"><ele>212</ele></trkpt>
      <trkpt lat="46.21072" lon="11.12330"><ele>212</ele></trkpt>
      <trkpt lat="46.21091" lon="11.12350"><ele>212</ele></trkpt>
      <trkpt lat="46.21095" lon="11.12356"><ele>212</ele></trkpt>
      <trkpt lat="46.21130" lon="11.12409"><ele>212</ele></trkpt>
      <trkpt lat="46.21176" lon="11.12357"><ele>212</ele></trkpt>
      <trkpt lat="46.21207" lon="11.12322"><ele>212</ele></trkpt>
      <trkpt lat="46.21243" lon="11.12277"><ele>212</ele></trkpt>
      <trkpt lat="46.21305" lon="11.12211"><ele>213</ele></trkpt>
      <trkpt lat="46.21311" lon="11.12204"><ele>213</ele></trkpt>
      <trkpt lat="46.21459" lon="11.12039"><ele>215</ele></trkpt>
      <trkpt lat="46.21465" lon="11.12041"><ele>215</ele></trkpt>
      <trkpt lat="46.21509" lon="11.11991"><ele>215</ele></trkpt>
      <trkpt lat="46.21521" lon="11.11983"><ele>215</ele></trkpt>
      <trkpt lat="46.21526" lon="11.11983"><ele>215</ele></trkpt>
      <trkpt lat="46.21526" lon="11.11987"><ele>215</ele></trkpt>
      <trkpt lat="46.21527" lon="11.11990"><ele>215</ele></trkpt>
      <trkpt lat="46.21528" lon="11.11993"><ele>215</ele></trkpt>
      <trkpt lat="46.21531" lon="11.11995"><ele>215</ele></trkpt>
      <trkpt lat="46.21533" lon="11.11996"><ele>215</ele></trkpt>
      <trkpt lat="46.21536" lon="11.11995"><ele>215</ele></trkpt>
      <trkpt lat="46.21533" lon="11.12033"><ele>215</ele></trkpt>
      <trkpt lat="46.21536" lon="11.12033"><ele>215</ele></trkpt>
      <trkpt lat="46.21537" lon="11.12033"><ele>215</ele></trkpt>
      <trkpt lat="46.21537" lon="11.12078"><ele>215</ele></trkpt>
    </trkseg>
  </trk>
</gpx>
