<?xml version="1.0" encoding="UTF-8"?>
<gpx version="1.1" creator="dolomites-trip" xmlns="http://www.topografix.com/GPX/1/1">
  <metadata><name>День 9: Mezzocorona → Bolzano (багаж в отель) → радиалка налегке в Merano</name></metadata>
  <trk>
    <name>День 9: Mezzocorona → Bolzano (багаж в отель) → радиалка налегке в Merano</name>
    <trkseg>
      <trkpt lat="46.21537" lon="11.12078"><ele>215</ele></trkpt>
      <trkpt lat="46.21536" lon="11.12135"><ele>215</ele></trkpt>
      <trkpt lat="46.21533" lon="11.12135"><ele>215</ele></trkpt>
      <trkpt lat="46.21532" lon="11.12171"><ele>214</ele></trkpt>
      <trkpt lat="46.21529" lon="11.12183"><ele>214</ele></trkpt>
      <trkpt lat="46.21526" lon="11.12191"><ele>214</ele></trkpt>
      <trkpt lat="46.21507" lon="11.12217"><ele>214</ele></trkpt>
      <trkpt lat="46.21500" lon="11.12227"><ele>214</ele></trkpt>
      <trkpt lat="46.21465" lon="11.12274"><ele>213</ele></trkpt>
      <trkpt lat="46.21457" lon="11.12283"><ele>214</ele></trkpt>
      <trkpt lat="46.21426" lon="11.12310"><ele>213</ele></trkpt>
      <trkpt lat="46.21402" lon="11.12322"><ele>213</ele></trkpt>
      <trkpt lat="46.21401" lon="11.12323"><ele>213</ele></trkpt>
      <trkpt lat="46.21400" lon="11.12323"><ele>213</ele></trkpt>
      <trkpt lat="46.21364" lon="11.12341"><ele>212</ele></trkpt>
      <trkpt lat="46.21357" lon="11.12347"><ele>212</ele></trkpt>
      <trkpt lat="46.21350" lon="11.12354"><ele>212</ele></trkpt>
      <trkpt lat="46.21342" lon="11.12364"><ele>212</ele></trkpt>
      <trkpt lat="46.21336" lon="11.12375"><ele>213</ele></trkpt>
      <trkpt lat="46.21330" lon="11.12387"><ele>213</ele></trkpt>
      <trkpt lat="46.21317" lon="11.12419"><ele>212</ele></trkpt>
      <trkpt lat="46.21310" lon="11.12432"><ele>212</ele></trkpt>
      <trkpt lat="46.21297" lon="11.12452"><ele>212</ele></trkpt>
      <trkpt lat="46.21292" lon="11.12461"><ele>212</ele></trkpt>
      <trkpt lat="46.21285" lon="11.12481"><ele>212</ele></trkpt>
      <trkpt lat="46.21276" lon="11.12519"><ele>212</ele></trkpt>
      <trkpt lat="46.21270" lon="11.12552"><ele>212</ele></trkpt>
      <trkpt lat="46.21263" lon="11.12598"><ele>211</ele></trkpt>
      <trkpt lat="46.21261" lon="11.12609"><ele>211</ele></trkpt>
      <trkpt lat="46.21260" lon="11.12616"><ele>211</ele></trkpt>
      <trkpt lat="46.21254" lon="11.12630"><ele>211</ele></trkpt>
      <trkpt lat="46.21247" lon="11.12642"><ele>211</ele></trkpt>
      <trkpt lat="46.21239" lon="11.12652"><ele>211</ele></trkpt>
      <trkpt lat="46.21209" lon="11.12693"><ele>211</ele></trkpt>
      <trkpt lat="46.21204" lon="11.12702"><ele>211</ele></trkpt>
      <trkpt lat="46.21197" lon="11.12716"><ele>210</ele></trkpt>
      <trkpt lat="46.21189" lon="11.12739"><ele>210</ele></trkpt>
      <trkpt lat="46.21180" lon="11.12771"><ele>210</ele></trkpt>
      <trkpt lat="46.21174" lon="11.12782"><ele>210</ele></trkpt>
      <trkpt lat="46.21159" lon="11.12804"><ele>210</ele></trkpt>
      <trkpt lat="46.21141" lon="11.12827"><ele>210</ele></trkpt>
      <trkpt lat="46.21132" lon="11.12843"><ele>210</ele></trkpt>
      <trkpt lat="46.21118" lon="11.12876"><ele>210</ele></trkpt>
      <trkpt lat="46.21113" lon="11.12891"><ele>210</ele></trkpt>
      <trkpt lat="46.21109" lon="11.12910"><ele>209</ele></trkpt>
      <trkpt lat="46.21105" lon="11.12922"><ele>209</ele></trkpt>
      <trkpt lat="46.21100" lon="11.12934"><ele>209</ele></trkpt>
      <trkpt lat="46.21094" lon="11.12944"><ele>210</ele></trkpt>
      <trkpt lat="46.21087" lon="11.12953"><ele>210</ele></trkpt>
      <trkpt lat="46.21061" lon="11.12983"><ele>208</ele></trkpt>
      <trkpt lat="46.21050" lon="11.12998"><ele>208</ele></trkpt>
      <trkpt lat="46.21038" lon="11.13017"><ele>208</ele></trkpt>
      <trkpt lat="46.21025" lon="11.13042"><ele>206</ele></trkpt>
      <trkpt lat="46.21007" lon="11.13083"><ele>207</ele></trkpt>
      <trkpt lat="46.21005" lon="11.13089"><ele>206</ele></trkpt>
      <trkpt lat="46.20990" lon="11.13124"><ele>207</ele></trkpt>
      <trkpt lat="46.20985" lon="11.13138"><ele>207</ele></trkpt>
      <trkpt lat="46.20962" lon="11.13244"><ele>208</ele></trkpt>
      <trkpt lat="46.20954" lon="11.13279"><ele>208</ele></trkpt>
      <trkpt lat="46.20932" lon="11.13371"><ele>207</ele></trkpt>
      <trkpt lat="46.20920" lon="11.13425"><ele>207</ele></trkpt>
      <trkpt lat="46.20909" lon="11.13441"><ele>207</ele></trkpt>
      <trkpt lat="46.20872" lon="11.13486"><ele>207</ele></trkpt>
      <trkpt lat="46.20855" lon="11.13506"><ele>207</ele></trkpt>
      <trkpt lat="46.20828" lon="11.13544"><ele>206</ele></trkpt>
      <trkpt lat="46.20803" lon="11.13584"><ele>207</ele></trkpt>
      <trkpt lat="46.20789" lon="11.13617"><ele>206</ele></trkpt>
      <trkpt lat="46.20776" lon="11.13650"><ele>207</ele></trkpt>
      <trkpt lat="46.20768" lon="11.13675"><ele>206</ele></trkpt>
      <trkpt lat="46.20761" lon="11.13705"><ele>207</ele></trkpt>
      <trkpt lat="46.20755" lon="11.13717"><ele>209</ele></trkpt>
      <trkpt lat="46.20744" lon="11.13729"><ele>210</ele></trkpt>
      <trkpt lat="46.20739" lon="11.13733"><ele>209</ele></trkpt>
      <trkpt lat="46.20735" lon="11.13738"><ele>209</ele></trkpt>
      <trkpt lat="46.20732" lon="11.13745"><ele>208</ele></trkpt>
      <trkpt lat="46.20732" lon="11.13753"><ele>208</ele></trkpt>
      <trkpt lat="46.20732" lon="11.13761"><ele>209</ele></trkpt>
      <trkpt lat="46.20735" lon="11.13768"><ele>209</ele></trkpt>
      <trkpt lat="46.20739" lon="11.13784"><ele>209</ele></trkpt>
      <trkpt lat="46.20741" lon="11.13795"><ele>208</ele></trkpt>
      <trkpt lat="46.20719" lon="11.13888"><ele>211</ele></trkpt>
      <trkpt lat="46.20712" lon="11.13917"><ele>209</ele></trkpt>
      <trkpt lat="46.20663" lon="11.14043"><ele>208</ele></trkpt>
      <trkpt lat="46.20653" lon="11.14066"><ele>207</ele></trkpt>
      <trkpt lat="46.20636" lon="11.14102"><ele>209</ele></trkpt>
      <trkpt lat="46.20624" lon="11.14129"><ele>208</ele></trkpt>
      <trkpt lat="46.20622" lon="11.14133"><ele>208</ele></trkpt>
      <trkpt lat="46.20611" lon="11.14153"><ele>208</ele></trkpt>
      <trkpt lat="46.20577" lon="11.14220"><ele>208</ele></trkpt>
      <trkpt lat="46.20575" lon="11.14225"><ele>208</ele></trkpt>
      <trkpt lat="46.20586" lon="11.14240"><ele>209</ele></trkpt>
      <trkpt lat="46.20802" lon="11.14537"><ele>208</ele></trkpt>
      <trkpt lat="46.20820" lon="11.14561"><ele>208</ele></trkpt>
      <trkpt lat="46.20860" lon="11.14610"><ele>209</ele></trkpt>
      <trkpt lat="46.20884" lon="11.14631"><ele>208</ele></trkpt>
      <trkpt lat="46.20935" lon="11.14671"><ele>208</ele></trkpt>
      <trkpt lat="46.20965" lon="11.14689"><ele>208</ele></trkpt>
      <trkpt lat="46.20995" lon="11.14707"><ele>208</ele></trkpt>
      <trkpt lat="46.21037" lon="11.14727"><ele>208</ele></trkpt>
      <trkpt lat="46.21079" lon="11.14743"><ele>208</ele></trkpt>
      <trkpt lat="46.21120" lon="11.14752"><ele>208</ele></trkpt>
      <trkpt lat="46.21167" lon="11.14759"><ele>208</ele></trkpt>
      <trkpt lat="46.21283" lon="11.14763"><ele>207</ele></trkpt>
      <trkpt lat="46.21502" lon="11.14768"><ele>209</ele></trkpt>
      <trkpt lat="46.21717" lon="11.14776"><ele>210</ele></trkpt>
      <trkpt lat="46.21773" lon="11.14778"><ele>209</ele></trkpt>
      <trkpt lat="46.21824" lon="11.14784"><ele>208</ele></trkpt>
      <trkpt lat="46.21860" lon="11.14791"><ele>208</ele></trkpt>
      <trkpt lat="46.21957" lon="11.14822"><ele>209</ele></trkpt>
      <trkpt lat="46.21969" lon="11.14827"><ele>210</ele></trkpt>
      <trkpt lat="46.21976" lon="11.14831"><ele>210</ele></trkpt>
      <trkpt lat="46.22078" lon="11.14889"><ele>210</ele></trkpt>
      <trkpt lat="46.22086" lon="11.14895"><ele>209</ele></trkpt>
      <trkpt lat="46.22110" lon="11.14912"><ele>210</ele></trkpt>
      <trkpt lat="46.22215" lon="11.15003"><ele>208</ele></trkpt>
      <trkpt lat="46.22392" lon="11.15154"><ele>209</ele></trkpt>
      <trkpt lat="46.22454" lon="11.15211"><ele>209</ele></trkpt>
      <trkpt lat="46.22471" lon="11.15231"><ele>210</ele></trkpt>
      <trkpt lat="46.22488" lon="11.15258"><ele>209</ele></trkpt>
      <trkpt lat="46.22509" lon="11.15293"><ele>209</ele></trkpt>
      <trkpt lat="46.22529" lon="11.15329"><ele>210</ele></trkpt>
      <trkpt lat="46.22540" lon="11.15358"><ele>208</ele></trkpt>
      <trkpt lat="46.22551" lon="11.15390"><ele>210</ele></trkpt>
      <trkpt lat="46.22567" lon="11.15442"><ele>208</ele></trkpt>
      <trkpt lat="46.22590" lon="11.15525"><ele>210</ele></trkpt>
      <trkpt lat="46.22616" lon="11.15640"><ele>210</ele></trkpt>
      <trkpt lat="46.22622" lon="11.15689"><ele>208</ele></trkpt>
      <trkpt lat="46.22627" lon="11.15734"><ele>208</ele></trkpt>
      <trkpt lat="46.22631" lon="11.15792"><ele>208</ele></trkpt>
      <trkpt lat="46.22635" lon="11.15849"><ele>210</ele></trkpt>
      <trkpt lat="46.22636" lon="11.15900"><ele>210</ele></trkpt>
      <trkpt lat="46.22636" lon="11.16011"><ele>210</ele></trkpt>
      <trkpt lat="46.22635" lon="11.16107"><ele>210</ele></trkpt>
      <trkpt lat="46.22633" lon="11.16155"><ele>209</ele></trkpt>
      <trkpt lat="46.22631" lon="11.16176"><ele>208</ele></trkpt>
      <trkpt lat="46.22625" lon="11.16226"><ele>208</ele></trkpt>
      <trkpt lat="46.22605" lon="11.16364"><ele>210</ele></trkpt>
      <trkpt lat="46.22602" lon="11.16405"><ele>210</ele></trkpt>
      <trkpt lat="46.22601" lon="11.16424"><ele>210</ele></trkpt>
      <trkpt lat="46.22609" lon="11.16539"><ele>211</ele></trkpt>
      <trkpt lat="46.22619" lon="11.16583"><ele>210</ele></trkpt>
      <trkpt lat="46.22621" lon="11.16596"><ele>210</ele></trkpt>
      <trkpt lat="46.22621" lon="11.16608"><ele>210</ele></trkpt>
      <trkpt lat="46.22619" lon="11.16631"><ele>210</ele></trkpt>
      <trkpt lat="46.22618" lon="11.16647"><ele>211</ele></trkpt>
      <trkpt lat="46.22618" lon="11.16663"><ele>211</ele></trkpt>
      <trkpt lat="46.22619" lon="11.16671"><ele>210</ele></trkpt>
      <trkpt lat="46.22624" lon="11.16688"><ele>209</ele></trkpt>
      <trkpt lat="46.22633" lon="11.16735"><ele>209</ele></trkpt>
      <trkpt lat="46.22635" lon="11.16742"><ele>210</ele></trkpt>
      <trkpt lat="46.22640" lon="11.16745"><ele>210</ele></trkpt>
      <trkpt lat="46.22657" lon="11.16740"><ele>210</ele></trkpt>
      <trkpt lat="46.22661" lon="11.16749"><ele>210</ele></trkpt>
      <trkpt lat="46.22666" lon="11.16775"><ele>211</ele></trkpt>
      <trkpt lat="46.22670" lon="11.16810"><ele>208</ele></trkpt>
      <trkpt lat="46.22683" lon="11.16860"><ele>208</ele></trkpt>
      <trkpt lat="46.22686" lon="11.16884"><ele>209</ele></trkpt>
      <trkpt lat="46.22691" lon="11.16902"><ele>210</ele></trkpt>
      <trkpt lat="46.22718" lon="11.16987"><ele>210</ele></trkpt>
      <trkpt lat="46.22744" lon="11.17058"><ele>210</ele></trkpt>
      <trkpt lat="46.22770" lon="11.17113"><ele>209</ele></trkpt>
      <trkpt lat="46.22794" lon="11.17159"><ele>209</ele></trkpt>
      <trkpt lat="46.23050" lon="11.17558"><ele>210</ele></trkpt>
      <trkpt lat="46.23076" lon="11.17597"><ele>210</ele></trkpt>
      <trkpt lat="46.23099" lon="11.17629"><ele>210</ele></trkpt>
      <trkpt lat="46.23107" lon="11.17638"><ele>210</ele></trkpt>
      <trkpt lat="46.23129" lon="11.17659"><ele>210</ele></trkpt>
      <trkpt lat="46.23159" lon="11.17688"><ele>212</ele></trkpt>
      <trkpt lat="46.23194" lon="11.17721"><ele>213</ele></trkpt>
      <trkpt lat="46.23266" lon="11.17788"><ele>210</ele></trkpt>
      <trkpt lat="46.23299" lon="11.17824"><ele>210</ele></trkpt>
      <trkpt lat="46.23308" lon="11.17835"><ele>211</ele></trkpt>
      <trkpt lat="46.23348" lon="11.17893"><ele>208</ele></trkpt>
      <trkpt lat="46.23375" lon="11.17928"><ele>209</ele></trkpt>
      <trkpt lat="46.23460" lon="11.18051"><ele>209</ele></trkpt>
      <trkpt lat="46.23535" lon="11.18163"><ele>210</ele></trkpt>
      <trkpt lat="46.23555" lon="11.18195"><ele>212</ele></trkpt>
      <trkpt lat="46.23589" lon="11.18257"><ele>210</ele></trkpt>
      <trkpt lat="46.23614" lon="11.18306"><ele>211</ele></trkpt>
      <trkpt lat="46.23638" lon="11.18354"><ele>212</ele></trkpt>
      <trkpt lat="46.23700" lon="11.18494"><ele>212</ele></trkpt>
      <trkpt lat="46.23744" lon="11.18596"><ele>211</ele></trkpt>
      <trkpt lat="46.23753" lon="11.18620"><ele>212</ele></trkpt>
      <trkpt lat="46.23766" lon="11.18659"><ele>210</ele></trkpt>
      <trkpt lat="46.23772" lon="11.18676"><ele>211</ele></trkpt>
      <trkpt lat="46.23786" lon="11.18733"><ele>210</ele></trkpt>
      <trkpt lat="46.23808" lon="11.18823"><ele>212</ele></trkpt>
      <trkpt lat="46.23815" lon="11.18858"><ele>210</ele></trkpt>
      <trkpt lat="46.23817" lon="11.18871"><ele>210</ele></trkpt>
      <trkpt lat="46.23820" lon="11.18906"><ele>210</ele></trkpt>
      <trkpt lat="46.23822" lon="11.18947"><ele>210</ele></trkpt>
      <trkpt lat="46.23826" lon="11.18968"><ele>210</ele></trkpt>
      <trkpt lat="46.23829" lon="11.18981"><ele>211</ele></trkpt>
      <trkpt lat="46.23837" lon="11.19003"><ele>212</ele></trkpt>
      <trkpt lat="46.23842" lon="11.19015"><ele>211</ele></trkpt>
      <trkpt lat="46.23848" lon="11.19026"><ele>210</ele></trkpt>
      <trkpt lat="46.23905" lon="11.19128"><ele>210</ele></trkpt>
      <trkpt lat="46.23951" lon="11.19210"><ele>210</ele></trkpt>
      <trkpt lat="46.23958" lon="11.19228"><ele>210</ele></trkpt>
      <trkpt lat="46.24134" lon="11.19765"><ele>211</ele></trkpt>
      <trkpt lat="46.24325" lon="11.20340"><ele>210</ele></trkpt>
      <trkpt lat="46.24326" lon="11.20354"><ele>211</ele></trkpt>
      <trkpt lat="46.24339" lon="11.20393"><ele>211</ele></trkpt>
      <trkpt lat="46.24345" lon="11.20403"><ele>210</ele></trkpt>
      <trkpt lat="46.24361" lon="11.20450"><ele>213</ele></trkpt>
      <trkpt lat="46.24376" lon="11.20497"><ele>210</ele></trkpt>
      <trkpt lat="46.24380" lon="11.20511"><ele>211</ele></trkpt>
      <trkpt lat="46.24381" lon="11.20514"><ele>211</ele></trkpt>
      <trkpt lat="46.24383" lon="11.20521"><ele>212</ele></trkpt>
      <trkpt lat="46.24379" lon="11.20526"><ele>212</ele></trkpt>
      <trkpt lat="46.24337" lon="11.20587"><ele>210</ele></trkpt>
      <trkpt lat="46.24324" lon="11.20604"><ele>209</ele></trkpt>
      <trkpt lat="46.24252" lon="11.20705"><ele>210</ele></trkpt>
      <trkpt lat="46.24244" lon="11.20716"><ele>210</ele></trkpt>
      <trkpt lat="46.24225" lon="11.20742"><ele>210</ele></trkpt>
      <trkpt lat="46.24195" lon="11.20779"><ele>210</ele></trkpt>
      <trkpt lat="46.24186" lon="11.20791"><ele>209</ele></trkpt>
      <trkpt lat="46.24177" lon="11.20802"><ele>209</ele></trkpt>
      <trkpt lat="46.24150" lon="11.20837"><ele>210</ele></trkpt>
      <trkpt lat="46.24146" lon="11.20842"><ele>210</ele></trkpt>
      <trkpt lat="46.24141" lon="11.20847"><ele>210</ele></trkpt>
      <trkpt lat="46.24136" lon="11.20854"><ele>209</ele></trkpt>
      <trkpt lat="46.24129" lon="11.20862"><ele>209</ele></trkpt>
      <trkpt lat="46.24129" lon="11.20863"><ele>209</ele></trkpt>
      <trkpt lat="46.24117" lon="11.20877"><ele>210</ele></trkpt>
      <trkpt lat="46.24109" lon="11.20885"><ele>210</ele></trkpt>
      <trkpt lat="46.24104" lon="11.20890"><ele>210</ele></trkpt>
      <trkpt lat="46.24095" lon="11.20903"><ele>210</ele></trkpt>
      <trkpt lat="46.24074" lon="11.20951"><ele>210</ele></trkpt>
      <trkpt lat="46.24071" lon="11.20957"><ele>210</ele></trkpt>
      <trkpt lat="46.24069" lon="11.20964"><ele>210</ele></trkpt>
      <trkpt lat="46.24068" lon="11.20975"><ele>210</ele></trkpt>
      <trkpt lat="46.24066" lon="11.20984"><ele>210</ele></trkpt>
      <trkpt lat="46.24060" lon="11.20998"><ele>211</ele></trkpt>
      <trkpt lat="46.24045" lon="11.21018"><ele>211</ele></trkpt>
      <trkpt lat="46.24037" lon="11.21030"><ele>212</ele></trkpt>
      <trkpt lat="46.24027" lon="11.21049"><ele>213</ele></trkpt>
      <trkpt lat="46.24015" lon="11.21071"><ele>213</ele></trkpt>
      <trkpt lat="46.24009" lon="11.21084"><ele>214</ele></trkpt>
      <trkpt lat="46.23996" lon="11.21108"><ele>214</ele></trkpt>
      <trkpt lat="46.23977" lon="11.21142"><ele>216</ele></trkpt>
      <trkpt lat="46.23961" lon="11.21165"><ele>217</ele></trkpt>
      <trkpt lat="46.23958" lon="11.21170"><ele>217</ele></trkpt>
      <trkpt lat="46.23954" lon="11.21162"><ele>217</ele></trkpt>
      <trkpt lat="46.23952" lon="11.21158"><ele>217</ele></trkpt>
      <trkpt lat="46.23943" lon="11.21115"><ele>217</ele></trkpt>
      <trkpt lat="46.23952" lon="11.21158"><ele>217</ele></trkpt>
      <trkpt lat="46.23954" lon="11.21162"><ele>217</ele></trkpt>
      <trkpt lat="46.23958" lon="11.21170"><ele>217</ele></trkpt>
      <trkpt lat="46.23961" lon="11.21165"><ele>217</ele></trkpt>
      <trkpt lat="46.23977" lon="11.21142"><ele>216</ele></trkpt>
      <trkpt lat="46.23996" lon="11.21108"><ele>214</ele></trkpt>
      <trkpt lat="46.24009" lon="11.21084"><ele>214</ele></trkpt>
      <trkpt lat="46.24015" lon="11.21071"><ele>213</ele></trkpt>
      <trkpt lat="46.24027" lon="11.21049"><ele>213</ele></trkpt>
      <trkpt lat="46.24037" lon="11.21030"><ele>212</ele></trkpt>
      <trkpt lat="46.24045" lon="11.21018"><ele>211</ele></trkpt>
      <trkpt lat="46.24060" lon="11.20998"><ele>211</ele></trkpt>
      <trkpt lat="46.24066" lon="11.20984"><ele>210</ele></trkpt>
      <trkpt lat="46.24068" lon="11.20975"><ele>210</ele></trkpt>
      <trkpt lat="46.24069" lon="11.20964"><ele>210</ele></trkpt>
      <trkpt lat="46.24071" lon="11.20957"><ele>210</ele></trkpt>
      <trkpt lat="46.24074" lon="11.20951"><ele>210</ele></trkpt>
      <trkpt lat="46.24095" lon="11.20903"><ele>210</ele></trkpt>
      <trkpt lat="46.24104" lon="11.20890"><ele>210</ele></trkpt>
      <trkpt lat="46.24109" lon="11.20885"><ele>210</ele></trkpt>
      <trkpt lat="46.24117" lon="11.20877"><ele>210</ele></trkpt>
      <trkpt lat="46.24129" lon="11.20863"><ele>209</ele></trkpt>
      <trkpt lat="46.24129" lon="11.20862"><ele>209</ele></trkpt>
      <trkpt lat="46.24136" lon="11.20854"><ele>209</ele></trkpt>
      <trkpt lat="46.24141" lon="11.20847"><ele>210</ele></trkpt>
      <trkpt lat="46.24146" lon="11.20842"><ele>210</ele></trkpt>
      <trkpt lat="46.24150" lon="11.20837"><ele>210</ele></trkpt>
      <trkpt lat="46.24177" lon="11.20802"><ele>209</ele></trkpt>
      <trkpt lat="46.24186" lon="11.20791"><ele>209</ele></trkpt>
      <trkpt lat="46.24195" lon="11.20779"><ele>210</ele></trkpt>
      <trkpt lat="46.24225" lon="11.20742"><ele>210</ele></trkpt>
      <trkpt lat="46.24244" lon="11.20716"><ele>210</ele></trkpt>
      <trkpt lat="46.24252" lon="11.20705"><ele>210</ele></trkpt>
      <trkpt lat="46.24324" lon="11.20604"><ele>209</ele></trkpt>
      <trkpt lat="46.24337" lon="11.20587"><ele>210</ele></trkpt>
      <trkpt lat="46.24379" lon="11.20526"><ele>212</ele></trkpt>
      <trkpt lat="46.24383" lon="11.20521"><ele>212</ele></trkpt>
      <trkpt lat="46.24385" lon="11.20525"><ele>213</ele></trkpt>
      <trkpt lat="46.24386" lon="11.20527"><ele>213</ele></trkpt>
      <trkpt lat="46.24390" lon="11.20541"><ele>214</ele></trkpt>
      <trkpt lat="46.24400" lon="11.20569"><ele>210</ele></trkpt>
      <trkpt lat="46.24413" lon="11.20609"><ele>212</ele></trkpt>
      <trkpt lat="46.24427" lon="11.20646"><ele>210</ele></trkpt>
      <trkpt lat="46.24452" lon="11.20704"><ele>211</ele></trkpt>
      <trkpt lat="46.24501" lon="11.20813"><ele>212</ele></trkpt>
      <trkpt lat="46.24539" lon="11.20884"><ele>210</ele></trkpt>
      <trkpt lat="46.24561" lon="11.20924"><ele>212</ele></trkpt>
      <trkpt lat="46.24583" lon="11.20959"><ele>212</ele></trkpt>
      <trkpt lat="46.24610" lon="11.20999"><ele>213</ele></trkpt>
      <trkpt lat="46.24638" lon="11.21041"><ele>212</ele></trkpt>
      <trkpt lat="46.24665" lon="11.21078"><ele>213</ele></trkpt>
      <trkpt lat="46.24721" lon="11.21150"><ele>212</ele></trkpt>
      <trkpt lat="46.24752" lon="11.21191"><ele>213</ele></trkpt>
      <trkpt lat="46.24790" lon="11.21238"><ele>212</ele></trkpt>
      <trkpt lat="46.24824" lon="11.21276"><ele>212</ele></trkpt>
      <trkpt lat="46.24893" lon="11.21346"><ele>212</ele></trkpt>
      <trkpt lat="46.24935" lon="11.21387"><ele>212</ele></trkpt>
      <trkpt lat="46.25015" lon="11.21465"><ele>212</ele></trkpt>
      <trkpt lat="46.25043" lon="11.21493"><ele>212</ele></trkpt>
      <trkpt lat="46.25077" lon="11.21533"><ele>212</ele></trkpt>
      <trkpt lat="46.25148" lon="11.21630"><ele>212</ele></trkpt>
      <trkpt lat="46.25187" lon="11.21686"><ele>213</ele></trkpt>
      <trkpt lat="46.25242" lon="11.21761"><ele>212</ele></trkpt>
      <trkpt lat="46.25385" lon="11.21947"><ele>213</ele></trkpt>
      <trkpt lat="46.25514" lon="11.22136"><ele>212</ele></trkpt>
      <trkpt lat="46.25544" lon="11.22174"><ele>212</ele></trkpt>
      <trkpt lat="46.25575" lon="11.22209"><ele>212</ele></trkpt>
      <trkpt lat="46.25613" lon="11.22248"><ele>214</ele></trkpt>
      <trkpt lat="46.25750" lon="11.22383"><ele>214</ele></trkpt>
      <trkpt lat="46.25856" lon="11.22488"><ele>213</ele></trkpt>
      <trkpt lat="46.26115" lon="11.22751"><ele>214</ele></trkpt>
      <trkpt lat="46.26141" lon="11.22776"><ele>213</ele></trkpt>
      <trkpt lat="46.26305" lon="11.22946"><ele>216</ele></trkpt>
      <trkpt lat="46.26367" lon="11.23002"><ele>215</ele></trkpt>
      <trkpt lat="46.26384" lon="11.23018"><ele>214</ele></trkpt>
      <trkpt lat="46.26416" lon="11.23043"><ele>214</ele></trkpt>
      <trkpt lat="46.26470" lon="11.23082"><ele>215</ele></trkpt>
      <trkpt lat="46.26499" lon="11.23102"><ele>213</ele></trkpt>
      <trkpt lat="46.26541" lon="11.23130"><ele>214</ele></trkpt>
      <trkpt lat="46.26745" lon="11.23262"><ele>213</ele></trkpt>
      <trkpt lat="46.26833" lon="11.23314"><ele>214</ele></trkpt>
      <trkpt lat="46.26858" lon="11.23333"><ele>217</ele></trkpt>
      <trkpt lat="46.26865" lon="11.23338"><ele>216</ele></trkpt>
      <trkpt lat="46.26880" lon="11.23341"><ele>215</ele></trkpt>
      <trkpt lat="46.26895" lon="11.23344"><ele>214</ele></trkpt>
      <trkpt lat="46.26935" lon="11.23362"><ele>215</ele></trkpt>
      <trkpt lat="46.27045" lon="11.23416"><ele>216</ele></trkpt>
      <trkpt lat="46.27137" lon="11.23455"><ele>213</ele></trkpt>
      <trkpt lat="46.27267" lon="11.23496"><ele>215</ele></trkpt>
      <trkpt lat="46.27459" lon="11.23549"><ele>214</ele></trkpt>
      <trkpt lat="46.27687" lon="11.23614"><ele>216</ele></trkpt>
      <trkpt lat="46.27720" lon="11.23624"><ele>213</ele></trkpt>
      <trkpt lat="46.27771" lon="11.23645"><ele>214</ele></trkpt>
      <trkpt lat="46.27825" lon="11.23669"><ele>215</ele></trkpt>
      <trkpt lat="46.27900" lon="11.23703"><ele>214</ele></trkpt>
      <trkpt lat="46.27987" lon="11.23750"><ele>216</ele></trkpt>
      <trkpt lat="46.28015" lon="11.23759"><ele>216</ele></trkpt>
      <trkpt lat="46.28091" lon="11.23786"><ele>215</ele></trkpt>
      <trkpt lat="46.28123" lon="11.23794"><ele>215</ele></trkpt>
      <trkpt lat="46.28163" lon="11.23799"><ele>216</ele></trkpt>
      <trkpt lat="46.28361" lon="11.23821"><ele>215</ele></trkpt>
      <trkpt lat="46.28463" lon="11.23833"><ele>216</ele></trkpt>
      <trkpt lat="46.28535" lon="11.23845"><ele>214</ele></trkpt>
      <trkpt lat="46.28610" lon="11.23862"><ele>216</ele></trkpt>
      <trkpt lat="46.28695" lon="11.23886"><ele>218</ele></trkpt>
      <trkpt lat="46.28699" lon="11.23887"><ele>218</ele></trkpt>
      <trkpt lat="46.28703" lon="11.23888"><ele>218</ele></trkpt>
      <trkpt lat="46.28727" lon="11.23894"><ele>215</ele></trkpt>
      <trkpt lat="46.28782" lon="11.23913"><ele>216</ele></trkpt>
      <trkpt lat="46.28863" lon="11.23945"><ele>218</ele></trkpt>
      <trkpt lat="46.28913" lon="11.23966"><ele>216</ele></trkpt>
      <trkpt lat="46.28931" lon="11.23975"><ele>215</ele></trkpt>
      <trkpt lat="46.28939" lon="11.23979"><ele>215</ele></trkpt>
      <trkpt lat="46.28949" lon="11.23984"><ele>215</ele></trkpt>
      <trkpt lat="46.28967" lon="11.23993"><ele>216</ele></trkpt>
      <trkpt lat="46.29004" lon="11.24013"><ele>214</ele></trkpt>
      <trkpt lat="46.29063" lon="11.24045"><ele>214</ele></trkpt>
      <trkpt lat="46.29195" lon="11.24128"><ele>216</ele></trkpt>
      <trkpt lat="46.29224" lon="11.24146"><ele>215</ele></trkpt>
      <trkpt lat="46.29228" lon="11.24148"><ele>215</ele></trkpt>
      <trkpt lat="46.29234" lon="11.24154"><ele>214</ele></trkpt>
      <trkpt lat="46.29326" lon="11.24231"><ele>215</ele></trkpt>
      <trkpt lat="46.29356" lon="11.24254"><ele>215</ele></trkpt>
      <trkpt lat="46.29415" lon="11.24305"><ele>217</ele></trkpt>
      <trkpt lat="46.29452" lon="11.24336"><ele>217</ele></trkpt>
      <trkpt lat="46.29678" lon="11.24522"><ele>216</ele></trkpt>
      <trkpt lat="46.29831" lon="11.24648"><ele>216</ele></trkpt>
      <trkpt lat="46.29917" lon="11.24719"><ele>218</ele></trkpt>
      <trkpt lat="46.30247" lon="11.24994"><ele>217</ele></trkpt>
      <trkpt lat="46.30303" lon="11.25043"><ele>217</ele></trkpt>
      <trkpt lat="46.30388" lon="11.25119"><ele>216</ele></trkpt>
      <trkpt lat="46.30486" lon="11.25213"><ele>216</ele></trkpt>
      <trkpt lat="46.30678" lon="11.25401"><ele>216</ele></trkpt>
      <trkpt lat="46.31030" lon="11.25751"><ele>218</ele></trkpt>
      <trkpt lat="46.31053" lon="11.25773"><ele>218</ele></trkpt>
      <trkpt lat="46.31067" lon="11.25788"><ele>216</ele></trkpt>
      <trkpt lat="46.31187" lon="11.25907"><ele>217</ele></trkpt>
      <trkpt lat="46.31477" lon="11.26196"><ele>219</ele></trkpt>
      <trkpt lat="46.31480" lon="11.26197"><ele>218</ele></trkpt>
      <trkpt lat="46.31499" lon="11.26216"><ele>218</ele></trkpt>
      <trkpt lat="46.31535" lon="11.26263"><ele>217</ele></trkpt>
      <trkpt lat="46.31579" lon="11.26318"><ele>217</ele></trkpt>
      <trkpt lat="46.31590" lon="11.26325"><ele>217</ele></trkpt>
      <trkpt lat="46.31599" lon="11.26334"><ele>216</ele></trkpt>
      <trkpt lat="46.31619" lon="11.26361"><ele>218</ele></trkpt>
      <trkpt lat="46.31630" lon="11.26379"><ele>217</ele></trkpt>
      <trkpt lat="46.31636" lon="11.26390"><ele>219</ele></trkpt>
      <trkpt lat="46.31711" lon="11.26483"><ele>218</ele></trkpt>
      <trkpt lat="46.31765" lon="11.26543"><ele>218</ele></trkpt>
      <trkpt lat="46.31797" lon="11.26578"><ele>219</ele></trkpt>
      <trkpt lat="46.32224" lon="11.27039"><ele>218</ele></trkpt>
      <trkpt lat="46.32253" lon="11.27072"><ele>218</ele></trkpt>
      <trkpt lat="46.32257" lon="11.27077"><ele>218</ele></trkpt>
      <trkpt lat="46.32313" lon="11.27131"><ele>218</ele></trkpt>
      <trkpt lat="46.32392" lon="11.27211"><ele>220</ele></trkpt>
      <trkpt lat="46.32482" lon="11.27307"><ele>220</ele></trkpt>
      <trkpt lat="46.32511" lon="11.27336"><ele>220</ele></trkpt>
      <trkpt lat="46.32652" lon="11.27473"><ele>220</ele></trkpt>
      <trkpt lat="46.32683" lon="11.27506"><ele>219</ele></trkpt>
      <trkpt lat="46.32735" lon="11.27581"><ele>218</ele></trkpt>
      <trkpt lat="46.32798" lon="11.27672"><ele>219</ele></trkpt>
      <trkpt lat="46.32826" lon="11.27715"><ele>219</ele></trkpt>
      <trkpt lat="46.32833" lon="11.27734"><ele>220</ele></trkpt>
      <trkpt lat="46.32842" lon="11.27754"><ele>220</ele></trkpt>
      <trkpt lat="46.32858" lon="11.27777"><ele>221</ele></trkpt>
      <trkpt lat="46.32885" lon="11.27799"><ele>219</ele></trkpt>
      <trkpt lat="46.32919" lon="11.27849"><ele>220</ele></trkpt>
      <trkpt lat="46.32970" lon="11.27915"><ele>220</ele></trkpt>
      <trkpt lat="46.32990" lon="11.27940"><ele>220</ele></trkpt>
      <trkpt lat="46.33022" lon="11.27978"><ele>220</ele></trkpt>
      <trkpt lat="46.33039" lon="11.27996"><ele>220</ele></trkpt>
      <trkpt lat="46.33058" lon="11.28015"><ele>220</ele></trkpt>
      <trkpt lat="46.33072" lon="11.28025"><ele>220</ele></trkpt>
      <trkpt lat="46.33155" lon="11.28078"><ele>220</ele></trkpt>
      <trkpt lat="46.33213" lon="11.28112"><ele>221</ele></trkpt>
      <trkpt lat="46.33239" lon="11.28124"><ele>221</ele></trkpt>
      <trkpt lat="46.33266" lon="11.28134"><ele>221</ele></trkpt>
      <trkpt lat="46.33287" lon="11.28137"><ele>222</ele></trkpt>
      <trkpt lat="46.33330" lon="11.28148"><ele>221</ele></trkpt>
      <trkpt lat="46.33373" lon="11.28166"><ele>222</ele></trkpt>
      <trkpt lat="46.33379" lon="11.28168"><ele>222</ele></trkpt>
      <trkpt lat="46.33383" lon="11.28168"><ele>222</ele></trkpt>
      <trkpt lat="46.33385" lon="11.28179"><ele>222</ele></trkpt>
      <trkpt lat="46.33410" lon="11.28186"><ele>222</ele></trkpt>
      <trkpt lat="46.33427" lon="11.28197"><ele>222</ele></trkpt>
      <trkpt lat="46.33483" lon="11.28233"><ele>222</ele></trkpt>
      <trkpt lat="46.33501" lon="11.28247"><ele>222</ele></trkpt>
      <trkpt lat="46.33545" lon="11.28270"><ele>222</ele></trkpt>
      <trkpt lat="46.33582" lon="11.28287"><ele>222</ele></trkpt>
      <trkpt lat="46.33607" lon="11.28302"><ele>223</ele></trkpt>
      <trkpt lat="46.33646" lon="11.28333"><ele>224</ele></trkpt>
      <trkpt lat="46.33664" lon="11.28344"><ele>224</ele></trkpt>
      <trkpt lat="46.33679" lon="11.28351"><ele>224</ele></trkpt>
      <trkpt lat="46.33712" lon="11.28361"><ele>224</ele></trkpt>
      <trkpt lat="46.33714" lon="11.28362"><ele>224</ele></trkpt>
      <trkpt lat="46.33715" lon="11.28365"><ele>224</ele></trkpt>
      <trkpt lat="46.33715" lon="11.28370"><ele>224</ele></trkpt>
      <trkpt lat="46.33714" lon="11.28374"><ele>224</ele></trkpt>
      <trkpt lat="46.33714" lon="11.28378"><ele>224</ele></trkpt>
      <trkpt lat="46.33719" lon="11.28412"><ele>228</ele></trkpt>
      <trkpt lat="46.33725" lon="11.28422"><ele>233</ele></trkpt>
      <trkpt lat="46.33731" lon="11.28427"><ele>236</ele></trkpt>
      <trkpt lat="46.33760" lon="11.28430"><ele>233</ele></trkpt>
      <trkpt lat="46.33775" lon="11.28428"><ele>228</ele></trkpt>
      <trkpt lat="46.33776" lon="11.28422"><ele>226</ele></trkpt>
      <trkpt lat="46.33782" lon="11.28425"><ele>226</ele></trkpt>
      <trkpt lat="46.33797" lon="11.28428"><ele>227</ele></trkpt>
      <trkpt lat="46.33816" lon="11.28433"><ele>226</ele></trkpt>
      <trkpt lat="46.33820" lon="11.28434"><ele>226</ele></trkpt>
      <trkpt lat="46.33832" lon="11.28439"><ele>224</ele></trkpt>
      <trkpt lat="46.33947" lon="11.28491"><ele>227</ele></trkpt>
      <trkpt lat="46.33983" lon="11.28506"><ele>227</ele></trkpt>
      <trkpt lat="46.34030" lon="11.28529"><ele>228</ele></trkpt>
      <trkpt lat="46.34050" lon="11.28540"><ele>228</ele></trkpt>
      <trkpt lat="46.34061" lon="11.28549"><ele>228</ele></trkpt>
      <trkpt lat="46.34086" lon="11.28572"><ele>229</ele></trkpt>
      <trkpt lat="46.34117" lon="11.28610"><ele>230</ele></trkpt>
      <trkpt lat="46.34143" lon="11.28655"><ele>231</ele></trkpt>
      <trkpt lat="46.34224" lon="11.28811"><ele>235</ele></trkpt>
      <trkpt lat="46.34225" lon="11.28817"><ele>235</ele></trkpt>
      <trkpt lat="46.34224" lon="11.28823"><ele>235</ele></trkpt>
      <trkpt lat="46.34227" lon="11.28829"><ele>235</ele></trkpt>
      <trkpt lat="46.34230" lon="11.28834"><ele>235</ele></trkpt>
      <trkpt lat="46.34235" lon="11.28836"><ele>235</ele></trkpt>
      <trkpt lat="46.34241" lon="11.28842"><ele>235</ele></trkpt>
      <trkpt lat="46.34291" lon="11.28940"><ele>238</ele></trkpt>
      <trkpt lat="46.34335" lon="11.29028"><ele>239</ele></trkpt>
      <trkpt lat="46.34380" lon="11.29113"><ele>239</ele></trkpt>
      <trkpt lat="46.34385" lon="11.29109"><ele>239</ele></trkpt>
      <trkpt lat="46.34398" lon="11.29137"><ele>240</ele></trkpt>
      <trkpt lat="46.34435" lon="11.29203"><ele>240</ele></trkpt>
      <trkpt lat="46.34475" lon="11.29277"><ele>242</ele></trkpt>
      <trkpt lat="46.34480" lon="11.29286"><ele>242</ele></trkpt>
      <trkpt lat="46.34520" lon="11.29360"><ele>244</ele></trkpt>
      <trkpt lat="46.34609" lon="11.29521"><ele>247</ele></trkpt>
      <trkpt lat="46.34625" lon="11.29550"><ele>246</ele></trkpt>
      <trkpt lat="46.34638" lon="11.29575"><ele>246</ele></trkpt>
      <trkpt lat="46.34655" lon="11.29604"><ele>247</ele></trkpt>
      <trkpt lat="46.34663" lon="11.29619"><ele>247</ele></trkpt>
      <trkpt lat="46.34707" lon="11.29699"><ele>247</ele></trkpt>
      <trkpt lat="46.34704" lon="11.29704"><ele>247</ele></trkpt>
      <trkpt lat="46.34701" lon="11.29699"><ele>247</ele></trkpt>
      <trkpt lat="46.34704" lon="11.29704"><ele>247</ele></trkpt>
      <trkpt lat="46.34707" lon="11.29699"><ele>247</ele></trkpt>
      <trkpt lat="46.34710" lon="11.29705"><ele>247</ele></trkpt>
      <trkpt lat="46.34730" lon="11.29741"><ele>247</ele></trkpt>
      <trkpt lat="46.34736" lon="11.29752"><ele>247</ele></trkpt>
      <trkpt lat="46.34752" lon="11.29780"><ele>247</ele></trkpt>
      <trkpt lat="46.34756" lon="11.29786"><ele>247</ele></trkpt>
      <trkpt lat="46.34763" lon="11.29799"><ele>248</ele></trkpt>
      <trkpt lat="46.34766" lon="11.29796"><ele>248</ele></trkpt>
      <trkpt lat="46.34775" lon="11.29787"><ele>247</ele></trkpt>
      <trkpt lat="46.34798" lon="11.29760"><ele>246</ele></trkpt>
      <trkpt lat="46.34802" lon="11.29756"><ele>245</ele></trkpt>
      <trkpt lat="46.34811" lon="11.29746"><ele>245</ele></trkpt>
      <trkpt lat="46.34850" lon="11.29702"><ele>242</ele></trkpt>
      <trkpt lat="46.34869" lon="11.29680"><ele>241</ele></trkpt>
      <trkpt lat="46.34881" lon="11.29665"><ele>240</ele></trkpt>
      <trkpt lat="46.34882" lon="11.29664"><ele>240</ele></trkpt>
      <trkpt lat="46.34887" lon="11.29658"><ele>240</ele></trkpt>
      <trkpt lat="46.34901" lon="11.29682"><ele>240</ele></trkpt>
      <trkpt lat="46.34908" lon="11.29696"><ele>240</ele></trkpt>
      <trkpt lat="46.34916" lon="11.29717"><ele>240</ele></trkpt>
      <trkpt lat="46.34922" lon="11.29737"><ele>240</ele></trkpt>
      <trkpt lat="46.34929" lon="11.29767"><ele>241</ele></trkpt>
      <trkpt lat="46.34944" lon="11.29833"><ele>241</ele></trkpt>
      <trkpt lat="46.34952" lon="11.29827"><ele>240</ele></trkpt>
      <trkpt lat="46.34977" lon="11.29793"><ele>239</ele></trkpt>
      <trkpt lat="46.34989" lon="11.29783"><ele>238</ele></trkpt>
      <trkpt lat="46.35006" lon="11.29770"><ele>238</ele></trkpt>
      <trkpt lat="46.35039" lon="11.29747"><ele>236</ele></trkpt>
      <trkpt lat="46.35062" lon="11.29734"><ele>236</ele></trkpt>
      <trkpt lat="46.35073" lon="11.29727"><ele>235</ele></trkpt>
      <trkpt lat="46.35094" lon="11.29714"><ele>234</ele></trkpt>
      <trkpt lat="46.35119" lon="11.29696"><ele>234</ele></trkpt>
      <trkpt lat="46.35128" lon="11.29682"><ele>233</ele></trkpt>
      <trkpt lat="46.35133" lon="11.29661"><ele>233</ele></trkpt>
      <trkpt lat="46.35135" lon="11.29643"><ele>232</ele></trkpt>
      <trkpt lat="46.35141" lon="11.29622"><ele>232</ele></trkpt>
      <trkpt lat="46.35154" lon="11.29595"><ele>231</ele></trkpt>
      <trkpt lat="46.35184" lon="11.29551"><ele>230</ele></trkpt>
      <trkpt lat="46.35201" lon="11.29529"><ele>229</ele></trkpt>
      <trkpt lat="46.35229" lon="11.29487"><ele>228</ele></trkpt>
      <trkpt lat="46.35255" lon="11.29455"><ele>227</ele></trkpt>
      <trkpt lat="46.35272" lon="11.29430"><ele>226</ele></trkpt>
      <trkpt lat="46.35285" lon="11.29408"><ele>226</ele></trkpt>
      <trkpt lat="46.35289" lon="11.29397"><ele>226</ele></trkpt>
      <trkpt lat="46.35292" lon="11.29386"><ele>225</ele></trkpt>
      <trkpt lat="46.35293" lon="11.29372"><ele>225</ele></trkpt>
      <trkpt lat="46.35296" lon="11.29355"><ele>225</ele></trkpt>
      <trkpt lat="46.35301" lon="11.29343"><ele>225</ele></trkpt>
      <trkpt lat="46.35362" lon="11.29235"><ele>223</ele></trkpt>
      <trkpt lat="46.35386" lon="11.29191"><ele>222</ele></trkpt>
      <trkpt lat="46.35418" lon="11.29127"><ele>222</ele></trkpt>
      <trkpt lat="46.35424" lon="11.29117"><ele>221</ele></trkpt>
      <trkpt lat="46.35430" lon="11.29110"><ele>220</ele></trkpt>
      <trkpt lat="46.35436" lon="11.29105"><ele>220</ele></trkpt>
      <trkpt lat="46.35439" lon="11.29102"><ele>220</ele></trkpt>
      <trkpt lat="46.35455" lon="11.29091"><ele>221</ele></trkpt>
      <trkpt lat="46.35459" lon="11.29087"><ele>222</ele></trkpt>
      <trkpt lat="46.35435" lon="11.29014"><ele>223</ele></trkpt>
      <trkpt lat="46.35438" lon="11.29011"><ele>224</ele></trkpt>
      <trkpt lat="46.35458" lon="11.28998"><ele>223</ele></trkpt>
      <trkpt lat="46.35461" lon="11.28994"><ele>222</ele></trkpt>
      <trkpt lat="46.35462" lon="11.28979"><ele>222</ele></trkpt>
      <trkpt lat="46.35461" lon="11.28962"><ele>222</ele></trkpt>
      <trkpt lat="46.35451" lon="11.28898"><ele>222</ele></trkpt>
      <trkpt lat="46.35453" lon="11.28884"><ele>222</ele></trkpt>
      <trkpt lat="46.35457" lon="11.28873"><ele>223</ele></trkpt>
      <trkpt lat="46.35462" lon="11.28869"><ele>223</ele></trkpt>
      <trkpt lat="46.35466" lon="11.28867"><ele>223</ele></trkpt>
      <trkpt lat="46.35491" lon="11.28874"><ele>223</ele></trkpt>
      <trkpt lat="46.35496" lon="11.28871"><ele>223</ele></trkpt>
      <trkpt lat="46.35501" lon="11.28872"><ele>223</ele></trkpt>
      <trkpt lat="46.35530" lon="11.28882"><ele>223</ele></trkpt>
      <trkpt lat="46.35724" lon="11.28951"><ele>223</ele></trkpt>
      <trkpt lat="46.35930" lon="11.29023"><ele>224</ele></trkpt>
      <trkpt lat="46.36056" lon="11.29067"><ele>224</ele></trkpt>
      <trkpt lat="46.36142" lon="11.29098"><ele>223</ele></trkpt>
      <trkpt lat="46.36256" lon="11.29128"><ele>224</ele></trkpt>
      <trkpt lat="46.36298" lon="11.29135"><ele>225</ele></trkpt>
      <trkpt lat="46.36330" lon="11.29143"><ele>224</ele></trkpt>
      <trkpt lat="46.36371" lon="11.29150"><ele>224</ele></trkpt>
      <trkpt lat="46.36432" lon="11.29159"><ele>224</ele></trkpt>
      <trkpt lat="46.36467" lon="11.29164"><ele>224</ele></trkpt>
      <trkpt lat="46.36491" lon="11.29166"><ele>225</ele></trkpt>
      <trkpt lat="46.36496" lon="11.29167"><ele>225</ele></trkpt>
      <trkpt lat="46.36507" lon="11.29167"><ele>225</ele></trkpt>
      <trkpt lat="46.36517" lon="11.29166"><ele>225</ele></trkpt>
      <trkpt lat="46.36523" lon="11.29166"><ele>226</ele></trkpt>
      <trkpt lat="46.36526" lon="11.29166"><ele>226</ele></trkpt>
      <trkpt lat="46.36535" lon="11.29170"><ele>226</ele></trkpt>
      <trkpt lat="46.36544" lon="11.29173"><ele>225</ele></trkpt>
      <trkpt lat="46.36555" lon="11.29175"><ele>224</ele></trkpt>
      <trkpt lat="46.36820" lon="11.29207"><ele>224</ele></trkpt>
      <trkpt lat="46.37078" lon="11.29227"><ele>225</ele></trkpt>
      <trkpt lat="46.37191" lon="11.29239"><ele>224</ele></trkpt>
      <trkpt lat="46.37228" lon="11.29248"><ele>225</ele></trkpt>
      <trkpt lat="46.37273" lon="11.29264"><ele>224</ele></trkpt>
      <trkpt lat="46.37347" lon="11.29287"><ele>225</ele></trkpt>
      <trkpt lat="46.37457" lon="11.29308"><ele>225</ele></trkpt>
      <trkpt lat="46.37648" lon="11.29347"><ele>224</ele></trkpt>
      <trkpt lat="46.37715" lon="11.29362"><ele>226</ele></trkpt>
      <trkpt lat="46.37808" lon="11.29390"><ele>226</ele></trkpt>
      <trkpt lat="46.37845" lon="11.29400"><ele>225</ele></trkpt>
      <trkpt lat="46.37938" lon="11.29429"><ele>225</ele></trkpt>
      <trkpt lat="46.38027" lon="11.29454"><ele>224</ele></trkpt>
      <trkpt lat="46.38155" lon="11.29492"><ele>226</ele></trkpt>
      <trkpt lat="46.38311" lon="11.29555"><ele>226</ele></trkpt>
      <trkpt lat="46.38354" lon="11.29573"><ele>226</ele></trkpt>
      <trkpt lat="46.38443" lon="11.29618"><ele>226</ele></trkpt>
      <trkpt lat="46.38486" lon="11.29641"><ele>226</ele></trkpt>
      <trkpt lat="46.38577" lon="11.29692"><ele>227</ele></trkpt>
      <trkpt lat="46.38702" lon="11.29772"><ele>226</ele></trkpt>
      <trkpt lat="46.38734" lon="11.29791"><ele>226</ele></trkpt>
      <trkpt lat="46.38766" lon="11.29806"><ele>228</ele></trkpt>
      <trkpt lat="46.38783" lon="11.29812"><ele>227</ele></trkpt>
      <trkpt lat="46.38803" lon="11.29816"><ele>226</ele></trkpt>
      <trkpt lat="46.38850" lon="11.29817"><ele>226</ele></trkpt>
      <trkpt lat="46.38974" lon="11.29805"><ele>229</ele></trkpt>
      <trkpt lat="46.39014" lon="11.29801"><ele>228</ele></trkpt>
      <trkpt lat="46.39112" lon="11.29790"><ele>227</ele></trkpt>
      <trkpt lat="46.39184" lon="11.29768"><ele>227</ele></trkpt>
      <trkpt lat="46.39245" lon="11.29744"><ele>228</ele></trkpt>
      <trkpt lat="46.39264" lon="11.29739"><ele>227</ele></trkpt>
      <trkpt lat="46.39363" lon="11.29753"><ele>228</ele></trkpt>
      <trkpt lat="46.39389" lon="11.29765"><ele>228</ele></trkpt>
      <trkpt lat="46.39424" lon="11.29790"><ele>227</ele></trkpt>
      <trkpt lat="46.39452" lon="11.29812"><ele>228</ele></trkpt>
      <trkpt lat="46.39588" lon="11.29928"><ele>228</ele></trkpt>
      <trkpt lat="46.39755" lon="11.30083"><ele>228</ele></trkpt>
      <trkpt lat="46.39818" lon="11.30140"><ele>228</ele></trkpt>
      <trkpt lat="46.39837" lon="11.30160"><ele>229</ele></trkpt>
      <trkpt lat="46.39861" lon="11.30191"><ele>229</ele></trkpt>
      <trkpt lat="46.39919" lon="11.30258"><ele>228</ele></trkpt>
      <trkpt lat="46.39943" lon="11.30285"><ele>228</ele></trkpt>
      <trkpt lat="46.39963" lon="11.30302"><ele>229</ele></trkpt>
      <trkpt lat="46.40004" lon="11.30330"><ele>230</ele></trkpt>
      <trkpt lat="46.40078" lon="11.30374"><ele>228</ele></trkpt>
      <trkpt lat="46.40135" lon="11.30391"><ele>230</ele></trkpt>
      <trkpt lat="46.40199" lon="11.30408"><ele>228</ele></trkpt>
      <trkpt lat="46.40239" lon="11.30421"><ele>229</ele></trkpt>
      <trkpt lat="46.40262" lon="11.30432"><ele>228</ele></trkpt>
      <trkpt lat="46.40288" lon="11.30448"><ele>229</ele></trkpt>
      <trkpt lat="46.40308" lon="11.30464"><ele>229</ele></trkpt>
      <trkpt lat="46.40341" lon="11.30496"><ele>229</ele></trkpt>
      <trkpt lat="46.40409" lon="11.30578"><ele>229</ele></trkpt>
      <trkpt lat="46.40501" lon="11.30697"><ele>230</ele></trkpt>
      <trkpt lat="46.40514" lon="11.30712"><ele>229</ele></trkpt>
      <trkpt lat="46.40566" lon="11.30761"><ele>228</ele></trkpt>
      <trkpt lat="46.40580" lon="11.30776"><ele>229</ele></trkpt>
      <trkpt lat="46.40600" lon="11.30803"><ele>228</ele></trkpt>
      <trkpt lat="46.40666" lon="11.30896"><ele>230</ele></trkpt>
      <trkpt lat="46.40701" lon="11.30952"><ele>229</ele></trkpt>
      <trkpt lat="46.40726" lon="11.30995"><ele>230</ele></trkpt>
      <trkpt lat="46.40888" lon="11.31223"><ele>232</ele></trkpt>
      <trkpt lat="46.40921" lon="11.31259"><ele>230</ele></trkpt>
      <trkpt lat="46.40997" lon="11.31347"><ele>230</ele></trkpt>
      <trkpt lat="46.41041" lon="11.31381"><ele>230</ele></trkpt>
      <trkpt lat="46.41082" lon="11.31406"><ele>229</ele></trkpt>
      <trkpt lat="46.41192" lon="11.31465"><ele>230</ele></trkpt>
      <trkpt lat="46.41202" lon="11.31473"><ele>230</ele></trkpt>
      <trkpt lat="46.41213" lon="11.31485"><ele>229</ele></trkpt>
      <trkpt lat="46.41222" lon="11.31497"><ele>231</ele></trkpt>
      <trkpt lat="46.41228" lon="11.31502"><ele>231</ele></trkpt>
      <trkpt lat="46.41231" lon="11.31506"><ele>230</ele></trkpt>
      <trkpt lat="46.41233" lon="11.31511"><ele>230</ele></trkpt>
      <trkpt lat="46.41236" lon="11.31509"><ele>230</ele></trkpt>
      <trkpt lat="46.41240" lon="11.31509"><ele>230</ele></trkpt>
      <trkpt lat="46.41245" lon="11.31511"><ele>230</ele></trkpt>
      <trkpt lat="46.41271" lon="11.31520"><ele>230</ele></trkpt>
      <trkpt lat="46.41311" lon="11.31537"><ele>230</ele></trkpt>
      <trkpt lat="46.41349" lon="11.31550"><ele>230</ele></trkpt>
      <trkpt lat="46.41365" lon="11.31554"><ele>232</ele></trkpt>
      <trkpt lat="46.41375" lon="11.31553"><ele>232</ele></trkpt>
      <trkpt lat="46.41378" lon="11.31554"><ele>233</ele></trkpt>
      <trkpt lat="46.41381" lon="11.31558"><ele>233</ele></trkpt>
      <trkpt lat="46.41388" lon="11.31551"><ele>233</ele></trkpt>
      <trkpt lat="46.41390" lon="11.31546"><ele>232</ele></trkpt>
      <trkpt lat="46.41390" lon="11.31541"><ele>231</ele></trkpt>
      <trkpt lat="46.41402" lon="11.31449"><ele>231</ele></trkpt>
      <trkpt lat="46.41403" lon="11.31440"><ele>232</ele></trkpt>
      <trkpt lat="46.41405" lon="11.31440"><ele>232</ele></trkpt>
      <trkpt lat="46.41423" lon="11.31450"><ele>231</ele></trkpt>
      <trkpt lat="46.41435" lon="11.31455"><ele>230</ele></trkpt>
      <trkpt lat="46.41467" lon="11.31464"><ele>229</ele></trkpt>
      <trkpt lat="46.41521" lon="11.31473"><ele>232</ele></trkpt>
      <trkpt lat="46.41566" lon="11.31477"><ele>231</ele></trkpt>
      <trkpt lat="46.41615" lon="11.31478"><ele>230</ele></trkpt>
      <trkpt lat="46.41641" lon="11.31475"><ele>230</ele></trkpt>
      <trkpt lat="46.41702" lon="11.31464"><ele>230</ele></trkpt>
      <trkpt lat="46.41772" lon="11.31444"><ele>231</ele></trkpt>
      <trkpt lat="46.41821" lon="11.31427"><ele>230</ele></trkpt>
      <trkpt lat="46.41861" lon="11.31406"><ele>229</ele></trkpt>
      <trkpt lat="46.41901" lon="11.31382"><ele>230</ele></trkpt>
      <trkpt lat="46.41992" lon="11.31321"><ele>230</ele></trkpt>
      <trkpt lat="46.42015" lon="11.31303"><ele>231</ele></trkpt>
      <trkpt lat="46.42036" lon="11.31281"><ele>231</ele></trkpt>
      <trkpt lat="46.42066" lon="11.31259"><ele>231</ele></trkpt>
      <trkpt lat="46.42077" lon="11.31257"><ele>231</ele></trkpt>
      <trkpt lat="46.42092" lon="11.31256"><ele>230</ele></trkpt>
      <trkpt lat="46.42124" lon="11.31239"><ele>230</ele></trkpt>
      <trkpt lat="46.42164" lon="11.31216"><ele>232</ele></trkpt>
      <trkpt lat="46.42208" lon="11.31188"><ele>231</ele></trkpt>
      <trkpt lat="46.42249" lon="11.31159"><ele>231</ele></trkpt>
      <trkpt lat="46.42303" lon="11.31108"><ele>232</ele></trkpt>
      <trkpt lat="46.42355" lon="11.31070"><ele>232</ele></trkpt>
      <trkpt lat="46.42376" lon="11.31055"><ele>232</ele></trkpt>
      <trkpt lat="46.42398" lon="11.31046"><ele>232</ele></trkpt>
      <trkpt lat="46.42423" lon="11.31040"><ele>232</ele></trkpt>
      <trkpt lat="46.42457" lon="11.31030"><ele>233</ele></trkpt>
      <trkpt lat="46.42492" lon="11.31024"><ele>233</ele></trkpt>
      <trkpt lat="46.42537" lon="11.31019"><ele>232</ele></trkpt>
      <trkpt lat="46.42562" lon="11.31015"><ele>230</ele></trkpt>
      <trkpt lat="46.42602" lon="11.31012"><ele>230</ele></trkpt>
      <trkpt lat="46.42664" lon="11.31000"><ele>233</ele></trkpt>
      <trkpt lat="46.42696" lon="11.30997"><ele>233</ele></trkpt>
      <trkpt lat="46.42724" lon="11.30996"><ele>233</ele></trkpt>
      <trkpt lat="46.42747" lon="11.31000"><ele>233</ele></trkpt>
      <trkpt lat="46.42770" lon="11.31006"><ele>232</ele></trkpt>
      <trkpt lat="46.42793" lon="11.31010"><ele>232</ele></trkpt>
      <trkpt lat="46.42851" lon="11.31015"><ele>232</ele></trkpt>
      <trkpt lat="46.42872" lon="11.31023"><ele>234</ele></trkpt>
      <trkpt lat="46.42909" lon="11.31033"><ele>234</ele></trkpt>
      <trkpt lat="46.42935" lon="11.31041"><ele>234</ele></trkpt>
      <trkpt lat="46.42944" lon="11.31048"><ele>235</ele></trkpt>
      <trkpt lat="46.42999" lon="11.31095"><ele>234</ele></trkpt>
      <trkpt lat="46.43094" lon="11.31172"><ele>234</ele></trkpt>
      <trkpt lat="46.43143" lon="11.31215"><ele>234</ele></trkpt>
      <trkpt lat="46.43191" lon="11.31261"><ele>234</ele></trkpt>
      <trkpt lat="46.43258" lon="11.31327"><ele>234</ele></trkpt>
      <trkpt lat="46.43327" lon="11.31404"><ele>234</ele></trkpt>
      <trkpt lat="46.43339" lon="11.31421"><ele>234</ele></trkpt>
      <trkpt lat="46.43357" lon="11.31441"><ele>234</ele></trkpt>
      <trkpt lat="46.43396" lon="11.31468"><ele>234</ele></trkpt>
      <trkpt lat="46.43463" lon="11.31500"><ele>235</ele></trkpt>
      <trkpt lat="46.43531" lon="11.31521"><ele>235</ele></trkpt>
      <trkpt lat="46.43589" lon="11.31542"><ele>234</ele></trkpt>
      <trkpt lat="46.43652" lon="11.31560"><ele>235</ele></trkpt>
      <trkpt lat="46.43746" lon="11.31573"><ele>235</ele></trkpt>
      <trkpt lat="46.43768" lon="11.31574"><ele>235</ele></trkpt>
      <trkpt lat="46.43812" lon="11.31568"><ele>235</ele></trkpt>
      <trkpt lat="46.43826" lon="11.31564"><ele>236</ele></trkpt>
      <trkpt lat="46.43884" lon="11.31550"><ele>238</ele></trkpt>
      <trkpt lat="46.43932" lon="11.31531"><ele>238</ele></trkpt>
      <trkpt lat="46.44006" lon="11.31496"><ele>238</ele></trkpt>
      <trkpt lat="46.44043" lon="11.31472"><ele>238</ele></trkpt>
      <trkpt lat="46.44069" lon="11.31452"><ele>238</ele></trkpt>
      <trkpt lat="46.44122" lon="11.31407"><ele>238</ele></trkpt>
      <trkpt lat="46.44152" lon="11.31376"><ele>238</ele></trkpt>
      <trkpt lat="46.44170" lon="11.31353"><ele>239</ele></trkpt>
      <trkpt lat="46.44172" lon="11.31347"><ele>239</ele></trkpt>
      <trkpt lat="46.44178" lon="11.31341"><ele>239</ele></trkpt>
      <trkpt lat="46.44191" lon="11.31332"><ele>239</ele></trkpt>
      <trkpt lat="46.44241" lon="11.31277"><ele>239</ele></trkpt>
      <trkpt lat="46.44254" lon="11.31261"><ele>240</ele></trkpt>
      <trkpt lat="46.44265" lon="11.31253"><ele>239</ele></trkpt>
      <trkpt lat="46.44280" lon="11.31246"><ele>240</ele></trkpt>
      <trkpt lat="46.44315" lon="11.31207"><ele>238</ele></trkpt>
      <trkpt lat="46.44366" lon="11.31124"><ele>238</ele></trkpt>
      <trkpt lat="46.44408" lon="11.31066"><ele>240</ele></trkpt>
      <trkpt lat="46.44443" lon="11.31026"><ele>240</ele></trkpt>
      <trkpt lat="46.44470" lon="11.30984"><ele>242</ele></trkpt>
      <trkpt lat="46.44486" lon="11.30966"><ele>243</ele></trkpt>
      <trkpt lat="46.44503" lon="11.30952"><ele>242</ele></trkpt>
      <trkpt lat="46.44524" lon="11.30944"><ele>239</ele></trkpt>
      <trkpt lat="46.44549" lon="11.30928"><ele>238</ele></trkpt>
      <trkpt lat="46.44561" lon="11.30916"><ele>238</ele></trkpt>
      <trkpt lat="46.44570" lon="11.30900"><ele>240</ele></trkpt>
      <trkpt lat="46.44615" lon="11.30856"><ele>238</ele></trkpt>
      <trkpt lat="46.44646" lon="11.30810"><ele>239</ele></trkpt>
      <trkpt lat="46.44691" lon="11.30767"><ele>239</ele></trkpt>
      <trkpt lat="46.44728" lon="11.30723"><ele>241</ele></trkpt>
      <trkpt lat="46.44738" lon="11.30714"><ele>242</ele></trkpt>
      <trkpt lat="46.44746" lon="11.30708"><ele>242</ele></trkpt>
      <trkpt lat="46.44750" lon="11.30711"><ele>240</ele></trkpt>
      <trkpt lat="46.44771" lon="11.30727"><ele>238</ele></trkpt>
      <trkpt lat="46.44780" lon="11.30736"><ele>237</ele></trkpt>
      <trkpt lat="46.44783" lon="11.30740"><ele>236</ele></trkpt>
      <trkpt lat="46.44786" lon="11.30745"><ele>236</ele></trkpt>
      <trkpt lat="46.44817" lon="11.30823"><ele>234</ele></trkpt>
      <trkpt lat="46.44820" lon="11.30828"><ele>235</ele></trkpt>
      <trkpt lat="46.44823" lon="11.30826"><ele>235</ele></trkpt>
      <trkpt lat="46.44831" lon="11.30818"><ele>235</ele></trkpt>
      <trkpt lat="46.44866" lon="11.30788"><ele>234</ele></trkpt>
      <trkpt lat="46.45129" lon="11.30564"><ele>235</ele></trkpt>
      <trkpt lat="46.45183" lon="11.30523"><ele>236</ele></trkpt>
      <trkpt lat="46.45444" lon="11.30349"><ele>236</ele></trkpt>
      <trkpt lat="46.45466" lon="11.30333"><ele>236</ele></trkpt>
      <trkpt lat="46.45485" lon="11.30323"><ele>236</ele></trkpt>
      <trkpt lat="46.45506" lon="11.30308"><ele>237</ele></trkpt>
      <trkpt lat="46.45577" lon="11.30265"><ele>237</ele></trkpt>
      <trkpt lat="46.45624" lon="11.30234"><ele>237</ele></trkpt>
      <trkpt lat="46.45640" lon="11.30225"><ele>238</ele></trkpt>
      <trkpt lat="46.45661" lon="11.30215"><ele>237</ele></trkpt>
      <trkpt lat="46.45674" lon="11.30211"><ele>236</ele></trkpt>
      <trkpt lat="46.45704" lon="11.30205"><ele>236</ele></trkpt>
      <trkpt lat="46.45747" lon="11.30203"><ele>236</ele></trkpt>
      <trkpt lat="46.45826" lon="11.30204"><ele>237</ele></trkpt>
      <trkpt lat="46.45970" lon="11.30210"><ele>238</ele></trkpt>
      <trkpt lat="46.46053" lon="11.30214"><ele>238</ele></trkpt>
      <trkpt lat="46.46105" lon="11.30220"><ele>240</ele></trkpt>
      <trkpt lat="46.46149" lon="11.30227"><ele>240</ele></trkpt>
      <trkpt lat="46.46191" lon="11.30237"><ele>239</ele></trkpt>
      <trkpt lat="46.46317" lon="11.30280"><ele>240</ele></trkpt>
      <trkpt lat="46.46371" lon="11.30319"><ele>240</ele></trkpt>
      <trkpt lat="46.46402" lon="11.30342"><ele>240</ele></trkpt>
      <trkpt lat="46.46543" lon="11.30433"><ele>240</ele></trkpt>
      <trkpt lat="46.46575" lon="11.30455"><ele>240</ele></trkpt>
      <trkpt lat="46.46610" lon="11.30479"><ele>240</ele></trkpt>
      <trkpt lat="46.46675" lon="11.30525"><ele>241</ele></trkpt>
      <trkpt lat="46.46743" lon="11.30572"><ele>241</ele></trkpt>
      <trkpt lat="46.46801" lon="11.30613"><ele>242</ele></trkpt>
      <trkpt lat="46.46827" lon="11.30632"><ele>241</ele></trkpt>
      <trkpt lat="46.46971" lon="11.30739"><ele>242</ele></trkpt>
      <trkpt lat="46.47011" lon="11.30771"><ele>242</ele></trkpt>
      <trkpt lat="46.47040" lon="11.30790"><ele>242</ele></trkpt>
      <trkpt lat="46.47051" lon="11.30802"><ele>243</ele></trkpt>
      <trkpt lat="46.47077" lon="11.30824"><ele>243</ele></trkpt>
      <trkpt lat="46.47257" lon="11.30969"><ele>244</ele></trkpt>
      <trkpt lat="46.47299" lon="11.31002"><ele>244</ele></trkpt>
      <trkpt lat="46.47340" lon="11.31037"><ele>244</ele></trkpt>
      <trkpt lat="46.47354" lon="11.31049"><ele>244</ele></trkpt>
      <trkpt lat="46.47366" lon="11.31060"><ele>244</ele></trkpt>
      <trkpt lat="46.47373" lon="11.31064"><ele>244</ele></trkpt>
      <trkpt lat="46.47381" lon="11.31070"><ele>244</ele></trkpt>
      <trkpt lat="46.47390" lon="11.31078"><ele>245</ele></trkpt>
      <trkpt lat="46.47398" lon="11.31085"><ele>244</ele></trkpt>
      <trkpt lat="46.47408" lon="11.31097"><ele>244</ele></trkpt>
      <trkpt lat="46.47465" lon="11.31151"><ele>244</ele></trkpt>
      <trkpt lat="46.47519" lon="11.31214"><ele>245</ele></trkpt>
      <trkpt lat="46.47548" lon="11.31250"><ele>245</ele></trkpt>
      <trkpt lat="46.47581" lon="11.31290"><ele>245</ele></trkpt>
      <trkpt lat="46.47586" lon="11.31296"><ele>245</ele></trkpt>
      <trkpt lat="46.47597" lon="11.31311"><ele>244</ele></trkpt>
      <trkpt lat="46.47649" lon="11.31368"><ele>246</ele></trkpt>
      <trkpt lat="46.47681" lon="11.31410"><ele>245</ele></trkpt>
      <trkpt lat="46.47724" lon="11.31474"><ele>246</ele></trkpt>
      <trkpt lat="46.47741" lon="11.31499"><ele>246</ele></trkpt>
      <trkpt lat="46.47825" lon="11.31636"><ele>247</ele></trkpt>
      <trkpt lat="46.47848" lon="11.31671"><ele>246</ele></trkpt>
      <trkpt lat="46.47882" lon="11.31715"><ele>246</ele></trkpt>
      <trkpt lat="46.47893" lon="11.31734"><ele>246</ele></trkpt>
      <trkpt lat="46.47907" lon="11.31760"><ele>246</ele></trkpt>
      <trkpt lat="46.47919" lon="11.31783"><ele>247</ele></trkpt>
      <trkpt lat="46.47941" lon="11.31823"><ele>248</ele></trkpt>
      <trkpt lat="46.47976" lon="11.31886"><ele>248</ele></trkpt>
      <trkpt lat="46.47993" lon="11.31917"><ele>249</ele></trkpt>
      <trkpt lat="46.48065" lon="11.32032"><ele>248</ele></trkpt>
      <trkpt lat="46.48106" lon="11.32096"><ele>248</ele></trkpt>
      <trkpt lat="46.48180" lon="11.32210"><ele>249</ele></trkpt>
      <trkpt lat="46.48181" lon="11.32208"><ele>249</ele></trkpt>
      <trkpt lat="46.48183" lon="11.32205"><ele>249</ele></trkpt>
      <trkpt lat="46.48186" lon="11.32202"><ele>249</ele></trkpt>
      <trkpt lat="46.48189" lon="11.32203"><ele>250</ele></trkpt>
      <trkpt lat="46.48212" lon="11.32217"><ele>250</ele></trkpt>
      <trkpt lat="46.48217" lon="11.32221"><ele>250</ele></trkpt>
      <trkpt lat="46.48223" lon="11.32226"><ele>250</ele></trkpt>
      <trkpt lat="46.48226" lon="11.32230"><ele>250</ele></trkpt>
      <trkpt lat="46.48237" lon="11.32247"><ele>252</ele></trkpt>
      <trkpt lat="46.48241" lon="11.32256"><ele>251</ele></trkpt>
      <trkpt lat="46.48246" lon="11.32288"><ele>250</ele></trkpt>
      <trkpt lat="46.48249" lon="11.32302"><ele>250</ele></trkpt>
      <trkpt lat="46.48252" lon="11.32309"><ele>250</ele></trkpt>
      <trkpt lat="46.48285" lon="11.32370"><ele>250</ele></trkpt>
      <trkpt lat="46.48301" lon="11.32395"><ele>249</ele></trkpt>
      <trkpt lat="46.48323" lon="11.32432"><ele>249</ele></trkpt>
      <trkpt lat="46.48379" lon="11.32513"><ele>249</ele></trkpt>
      <trkpt lat="46.48457" lon="11.32623"><ele>250</ele></trkpt>
      <trkpt lat="46.48473" lon="11.32644"><ele>251</ele></trkpt>
      <trkpt lat="46.48490" lon="11.32669"><ele>250</ele></trkpt>
      <trkpt lat="46.48508" lon="11.32697"><ele>250</ele></trkpt>
      <trkpt lat="46.48565" lon="11.32790"><ele>251</ele></trkpt>
      <trkpt lat="46.48579" lon="11.32804"><ele>250</ele></trkpt>
      <trkpt lat="46.48589" lon="11.32808"><ele>250</ele></trkpt>
      <trkpt lat="46.48607" lon="11.32836"><ele>251</ele></trkpt>
      <trkpt lat="46.48620" lon="11.32861"><ele>251</ele></trkpt>
      <trkpt lat="46.48623" lon="11.32876"><ele>251</ele></trkpt>
      <trkpt lat="46.48622" lon="11.32890"><ele>251</ele></trkpt>
      <trkpt lat="46.48625" lon="11.32907"><ele>250</ele></trkpt>
      <trkpt lat="46.48631" lon="11.32922"><ele>251</ele></trkpt>
      <trkpt lat="46.48658" lon="11.33001"><ele>250</ele></trkpt>
      <trkpt lat="46.48675" lon="11.33051"><ele>251</ele></trkpt>
      <trkpt lat="46.48678" lon="11.33060"><ele>251</ele></trkpt>
      <trkpt lat="46.48682" lon="11.33066"><ele>251</ele></trkpt>
      <trkpt lat="46.48690" lon="11.33075"><ele>252</ele></trkpt>
      <trkpt lat="46.48692" lon="11.33079"><ele>252</ele></trkpt>
      <trkpt lat="46.48700" lon="11.33101"><ele>253</ele></trkpt>
      <trkpt lat="46.48704" lon="11.33109"><ele>253</ele></trkpt>
      <trkpt lat="46.48711" lon="11.33131"><ele>252</ele></trkpt>
      <trkpt lat="46.48714" lon="11.33146"><ele>252</ele></trkpt>
      <trkpt lat="46.48723" lon="11.33174"><ele>253</ele></trkpt>
      <trkpt lat="46.48725" lon="11.33183"><ele>253</ele></trkpt>
      <trkpt lat="46.48725" lon="11.33193"><ele>254</ele></trkpt>
      <trkpt lat="46.48727" lon="11.33202"><ele>253</ele></trkpt>
      <trkpt lat="46.48729" lon="11.33210"><ele>252</ele></trkpt>
      <trkpt lat="46.48745" lon="11.33251"><ele>252</ele></trkpt>
      <trkpt lat="46.48765" lon="11.33299"><ele>252</ele></trkpt>
      <trkpt lat="46.48780" lon="11.33339"><ele>254</ele></trkpt>
      <trkpt lat="46.48793" lon="11.33375"><ele>253</ele></trkpt>
      <trkpt lat="46.48804" lon="11.33434"><ele>254</ele></trkpt>
      <trkpt lat="46.48805" lon="11.33440"><ele>254</ele></trkpt>
      <trkpt lat="46.48831" lon="11.33561"><ele>254</ele></trkpt>
      <trkpt lat="46.48837" lon="11.33591"><ele>254</ele></trkpt>
      <trkpt lat="46.48844" lon="11.33632"><ele>254</ele></trkpt>
      <trkpt lat="46.48858" lon="11.33688"><ele>256</ele></trkpt>
      <trkpt lat="46.48870" lon="11.33732"><ele>254</ele></trkpt>
      <trkpt lat="46.48911" lon="11.33867"><ele>256</ele></trkpt>
      <trkpt lat="46.48970" lon="11.34128"><ele>258</ele></trkpt>
      <trkpt lat="46.48976" lon="11.34157"><ele>258</ele></trkpt>
      <trkpt lat="46.48978" lon="11.34166"><ele>258</ele></trkpt>
      <trkpt lat="46.48980" lon="11.34177"><ele>258</ele></trkpt>
      <trkpt lat="46.48979" lon="11.34182"><ele>258</ele></trkpt>
      <trkpt lat="46.48979" lon="11.34189"><ele>258</ele></trkpt>
      <trkpt lat="46.48980" lon="11.34197"><ele>258</ele></trkpt>
      <trkpt lat="46.48986" lon="11.34223"><ele>257</ele></trkpt>
      <trkpt lat="46.48991" lon="11.34245"><ele>257</ele></trkpt>
      <trkpt lat="46.48992" lon="11.34249"><ele>257</ele></trkpt>
      <trkpt lat="46.49005" lon="11.34268"><ele>258</ele></trkpt>
      <trkpt lat="46.49013" lon="11.34277"><ele>259</ele></trkpt>
      <trkpt lat="46.49015" lon="11.34280"><ele>259</ele></trkpt>
      <trkpt lat="46.49025" lon="11.34284"><ele>259</ele></trkpt>
      <trkpt lat="46.49030" lon="11.34283"><ele>260</ele></trkpt>
      <trkpt lat="46.49047" lon="11.34313"><ele>258</ele></trkpt>
      <trkpt lat="46.49062" lon="11.34339"><ele>259</ele></trkpt>
      <trkpt lat="46.49086" lon="11.34369"><ele>258</ele></trkpt>
      <trkpt lat="46.49103" lon="11.34387"><ele>258</ele></trkpt>
      <trkpt lat="46.49163" lon="11.34437"><ele>259</ele></trkpt>
      <trkpt lat="46.49176" lon="11.34447"><ele>259</ele></trkpt>
      <trkpt lat="46.49188" lon="11.34453"><ele>258</ele></trkpt>
      <trkpt lat="46.49200" lon="11.34464"><ele>258</ele></trkpt>
      <trkpt lat="46.49229" lon="11.34488"><ele>258</ele></trkpt>
      <trkpt lat="46.49259" lon="11.34514"><ele>258</ele></trkpt>
      <trkpt lat="46.49284" lon="11.34535"><ele>259</ele></trkpt>
      <trkpt lat="46.49323" lon="11.34567"><ele>260</ele></trkpt>
      <trkpt lat="46.49327" lon="11.34572"><ele>260</ele></trkpt>
      <trkpt lat="46.49343" lon="11.34599"><ele>260</ele></trkpt>
      <trkpt lat="46.49356" lon="11.34624"><ele>261</ele></trkpt>
      <trkpt lat="46.49367" lon="11.34650"><ele>262</ele></trkpt>
      <trkpt lat="46.49379" lon="11.34696"><ele>262</ele></trkpt>
      <trkpt lat="46.49383" lon="11.34724"><ele>263</ele></trkpt>
      <trkpt lat="46.49384" lon="11.34760"><ele>264</ele></trkpt>
      <trkpt lat="46.49384" lon="11.34763"><ele>264</ele></trkpt>
      <trkpt lat="46.49383" lon="11.34767"><ele>264</ele></trkpt>
      <trkpt lat="46.49382" lon="11.34897"><ele>262</ele></trkpt>
      <trkpt lat="46.49382" lon="11.34899"><ele>262</ele></trkpt>
      <trkpt lat="46.49383" lon="11.34906"><ele>263</ele></trkpt>
      <trkpt lat="46.49385" lon="11.34928"><ele>264</ele></trkpt>
      <trkpt lat="46.49387" lon="11.34941"><ele>264</ele></trkpt>
      <trkpt lat="46.49397" lon="11.35000"><ele>262</ele></trkpt>
      <trkpt lat="46.49412" lon="11.35059"><ele>260</ele></trkpt>
      <trkpt lat="46.49425" lon="11.35120"><ele>263</ele></trkpt>
      <trkpt lat="46.49430" lon="11.35144"><ele>262</ele></trkpt>
      <trkpt lat="46.49443" lon="11.35213"><ele>263</ele></trkpt>
      <trkpt lat="46.49454" lon="11.35262"><ele>262</ele></trkpt>
      <trkpt lat="46.49459" lon="11.35301"><ele>262</ele></trkpt>
      <trkpt lat="46.49462" lon="11.35306"><ele>262</ele></trkpt>
      <trkpt lat="46.49463" lon="11.35339"><ele>262</ele></trkpt>
      <trkpt lat="46.49462" lon="11.35384"><ele>264</ele></trkpt>
      <trkpt lat="46.49461" lon="11.35386"><ele>264</ele></trkpt>
      <trkpt lat="46.49464" lon="11.35387"><ele>264</ele></trkpt>
      <trkpt lat="46.49477" lon="11.35391"><ele>264</ele></trkpt>
      <trkpt lat="46.49488" lon="11.35392"><ele>264</ele></trkpt>
      <trkpt lat="46.49494" lon="11.35391"><ele>263</ele></trkpt>
      <trkpt lat="46.49499" lon="11.35389"><ele>263</ele></trkpt>
      <trkpt lat="46.49504" lon="11.35384"><ele>263</ele></trkpt>
      <trkpt lat="46.49512" lon="11.35389"><ele>263</ele></trkpt>
      <trkpt lat="46.49520" lon="11.35394"><ele>263</ele></trkpt>
      <trkpt lat="46.49522" lon="11.35395"><ele>263</ele></trkpt>
      <trkpt lat="46.49527" lon="11.35397"><ele>263</ele></trkpt>
      <trkpt lat="46.49539" lon="11.35343"><ele>263</ele></trkpt>
      <trkpt lat="46.49547" lon="11.35324"><ele>263</ele></trkpt>
      <trkpt lat="46.49555" lon="11.35320"><ele>263</ele></trkpt>
      <trkpt lat="46.49567" lon="11.35325"><ele>262</ele></trkpt>
      <trkpt lat="46.49580" lon="11.35337"><ele>262</ele></trkpt>
      <trkpt lat="46.49589" lon="11.35345"><ele>262</ele></trkpt>
      <trkpt lat="46.49602" lon="11.35353"><ele>262</ele></trkpt>
      <trkpt lat="46.49612" lon="11.35355"><ele>262</ele></trkpt>
      <trkpt lat="46.49677" lon="11.35350"><ele>263</ele></trkpt>
      <trkpt lat="46.49721" lon="11.35346"><ele>264</ele></trkpt>
      <trkpt lat="46.49726" lon="11.35345"><ele>264</ele></trkpt>
      <trkpt lat="46.49744" lon="11.35339"><ele>265</ele></trkpt>
      <trkpt lat="46.49771" lon="11.35339"><ele>266</ele></trkpt>
      <trkpt lat="46.49776" lon="11.35339"><ele>266</ele></trkpt>
      <trkpt lat="46.49776" lon="11.35359"><ele>266</ele></trkpt>
      <trkpt lat="46.49778" lon="11.35371"><ele>266</ele></trkpt>
      <trkpt lat="46.49785" lon="11.35402"><ele>266</ele></trkpt>
      <trkpt lat="46.49791" lon="11.35438"><ele>266</ele></trkpt>
      <trkpt lat="46.49809" lon="11.35460"><ele>266</ele></trkpt>
      <trkpt lat="46.49858" lon="11.35453"><ele>267</ele></trkpt>
      <trkpt lat="46.49858" lon="11.35460"><ele>267</ele></trkpt>
      <trkpt lat="46.49857" lon="11.35475"><ele>267</ele></trkpt>
      <trkpt lat="46.49858" lon="11.35460"><ele>267</ele></trkpt>
      <trkpt lat="46.49858" lon="11.35453"><ele>267</ele></trkpt>
      <trkpt lat="46.49809" lon="11.35460"><ele>266</ele></trkpt>
      <trkpt lat="46.49791" lon="11.35438"><ele>266</ele></trkpt>
      <trkpt lat="46.49785" lon="11.35402"><ele>266</ele></trkpt>
      <trkpt lat="46.49778" lon="11.35371"><ele>266</ele></trkpt>
      <trkpt lat="46.49776" lon="11.35359"><ele>266</ele></trkpt>
      <trkpt lat="46.49776" lon="11.35339"><ele>266</ele></trkpt>
      <trkpt lat="46.49785" lon="11.35272"><ele>266</ele></trkpt>
      <trkpt lat="46.49785" lon="11.35250"><ele>266</ele></trkpt>
      <trkpt lat="46.49784" lon="11.35235"><ele>266</ele></trkpt>
      <trkpt lat="46.49781" lon="11.35222"><ele>266</ele></trkpt>
      <trkpt lat="46.49779" lon="11.35181"><ele>266</ele></trkpt>
      <trkpt lat="46.49779" lon="11.35156"><ele>266</ele></trkpt>
      <trkpt lat="46.49779" lon="11.35112"><ele>266</ele></trkpt>
      <trkpt lat="46.49783" lon="11.35105"><ele>266</ele></trkpt>
      <trkpt lat="46.49788" lon="11.35101"><ele>266</ele></trkpt>
      <trkpt lat="46.49791" lon="11.35101"><ele>266</ele></trkpt>
      <trkpt lat="46.49795" lon="11.35102"><ele>266</ele></trkpt>
      <trkpt lat="46.49848" lon="11.35106"><ele>268</ele></trkpt>
      <trkpt lat="46.49855" lon="11.35107"><ele>268</ele></trkpt>
      <trkpt lat="46.49865" lon="11.35107"><ele>268</ele></trkpt>
      <trkpt lat="46.49879" lon="11.35107"><ele>268</ele></trkpt>
      <trkpt lat="46.49886" lon="11.35104"><ele>269</ele></trkpt>
      <trkpt lat="46.49889" lon="11.35100"><ele>269</ele></trkpt>
      <trkpt lat="46.49890" lon="11.35095"><ele>269</ele></trkpt>
      <trkpt lat="46.49890" lon="11.35089"><ele>269</ele></trkpt>
      <trkpt lat="46.49892" lon="11.35079"><ele>269</ele></trkpt>
      <trkpt lat="46.49893" lon="11.35065"><ele>269</ele></trkpt>
      <trkpt lat="46.49901" lon="11.34935"><ele>268</ele></trkpt>
      <trkpt lat="46.49900" lon="11.34932"><ele>268</ele></trkpt>
      <trkpt lat="46.49899" lon="11.34929"><ele>268</ele></trkpt>
      <trkpt lat="46.49894" lon="11.34924"><ele>268</ele></trkpt>
      <trkpt lat="46.49895" lon="11.34919"><ele>269</ele></trkpt>
      <trkpt lat="46.49895" lon="11.34913"><ele>269</ele></trkpt>
      <trkpt lat="46.49900" lon="11.34903"><ele>269</ele></trkpt>
      <trkpt lat="46.49901" lon="11.34894"><ele>269</ele></trkpt>
      <trkpt lat="46.49904" lon="11.34837"><ele>270</ele></trkpt>
      <trkpt lat="46.49903" lon="11.34795"><ele>270</ele></trkpt>
      <trkpt lat="46.49901" lon="11.34791"><ele>271</ele></trkpt>
      <trkpt lat="46.49888" lon="11.34792"><ele>271</ele></trkpt>
      <trkpt lat="46.49888" lon="11.34787"><ele>271</ele></trkpt>
      <trkpt lat="46.49887" lon="11.34758"><ele>272</ele></trkpt>
      <trkpt lat="46.49889" lon="11.34749"><ele>272</ele></trkpt>
      <trkpt lat="46.49892" lon="11.34741"><ele>272</ele></trkpt>
      <trkpt lat="46.49902" lon="11.34736"><ele>272</ele></trkpt>
      <trkpt lat="46.49908" lon="11.34726"><ele>272</ele></trkpt>
      <trkpt lat="46.49910" lon="11.34722"><ele>272</ele></trkpt>
      <trkpt lat="46.49914" lon="11.34711"><ele>270</ele></trkpt>
      <trkpt lat="46.49915" lon="11.34707"><ele>270</ele></trkpt>
      <trkpt lat="46.49916" lon="11.34638"><ele>271</ele></trkpt>
      <trkpt lat="46.49917" lon="11.34633"><ele>271</ele></trkpt>
      <trkpt lat="46.49917" lon="11.34623"><ele>272</ele></trkpt>
      <trkpt lat="46.49918" lon="11.34615"><ele>272</ele></trkpt>
      <trkpt lat="46.49921" lon="11.34612"><ele>273</ele></trkpt>
      <trkpt lat="46.49925" lon="11.34609"><ele>273</ele></trkpt>
      <trkpt lat="46.49929" lon="11.34607"><ele>273</ele></trkpt>
      <trkpt lat="46.49934" lon="11.34606"><ele>273</ele></trkpt>
      <trkpt lat="46.49992" lon="11.34607"><ele>274</ele></trkpt>
      <trkpt lat="46.49994" lon="11.34604"><ele>275</ele></trkpt>
      <trkpt lat="46.49995" lon="11.34601"><ele>275</ele></trkpt>
      <trkpt lat="46.49998" lon="11.34573"><ele>274</ele></trkpt>
      <trkpt lat="46.49999" lon="11.34570"><ele>274</ele></trkpt>
      <trkpt lat="46.50004" lon="11.34568"><ele>274</ele></trkpt>
      <trkpt lat="46.50005" lon="11.34562"><ele>274</ele></trkpt>
      <trkpt lat="46.50004" lon="11.34559"><ele>274</ele></trkpt>
      <trkpt lat="46.50001" lon="11.34557"><ele>274</ele></trkpt>
      <trkpt lat="46.50000" lon="11.34553"><ele>274</ele></trkpt>
      <trkpt lat="46.50001" lon="11.34543"><ele>274</ele></trkpt>
      <trkpt lat="46.50001" lon="11.34540"><ele>273</ele></trkpt>
      <trkpt lat="46.50003" lon="11.34536"><ele>273</ele></trkpt>
      <trkpt lat="46.50005" lon="11.34533"><ele>274</ele></trkpt>
      <trkpt lat="46.50007" lon="11.34532"><ele>274</ele></trkpt>
      <trkpt lat="46.50010" lon="11.34529"><ele>274</ele></trkpt>
      <trkpt lat="46.50012" lon="11.34525"><ele>274</ele></trkpt>
      <trkpt lat="46.50012" lon="11.34522"><ele>274</ele></trkpt>
      <trkpt lat="46.50023" lon="11.34364"><ele>271</ele></trkpt>
      <trkpt lat="46.50025" lon="11.34360"><ele>271</ele></trkpt>
      <trkpt lat="46.50027" lon="11.34358"><ele>271</ele></trkpt>
      <trkpt lat="46.50030" lon="11.34359"><ele>271</ele></trkpt>
      <trkpt lat="46.50065" lon="11.34367"><ele>271</ele></trkpt>
      <trkpt lat="46.50088" lon="11.34374"><ele>271</ele></trkpt>
      <trkpt lat="46.50089" lon="11.34374"><ele>271</ele></trkpt>
      <trkpt lat="46.50090" lon="11.34373"><ele>271</ele></trkpt>
      <trkpt lat="46.50092" lon="11.34365"><ele>270</ele></trkpt>
      <trkpt lat="46.50095" lon="11.34345"><ele>270</ele></trkpt>
      <trkpt lat="46.50097" lon="11.34332"><ele>270</ele></trkpt>
      <trkpt lat="46.50100" lon="11.34318"><ele>270</ele></trkpt>
      <trkpt lat="46.50109" lon="11.34321"><ele>270</ele></trkpt>
      <trkpt lat="46.50115" lon="11.34323"><ele>270</ele></trkpt>
      <trkpt lat="46.50136" lon="11.34203"><ele>269</ele></trkpt>
      <trkpt lat="46.50140" lon="11.34186"><ele>269</ele></trkpt>
      <trkpt lat="46.50141" lon="11.34170"><ele>269</ele></trkpt>
      <trkpt lat="46.50151" lon="11.34112"><ele>269</ele></trkpt>
      <trkpt lat="46.50165" lon="11.34035"><ele>267</ele></trkpt>
      <trkpt lat="46.50166" lon="11.34025"><ele>267</ele></trkpt>
      <trkpt lat="46.50169" lon="11.34007"><ele>267</ele></trkpt>
      <trkpt lat="46.50185" lon="11.33913"><ele>266</ele></trkpt>
      <trkpt lat="46.50187" lon="11.33903"><ele>266</ele></trkpt>
      <trkpt lat="46.50209" lon="11.33780"><ele>265</ele></trkpt>
      <trkpt lat="46.50209" lon="11.33771"><ele>265</ele></trkpt>
      <trkpt lat="46.50219" lon="11.33714"><ele>264</ele></trkpt>
      <trkpt lat="46.50228" lon="11.33666"><ele>264</ele></trkpt>
      <trkpt lat="46.50229" lon="11.33658"><ele>264</ele></trkpt>
      <trkpt lat="46.50234" lon="11.33626"><ele>263</ele></trkpt>
      <trkpt lat="46.50252" lon="11.33527"><ele>262</ele></trkpt>
      <trkpt lat="46.50252" lon="11.33525"><ele>262</ele></trkpt>
      <trkpt lat="46.50256" lon="11.33507"><ele>262</ele></trkpt>
      <trkpt lat="46.50259" lon="11.33502"><ele>262</ele></trkpt>
      <trkpt lat="46.50267" lon="11.33486"><ele>262</ele></trkpt>
      <trkpt lat="46.50274" lon="11.33478"><ele>262</ele></trkpt>
      <trkpt lat="46.50278" lon="11.33475"><ele>262</ele></trkpt>
      <trkpt lat="46.50279" lon="11.33471"><ele>262</ele></trkpt>
      <trkpt lat="46.50281" lon="11.33469"><ele>262</ele></trkpt>
      <trkpt lat="46.50290" lon="11.33463"><ele>262</ele></trkpt>
      <trkpt lat="46.50294" lon="11.33463"><ele>262</ele></trkpt>
      <trkpt lat="46.50309" lon="11.33454"><ele>262</ele></trkpt>
      <trkpt lat="46.50310" lon="11.33444"><ele>262</ele></trkpt>
      <trkpt lat="46.50313" lon="11.33445"><ele>262</ele></trkpt>
      <trkpt lat="46.50316" lon="11.33444"><ele>262</ele></trkpt>
      <trkpt lat="46.50318" lon="11.33441"><ele>262</ele></trkpt>
      <trkpt lat="46.50320" lon="11.33438"><ele>262</ele></trkpt>
      <trkpt lat="46.50321" lon="11.33434"><ele>262</ele></trkpt>
      <trkpt lat="46.50321" lon="11.33430"><ele>262</ele></trkpt>
      <trkpt lat="46.50320" lon="11.33426"><ele>262</ele></trkpt>
      <trkpt lat="46.50318" lon="11.33423"><ele>262</ele></trkpt>
      <trkpt lat="46.50316" lon="11.33421"><ele>262</ele></trkpt>
      <trkpt lat="46.50313" lon="11.33420"><ele>262</ele></trkpt>
      <trkpt lat="46.50311" lon="11.33421"><ele>262</ele></trkpt>
      <trkpt lat="46.50310" lon="11.33416"><ele>262</ele></trkpt>
      <trkpt lat="46.50308" lon="11.33396"><ele>262</ele></trkpt>
      <trkpt lat="46.50308" lon="11.33366"><ele>261</ele></trkpt>
      <trkpt lat="46.50307" lon="11.33356"><ele>261</ele></trkpt>
      <trkpt lat="46.50305" lon="11.33338"><ele>261</ele></trkpt>
      <trkpt lat="46.50300" lon="11.33309"><ele>261</ele></trkpt>
      <trkpt lat="46.50294" lon="11.33282"><ele>260</ele></trkpt>
      <trkpt lat="46.50281" lon="11.33230"><ele>260</ele></trkpt>
      <trkpt lat="46.50268" lon="11.33171"><ele>260</ele></trkpt>
      <trkpt lat="46.50267" lon="11.33156"><ele>260</ele></trkpt>
      <trkpt lat="46.50261" lon="11.33146"><ele>260</ele></trkpt>
      <trkpt lat="46.50256" lon="11.33088"><ele>260</ele></trkpt>
      <trkpt lat="46.50255" lon="11.33069"><ele>259</ele></trkpt>
      <trkpt lat="46.50256" lon="11.33057"><ele>259</ele></trkpt>
      <trkpt lat="46.50253" lon="11.33047"><ele>258</ele></trkpt>
      <trkpt lat="46.50254" lon="11.33042"><ele>258</ele></trkpt>
      <trkpt lat="46.50256" lon="11.33035"><ele>258</ele></trkpt>
      <trkpt lat="46.50260" lon="11.33030"><ele>258</ele></trkpt>
      <trkpt lat="46.50261" lon="11.33016"><ele>258</ele></trkpt>
      <trkpt lat="46.50264" lon="11.33007"><ele>258</ele></trkpt>
      <trkpt lat="46.50268" lon="11.32997"><ele>257</ele></trkpt>
      <trkpt lat="46.50289" lon="11.32901"><ele>257</ele></trkpt>
      <trkpt lat="46.50293" lon="11.32876"><ele>256</ele></trkpt>
      <trkpt lat="46.50296" lon="11.32842"><ele>256</ele></trkpt>
      <trkpt lat="46.50302" lon="11.32724"><ele>255</ele></trkpt>
      <trkpt lat="46.50303" lon="11.32695"><ele>255</ele></trkpt>
      <trkpt lat="46.50307" lon="11.32628"><ele>255</ele></trkpt>
      <trkpt lat="46.50306" lon="11.32624"><ele>255</ele></trkpt>
      <trkpt lat="46.50303" lon="11.32614"><ele>255</ele></trkpt>
      <trkpt lat="46.50305" lon="11.32607"><ele>255</ele></trkpt>
      <trkpt lat="46.50308" lon="11.32601"><ele>254</ele></trkpt>
      <trkpt lat="46.50310" lon="11.32595"><ele>254</ele></trkpt>
      <trkpt lat="46.50313" lon="11.32523"><ele>254</ele></trkpt>
      <trkpt lat="46.50322" lon="11.32391"><ele>252</ele></trkpt>
      <trkpt lat="46.50331" lon="11.32311"><ele>251</ele></trkpt>
      <trkpt lat="46.50332" lon="11.32298"><ele>251</ele></trkpt>
      <trkpt lat="46.50328" lon="11.32274"><ele>251</ele></trkpt>
      <trkpt lat="46.50323" lon="11.32254"><ele>250</ele></trkpt>
      <trkpt lat="46.50315" lon="11.32229"><ele>250</ele></trkpt>
      <trkpt lat="46.50314" lon="11.32225"><ele>250</ele></trkpt>
      <trkpt lat="46.50294" lon="11.32190"><ele>249</ele></trkpt>
      <trkpt lat="46.50283" lon="11.32155"><ele>249</ele></trkpt>
      <trkpt lat="46.50278" lon="11.32118"><ele>248</ele></trkpt>
      <trkpt lat="46.50274" lon="11.32071"><ele>248</ele></trkpt>
      <trkpt lat="46.50270" lon="11.32041"><ele>248</ele></trkpt>
      <trkpt lat="46.50263" lon="11.32006"><ele>248</ele></trkpt>
      <trkpt lat="46.50229" lon="11.31888"><ele>247</ele></trkpt>
      <trkpt lat="46.50215" lon="11.31828"><ele>247</ele></trkpt>
      <trkpt lat="46.50214" lon="11.31825"><ele>247</ele></trkpt>
      <trkpt lat="46.50205" lon="11.31781"><ele>246</ele></trkpt>
      <trkpt lat="46.50196" lon="11.31747"><ele>246</ele></trkpt>
      <trkpt lat="46.50183" lon="11.31631"><ele>246</ele></trkpt>
      <trkpt lat="46.50177" lon="11.31571"><ele>246</ele></trkpt>
      <trkpt lat="46.50152" lon="11.31471"><ele>245</ele></trkpt>
      <trkpt lat="46.50151" lon="11.31457"><ele>245</ele></trkpt>
      <trkpt lat="46.50153" lon="11.31428"><ele>245</ele></trkpt>
      <trkpt lat="46.50153" lon="11.31357"><ele>246</ele></trkpt>
      <trkpt lat="46.50149" lon="11.31323"><ele>246</ele></trkpt>
      <trkpt lat="46.50154" lon="11.31320"><ele>247</ele></trkpt>
      <trkpt lat="46.50153" lon="11.31316"><ele>247</ele></trkpt>
      <trkpt lat="46.50148" lon="11.31283"><ele>247</ele></trkpt>
      <trkpt lat="46.50137" lon="11.31226"><ele>247</ele></trkpt>
      <trkpt lat="46.50135" lon="11.31211"><ele>247</ele></trkpt>
      <trkpt lat="46.50130" lon="11.31197"><ele>248</ele></trkpt>
      <trkpt lat="46.50128" lon="11.31182"><ele>248</ele></trkpt>
      <trkpt lat="46.50124" lon="11.31158"><ele>248</ele></trkpt>
      <trkpt lat="46.50099" lon="11.31056"><ele>251</ele></trkpt>
      <trkpt lat="46.50091" lon="11.30988"><ele>254</ele></trkpt>
      <trkpt lat="46.50090" lon="11.30928"><ele>255</ele></trkpt>
      <trkpt lat="46.50089" lon="11.30879"><ele>256</ele></trkpt>
      <trkpt lat="46.50085" lon="11.30829"><ele>257</ele></trkpt>
      <trkpt lat="46.50082" lon="11.30804"><ele>258</ele></trkpt>
      <trkpt lat="46.50081" lon="11.30795"><ele>258</ele></trkpt>
      <trkpt lat="46.50080" lon="11.30756"><ele>258</ele></trkpt>
      <trkpt lat="46.50096" lon="11.30667"><ele>259</ele></trkpt>
      <trkpt lat="46.50102" lon="11.30633"><ele>260</ele></trkpt>
      <trkpt lat="46.50123" lon="11.30526"><ele>263</ele></trkpt>
      <trkpt lat="46.50124" lon="11.30517"><ele>263</ele></trkpt>
      <trkpt lat="46.50142" lon="11.30452"><ele>263</ele></trkpt>
      <trkpt lat="46.50149" lon="11.30435"><ele>261</ele></trkpt>
      <trkpt lat="46.50165" lon="11.30397"><ele>261</ele></trkpt>
      <trkpt lat="46.50210" lon="11.30317"><ele>260</ele></trkpt>
      <trkpt lat="46.50236" lon="11.30264"><ele>258</ele></trkpt>
      <trkpt lat="46.50247" lon="11.30243"><ele>258</ele></trkpt>
      <trkpt lat="46.50248" lon="11.30240"><ele>258</ele></trkpt>
      <trkpt lat="46.50285" lon="11.30165"><ele>255</ele></trkpt>
      <trkpt lat="46.50304" lon="11.30127"><ele>252</ele></trkpt>
      <trkpt lat="46.50323" lon="11.30089"><ele>250</ele></trkpt>
      <trkpt lat="46.50332" lon="11.30066"><ele>248</ele></trkpt>
      <trkpt lat="46.50339" lon="11.30042"><ele>248</ele></trkpt>
      <trkpt lat="46.50346" lon="11.30017"><ele>247</ele></trkpt>
      <trkpt lat="46.50352" lon="11.29985"><ele>247</ele></trkpt>
      <trkpt lat="46.50355" lon="11.29969"><ele>247</ele></trkpt>
      <trkpt lat="46.50376" lon="11.29864"><ele>244</ele></trkpt>
      <trkpt lat="46.50381" lon="11.29842"><ele>243</ele></trkpt>
      <trkpt lat="46.50393" lon="11.29796"><ele>243</ele></trkpt>
      <trkpt lat="46.50406" lon="11.29753"><ele>242</ele></trkpt>
      <trkpt lat="46.50419" lon="11.29720"><ele>243</ele></trkpt>
      <trkpt lat="46.50451" lon="11.29654"><ele>244</ele></trkpt>
      <trkpt lat="46.50463" lon="11.29600"><ele>244</ele></trkpt>
      <trkpt lat="46.50467" lon="11.29557"><ele>244</ele></trkpt>
      <trkpt lat="46.50465" lon="11.29458"><ele>242</ele></trkpt>
      <trkpt lat="46.50491" lon="11.29407"><ele>243</ele></trkpt>
      <trkpt lat="46.50502" lon="11.29376"><ele>242</ele></trkpt>
      <trkpt lat="46.50529" lon="11.29291"><ele>243</ele></trkpt>
      <trkpt lat="46.50536" lon="11.29267"><ele>244</ele></trkpt>
      <trkpt lat="46.50546" lon="11.29233"><ele>243</ele></trkpt>
      <trkpt lat="46.50563" lon="11.29168"><ele>243</ele></trkpt>
      <trkpt lat="46.50578" lon="11.29116"><ele>243</ele></trkpt>
      <trkpt lat="46.50584" lon="11.29090"><ele>245</ele></trkpt>
      <trkpt lat="46.50600" lon="11.29018"><ele>245</ele></trkpt>
      <trkpt lat="46.50613" lon="11.28990"><ele>245</ele></trkpt>
      <trkpt lat="46.50639" lon="11.28942"><ele>244</ele></trkpt>
      <trkpt lat="46.50655" lon="11.28914"><ele>244</ele></trkpt>
      <trkpt lat="46.50676" lon="11.28884"><ele>244</ele></trkpt>
      <trkpt lat="46.50684" lon="11.28867"><ele>244</ele></trkpt>
      <trkpt lat="46.50689" lon="11.28848"><ele>244</ele></trkpt>
      <trkpt lat="46.50691" lon="11.28830"><ele>243</ele></trkpt>
      <trkpt lat="46.50691" lon="11.28806"><ele>242</ele></trkpt>
      <trkpt lat="46.50686" lon="11.28725"><ele>244</ele></trkpt>
      <trkpt lat="46.50682" lon="11.28653"><ele>245</ele></trkpt>
      <trkpt lat="46.50681" lon="11.28617"><ele>244</ele></trkpt>
      <trkpt lat="46.50687" lon="11.28582"><ele>243</ele></trkpt>
      <trkpt lat="46.50691" lon="11.28569"><ele>243</ele></trkpt>
      <trkpt lat="46.50702" lon="11.28538"><ele>244</ele></trkpt>
      <trkpt lat="46.50742" lon="11.28433"><ele>243</ele></trkpt>
      <trkpt lat="46.50759" lon="11.28388"><ele>243</ele></trkpt>
      <trkpt lat="46.50769" lon="11.28357"><ele>245</ele></trkpt>
      <trkpt lat="46.50773" lon="11.28340"><ele>245</ele></trkpt>
      <trkpt lat="46.50815" lon="11.28146"><ele>252</ele></trkpt>
      <trkpt lat="46.50828" lon="11.28086"><ele>254</ele></trkpt>
      <trkpt lat="46.50830" lon="11.28078"><ele>254</ele></trkpt>
      <trkpt lat="46.50832" lon="11.28074"><ele>254</ele></trkpt>
      <trkpt lat="46.50836" lon="11.28061"><ele>255</ele></trkpt>
      <trkpt lat="46.50855" lon="11.28014"><ele>256</ele></trkpt>
      <trkpt lat="46.50864" lon="11.27998"><ele>256</ele></trkpt>
      <trkpt lat="46.50895" lon="11.27958"><ele>259</ele></trkpt>
      <trkpt lat="46.50932" lon="11.27890"><ele>261</ele></trkpt>
      <trkpt lat="46.50942" lon="11.27870"><ele>262</ele></trkpt>
      <trkpt lat="46.50947" lon="11.27856"><ele>262</ele></trkpt>
      <trkpt lat="46.50949" lon="11.27836"><ele>262</ele></trkpt>
      <trkpt lat="46.50957" lon="11.27760"><ele>260</ele></trkpt>
      <trkpt lat="46.50958" lon="11.27749"><ele>260</ele></trkpt>
      <trkpt lat="46.50960" lon="11.27734"><ele>260</ele></trkpt>
      <trkpt lat="46.50960" lon="11.27730"><ele>260</ele></trkpt>
      <trkpt lat="46.50963" lon="11.27705"><ele>259</ele></trkpt>
      <trkpt lat="46.50971" lon="11.27676"><ele>258</ele></trkpt>
      <trkpt lat="46.51003" lon="11.27589"><ele>256</ele></trkpt>
      <trkpt lat="46.51036" lon="11.27495"><ele>253</ele></trkpt>
      <trkpt lat="46.51045" lon="11.27481"><ele>253</ele></trkpt>
      <trkpt lat="46.51055" lon="11.27468"><ele>253</ele></trkpt>
      <trkpt lat="46.51073" lon="11.27452"><ele>253</ele></trkpt>
      <trkpt lat="46.51087" lon="11.27440"><ele>252</ele></trkpt>
      <trkpt lat="46.51096" lon="11.27432"><ele>252</ele></trkpt>
      <trkpt lat="46.51100" lon="11.27428"><ele>252</ele></trkpt>
      <trkpt lat="46.51106" lon="11.27423"><ele>252</ele></trkpt>
      <trkpt lat="46.51121" lon="11.27410"><ele>252</ele></trkpt>
      <trkpt lat="46.51126" lon="11.27405"><ele>251</ele></trkpt>
      <trkpt lat="46.51140" lon="11.27392"><ele>251</ele></trkpt>
      <trkpt lat="46.51149" lon="11.27379"><ele>251</ele></trkpt>
      <trkpt lat="46.51160" lon="11.27365"><ele>250</ele></trkpt>
      <trkpt lat="46.51179" lon="11.27334"><ele>250</ele></trkpt>
      <trkpt lat="46.51267" lon="11.27179"><ele>248</ele></trkpt>
      <trkpt lat="46.51272" lon="11.27171"><ele>248</ele></trkpt>
      <trkpt lat="46.51302" lon="11.27128"><ele>248</ele></trkpt>
      <trkpt lat="46.51332" lon="11.27090"><ele>249</ele></trkpt>
      <trkpt lat="46.51352" lon="11.27067"><ele>249</ele></trkpt>
      <trkpt lat="46.51374" lon="11.27036"><ele>249</ele></trkpt>
      <trkpt lat="46.51382" lon="11.27022"><ele>250</ele></trkpt>
      <trkpt lat="46.51387" lon="11.27012"><ele>250</ele></trkpt>
      <trkpt lat="46.51414" lon="11.26953"><ele>253</ele></trkpt>
      <trkpt lat="46.51439" lon="11.26903"><ele>254</ele></trkpt>
      <trkpt lat="46.51441" lon="11.26897"><ele>255</ele></trkpt>
      <trkpt lat="46.51446" lon="11.26887"><ele>256</ele></trkpt>
      <trkpt lat="46.51448" lon="11.26884"><ele>256</ele></trkpt>
      <trkpt lat="46.51455" lon="11.26870"><ele>256</ele></trkpt>
      <trkpt lat="46.51506" lon="11.26776"><ele>258</ele></trkpt>
      <trkpt lat="46.51543" lon="11.26708"><ele>260</ele></trkpt>
      <trkpt lat="46.51563" lon="11.26671"><ele>261</ele></trkpt>
      <trkpt lat="46.51584" lon="11.26636"><ele>262</ele></trkpt>
      <trkpt lat="46.51600" lon="11.26617"><ele>263</ele></trkpt>
      <trkpt lat="46.51649" lon="11.26572"><ele>264</ele></trkpt>
      <trkpt lat="46.51724" lon="11.26476"><ele>265</ele></trkpt>
      <trkpt lat="46.51753" lon="11.26440"><ele>264</ele></trkpt>
      <trkpt lat="46.51758" lon="11.26433"><ele>264</ele></trkpt>
      <trkpt lat="46.51777" lon="11.26408"><ele>264</ele></trkpt>
      <trkpt lat="46.51787" lon="11.26391"><ele>263</ele></trkpt>
      <trkpt lat="46.51796" lon="11.26370"><ele>263</ele></trkpt>
      <trkpt lat="46.51827" lon="11.26293"><ele>261</ele></trkpt>
      <trkpt lat="46.51856" lon="11.26220"><ele>259</ele></trkpt>
      <trkpt lat="46.51861" lon="11.26207"><ele>259</ele></trkpt>
      <trkpt lat="46.51970" lon="11.26038"><ele>256</ele></trkpt>
      <trkpt lat="46.52022" lon="11.25964"><ele>254</ele></trkpt>
      <trkpt lat="46.52024" lon="11.25961"><ele>254</ele></trkpt>
      <trkpt lat="46.52050" lon="11.25925"><ele>253</ele></trkpt>
      <trkpt lat="46.52061" lon="11.25906"><ele>253</ele></trkpt>
      <trkpt lat="46.52071" lon="11.25885"><ele>253</ele></trkpt>
      <trkpt lat="46.52080" lon="11.25864"><ele>252</ele></trkpt>
      <trkpt lat="46.52097" lon="11.25832"><ele>252</ele></trkpt>
      <trkpt lat="46.52130" lon="11.25784"><ele>250</ele></trkpt>
      <trkpt lat="46.52157" lon="11.25745"><ele>250</ele></trkpt>
      <trkpt lat="46.52206" lon="11.25675"><ele>249</ele></trkpt>
      <trkpt lat="46.52229" lon="11.25630"><ele>248</ele></trkpt>
      <trkpt lat="46.52267" lon="11.25544"><ele>247</ele></trkpt>
      <trkpt lat="46.52268" lon="11.25542"><ele>247</ele></trkpt>
      <trkpt lat="46.52293" lon="11.25505"><ele>247</ele></trkpt>
      <trkpt lat="46.52358" lon="11.25444"><ele>247</ele></trkpt>
      <trkpt lat="46.52379" lon="11.25395"><ele>248</ele></trkpt>
      <trkpt lat="46.52407" lon="11.25342"><ele>248</ele></trkpt>
      <trkpt lat="46.52433" lon="11.25307"><ele>248</ele></trkpt>
      <trkpt lat="46.52454" lon="11.25285"><ele>250</ele></trkpt>
      <trkpt lat="46.52467" lon="11.25261"><ele>248</ele></trkpt>
      <trkpt lat="46.52473" lon="11.25265"><ele>248</ele></trkpt>
      <trkpt lat="46.52479" lon="11.25266"><ele>250</ele></trkpt>
      <trkpt lat="46.52485" lon="11.25262"><ele>251</ele></trkpt>
      <trkpt lat="46.52490" lon="11.25255"><ele>250</ele></trkpt>
      <trkpt lat="46.52518" lon="11.25260"><ele>250</ele></trkpt>
      <trkpt lat="46.52572" lon="11.25298"><ele>248</ele></trkpt>
      <trkpt lat="46.52587" lon="11.25305"><ele>248</ele></trkpt>
      <trkpt lat="46.52604" lon="11.25313"><ele>249</ele></trkpt>
      <trkpt lat="46.52637" lon="11.25322"><ele>248</ele></trkpt>
      <trkpt lat="46.52659" lon="11.25326"><ele>248</ele></trkpt>
      <trkpt lat="46.52681" lon="11.25327"><ele>248</ele></trkpt>
      <trkpt lat="46.52721" lon="11.25323"><ele>248</ele></trkpt>
      <trkpt lat="46.52758" lon="11.25316"><ele>248</ele></trkpt>
      <trkpt lat="46.52779" lon="11.25309"><ele>248</ele></trkpt>
      <trkpt lat="46.52790" lon="11.25300"><ele>248</ele></trkpt>
      <trkpt lat="46.52800" lon="11.25293"><ele>248</ele></trkpt>
      <trkpt lat="46.52822" lon="11.25274"><ele>248</ele></trkpt>
      <trkpt lat="46.52836" lon="11.25254"><ele>248</ele></trkpt>
      <trkpt lat="46.52895" lon="11.25147"><ele>247</ele></trkpt>
      <trkpt lat="46.52903" lon="11.25130"><ele>248</ele></trkpt>
      <trkpt lat="46.52907" lon="11.25131"><ele>248</ele></trkpt>
      <trkpt lat="46.52911" lon="11.25128"><ele>248</ele></trkpt>
      <trkpt lat="46.52913" lon="11.25123"><ele>248</ele></trkpt>
      <trkpt lat="46.52913" lon="11.25118"><ele>248</ele></trkpt>
      <trkpt lat="46.52912" lon="11.25114"><ele>248</ele></trkpt>
      <trkpt lat="46.52910" lon="11.25110"><ele>248</ele></trkpt>
      <trkpt lat="46.52920" lon="11.25088"><ele>248</ele></trkpt>
      <trkpt lat="46.52925" lon="11.25070"><ele>248</ele></trkpt>
      <trkpt lat="46.52930" lon="11.25043"><ele>248</ele></trkpt>
      <trkpt lat="46.52935" lon="11.24981"><ele>248</ele></trkpt>
      <trkpt lat="46.52937" lon="11.24948"><ele>247</ele></trkpt>
      <trkpt lat="46.52937" lon="11.24932"><ele>247</ele></trkpt>
      <trkpt lat="46.52938" lon="11.24923"><ele>248</ele></trkpt>
      <trkpt lat="46.52939" lon="11.24896"><ele>248</ele></trkpt>
      <trkpt lat="46.52940" lon="11.24876"><ele>248</ele></trkpt>
      <trkpt lat="46.52941" lon="11.24872"><ele>248</ele></trkpt>
      <trkpt lat="46.52942" lon="11.24869"><ele>248</ele></trkpt>
      <trkpt lat="46.52944" lon="11.24862"><ele>248</ele></trkpt>
      <trkpt lat="46.52948" lon="11.24856"><ele>248</ele></trkpt>
      <trkpt lat="46.52952" lon="11.24852"><ele>248</ele></trkpt>
      <trkpt lat="46.52949" lon="11.24848"><ele>248</ele></trkpt>
      <trkpt lat="46.52947" lon="11.24845"><ele>248</ele></trkpt>
      <trkpt lat="46.52945" lon="11.24830"><ele>248</ele></trkpt>
      <trkpt lat="46.52947" lon="11.24819"><ele>248</ele></trkpt>
      <trkpt lat="46.52947" lon="11.24815"><ele>248</ele></trkpt>
      <trkpt lat="46.52950" lon="11.24794"><ele>248</ele></trkpt>
      <trkpt lat="46.52954" lon="11.24738"><ele>249</ele></trkpt>
      <trkpt lat="46.52957" lon="11.24717"><ele>249</ele></trkpt>
      <trkpt lat="46.52960" lon="11.24703"><ele>248</ele></trkpt>
      <trkpt lat="46.52982" lon="11.24628"><ele>248</ele></trkpt>
      <trkpt lat="46.53000" lon="11.24558"><ele>249</ele></trkpt>
      <trkpt lat="46.53006" lon="11.24537"><ele>249</ele></trkpt>
      <trkpt lat="46.53041" lon="11.24434"><ele>249</ele></trkpt>
      <trkpt lat="46.53081" lon="11.24329"><ele>249</ele></trkpt>
      <trkpt lat="46.53086" lon="11.24316"><ele>249</ele></trkpt>
      <trkpt lat="46.53108" lon="11.24257"><ele>249</ele></trkpt>
      <trkpt lat="46.53125" lon="11.24206"><ele>250</ele></trkpt>
      <trkpt lat="46.53128" lon="11.24194"><ele>250</ele></trkpt>
      <trkpt lat="46.53130" lon="11.24188"><ele>250</ele></trkpt>
      <trkpt lat="46.53133" lon="11.24184"><ele>250</ele></trkpt>
      <trkpt lat="46.53130" lon="11.24180"><ele>249</ele></trkpt>
      <trkpt lat="46.53126" lon="11.24177"><ele>249</ele></trkpt>
      <trkpt lat="46.53111" lon="11.24170"><ele>250</ele></trkpt>
      <trkpt lat="46.53104" lon="11.24166"><ele>249</ele></trkpt>
      <trkpt lat="46.53091" lon="11.24160"><ele>248</ele></trkpt>
      <trkpt lat="46.53073" lon="11.24148"><ele>249</ele></trkpt>
      <trkpt lat="46.53059" lon="11.24137"><ele>250</ele></trkpt>
      <trkpt lat="46.53062" lon="11.24131"><ele>250</ele></trkpt>
      <trkpt lat="46.53065" lon="11.24123"><ele>249</ele></trkpt>
      <trkpt lat="46.53068" lon="11.24119"><ele>249</ele></trkpt>
      <trkpt lat="46.53088" lon="11.24104"><ele>248</ele></trkpt>
      <trkpt lat="46.53140" lon="11.24076"><ele>249</ele></trkpt>
      <trkpt lat="46.53144" lon="11.24073"><ele>249</ele></trkpt>
      <trkpt lat="46.53146" lon="11.24070"><ele>248</ele></trkpt>
      <trkpt lat="46.53152" lon="11.24068"><ele>248</ele></trkpt>
      <trkpt lat="46.53165" lon="11.24059"><ele>250</ele></trkpt>
      <trkpt lat="46.53214" lon="11.24026"><ele>248</ele></trkpt>
      <trkpt lat="46.53274" lon="11.23981"><ele>248</ele></trkpt>
      <trkpt lat="46.53336" lon="11.23928"><ele>249</ele></trkpt>
      <trkpt lat="46.53366" lon="11.23900"><ele>249</ele></trkpt>
      <trkpt lat="46.53389" lon="11.23877"><ele>249</ele></trkpt>
      <trkpt lat="46.53437" lon="11.23820"><ele>248</ele></trkpt>
      <trkpt lat="46.53483" lon="11.23766"><ele>248</ele></trkpt>
      <trkpt lat="46.53500" lon="11.23748"><ele>248</ele></trkpt>
      <trkpt lat="46.53559" lon="11.23689"><ele>249</ele></trkpt>
      <trkpt lat="46.53588" lon="11.23664"><ele>248</ele></trkpt>
      <trkpt lat="46.53614" lon="11.23644"><ele>248</ele></trkpt>
      <trkpt lat="46.53701" lon="11.23581"><ele>248</ele></trkpt>
      <trkpt lat="46.53804" lon="11.23505"><ele>249</ele></trkpt>
      <trkpt lat="46.53825" lon="11.23492"><ele>249</ele></trkpt>
      <trkpt lat="46.53838" lon="11.23486"><ele>248</ele></trkpt>
      <trkpt lat="46.53861" lon="11.23478"><ele>249</ele></trkpt>
      <trkpt lat="46.53891" lon="11.23464"><ele>249</ele></trkpt>
      <trkpt lat="46.53910" lon="11.23453"><ele>249</ele></trkpt>
      <trkpt lat="46.53932" lon="11.23438"><ele>250</ele></trkpt>
      <trkpt lat="46.54001" lon="11.23380"><ele>248</ele></trkpt>
      <trkpt lat="46.54037" lon="11.23350"><ele>248</ele></trkpt>
      <trkpt lat="46.54062" lon="11.23329"><ele>249</ele></trkpt>
      <trkpt lat="46.54082" lon="11.23308"><ele>250</ele></trkpt>
      <trkpt lat="46.54098" lon="11.23289"><ele>248</ele></trkpt>
      <trkpt lat="46.54114" lon="11.23268"><ele>249</ele></trkpt>
      <trkpt lat="46.54126" lon="11.23250"><ele>248</ele></trkpt>
      <trkpt lat="46.54147" lon="11.23218"><ele>248</ele></trkpt>
      <trkpt lat="46.54172" lon="11.23170"><ele>249</ele></trkpt>
      <trkpt lat="46.54195" lon="11.23120"><ele>250</ele></trkpt>
      <trkpt lat="46.54224" lon="11.23048"><ele>250</ele></trkpt>
      <trkpt lat="46.54251" lon="11.22977"><ele>251</ele></trkpt>
      <trkpt lat="46.54278" lon="11.22910"><ele>251</ele></trkpt>
      <trkpt lat="46.54297" lon="11.22869"><ele>250</ele></trkpt>
      <trkpt lat="46.54305" lon="11.22849"><ele>251</ele></trkpt>
      <trkpt lat="46.54314" lon="11.22819"><ele>250</ele></trkpt>
      <trkpt lat="46.54360" lon="11.22680"><ele>250</ele></trkpt>
      <trkpt lat="46.54372" lon="11.22653"><ele>249</ele></trkpt>
      <trkpt lat="46.54386" lon="11.22624"><ele>250</ele></trkpt>
      <trkpt lat="46.54396" lon="11.22608"><ele>250</ele></trkpt>
      <trkpt lat="46.54413" lon="11.22582"><ele>250</ele></trkpt>
      <trkpt lat="46.54426" lon="11.22565"><ele>250</ele></trkpt>
      <trkpt lat="46.54445" lon="11.22549"><ele>251</ele></trkpt>
      <trkpt lat="46.54476" lon="11.22527"><ele>251</ele></trkpt>
      <trkpt lat="46.54492" lon="11.22517"><ele>250</ele></trkpt>
      <trkpt lat="46.54506" lon="11.22510"><ele>249</ele></trkpt>
      <trkpt lat="46.54526" lon="11.22503"><ele>250</ele></trkpt>
      <trkpt lat="46.54538" lon="11.22500"><ele>250</ele></trkpt>
      <trkpt lat="46.54566" lon="11.22496"><ele>251</ele></trkpt>
      <trkpt lat="46.54581" lon="11.22494"><ele>250</ele></trkpt>
      <trkpt lat="46.54620" lon="11.22483"><ele>249</ele></trkpt>
      <trkpt lat="46.54671" lon="11.22472"><ele>251</ele></trkpt>
      <trkpt lat="46.54702" lon="11.22468"><ele>250</ele></trkpt>
      <trkpt lat="46.54736" lon="11.22461"><ele>250</ele></trkpt>
      <trkpt lat="46.54813" lon="11.22442"><ele>251</ele></trkpt>
      <trkpt lat="46.54844" lon="11.22430"><ele>250</ele></trkpt>
      <trkpt lat="46.54866" lon="11.22420"><ele>250</ele></trkpt>
      <trkpt lat="46.54889" lon="11.22409"><ele>250</ele></trkpt>
      <trkpt lat="46.54946" lon="11.22372"><ele>250</ele></trkpt>
      <trkpt lat="46.54996" lon="11.22333"><ele>251</ele></trkpt>
      <trkpt lat="46.55033" lon="11.22296"><ele>250</ele></trkpt>
      <trkpt lat="46.55050" lon="11.22277"><ele>251</ele></trkpt>
      <trkpt lat="46.55080" lon="11.22238"><ele>250</ele></trkpt>
      <trkpt lat="46.55089" lon="11.22226"><ele>250</ele></trkpt>
      <trkpt lat="46.55100" lon="11.22208"><ele>250</ele></trkpt>
      <trkpt lat="46.55159" lon="11.22113"><ele>251</ele></trkpt>
      <trkpt lat="46.55186" lon="11.22074"><ele>250</ele></trkpt>
      <trkpt lat="46.55217" lon="11.22042"><ele>251</ele></trkpt>
      <trkpt lat="46.55244" lon="11.22018"><ele>250</ele></trkpt>
      <trkpt lat="46.55272" lon="11.21997"><ele>251</ele></trkpt>
      <trkpt lat="46.55313" lon="11.21976"><ele>251</ele></trkpt>
      <trkpt lat="46.55354" lon="11.21962"><ele>250</ele></trkpt>
      <trkpt lat="46.55394" lon="11.21950"><ele>250</ele></trkpt>
      <trkpt lat="46.55433" lon="11.21937"><ele>251</ele></trkpt>
      <trkpt lat="46.55510" lon="11.21899"><ele>251</ele></trkpt>
      <trkpt lat="46.55515" lon="11.21896"><ele>251</ele></trkpt>
      <trkpt lat="46.55524" lon="11.21890"><ele>252</ele></trkpt>
      <trkpt lat="46.55553" lon="11.21872"><ele>252</ele></trkpt>
      <trkpt lat="46.55563" lon="11.21867"><ele>252</ele></trkpt>
      <trkpt lat="46.55571" lon="11.21861"><ele>252</ele></trkpt>
      <trkpt lat="46.55577" lon="11.21853"><ele>252</ele></trkpt>
      <trkpt lat="46.55613" lon="11.21812"><ele>252</ele></trkpt>
      <trkpt lat="46.55627" lon="11.21799"><ele>251</ele></trkpt>
      <trkpt lat="46.55640" lon="11.21789"><ele>251</ele></trkpt>
      <trkpt lat="46.55663" lon="11.21776"><ele>252</ele></trkpt>
      <trkpt lat="46.55688" lon="11.21767"><ele>252</ele></trkpt>
      <trkpt lat="46.55713" lon="11.21762"><ele>251</ele></trkpt>
      <trkpt lat="46.55730" lon="11.21760"><ele>251</ele></trkpt>
      <trkpt lat="46.55747" lon="11.21759"><ele>251</ele></trkpt>
      <trkpt lat="46.55765" lon="11.21762"><ele>251</ele></trkpt>
      <trkpt lat="46.55782" lon="11.21765"><ele>251</ele></trkpt>
      <trkpt lat="46.55793" lon="11.21769"><ele>251</ele></trkpt>
      <trkpt lat="46.55811" lon="11.21778"><ele>251</ele></trkpt>
      <trkpt lat="46.55864" lon="11.21810"><ele>252</ele></trkpt>
      <trkpt lat="46.55923" lon="11.21845"><ele>251</ele></trkpt>
      <trkpt lat="46.55956" lon="11.21862"><ele>252</ele></trkpt>
      <trkpt lat="46.55967" lon="11.21866"><ele>252</ele></trkpt>
      <trkpt lat="46.55979" lon="11.21868"><ele>252</ele></trkpt>
      <trkpt lat="46.56001" lon="11.21870"><ele>252</ele></trkpt>
      <trkpt lat="46.56078" lon="11.21872"><ele>252</ele></trkpt>
      <trkpt lat="46.56085" lon="11.21871"><ele>252</ele></trkpt>
      <trkpt lat="46.56095" lon="11.21868"><ele>252</ele></trkpt>
      <trkpt lat="46.56166" lon="11.21834"><ele>252</ele></trkpt>
      <trkpt lat="46.56185" lon="11.21822"><ele>251</ele></trkpt>
      <trkpt lat="46.56209" lon="11.21805"><ele>252</ele></trkpt>
      <trkpt lat="46.56225" lon="11.21792"><ele>252</ele></trkpt>
      <trkpt lat="46.56237" lon="11.21782"><ele>252</ele></trkpt>
      <trkpt lat="46.56254" lon="11.21765"><ele>252</ele></trkpt>
      <trkpt lat="46.56329" lon="11.21685"><ele>252</ele></trkpt>
      <trkpt lat="46.56501" lon="11.21497"><ele>253</ele></trkpt>
      <trkpt lat="46.56694" lon="11.21289"><ele>252</ele></trkpt>
      <trkpt lat="46.56754" lon="11.21215"><ele>254</ele></trkpt>
      <trkpt lat="46.56773" lon="11.21188"><ele>253</ele></trkpt>
      <trkpt lat="46.56791" lon="11.21160"><ele>252</ele></trkpt>
      <trkpt lat="46.56817" lon="11.21117"><ele>252</ele></trkpt>
      <trkpt lat="46.56844" lon="11.21069"><ele>252</ele></trkpt>
      <trkpt lat="46.56864" lon="11.21028"><ele>254</ele></trkpt>
      <trkpt lat="46.57027" lon="11.20665"><ele>255</ele></trkpt>
      <trkpt lat="46.57203" lon="11.20268"><ele>254</ele></trkpt>
      <trkpt lat="46.57236" lon="11.20203"><ele>254</ele></trkpt>
      <trkpt lat="46.57262" lon="11.20157"><ele>254</ele></trkpt>
      <trkpt lat="46.57276" lon="11.20134"><ele>255</ele></trkpt>
      <trkpt lat="46.57301" lon="11.20095"><ele>254</ele></trkpt>
      <trkpt lat="46.57320" lon="11.20068"><ele>254</ele></trkpt>
      <trkpt lat="46.57353" lon="11.20022"><ele>254</ele></trkpt>
      <trkpt lat="46.57377" lon="11.19993"><ele>254</ele></trkpt>
      <trkpt lat="46.57420" lon="11.19944"><ele>255</ele></trkpt>
      <trkpt lat="46.57425" lon="11.19936"><ele>254</ele></trkpt>
      <trkpt lat="46.57426" lon="11.19937"><ele>254</ele></trkpt>
      <trkpt lat="46.57430" lon="11.19934"><ele>254</ele></trkpt>
      <trkpt lat="46.57457" lon="11.19903"><ele>255</ele></trkpt>
      <trkpt lat="46.57466" lon="11.19923"><ele>255</ele></trkpt>
      <trkpt lat="46.57469" lon="11.19929"><ele>254</ele></trkpt>
      <trkpt lat="46.57482" lon="11.19951"><ele>253</ele></trkpt>
      <trkpt lat="46.57490" lon="11.19942"><ele>253</ele></trkpt>
      <trkpt lat="46.57492" lon="11.19939"><ele>253</ele></trkpt>
      <trkpt lat="46.57495" lon="11.19936"><ele>253</ele></trkpt>
      <trkpt lat="46.57503" lon="11.19940"><ele>253</ele></trkpt>
      <trkpt lat="46.57557" lon="11.19972"><ele>253</ele></trkpt>
      <trkpt lat="46.57608" lon="11.20007"><ele>253</ele></trkpt>
      <trkpt lat="46.57636" lon="11.20029"><ele>253</ele></trkpt>
      <trkpt lat="46.57642" lon="11.20036"><ele>253</ele></trkpt>
      <trkpt lat="46.57645" lon="11.20045"><ele>253</ele></trkpt>
      <trkpt lat="46.57646" lon="11.20063"><ele>253</ele></trkpt>
      <trkpt lat="46.57646" lon="11.20079"><ele>253</ele></trkpt>
      <trkpt lat="46.57650" lon="11.20089"><ele>254</ele></trkpt>
      <trkpt lat="46.57672" lon="11.20123"><ele>254</ele></trkpt>
      <trkpt lat="46.57693" lon="11.20144"><ele>254</ele></trkpt>
      <trkpt lat="46.57701" lon="11.20145"><ele>254</ele></trkpt>
      <trkpt lat="46.57723" lon="11.20153"><ele>254</ele></trkpt>
      <trkpt lat="46.57767" lon="11.20166"><ele>254</ele></trkpt>
      <trkpt lat="46.57784" lon="11.20166"><ele>254</ele></trkpt>
      <trkpt lat="46.57815" lon="11.20164"><ele>254</ele></trkpt>
      <trkpt lat="46.57831" lon="11.20161"><ele>254</ele></trkpt>
      <trkpt lat="46.57845" lon="11.20156"><ele>254</ele></trkpt>
      <trkpt lat="46.57915" lon="11.20128"><ele>254</ele></trkpt>
      <trkpt lat="46.57920" lon="11.20125"><ele>254</ele></trkpt>
      <trkpt lat="46.57929" lon="11.20120"><ele>254</ele></trkpt>
      <trkpt lat="46.57996" lon="11.20066"><ele>255</ele></trkpt>
      <trkpt lat="46.58008" lon="11.20085"><ele>255</ele></trkpt>
      <trkpt lat="46.58018" lon="11.20099"><ele>255</ele></trkpt>
      <trkpt lat="46.58031" lon="11.20108"><ele>255</ele></trkpt>
      <trkpt lat="46.58042" lon="11.20114"><ele>256</ele></trkpt>
      <trkpt lat="46.58081" lon="11.20125"><ele>256</ele></trkpt>
      <trkpt lat="46.58097" lon="11.20129"><ele>257</ele></trkpt>
      <trkpt lat="46.58123" lon="11.20132"><ele>257</ele></trkpt>
      <trkpt lat="46.58157" lon="11.20136"><ele>258</ele></trkpt>
      <trkpt lat="46.58216" lon="11.20146"><ele>259</ele></trkpt>
      <trkpt lat="46.58275" lon="11.20156"><ele>260</ele></trkpt>
      <trkpt lat="46.58301" lon="11.20161"><ele>260</ele></trkpt>
      <trkpt lat="46.58346" lon="11.20176"><ele>262</ele></trkpt>
      <trkpt lat="46.58352" lon="11.20178"><ele>262</ele></trkpt>
      <trkpt lat="46.58359" lon="11.20179"><ele>262</ele></trkpt>
      <trkpt lat="46.58363" lon="11.20179"><ele>262</ele></trkpt>
      <trkpt lat="46.58370" lon="11.20181"><ele>263</ele></trkpt>
      <trkpt lat="46.58376" lon="11.20184"><ele>263</ele></trkpt>
      <trkpt lat="46.58388" lon="11.20192"><ele>264</ele></trkpt>
      <trkpt lat="46.58396" lon="11.20196"><ele>264</ele></trkpt>
      <trkpt lat="46.58402" lon="11.20197"><ele>264</ele></trkpt>
      <trkpt lat="46.58406" lon="11.20196"><ele>264</ele></trkpt>
      <trkpt lat="46.58411" lon="11.20194"><ele>265</ele></trkpt>
      <trkpt lat="46.58420" lon="11.20191"><ele>265</ele></trkpt>
      <trkpt lat="46.58427" lon="11.20192"><ele>265</ele></trkpt>
      <trkpt lat="46.58455" lon="11.20222"><ele>266</ele></trkpt>
      <trkpt lat="46.58447" lon="11.20234"><ele>266</ele></trkpt>
      <trkpt lat="46.58435" lon="11.20257"><ele>266</ele></trkpt>
      <trkpt lat="46.58428" lon="11.20273"><ele>267</ele></trkpt>
      <trkpt lat="46.58423" lon="11.20291"><ele>267</ele></trkpt>
      <trkpt lat="46.58423" lon="11.20324"><ele>267</ele></trkpt>
      <trkpt lat="46.58439" lon="11.20323"><ele>268</ele></trkpt>
      <trkpt lat="46.58463" lon="11.20324"><ele>269</ele></trkpt>
      <trkpt lat="46.58467" lon="11.20325"><ele>271</ele></trkpt>
      <trkpt lat="46.58481" lon="11.20332"><ele>271</ele></trkpt>
      <trkpt lat="46.58502" lon="11.20356"><ele>273</ele></trkpt>
      <trkpt lat="46.58515" lon="11.20323"><ele>273</ele></trkpt>
      <trkpt lat="46.58535" lon="11.20287"><ele>272</ele></trkpt>
      <trkpt lat="46.58615" lon="11.20199"><ele>270</ele></trkpt>
      <trkpt lat="46.58617" lon="11.20197"><ele>270</ele></trkpt>
      <trkpt lat="46.58635" lon="11.20177"><ele>270</ele></trkpt>
      <trkpt lat="46.58697" lon="11.20106"><ele>268</ele></trkpt>
      <trkpt lat="46.58732" lon="11.20067"><ele>268</ele></trkpt>
      <trkpt lat="46.58739" lon="11.20058"><ele>268</ele></trkpt>
      <trkpt lat="46.58757" lon="11.20042"><ele>268</ele></trkpt>
      <trkpt lat="46.58774" lon="11.20029"><ele>268</ele></trkpt>
      <trkpt lat="46.58800" lon="11.20015"><ele>268</ele></trkpt>
      <trkpt lat="46.58828" lon="11.20003"><ele>269</ele></trkpt>
      <trkpt lat="46.58845" lon="11.19999"><ele>269</ele></trkpt>
      <trkpt lat="46.58851" lon="11.19998"><ele>269</ele></trkpt>
      <trkpt lat="46.58868" lon="11.19997"><ele>269</ele></trkpt>
      <trkpt lat="46.58880" lon="11.19999"><ele>270</ele></trkpt>
      <trkpt lat="46.58891" lon="11.20002"><ele>270</ele></trkpt>
      <trkpt lat="46.58904" lon="11.20008"><ele>270</ele></trkpt>
      <trkpt lat="46.58915" lon="11.20013"><ele>270</ele></trkpt>
      <trkpt lat="46.58918" lon="11.20015"><ele>270</ele></trkpt>
      <trkpt lat="46.58924" lon="11.19997"><ele>270</ele></trkpt>
      <trkpt lat="46.58923" lon="11.19984"><ele>268</ele></trkpt>
      <trkpt lat="46.58921" lon="11.19975"><ele>268</ele></trkpt>
      <trkpt lat="46.58921" lon="11.19939"><ele>267</ele></trkpt>
      <trkpt lat="46.58922" lon="11.19917"><ele>266</ele></trkpt>
      <trkpt lat="46.58935" lon="11.19710"><ele>264</ele></trkpt>
      <trkpt lat="46.58941" lon="11.19671"><ele>264</ele></trkpt>
      <trkpt lat="46.58949" lon="11.19636"><ele>263</ele></trkpt>
      <trkpt lat="46.58959" lon="11.19601"><ele>263</ele></trkpt>
      <trkpt lat="46.58973" lon="11.19576"><ele>262</ele></trkpt>
      <trkpt lat="46.58980" lon="11.19572"><ele>262</ele></trkpt>
      <trkpt lat="46.59017" lon="11.19565"><ele>261</ele></trkpt>
      <trkpt lat="46.59020" lon="11.19551"><ele>261</ele></trkpt>
      <trkpt lat="46.59016" lon="11.19451"><ele>260</ele></trkpt>
      <trkpt lat="46.59016" lon="11.19427"><ele>260</ele></trkpt>
      <trkpt lat="46.59028" lon="11.19425"><ele>260</ele></trkpt>
      <trkpt lat="46.59069" lon="11.19423"><ele>260</ele></trkpt>
      <trkpt lat="46.59084" lon="11.19420"><ele>259</ele></trkpt>
      <trkpt lat="46.59114" lon="11.19418"><ele>259</ele></trkpt>
      <trkpt lat="46.59184" lon="11.19432"><ele>258</ele></trkpt>
      <trkpt lat="46.59244" lon="11.19441"><ele>258</ele></trkpt>
      <trkpt lat="46.59262" lon="11.19443"><ele>258</ele></trkpt>
      <trkpt lat="46.59275" lon="11.19441"><ele>258</ele></trkpt>
      <trkpt lat="46.59300" lon="11.19430"><ele>258</ele></trkpt>
      <trkpt lat="46.59315" lon="11.19420"><ele>258</ele></trkpt>
      <trkpt lat="46.59348" lon="11.19402"><ele>258</ele></trkpt>
      <trkpt lat="46.59364" lon="11.19397"><ele>258</ele></trkpt>
      <trkpt lat="46.59377" lon="11.19395"><ele>258</ele></trkpt>
      <trkpt lat="46.59403" lon="11.19390"><ele>258</ele></trkpt>
      <trkpt lat="46.59433" lon="11.19385"><ele>258</ele></trkpt>
      <trkpt lat="46.59491" lon="11.19363"><ele>258</ele></trkpt>
      <trkpt lat="46.59518" lon="11.19355"><ele>259</ele></trkpt>
      <trkpt lat="46.59602" lon="11.19345"><ele>259</ele></trkpt>
      <trkpt lat="46.59606" lon="11.19315"><ele>259</ele></trkpt>
      <trkpt lat="46.59608" lon="11.19308"><ele>259</ele></trkpt>
      <trkpt lat="46.59610" lon="11.19290"><ele>259</ele></trkpt>
      <trkpt lat="46.59614" lon="11.19238"><ele>259</ele></trkpt>
      <trkpt lat="46.59616" lon="11.19214"><ele>259</ele></trkpt>
      <trkpt lat="46.59642" lon="11.19214"><ele>259</ele></trkpt>
      <trkpt lat="46.59661" lon="11.19210"><ele>259</ele></trkpt>
      <trkpt lat="46.59710" lon="11.19190"><ele>259</ele></trkpt>
      <trkpt lat="46.59777" lon="11.19158"><ele>259</ele></trkpt>
      <trkpt lat="46.59796" lon="11.19149"><ele>259</ele></trkpt>
      <trkpt lat="46.59831" lon="11.19133"><ele>259</ele></trkpt>
      <trkpt lat="46.59858" lon="11.19118"><ele>259</ele></trkpt>
      <trkpt lat="46.59902" lon="11.19097"><ele>259</ele></trkpt>
      <trkpt lat="46.59918" lon="11.19085"><ele>259</ele></trkpt>
      <trkpt lat="46.59956" lon="11.19048"><ele>259</ele></trkpt>
      <trkpt lat="46.59974" lon="11.19032"><ele>259</ele></trkpt>
      <trkpt lat="46.60025" lon="11.18991"><ele>259</ele></trkpt>
      <trkpt lat="46.60028" lon="11.18988"><ele>259</ele></trkpt>
      <trkpt lat="46.60031" lon="11.18981"><ele>259</ele></trkpt>
      <trkpt lat="46.60033" lon="11.18974"><ele>259</ele></trkpt>
      <trkpt lat="46.60035" lon="11.18938"><ele>259</ele></trkpt>
      <trkpt lat="46.60036" lon="11.18927"><ele>259</ele></trkpt>
      <trkpt lat="46.60039" lon="11.18920"><ele>259</ele></trkpt>
      <trkpt lat="46.60044" lon="11.18915"><ele>260</ele></trkpt>
      <trkpt lat="46.60049" lon="11.18912"><ele>260</ele></trkpt>
      <trkpt lat="46.60062" lon="11.18907"><ele>260</ele></trkpt>
      <trkpt lat="46.60106" lon="11.18896"><ele>260</ele></trkpt>
      <trkpt lat="46.60143" lon="11.18885"><ele>260</ele></trkpt>
      <trkpt lat="46.60135" lon="11.18857"><ele>260</ele></trkpt>
      <trkpt lat="46.60111" lon="11.18765"><ele>260</ele></trkpt>
      <trkpt lat="46.60093" lon="11.18699"><ele>260</ele></trkpt>
      <trkpt lat="46.60076" lon="11.18626"><ele>260</ele></trkpt>
      <trkpt lat="46.60105" lon="11.18613"><ele>260</ele></trkpt>
      <trkpt lat="46.60160" lon="11.18592"><ele>260</ele></trkpt>
      <trkpt lat="46.60234" lon="11.18555"><ele>262</ele></trkpt>
      <trkpt lat="46.60253" lon="11.18549"><ele>261</ele></trkpt>
      <trkpt lat="46.60307" lon="11.18538"><ele>262</ele></trkpt>
      <trkpt lat="46.60319" lon="11.18536"><ele>262</ele></trkpt>
      <trkpt lat="46.60343" lon="11.18530"><ele>261</ele></trkpt>
      <trkpt lat="46.60408" lon="11.18517"><ele>262</ele></trkpt>
      <trkpt lat="46.60425" lon="11.18520"><ele>261</ele></trkpt>
      <trkpt lat="46.60445" lon="11.18528"><ele>261</ele></trkpt>
      <trkpt lat="46.60462" lon="11.18531"><ele>262</ele></trkpt>
      <trkpt lat="46.60471" lon="11.18529"><ele>262</ele></trkpt>
      <trkpt lat="46.60483" lon="11.18522"><ele>262</ele></trkpt>
      <trkpt lat="46.60522" lon="11.18492"><ele>262</ele></trkpt>
      <trkpt lat="46.60540" lon="11.18484"><ele>262</ele></trkpt>
      <trkpt lat="46.60604" lon="11.18480"><ele>262</ele></trkpt>
      <trkpt lat="46.60611" lon="11.18476"><ele>262</ele></trkpt>
      <trkpt lat="46.60636" lon="11.18448"><ele>262</ele></trkpt>
      <trkpt lat="46.60669" lon="11.18416"><ele>262</ele></trkpt>
      <trkpt lat="46.60687" lon="11.18400"><ele>262</ele></trkpt>
      <trkpt lat="46.60706" lon="11.18379"><ele>262</ele></trkpt>
      <trkpt lat="46.60744" lon="11.18354"><ele>262</ele></trkpt>
      <trkpt lat="46.60784" lon="11.18330"><ele>262</ele></trkpt>
      <trkpt lat="46.60799" lon="11.18321"><ele>262</ele></trkpt>
      <trkpt lat="46.60801" lon="11.18319"><ele>262</ele></trkpt>
      <trkpt lat="46.60803" lon="11.18315"><ele>262</ele></trkpt>
      <trkpt lat="46.60806" lon="11.18303"><ele>262</ele></trkpt>
      <trkpt lat="46.60817" lon="11.18286"><ele>263</ele></trkpt>
      <trkpt lat="46.60826" lon="11.18278"><ele>263</ele></trkpt>
      <trkpt lat="46.60838" lon="11.18271"><ele>263</ele></trkpt>
      <trkpt lat="46.60857" lon="11.18265"><ele>263</ele></trkpt>
      <trkpt lat="46.60870" lon="11.18260"><ele>264</ele></trkpt>
      <trkpt lat="46.60876" lon="11.18258"><ele>264</ele></trkpt>
      <trkpt lat="46.60937" lon="11.18237"><ele>263</ele></trkpt>
      <trkpt lat="46.60951" lon="11.18232"><ele>264</ele></trkpt>
      <trkpt lat="46.60948" lon="11.18174"><ele>264</ele></trkpt>
      <trkpt lat="46.60948" lon="11.18160"><ele>264</ele></trkpt>
      <trkpt lat="46.60950" lon="11.18156"><ele>264</ele></trkpt>
      <trkpt lat="46.60955" lon="11.18153"><ele>264</ele></trkpt>
      <trkpt lat="46.60979" lon="11.18148"><ele>264</ele></trkpt>
      <trkpt lat="46.61042" lon="11.18137"><ele>264</ele></trkpt>
      <trkpt lat="46.61042" lon="11.18120"><ele>266</ele></trkpt>
      <trkpt lat="46.61042" lon="11.18111"><ele>266</ele></trkpt>
      <trkpt lat="46.61091" lon="11.18117"><ele>265</ele></trkpt>
      <trkpt lat="46.61118" lon="11.18122"><ele>264</ele></trkpt>
      <trkpt lat="46.61147" lon="11.18130"><ele>264</ele></trkpt>
      <trkpt lat="46.61167" lon="11.18138"><ele>265</ele></trkpt>
      <trkpt lat="46.61204" lon="11.18156"><ele>264</ele></trkpt>
      <trkpt lat="46.61225" lon="11.18170"><ele>263</ele></trkpt>
      <trkpt lat="46.61248" lon="11.18188"><ele>263</ele></trkpt>
      <trkpt lat="46.61264" lon="11.18204"><ele>263</ele></trkpt>
      <trkpt lat="46.61278" lon="11.18219"><ele>264</ele></trkpt>
      <trkpt lat="46.61328" lon="11.18278"><ele>263</ele></trkpt>
      <trkpt lat="46.61353" lon="11.18304"><ele>264</ele></trkpt>
      <trkpt lat="46.61398" lon="11.18345"><ele>264</ele></trkpt>
      <trkpt lat="46.61427" lon="11.18367"><ele>264</ele></trkpt>
      <trkpt lat="46.61470" lon="11.18395"><ele>264</ele></trkpt>
      <trkpt lat="46.61493" lon="11.18407"><ele>264</ele></trkpt>
      <trkpt lat="46.61509" lon="11.18415"><ele>265</ele></trkpt>
      <trkpt lat="46.61570" lon="11.18442"><ele>265</ele></trkpt>
      <trkpt lat="46.61601" lon="11.18452"><ele>264</ele></trkpt>
      <trkpt lat="46.61640" lon="11.18461"><ele>265</ele></trkpt>
      <trkpt lat="46.61851" lon="11.18481"><ele>264</ele></trkpt>
      <trkpt lat="46.61880" lon="11.18482"><ele>264</ele></trkpt>
      <trkpt lat="46.61909" lon="11.18481"><ele>264</ele></trkpt>
      <trkpt lat="46.61934" lon="11.18479"><ele>265</ele></trkpt>
      <trkpt lat="46.61983" lon="11.18468"><ele>266</ele></trkpt>
      <trkpt lat="46.62001" lon="11.18464"><ele>266</ele></trkpt>
      <trkpt lat="46.62029" lon="11.18458"><ele>266</ele></trkpt>
      <trkpt lat="46.62045" lon="11.18453"><ele>266</ele></trkpt>
      <trkpt lat="46.62069" lon="11.18445"><ele>267</ele></trkpt>
      <trkpt lat="46.62100" lon="11.18431"><ele>266</ele></trkpt>
      <trkpt lat="46.62119" lon="11.18421"><ele>267</ele></trkpt>
      <trkpt lat="46.62236" lon="11.18354"><ele>267</ele></trkpt>
      <trkpt lat="46.62489" lon="11.18208"><ele>268</ele></trkpt>
      <trkpt lat="46.62896" lon="11.17974"><ele>270</ele></trkpt>
      <trkpt lat="46.62940" lon="11.17944"><ele>270</ele></trkpt>
      <trkpt lat="46.62958" lon="11.17931"><ele>269</ele></trkpt>
      <trkpt lat="46.62974" lon="11.17918"><ele>270</ele></trkpt>
      <trkpt lat="46.62999" lon="11.17895"><ele>269</ele></trkpt>
      <trkpt lat="46.63038" lon="11.17856"><ele>269</ele></trkpt>
      <trkpt lat="46.63067" lon="11.17822"><ele>270</ele></trkpt>
      <trkpt lat="46.63083" lon="11.17800"><ele>270</ele></trkpt>
      <trkpt lat="46.63095" lon="11.17785"><ele>270</ele></trkpt>
      <trkpt lat="46.63131" lon="11.17731"><ele>271</ele></trkpt>
      <trkpt lat="46.63148" lon="11.17729"><ele>272</ele></trkpt>
      <trkpt lat="46.63167" lon="11.17699"><ele>272</ele></trkpt>
      <trkpt lat="46.63172" lon="11.17695"><ele>272</ele></trkpt>
      <trkpt lat="46.63184" lon="11.17679"><ele>272</ele></trkpt>
      <trkpt lat="46.63225" lon="11.17616"><ele>273</ele></trkpt>
      <trkpt lat="46.63232" lon="11.17600"><ele>272</ele></trkpt>
      <trkpt lat="46.63252" lon="11.17570"><ele>272</ele></trkpt>
      <trkpt lat="46.63324" lon="11.17460"><ele>274</ele></trkpt>
      <trkpt lat="46.63343" lon="11.17434"><ele>272</ele></trkpt>
      <trkpt lat="46.63354" lon="11.17421"><ele>272</ele></trkpt>
      <trkpt lat="46.63379" lon="11.17389"><ele>272</ele></trkpt>
      <trkpt lat="46.63393" lon="11.17375"><ele>273</ele></trkpt>
      <trkpt lat="46.63416" lon="11.17353"><ele>274</ele></trkpt>
      <trkpt lat="46.63450" lon="11.17324"><ele>274</ele></trkpt>
      <trkpt lat="46.63495" lon="11.17295"><ele>273</ele></trkpt>
      <trkpt lat="46.63501" lon="11.17293"><ele>273</ele></trkpt>
      <trkpt lat="46.63503" lon="11.17293"><ele>273</ele></trkpt>
      <trkpt lat="46.63507" lon="11.17296"><ele>273</ele></trkpt>
      <trkpt lat="46.63513" lon="11.17306"><ele>273</ele></trkpt>
      <trkpt lat="46.63521" lon="11.17314"><ele>273</ele></trkpt>
      <trkpt lat="46.63530" lon="11.17320"><ele>273</ele></trkpt>
      <trkpt lat="46.63541" lon="11.17322"><ele>273</ele></trkpt>
      <trkpt lat="46.63547" lon="11.17320"><ele>272</ele></trkpt>
      <trkpt lat="46.63555" lon="11.17317"><ele>272</ele></trkpt>
      <trkpt lat="46.63577" lon="11.17300"><ele>273</ele></trkpt>
      <trkpt lat="46.63663" lon="11.17251"><ele>274</ele></trkpt>
      <trkpt lat="46.63673" lon="11.17246"><ele>274</ele></trkpt>
      <trkpt lat="46.63697" lon="11.17233"><ele>272</ele></trkpt>
      <trkpt lat="46.63752" lon="11.17211"><ele>274</ele></trkpt>
      <trkpt lat="46.63774" lon="11.17205"><ele>273</ele></trkpt>
      <trkpt lat="46.63786" lon="11.17204"><ele>273</ele></trkpt>
      <trkpt lat="46.63822" lon="11.17204"><ele>273</ele></trkpt>
      <trkpt lat="46.63829" lon="11.17205"><ele>273</ele></trkpt>
      <trkpt lat="46.63838" lon="11.17211"><ele>273</ele></trkpt>
      <trkpt lat="46.63844" lon="11.17212"><ele>273</ele></trkpt>
      <trkpt lat="46.63854" lon="11.17211"><ele>272</ele></trkpt>
      <trkpt lat="46.63962" lon="11.17208"><ele>273</ele></trkpt>
      <trkpt lat="46.63996" lon="11.17210"><ele>273</ele></trkpt>
      <trkpt lat="46.64016" lon="11.17211"><ele>273</ele></trkpt>
      <trkpt lat="46.64039" lon="11.17215"><ele>274</ele></trkpt>
      <trkpt lat="46.64067" lon="11.17220"><ele>274</ele></trkpt>
      <trkpt lat="46.64135" lon="11.17238"><ele>274</ele></trkpt>
      <trkpt lat="46.64164" lon="11.17248"><ele>275</ele></trkpt>
      <trkpt lat="46.64191" lon="11.17259"><ele>274</ele></trkpt>
      <trkpt lat="46.64213" lon="11.17269"><ele>275</ele></trkpt>
      <trkpt lat="46.64264" lon="11.17298"><ele>276</ele></trkpt>
      <trkpt lat="46.64283" lon="11.17310"><ele>276</ele></trkpt>
      <trkpt lat="46.64305" lon="11.17327"><ele>276</ele></trkpt>
      <trkpt lat="46.64475" lon="11.17453"><ele>276</ele></trkpt>
      <trkpt lat="46.64497" lon="11.17472"><ele>277</ele></trkpt>
      <trkpt lat="46.64514" lon="11.17491"><ele>277</ele></trkpt>
      <trkpt lat="46.64528" lon="11.17504"><ele>278</ele></trkpt>
      <trkpt lat="46.64534" lon="11.17505"><ele>278</ele></trkpt>
      <trkpt lat="46.64542" lon="11.17504"><ele>278</ele></trkpt>
      <trkpt lat="46.64548" lon="11.17504"><ele>278</ele></trkpt>
      <trkpt lat="46.64552" lon="11.17507"><ele>278</ele></trkpt>
      <trkpt lat="46.64577" lon="11.17523"><ele>278</ele></trkpt>
      <trkpt lat="46.64766" lon="11.17670"><ele>284</ele></trkpt>
      <trkpt lat="46.64776" lon="11.17678"><ele>284</ele></trkpt>
      <trkpt lat="46.64775" lon="11.17672"><ele>284</ele></trkpt>
      <trkpt lat="46.64776" lon="11.17668"><ele>284</ele></trkpt>
      <trkpt lat="46.64777" lon="11.17663"><ele>284</ele></trkpt>
      <trkpt lat="46.64782" lon="11.17657"><ele>284</ele></trkpt>
      <trkpt lat="46.64786" lon="11.17656"><ele>284</ele></trkpt>
      <trkpt lat="46.64789" lon="11.17657"><ele>284</ele></trkpt>
      <trkpt lat="46.64793" lon="11.17659"><ele>284</ele></trkpt>
      <trkpt lat="46.64820" lon="11.17687"><ele>285</ele></trkpt>
      <trkpt lat="46.64827" lon="11.17695"><ele>286</ele></trkpt>
      <trkpt lat="46.64832" lon="11.17698"><ele>286</ele></trkpt>
      <trkpt lat="46.64837" lon="11.17698"><ele>286</ele></trkpt>
      <trkpt lat="46.64843" lon="11.17696"><ele>286</ele></trkpt>
      <trkpt lat="46.64850" lon="11.17696"><ele>286</ele></trkpt>
      <trkpt lat="46.64862" lon="11.17699"><ele>286</ele></trkpt>
      <trkpt lat="46.64869" lon="11.17698"><ele>286</ele></trkpt>
      <trkpt lat="46.64886" lon="11.17692"><ele>286</ele></trkpt>
      <trkpt lat="46.64900" lon="11.17687"><ele>286</ele></trkpt>
      <trkpt lat="46.64916" lon="11.17679"><ele>285</ele></trkpt>
      <trkpt lat="46.64944" lon="11.17662"><ele>286</ele></trkpt>
      <trkpt lat="46.64963" lon="11.17648"><ele>286</ele></trkpt>
      <trkpt lat="46.64995" lon="11.17620"><ele>286</ele></trkpt>
      <trkpt lat="46.65040" lon="11.17571"><ele>286</ele></trkpt>
      <trkpt lat="46.65046" lon="11.17564"><ele>286</ele></trkpt>
      <trkpt lat="46.65050" lon="11.17560"><ele>286</ele></trkpt>
      <trkpt lat="46.65082" lon="11.17528"><ele>287</ele></trkpt>
      <trkpt lat="46.65090" lon="11.17522"><ele>286</ele></trkpt>
      <trkpt lat="46.65100" lon="11.17517"><ele>286</ele></trkpt>
      <trkpt lat="46.65107" lon="11.17515"><ele>286</ele></trkpt>
      <trkpt lat="46.65120" lon="11.17511"><ele>286</ele></trkpt>
      <trkpt lat="46.65150" lon="11.17506"><ele>286</ele></trkpt>
      <trkpt lat="46.65217" lon="11.17501"><ele>288</ele></trkpt>
      <trkpt lat="46.65258" lon="11.17498"><ele>289</ele></trkpt>
      <trkpt lat="46.65269" lon="11.17494"><ele>289</ele></trkpt>
      <trkpt lat="46.65273" lon="11.17491"><ele>290</ele></trkpt>
      <trkpt lat="46.65280" lon="11.17485"><ele>290</ele></trkpt>
      <trkpt lat="46.65293" lon="11.17465"><ele>290</ele></trkpt>
      <trkpt lat="46.65323" lon="11.17405"><ele>290</ele></trkpt>
      <trkpt lat="46.65353" lon="11.17303"><ele>289</ele></trkpt>
      <trkpt lat="46.65376" lon="11.17229"><ele>288</ele></trkpt>
      <trkpt lat="46.65378" lon="11.17223"><ele>288</ele></trkpt>
      <trkpt lat="46.65395" lon="11.17180"><ele>288</ele></trkpt>
      <trkpt lat="46.65412" lon="11.17147"><ele>289</ele></trkpt>
      <trkpt lat="46.65439" lon="11.17105"><ele>290</ele></trkpt>
      <trkpt lat="46.65456" lon="11.17084"><ele>289</ele></trkpt>
      <trkpt lat="46.65485" lon="11.17051"><ele>290</ele></trkpt>
      <trkpt lat="46.65489" lon="11.17045"><ele>290</ele></trkpt>
      <trkpt lat="46.65510" lon="11.17015"><ele>290</ele></trkpt>
      <trkpt lat="46.65517" lon="11.17018"><ele>290</ele></trkpt>
      <trkpt lat="46.65629" lon="11.16865"><ele>292</ele></trkpt>
      <trkpt lat="46.65635" lon="11.16856"><ele>292</ele></trkpt>
      <trkpt lat="46.65667" lon="11.16818"><ele>292</ele></trkpt>
      <trkpt lat="46.65689" lon="11.16791"><ele>293</ele></trkpt>
      <trkpt lat="46.65696" lon="11.16784"><ele>293</ele></trkpt>
      <trkpt lat="46.65727" lon="11.16754"><ele>293</ele></trkpt>
      <trkpt lat="46.65757" lon="11.16717"><ele>294</ele></trkpt>
      <trkpt lat="46.65778" lon="11.16690"><ele>295</ele></trkpt>
      <trkpt lat="46.65817" lon="11.16651"><ele>296</ele></trkpt>
      <trkpt lat="46.65819" lon="11.16649"><ele>296</ele></trkpt>
      <trkpt lat="46.65822" lon="11.16647"><ele>296</ele></trkpt>
      <trkpt lat="46.65930" lon="11.16566"><ele>298</ele></trkpt>
      <trkpt lat="46.65933" lon="11.16561"><ele>298</ele></trkpt>
      <trkpt lat="46.65936" lon="11.16555"><ele>298</ele></trkpt>
      <trkpt lat="46.65945" lon="11.16556"><ele>298</ele></trkpt>
      <trkpt lat="46.65952" lon="11.16555"><ele>298</ele></trkpt>
      <trkpt lat="46.66001" lon="11.16546"><ele>299</ele></trkpt>
      <trkpt lat="46.66011" lon="11.16544"><ele>300</ele></trkpt>
      <trkpt lat="46.66039" lon="11.16538"><ele>301</ele></trkpt>
      <trkpt lat="46.66060" lon="11.16531"><ele>301</ele></trkpt>
      <trkpt lat="46.66080" lon="11.16518"><ele>302</ele></trkpt>
      <trkpt lat="46.66093" lon="11.16508"><ele>302</ele></trkpt>
      <trkpt lat="46.66134" lon="11.16474"><ele>304</ele></trkpt>
      <trkpt lat="46.66152" lon="11.16458"><ele>304</ele></trkpt>
      <trkpt lat="46.66170" lon="11.16437"><ele>304</ele></trkpt>
      <trkpt lat="46.66195" lon="11.16405"><ele>305</ele></trkpt>
      <trkpt lat="46.66205" lon="11.16397"><ele>305</ele></trkpt>
      <trkpt lat="46.66220" lon="11.16386"><ele>305</ele></trkpt>
      <trkpt lat="46.66228" lon="11.16375"><ele>305</ele></trkpt>
      <trkpt lat="46.66234" lon="11.16365"><ele>305</ele></trkpt>
      <trkpt lat="46.66263" lon="11.16303"><ele>305</ele></trkpt>
      <trkpt lat="46.66266" lon="11.16297"><ele>304</ele></trkpt>
      <trkpt lat="46.66272" lon="11.16290"><ele>304</ele></trkpt>
      <trkpt lat="46.66279" lon="11.16283"><ele>304</ele></trkpt>
      <trkpt lat="46.66350" lon="11.16208"><ele>306</ele></trkpt>
      <trkpt lat="46.66357" lon="11.16201"><ele>306</ele></trkpt>
      <trkpt lat="46.66372" lon="11.16187"><ele>306</ele></trkpt>
      <trkpt lat="46.66381" lon="11.16180"><ele>305</ele></trkpt>
      <trkpt lat="46.66399" lon="11.16170"><ele>305</ele></trkpt>
      <trkpt lat="46.66450" lon="11.16142"><ele>305</ele></trkpt>
      <trkpt lat="46.66471" lon="11.16129"><ele>305</ele></trkpt>
      <trkpt lat="46.66472" lon="11.16128"><ele>305</ele></trkpt>
      <trkpt lat="46.66477" lon="11.16126"><ele>305</ele></trkpt>
      <trkpt lat="46.66486" lon="11.16121"><ele>305</ele></trkpt>
      <trkpt lat="46.66488" lon="11.16119"><ele>305</ele></trkpt>
      <trkpt lat="46.66501" lon="11.16109"><ele>305</ele></trkpt>
      <trkpt lat="46.66525" lon="11.16093"><ele>304</ele></trkpt>
      <trkpt lat="46.66543" lon="11.16085"><ele>305</ele></trkpt>
      <trkpt lat="46.66555" lon="11.16084"><ele>305</ele></trkpt>
      <trkpt lat="46.66565" lon="11.16088"><ele>305</ele></trkpt>
      <trkpt lat="46.66604" lon="11.16109"><ele>306</ele></trkpt>
      <trkpt lat="46.66620" lon="11.16114"><ele>306</ele></trkpt>
      <trkpt lat="46.66632" lon="11.16116"><ele>306</ele></trkpt>
      <trkpt lat="46.66637" lon="11.16116"><ele>306</ele></trkpt>
      <trkpt lat="46.66643" lon="11.16117"><ele>306</ele></trkpt>
      <trkpt lat="46.66739" lon="11.16142"><ele>308</ele></trkpt>
      <trkpt lat="46.66742" lon="11.16143"><ele>308</ele></trkpt>
      <trkpt lat="46.66796" lon="11.16158"><ele>310</ele></trkpt>
      <trkpt lat="46.66852" lon="11.16173"><ele>311</ele></trkpt>
      <trkpt lat="46.66857" lon="11.16175"><ele>311</ele></trkpt>
      <trkpt lat="46.66863" lon="11.16189"><ele>311</ele></trkpt>
      <trkpt lat="46.66863" lon="11.16203"><ele>311</ele></trkpt>
      <trkpt lat="46.66870" lon="11.16206"><ele>312</ele></trkpt>
      <trkpt lat="46.66885" lon="11.16220"><ele>312</ele></trkpt>
      <trkpt lat="46.66870" lon="11.16206"><ele>312</ele></trkpt>
      <trkpt lat="46.66863" lon="11.16203"><ele>311</ele></trkpt>
      <trkpt lat="46.66863" lon="11.16189"><ele>311</ele></trkpt>
      <trkpt lat="46.66857" lon="11.16175"><ele>311</ele></trkpt>
      <trkpt lat="46.66852" lon="11.16173"><ele>311</ele></trkpt>
      <trkpt lat="46.66796" lon="11.16158"><ele>310</ele></trkpt>
      <trkpt lat="46.66742" lon="11.16143"><ele>308</ele></trkpt>
      <trkpt lat="46.66739" lon="11.16142"><ele>308</ele></trkpt>
      <trkpt lat="46.66643" lon="11.16117"><ele>306</ele></trkpt>
      <trkpt lat="46.66637" lon="11.16116"><ele>306</ele></trkpt>
      <trkpt lat="46.66632" lon="11.16116"><ele>306</ele></trkpt>
      <trkpt lat="46.66620" lon="11.16114"><ele>306</ele></trkpt>
      <trkpt lat="46.66604" lon="11.16109"><ele>306</ele></trkpt>
      <trkpt lat="46.66565" lon="11.16088"><ele>305</ele></trkpt>
      <trkpt lat="46.66555" lon="11.16084"><ele>305</ele></trkpt>
      <trkpt lat="46.66543" lon="11.16085"><ele>305</ele></trkpt>
      <trkpt lat="46.66525" lon="11.16093"><ele>304</ele></trkpt>
      <trkpt lat="46.66501" lon="11.16109"><ele>305</ele></trkpt>
      <trkpt lat="46.66488" lon="11.16119"><ele>305</ele></trkpt>
      <trkpt lat="46.66486" lon="11.16121"><ele>305</ele></trkpt>
      <trkpt lat="46.66477" lon="11.16126"><ele>305</ele></trkpt>
      <trkpt lat="46.66472" lon="11.16128"><ele>305</ele></trkpt>
      <trkpt lat="46.66471" lon="11.16129"><ele>305</ele></trkpt>
      <trkpt lat="46.66450" lon="11.16142"><ele>305</ele></trkpt>
      <trkpt lat="46.66399" lon="11.16170"><ele>305</ele></trkpt>
      <trkpt lat="46.66381" lon="11.16180"><ele>305</ele></trkpt>
      <trkpt lat="46.66372" lon="11.16187"><ele>306</ele></trkpt>
      <trkpt lat="46.66357" lon="11.16201"><ele>306</ele></trkpt>
      <trkpt lat="46.66350" lon="11.16208"><ele>306</ele></trkpt>
      <trkpt lat="46.66279" lon="11.16283"><ele>304</ele></trkpt>
      <trkpt lat="46.66272" lon="11.16290"><ele>304</ele></trkpt>
      <trkpt lat="46.66266" lon="11.16297"><ele>304</ele></trkpt>
      <trkpt lat="46.66263" lon="11.16303"><ele>305</ele></trkpt>
      <trkpt lat="46.66234" lon="11.16365"><ele>305</ele></trkpt>
      <trkpt lat="46.66228" lon="11.16375"><ele>305</ele></trkpt>
      <trkpt lat="46.66220" lon="11.16386"><ele>305</ele></trkpt>
      <trkpt lat="46.66205" lon="11.16397"><ele>305</ele></trkpt>
      <trkpt lat="46.66195" lon="11.16405"><ele>305</ele></trkpt>
      <trkpt lat="46.66170" lon="11.16437"><ele>304</ele></trkpt>
      <trkpt lat="46.66152" lon="11.16458"><ele>304</ele></trkpt>
      <trkpt lat="46.66134" lon="11.16474"><ele>304</ele></trkpt>
      <trkpt lat="46.66093" lon="11.16508"><ele>302</ele></trkpt>
      <trkpt lat="46.66080" lon="11.16518"><ele>302</ele></trkpt>
      <trkpt lat="46.66060" lon="11.16531"><ele>301</ele></trkpt>
      <trkpt lat="46.66039" lon="11.16538"><ele>301</ele></trkpt>
      <trkpt lat="46.66011" lon="11.16544"><ele>300</ele></trkpt>
      <trkpt lat="46.66001" lon="11.16546"><ele>299</ele></trkpt>
      <trkpt lat="46.65952" lon="11.16555"><ele>298</ele></trkpt>
      <trkpt lat="46.65945" lon="11.16556"><ele>298</ele></trkpt>
      <trkpt lat="46.65936" lon="11.16555"><ele>298</ele></trkpt>
      <trkpt lat="46.65933" lon="11.16561"><ele>298</ele></trkpt>
      <trkpt lat="46.65930" lon="11.16566"><ele>298</ele></trkpt>
      <trkpt lat="46.65822" lon="11.16647"><ele>296</ele></trkpt>
      <trkpt lat="46.65819" lon="11.16649"><ele>296</ele></trkpt>
      <trkpt lat="46.65817" lon="11.16651"><ele>296</ele></trkpt>
      <trkpt lat="46.65778" lon="11.16690"><ele>295</ele></trkpt>
      <trkpt lat="46.65757" lon="11.16717"><ele>294</ele></trkpt>
      <trkpt lat="46.65727" lon="11.16754"><ele>293</ele></trkpt>
      <trkpt lat="46.65696" lon="11.16784"><ele>293</ele></trkpt>
      <trkpt lat="46.65689" lon="11.16791"><ele>293</ele></trkpt>
      <trkpt lat="46.65667" lon="11.16818"><ele>292</ele></trkpt>
      <trkpt lat="46.65635" lon="11.16856"><ele>292</ele></trkpt>
      <trkpt lat="46.65629" lon="11.16865"><ele>292</ele></trkpt>
      <trkpt lat="46.65517" lon="11.17018"><ele>290</ele></trkpt>
      <trkpt lat="46.65510" lon="11.17015"><ele>290</ele></trkpt>
      <trkpt lat="46.65489" lon="11.17045"><ele>290</ele></trkpt>
      <trkpt lat="46.65485" lon="11.17051"><ele>290</ele></trkpt>
      <trkpt lat="46.65456" lon="11.17084"><ele>289</ele></trkpt>
      <trkpt lat="46.65439" lon="11.17105"><ele>290</ele></trkpt>
      <trkpt lat="46.65412" lon="11.17147"><ele>289</ele></trkpt>
      <trkpt lat="46.65395" lon="11.17180"><ele>288</ele></trkpt>
      <trkpt lat="46.65378" lon="11.17223"><ele>288</ele></trkpt>
      <trkpt lat="46.65376" lon="11.17229"><ele>288</ele></trkpt>
      <trkpt lat="46.65353" lon="11.17303"><ele>289</ele></trkpt>
      <trkpt lat="46.65323" lon="11.17405"><ele>290</ele></trkpt>
      <trkpt lat="46.65293" lon="11.17465"><ele>290</ele></trkpt>
      <trkpt lat="46.65280" lon="11.17485"><ele>290</ele></trkpt>
      <trkpt lat="46.65273" lon="11.17491"><ele>290</ele></trkpt>
      <trkpt lat="46.65269" lon="11.17494"><ele>289</ele></trkpt>
      <trkpt lat="46.65258" lon="11.17498"><ele>289</ele></trkpt>
      <trkpt lat="46.65217" lon="11.17501"><ele>288</ele></trkpt>
      <trkpt lat="46.65150" lon="11.17506"><ele>286</ele></trkpt>
      <trkpt lat="46.65120" lon="11.17511"><ele>286</ele></trkpt>
      <trkpt lat="46.65107" lon="11.17515"><ele>286</ele></trkpt>
      <trkpt lat="46.65100" lon="11.17517"><ele>286</ele></trkpt>
      <trkpt lat="46.65090" lon="11.17522"><ele>286</ele></trkpt>
      <trkpt lat="46.65082" lon="11.17528"><ele>287</ele></trkpt>
      <trkpt lat="46.65050" lon="11.17560"><ele>286</ele></trkpt>
      <trkpt lat="46.65046" lon="11.17564"><ele>286</ele></trkpt>
      <trkpt lat="46.65040" lon="11.17571"><ele>286</ele></trkpt>
      <trkpt lat="46.64995" lon="11.17620"><ele>286</ele></trkpt>
      <trkpt lat="46.64963" lon="11.17648"><ele>286</ele></trkpt>
      <trkpt lat="46.64944" lon="11.17662"><ele>286</ele></trkpt>
      <trkpt lat="46.64916" lon="11.17679"><ele>285</ele></trkpt>
      <trkpt lat="46.64900" lon="11.17687"><ele>286</ele></trkpt>
      <trkpt lat="46.64886" lon="11.17692"><ele>286</ele></trkpt>
      <trkpt lat="46.64869" lon="11.17698"><ele>286</ele></trkpt>
      <trkpt lat="46.64862" lon="11.17699"><ele>286</ele></trkpt>
      <trkpt lat="46.64850" lon="11.17696"><ele>286</ele></trkpt>
      <trkpt lat="46.64843" lon="11.17696"><ele>286</ele></trkpt>
      <trkpt lat="46.64837" lon="11.17698"><ele>286</ele></trkpt>
      <trkpt lat="46.64832" lon="11.17698"><ele>286</ele></trkpt>
      <trkpt lat="46.64827" lon="11.17695"><ele>286</ele></trkpt>
      <trkpt lat="46.64820" lon="11.17687"><ele>285</ele></trkpt>
      <trkpt lat="46.64793" lon="11.17659"><ele>284</ele></trkpt>
      <trkpt lat="46.64789" lon="11.17657"><ele>284</ele></trkpt>
      <trkpt lat="46.64786" lon="11.17656"><ele>284</ele></trkpt>
      <trkpt lat="46.64782" lon="11.17657"><ele>284</ele></trkpt>
      <trkpt lat="46.64777" lon="11.17663"><ele>284</ele></trkpt>
      <trkpt lat="46.64776" lon="11.17668"><ele>284</ele></trkpt>
      <trkpt lat="46.64775" lon="11.17672"><ele>284</ele></trkpt>
      <trkpt lat="46.64776" lon="11.17678"><ele>284</ele></trkpt>
      <trkpt lat="46.64766" lon="11.17670"><ele>284</ele></trkpt>
      <trkpt lat="46.64577" lon="11.17523"><ele>278</ele></trkpt>
      <trkpt lat="46.64552" lon="11.17507"><ele>278</ele></trkpt>
      <trkpt lat="46.64548" lon="11.17504"><ele>278</ele></trkpt>
      <trkpt lat="46.64542" lon="11.17504"><ele>278</ele></trkpt>
      <trkpt lat="46.64534" lon="11.17505"><ele>278</ele></trkpt>
      <trkpt lat="46.64528" lon="11.17504"><ele>278</ele></trkpt>
      <trkpt lat="46.64514" lon="11.17491"><ele>277</ele></trkpt>
      <trkpt lat="46.64497" lon="11.17472"><ele>277</ele></trkpt>
      <trkpt lat="46.64475" lon="11.17453"><ele>276</ele></trkpt>
      <trkpt lat="46.64305" lon="11.17327"><ele>276</ele></trkpt>
      <trkpt lat="46.64283" lon="11.17310"><ele>276</ele></trkpt>
      <trkpt lat="46.64264" lon="11.17298"><ele>276</ele></trkpt>
      <trkpt lat="46.64213" lon="11.17269"><ele>275</ele></trkpt>
      <trkpt lat="46.64191" lon="11.17259"><ele>274</ele></trkpt>
      <trkpt lat="46.64164" lon="11.17248"><ele>275</ele></trkpt>
      <trkpt lat="46.64135" lon="11.17238"><ele>274</ele></trkpt>
      <trkpt lat="46.64067" lon="11.17220"><ele>274</ele></trkpt>
      <trkpt lat="46.64039" lon="11.17215"><ele>274</ele></trkpt>
      <trkpt lat="46.64016" lon="11.17211"><ele>273</ele></trkpt>
      <trkpt lat="46.63996" lon="11.17210"><ele>273</ele></trkpt>
      <trkpt lat="46.63962" lon="11.17208"><ele>273</ele></trkpt>
      <trkpt lat="46.63854" lon="11.17211"><ele>272</ele></trkpt>
      <trkpt lat="46.63844" lon="11.17212"><ele>273</ele></trkpt>
      <trkpt lat="46.63838" lon="11.17211"><ele>273</ele></trkpt>
      <trkpt lat="46.63829" lon="11.17205"><ele>273</ele></trkpt>
      <trkpt lat="46.63822" lon="11.17204"><ele>273</ele></trkpt>
      <trkpt lat="46.63786" lon="11.17204"><ele>273</ele></trkpt>
      <trkpt lat="46.63774" lon="11.17205"><ele>273</ele></trkpt>
      <trkpt lat="46.63752" lon="11.17211"><ele>274</ele></trkpt>
      <trkpt lat="46.63697" lon="11.17233"><ele>272</ele></trkpt>
      <trkpt lat="46.63673" lon="11.17246"><ele>274</ele></trkpt>
      <trkpt lat="46.63663" lon="11.17251"><ele>274</ele></trkpt>
      <trkpt lat="46.63577" lon="11.17300"><ele>273</ele></trkpt>
      <trkpt lat="46.63555" lon="11.17317"><ele>272</ele></trkpt>
      <trkpt lat="46.63547" lon="11.17320"><ele>272</ele></trkpt>
      <trkpt lat="46.63541" lon="11.17322"><ele>273</ele></trkpt>
      <trkpt lat="46.63530" lon="11.17320"><ele>273</ele></trkpt>
      <trkpt lat="46.63521" lon="11.17314"><ele>273</ele></trkpt>
      <trkpt lat="46.63513" lon="11.17306"><ele>273</ele></trkpt>
      <trkpt lat="46.63507" lon="11.17296"><ele>273</ele></trkpt>
      <trkpt lat="46.63503" lon="11.17293"><ele>273</ele></trkpt>
      <trkpt lat="46.63501" lon="11.17293"><ele>273</ele></trkpt>
      <trkpt lat="46.63495" lon="11.17295"><ele>273</ele></trkpt>
      <trkpt lat="46.63450" lon="11.17324"><ele>274</ele></trkpt>
      <trkpt lat="46.63416" lon="11.17353"><ele>274</ele></trkpt>
      <trkpt lat="46.63393" lon="11.17375"><ele>273</ele></trkpt>
      <trkpt lat="46.63379" lon="11.17389"><ele>272</ele></trkpt>
      <trkpt lat="46.63354" lon="11.17421"><ele>272</ele></trkpt>
      <trkpt lat="46.63343" lon="11.17434"><ele>272</ele></trkpt>
      <trkpt lat="46.63324" lon="11.17460"><ele>274</ele></trkpt>
      <trkpt lat="46.63252" lon="11.17570"><ele>272</ele></trkpt>
      <trkpt lat="46.63232" lon="11.17600"><ele>272</ele></trkpt>
      <trkpt lat="46.63225" lon="11.17616"><ele>273</ele></trkpt>
      <trkpt lat="46.63184" lon="11.17679"><ele>272</ele></trkpt>
      <trkpt lat="46.63172" lon="11.17695"><ele>272</ele></trkpt>
      <trkpt lat="46.63183" lon="11.17730"><ele>271</ele></trkpt>
      <trkpt lat="46.63222" lon="11.17853"><ele>272</ele></trkpt>
      <trkpt lat="46.63223" lon="11.17860"><ele>272</ele></trkpt>
      <trkpt lat="46.63222" lon="11.17866"><ele>272</ele></trkpt>
      <trkpt lat="46.63220" lon="11.17870"><ele>272</ele></trkpt>
      <trkpt lat="46.63213" lon="11.17875"><ele>272</ele></trkpt>
      <trkpt lat="46.63198" lon="11.17881"><ele>271</ele></trkpt>
      <trkpt lat="46.63191" lon="11.17883"><ele>271</ele></trkpt>
      <trkpt lat="46.63182" lon="11.17884"><ele>271</ele></trkpt>
      <trkpt lat="46.63174" lon="11.17883"><ele>271</ele></trkpt>
      <trkpt lat="46.63145" lon="11.17874"><ele>272</ele></trkpt>
      <trkpt lat="46.63131" lon="11.17869"><ele>273</ele></trkpt>
      <trkpt lat="46.63101" lon="11.17854"><ele>274</ele></trkpt>
      <trkpt lat="46.63072" lon="11.17839"><ele>274</ele></trkpt>
      <trkpt lat="46.63057" lon="11.17830"><ele>274</ele></trkpt>
      <trkpt lat="46.63046" lon="11.17821"><ele>275</ele></trkpt>
      <trkpt lat="46.63023" lon="11.17797"><ele>276</ele></trkpt>
      <trkpt lat="46.63016" lon="11.17788"><ele>276</ele></trkpt>
      <trkpt lat="46.63009" lon="11.17777"><ele>276</ele></trkpt>
      <trkpt lat="46.63007" lon="11.17771"><ele>276</ele></trkpt>
      <trkpt lat="46.63007" lon="11.17766"><ele>276</ele></trkpt>
      <trkpt lat="46.63008" lon="11.17761"><ele>276</ele></trkpt>
      <trkpt lat="46.63010" lon="11.17757"><ele>276</ele></trkpt>
      <trkpt lat="46.63013" lon="11.17753"><ele>275</ele></trkpt>
      <trkpt lat="46.63010" lon="11.17748"><ele>276</ele></trkpt>
      <trkpt lat="46.63008" lon="11.17744"><ele>276</ele></trkpt>
      <trkpt lat="46.63003" lon="11.17749"><ele>276</ele></trkpt>
      <trkpt lat="46.63001" lon="11.17749"><ele>277</ele></trkpt>
      <trkpt lat="46.62996" lon="11.17746"><ele>276</ele></trkpt>
      <trkpt lat="46.62987" lon="11.17746"><ele>275</ele></trkpt>
      <trkpt lat="46.62984" lon="11.17744"><ele>274</ele></trkpt>
      <trkpt lat="46.62980" lon="11.17739"><ele>274</ele></trkpt>
      <trkpt lat="46.62967" lon="11.17712"><ele>273</ele></trkpt>
      <trkpt lat="46.62966" lon="11.17706"><ele>273</ele></trkpt>
      <trkpt lat="46.62966" lon="11.17703"><ele>273</ele></trkpt>
      <trkpt lat="46.62967" lon="11.17695"><ele>274</ele></trkpt>
      <trkpt lat="46.62969" lon="11.17688"><ele>274</ele></trkpt>
      <trkpt lat="46.62971" lon="11.17678"><ele>275</ele></trkpt>
      <trkpt lat="46.62972" lon="11.17676"><ele>275</ele></trkpt>
      <trkpt lat="46.62976" lon="11.17673"><ele>275</ele></trkpt>
      <trkpt lat="46.62973" lon="11.17666"><ele>276</ele></trkpt>
      <trkpt lat="46.62972" lon="11.17660"><ele>277</ele></trkpt>
      <trkpt lat="46.62968" lon="11.17659"><ele>277</ele></trkpt>
      <trkpt lat="46.62963" lon="11.17657"><ele>277</ele></trkpt>
      <trkpt lat="46.62956" lon="11.17651"><ele>277</ele></trkpt>
      <trkpt lat="46.62951" lon="11.17649"><ele>277</ele></trkpt>
      <trkpt lat="46.62949" lon="11.17646"><ele>276</ele></trkpt>
      <trkpt lat="46.62947" lon="11.17642"><ele>276</ele></trkpt>
      <trkpt lat="46.62943" lon="11.17616"><ele>277</ele></trkpt>
      <trkpt lat="46.62940" lon="11.17585"><ele>276</ele></trkpt>
      <trkpt lat="46.62934" lon="11.17552"><ele>276</ele></trkpt>
      <trkpt lat="46.62929" lon="11.17522"><ele>276</ele></trkpt>
      <trkpt lat="46.62913" lon="11.17476"><ele>274</ele></trkpt>
      <trkpt lat="46.62893" lon="11.17423"><ele>272</ele></trkpt>
      <trkpt lat="46.62868" lon="11.17313"><ele>273</ele></trkpt>
      <trkpt lat="46.62864" lon="11.17313"><ele>271</ele></trkpt>
      <trkpt lat="46.62858" lon="11.17315"><ele>269</ele></trkpt>
      <trkpt lat="46.62849" lon="11.17238"><ele>269</ele></trkpt>
      <trkpt lat="46.62846" lon="11.17199"><ele>269</ele></trkpt>
      <trkpt lat="46.62841" lon="11.16901"><ele>270</ele></trkpt>
      <trkpt lat="46.62831" lon="11.16713"><ele>274</ele></trkpt>
      <trkpt lat="46.62824" lon="11.16671"><ele>273</ele></trkpt>
      <trkpt lat="46.62815" lon="11.16652"><ele>272</ele></trkpt>
      <trkpt lat="46.62817" lon="11.16628"><ele>272</ele></trkpt>
      <trkpt lat="46.62819" lon="11.16623"><ele>273</ele></trkpt>
      <trkpt lat="46.62801" lon="11.16504"><ele>277</ele></trkpt>
      <trkpt lat="46.62799" lon="11.16493"><ele>277</ele></trkpt>
      <trkpt lat="46.62794" lon="11.16453"><ele>276</ele></trkpt>
      <trkpt lat="46.62755" lon="11.16259"><ele>280</ele></trkpt>
      <trkpt lat="46.62721" lon="11.16119"><ele>283</ele></trkpt>
      <trkpt lat="46.62688" lon="11.15991"><ele>285</ele></trkpt>
      <trkpt lat="46.62660" lon="11.15900"><ele>286</ele></trkpt>
      <trkpt lat="46.62626" lon="11.15798"><ele>285</ele></trkpt>
      <trkpt lat="46.62584" lon="11.15692"><ele>288</ele></trkpt>
      <trkpt lat="46.62577" lon="11.15682"><ele>288</ele></trkpt>
      <trkpt lat="46.62552" lon="11.15702"><ele>286</ele></trkpt>
      <trkpt lat="46.62507" lon="11.15590"><ele>290</ele></trkpt>
      <trkpt lat="46.62503" lon="11.15592"><ele>290</ele></trkpt>
      <trkpt lat="46.62490" lon="11.15565"><ele>289</ele></trkpt>
      <trkpt lat="46.62438" lon="11.15439"><ele>292</ele></trkpt>
      <trkpt lat="46.62342" lon="11.15228"><ele>294</ele></trkpt>
      <trkpt lat="46.62288" lon="11.15110"><ele>296</ele></trkpt>
      <trkpt lat="46.62241" lon="11.15008"><ele>297</ele></trkpt>
      <trkpt lat="46.62199" lon="11.14927"><ele>300</ele></trkpt>
      <trkpt lat="46.62176" lon="11.14873"><ele>300</ele></trkpt>
      <trkpt lat="46.62169" lon="11.14860"><ele>302</ele></trkpt>
      <trkpt lat="46.62146" lon="11.14814"><ele>302</ele></trkpt>
      <trkpt lat="46.62116" lon="11.14759"><ele>304</ele></trkpt>
      <trkpt lat="46.62101" lon="11.14731"><ele>303</ele></trkpt>
      <trkpt lat="46.62092" lon="11.14715"><ele>303</ele></trkpt>
      <trkpt lat="46.62064" lon="11.14664"><ele>304</ele></trkpt>
      <trkpt lat="46.62035" lon="11.14613"><ele>306</ele></trkpt>
      <trkpt lat="46.62028" lon="11.14602"><ele>306</ele></trkpt>
      <trkpt lat="46.62019" lon="11.14594"><ele>306</ele></trkpt>
      <trkpt lat="46.62011" lon="11.14590"><ele>306</ele></trkpt>
      <trkpt lat="46.61973" lon="11.14590"><ele>307</ele></trkpt>
      <trkpt lat="46.61955" lon="11.14585"><ele>308</ele></trkpt>
      <trkpt lat="46.61909" lon="11.14559"><ele>309</ele></trkpt>
      <trkpt lat="46.61897" lon="11.14550"><ele>309</ele></trkpt>
      <trkpt lat="46.61872" lon="11.14508"><ele>310</ele></trkpt>
      <trkpt lat="46.61856" lon="11.14494"><ele>311</ele></trkpt>
      <trkpt lat="46.61848" lon="11.14490"><ele>311</ele></trkpt>
      <trkpt lat="46.61838" lon="11.14490"><ele>311</ele></trkpt>
      <trkpt lat="46.61819" lon="11.14495"><ele>311</ele></trkpt>
      <trkpt lat="46.61814" lon="11.14496"><ele>311</ele></trkpt>
      <trkpt lat="46.61807" lon="11.14501"><ele>311</ele></trkpt>
      <trkpt lat="46.61802" lon="11.14501"><ele>311</ele></trkpt>
      <trkpt lat="46.61765" lon="11.14500"><ele>311</ele></trkpt>
      <trkpt lat="46.61760" lon="11.14500"><ele>311</ele></trkpt>
      <trkpt lat="46.61748" lon="11.14498"><ele>311</ele></trkpt>
      <trkpt lat="46.61744" lon="11.14497"><ele>311</ele></trkpt>
      <trkpt lat="46.61736" lon="11.14494"><ele>310</ele></trkpt>
      <trkpt lat="46.61724" lon="11.14480"><ele>310</ele></trkpt>
      <trkpt lat="46.61721" lon="11.14477"><ele>311</ele></trkpt>
      <trkpt lat="46.61714" lon="11.14474"><ele>311</ele></trkpt>
      <trkpt lat="46.61692" lon="11.14469"><ele>311</ele></trkpt>
      <trkpt lat="46.61677" lon="11.14467"><ele>312</ele></trkpt>
      <trkpt lat="46.61660" lon="11.14466"><ele>313</ele></trkpt>
      <trkpt lat="46.61657" lon="11.14466"><ele>313</ele></trkpt>
      <trkpt lat="46.61653" lon="11.14465"><ele>313</ele></trkpt>
      <trkpt lat="46.61620" lon="11.14469"><ele>313</ele></trkpt>
      <trkpt lat="46.61614" lon="11.14470"><ele>313</ele></trkpt>
      <trkpt lat="46.61616" lon="11.14495"><ele>312</ele></trkpt>
      <trkpt lat="46.61603" lon="11.14498"><ele>312</ele></trkpt>
      <trkpt lat="46.61593" lon="11.14500"><ele>312</ele></trkpt>
      <trkpt lat="46.61590" lon="11.14475"><ele>313</ele></trkpt>
      <trkpt lat="46.61541" lon="11.14481"><ele>313</ele></trkpt>
      <trkpt lat="46.61547" lon="11.14546"><ele>311</ele></trkpt>
      <trkpt lat="46.61553" lon="11.14588"><ele>310</ele></trkpt>
      <trkpt lat="46.61555" lon="11.14603"><ele>309</ele></trkpt>
      <trkpt lat="46.61559" lon="11.14627"><ele>308</ele></trkpt>
      <trkpt lat="46.61568" lon="11.14670"><ele>308</ele></trkpt>
      <trkpt lat="46.61581" lon="11.14729"><ele>306</ele></trkpt>
      <trkpt lat="46.61583" lon="11.14735"><ele>306</ele></trkpt>
      <trkpt lat="46.61584" lon="11.14747"><ele>306</ele></trkpt>
      <trkpt lat="46.61584" lon="11.14763"><ele>306</ele></trkpt>
      <trkpt lat="46.61582" lon="11.14793"><ele>305</ele></trkpt>
      <trkpt lat="46.61581" lon="11.14801"><ele>305</ele></trkpt>
      <trkpt lat="46.61579" lon="11.14836"><ele>304</ele></trkpt>
      <trkpt lat="46.61580" lon="11.14851"><ele>304</ele></trkpt>
      <trkpt lat="46.61580" lon="11.14860"><ele>304</ele></trkpt>
      <trkpt lat="46.61583" lon="11.14895"><ele>303</ele></trkpt>
      <trkpt lat="46.61585" lon="11.14928"><ele>302</ele></trkpt>
      <trkpt lat="46.61585" lon="11.14938"><ele>302</ele></trkpt>
      <trkpt lat="46.61584" lon="11.14949"><ele>302</ele></trkpt>
      <trkpt lat="46.61581" lon="11.14961"><ele>302</ele></trkpt>
      <trkpt lat="46.61578" lon="11.14973"><ele>302</ele></trkpt>
      <trkpt lat="46.61573" lon="11.14983"><ele>301</ele></trkpt>
      <trkpt lat="46.61568" lon="11.14992"><ele>301</ele></trkpt>
      <trkpt lat="46.61561" lon="11.15001"><ele>301</ele></trkpt>
      <trkpt lat="46.61538" lon="11.15024"><ele>300</ele></trkpt>
      <trkpt lat="46.61534" lon="11.15029"><ele>300</ele></trkpt>
      <trkpt lat="46.61530" lon="11.15034"><ele>300</ele></trkpt>
      <trkpt lat="46.61527" lon="11.15039"><ele>300</ele></trkpt>
      <trkpt lat="46.61524" lon="11.15047"><ele>299</ele></trkpt>
      <trkpt lat="46.61520" lon="11.15057"><ele>299</ele></trkpt>
      <trkpt lat="46.61517" lon="11.15066"><ele>298</ele></trkpt>
      <trkpt lat="46.61514" lon="11.15087"><ele>298</ele></trkpt>
      <trkpt lat="46.61514" lon="11.15096"><ele>298</ele></trkpt>
      <trkpt lat="46.61516" lon="11.15120"><ele>298</ele></trkpt>
      <trkpt lat="46.61517" lon="11.15131"><ele>298</ele></trkpt>
      <trkpt lat="46.61516" lon="11.15137"><ele>298</ele></trkpt>
      <trkpt lat="46.61514" lon="11.15149"><ele>297</ele></trkpt>
      <trkpt lat="46.61493" lon="11.15216"><ele>296</ele></trkpt>
      <trkpt lat="46.61490" lon="11.15226"><ele>296</ele></trkpt>
      <trkpt lat="46.61483" lon="11.15246"><ele>295</ele></trkpt>
      <trkpt lat="46.61458" lon="11.15302"><ele>294</ele></trkpt>
      <trkpt lat="46.61436" lon="11.15349"><ele>292</ele></trkpt>
      <trkpt lat="46.61432" lon="11.15361"><ele>292</ele></trkpt>
      <trkpt lat="46.61425" lon="11.15374"><ele>292</ele></trkpt>
      <trkpt lat="46.61412" lon="11.15396"><ele>292</ele></trkpt>
      <trkpt lat="46.61389" lon="11.15424"><ele>290</ele></trkpt>
      <trkpt lat="46.61359" lon="11.15508"><ele>288</ele></trkpt>
      <trkpt lat="46.61327" lon="11.15593"><ele>287</ele></trkpt>
      <trkpt lat="46.61323" lon="11.15603"><ele>287</ele></trkpt>
      <trkpt lat="46.61316" lon="11.15619"><ele>287</ele></trkpt>
      <trkpt lat="46.61310" lon="11.15629"><ele>286</ele></trkpt>
      <trkpt lat="46.61305" lon="11.15637"><ele>286</ele></trkpt>
      <trkpt lat="46.61308" lon="11.15654"><ele>286</ele></trkpt>
      <trkpt lat="46.61311" lon="11.15667"><ele>286</ele></trkpt>
      <trkpt lat="46.61327" lon="11.15716"><ele>285</ele></trkpt>
      <trkpt lat="46.61333" lon="11.15735"><ele>285</ele></trkpt>
      <trkpt lat="46.61339" lon="11.15751"><ele>285</ele></trkpt>
      <trkpt lat="46.61345" lon="11.15778"><ele>285</ele></trkpt>
      <trkpt lat="46.61350" lon="11.15809"><ele>285</ele></trkpt>
      <trkpt lat="46.61351" lon="11.15820"><ele>284</ele></trkpt>
      <trkpt lat="46.61352" lon="11.15834"><ele>284</ele></trkpt>
      <trkpt lat="46.61351" lon="11.15874"><ele>284</ele></trkpt>
      <trkpt lat="46.61346" lon="11.15942"><ele>282</ele></trkpt>
      <trkpt lat="46.61342" lon="11.15958"><ele>282</ele></trkpt>
      <trkpt lat="46.61336" lon="11.15971"><ele>282</ele></trkpt>
      <trkpt lat="46.61319" lon="11.15997"><ele>282</ele></trkpt>
      <trkpt lat="46.61292" lon="11.16038"><ele>280</ele></trkpt>
      <trkpt lat="46.61288" lon="11.16043"><ele>280</ele></trkpt>
      <trkpt lat="46.61276" lon="11.16063"><ele>280</ele></trkpt>
      <trkpt lat="46.61266" lon="11.16085"><ele>279</ele></trkpt>
      <trkpt lat="46.61253" lon="11.16124"><ele>279</ele></trkpt>
      <trkpt lat="46.61235" lon="11.16178"><ele>278</ele></trkpt>
      <trkpt lat="46.61231" lon="11.16186"><ele>278</ele></trkpt>
      <trkpt lat="46.61223" lon="11.16203"><ele>278</ele></trkpt>
      <trkpt lat="46.61211" lon="11.16224"><ele>278</ele></trkpt>
      <trkpt lat="46.61202" lon="11.16237"><ele>277</ele></trkpt>
      <trkpt lat="46.61187" lon="11.16262"><ele>277</ele></trkpt>
      <trkpt lat="46.61161" lon="11.16303"><ele>276</ele></trkpt>
      <trkpt lat="46.61153" lon="11.16316"><ele>276</ele></trkpt>
      <trkpt lat="46.61143" lon="11.16336"><ele>276</ele></trkpt>
      <trkpt lat="46.61128" lon="11.16371"><ele>276</ele></trkpt>
      <trkpt lat="46.61101" lon="11.16435"><ele>275</ele></trkpt>
      <trkpt lat="46.61092" lon="11.16457"><ele>274</ele></trkpt>
      <trkpt lat="46.61081" lon="11.16485"><ele>274</ele></trkpt>
      <trkpt lat="46.61075" lon="11.16506"><ele>273</ele></trkpt>
      <trkpt lat="46.61074" lon="11.16511"><ele>273</ele></trkpt>
      <trkpt lat="46.61071" lon="11.16526"><ele>273</ele></trkpt>
      <trkpt lat="46.61069" lon="11.16534"><ele>273</ele></trkpt>
      <trkpt lat="46.61064" lon="11.16568"><ele>273</ele></trkpt>
      <trkpt lat="46.61062" lon="11.16583"><ele>272</ele></trkpt>
      <trkpt lat="46.61058" lon="11.16607"><ele>272</ele></trkpt>
      <trkpt lat="46.61054" lon="11.16620"><ele>272</ele></trkpt>
      <trkpt lat="46.61047" lon="11.16636"><ele>272</ele></trkpt>
      <trkpt lat="46.61029" lon="11.16669"><ele>271</ele></trkpt>
      <trkpt lat="46.61026" lon="11.16676"><ele>271</ele></trkpt>
      <trkpt lat="46.61014" lon="11.16699"><ele>271</ele></trkpt>
      <trkpt lat="46.61008" lon="11.16710"><ele>270</ele></trkpt>
      <trkpt lat="46.60981" lon="11.16760"><ele>270</ele></trkpt>
      <trkpt lat="46.60976" lon="11.16770"><ele>270</ele></trkpt>
      <trkpt lat="46.60942" lon="11.16835"><ele>269</ele></trkpt>
      <trkpt lat="46.60934" lon="11.16850"><ele>269</ele></trkpt>
      <trkpt lat="46.60925" lon="11.16868"><ele>269</ele></trkpt>
      <trkpt lat="46.60887" lon="11.16939"><ele>268</ele></trkpt>
      <trkpt lat="46.60872" lon="11.16969"><ele>267</ele></trkpt>
      <trkpt lat="46.60862" lon="11.16995"><ele>267</ele></trkpt>
      <trkpt lat="46.60858" lon="11.17012"><ele>267</ele></trkpt>
      <trkpt lat="46.60855" lon="11.17031"><ele>267</ele></trkpt>
      <trkpt lat="46.60845" lon="11.17105"><ele>266</ele></trkpt>
      <trkpt lat="46.60837" lon="11.17170"><ele>266</ele></trkpt>
      <trkpt lat="46.60835" lon="11.17170"><ele>266</ele></trkpt>
      <trkpt lat="46.60831" lon="11.17172"><ele>266</ele></trkpt>
      <trkpt lat="46.60828" lon="11.17177"><ele>266</ele></trkpt>
      <trkpt lat="46.60827" lon="11.17183"><ele>266</ele></trkpt>
      <trkpt lat="46.60829" lon="11.17188"><ele>266</ele></trkpt>
      <trkpt lat="46.60830" lon="11.17191"><ele>266</ele></trkpt>
      <trkpt lat="46.60831" lon="11.17192"><ele>266</ele></trkpt>
      <trkpt lat="46.60835" lon="11.17194"><ele>266</ele></trkpt>
      <trkpt lat="46.60832" lon="11.17222"><ele>266</ele></trkpt>
      <trkpt lat="46.60831" lon="11.17242"><ele>266</ele></trkpt>
      <trkpt lat="46.60832" lon="11.17271"><ele>266</ele></trkpt>
      <trkpt lat="46.60847" lon="11.17350"><ele>266</ele></trkpt>
      <trkpt lat="46.60869" lon="11.17481"><ele>266</ele></trkpt>
      <trkpt lat="46.60885" lon="11.17572"><ele>265</ele></trkpt>
      <trkpt lat="46.60898" lon="11.17649"><ele>264</ele></trkpt>
      <trkpt lat="46.60910" lon="11.17728"><ele>265</ele></trkpt>
      <trkpt lat="46.60921" lon="11.17781"><ele>266</ele></trkpt>
      <trkpt lat="46.60923" lon="11.17791"><ele>266</ele></trkpt>
      <trkpt lat="46.60926" lon="11.17801"><ele>265</ele></trkpt>
      <trkpt lat="46.60935" lon="11.17829"><ele>265</ele></trkpt>
      <trkpt lat="46.60940" lon="11.17848"><ele>266</ele></trkpt>
      <trkpt lat="46.60944" lon="11.17869"><ele>267</ele></trkpt>
      <trkpt lat="46.60950" lon="11.17915"><ele>266</ele></trkpt>
      <trkpt lat="46.60952" lon="11.17929"><ele>267</ele></trkpt>
      <trkpt lat="46.60954" lon="11.17947"><ele>269</ele></trkpt>
      <trkpt lat="46.60956" lon="11.17956"><ele>268</ele></trkpt>
      <trkpt lat="46.60961" lon="11.17999"><ele>265</ele></trkpt>
      <trkpt lat="46.60962" lon="11.18008"><ele>265</ele></trkpt>
      <trkpt lat="46.60963" lon="11.18015"><ele>265</ele></trkpt>
      <trkpt lat="46.60967" lon="11.18059"><ele>266</ele></trkpt>
      <trkpt lat="46.60970" lon="11.18116"><ele>266</ele></trkpt>
      <trkpt lat="46.60971" lon="11.18167"><ele>267</ele></trkpt>
      <trkpt lat="46.60971" lon="11.18237"><ele>268</ele></trkpt>
      <trkpt lat="46.60970" lon="11.18258"><ele>268</ele></trkpt>
      <trkpt lat="46.60967" lon="11.18304"><ele>266</ele></trkpt>
      <trkpt lat="46.60961" lon="11.18374"><ele>263</ele></trkpt>
      <trkpt lat="46.60956" lon="11.18373"><ele>263</ele></trkpt>
      <trkpt lat="46.60953" lon="11.18370"><ele>263</ele></trkpt>
      <trkpt lat="46.60951" lon="11.18366"><ele>263</ele></trkpt>
      <trkpt lat="46.60952" lon="11.18258"><ele>264</ele></trkpt>
      <trkpt lat="46.60951" lon="11.18232"><ele>264</ele></trkpt>
      <trkpt lat="46.60948" lon="11.18174"><ele>264</ele></trkpt>
      <trkpt lat="46.60948" lon="11.18160"><ele>264</ele></trkpt>
      <trkpt lat="46.60950" lon="11.18156"><ele>264</ele></trkpt>
      <trkpt lat="46.60955" lon="11.18153"><ele>264</ele></trkpt>
      <trkpt lat="46.60979" lon="11.18148"><ele>264</ele></trkpt>
      <trkpt lat="46.61042" lon="11.18137"><ele>264</ele></trkpt>
      <trkpt lat="46.61042" lon="11.18120"><ele>266</ele></trkpt>
      <trkpt lat="46.61042" lon="11.18111"><ele>266</ele></trkpt>
      <trkpt lat="46.60993" lon="11.18121"><ele>264</ele></trkpt>
      <trkpt lat="46.60948" lon="11.18131"><ele>264</ele></trkpt>
      <trkpt lat="46.60931" lon="11.18139"><ele>264</ele></trkpt>
      <trkpt lat="46.60919" lon="11.18146"><ele>263</ele></trkpt>
      <trkpt lat="46.60861" lon="11.18183"><ele>263</ele></trkpt>
      <trkpt lat="46.60820" lon="11.18210"><ele>263</ele></trkpt>
      <trkpt lat="46.60671" lon="11.18307"><ele>262</ele></trkpt>
      <trkpt lat="46.60606" lon="11.18351"><ele>262</ele></trkpt>
      <trkpt lat="46.60477" lon="11.18433"><ele>262</ele></trkpt>
      <trkpt lat="46.60450" lon="11.18447"><ele>262</ele></trkpt>
      <trkpt lat="46.60426" lon="11.18458"><ele>262</ele></trkpt>
      <trkpt lat="46.60222" lon="11.18526"><ele>262</ele></trkpt>
      <trkpt lat="46.60177" lon="11.18543"><ele>261</ele></trkpt>
      <trkpt lat="46.60136" lon="11.18556"><ele>262</ele></trkpt>
      <trkpt lat="46.60002" lon="11.18600"><ele>260</ele></trkpt>
      <trkpt lat="46.59945" lon="11.18621"><ele>260</ele></trkpt>
      <trkpt lat="46.59764" lon="11.18684"><ele>260</ele></trkpt>
      <trkpt lat="46.59736" lon="11.18694"><ele>261</ele></trkpt>
      <trkpt lat="46.59702" lon="11.18703"><ele>260</ele></trkpt>
      <trkpt lat="46.59647" lon="11.18717"><ele>261</ele></trkpt>
      <trkpt lat="46.59579" lon="11.18728"><ele>259</ele></trkpt>
      <trkpt lat="46.59505" lon="11.18738"><ele>260</ele></trkpt>
      <trkpt lat="46.59437" lon="11.18746"><ele>260</ele></trkpt>
      <trkpt lat="46.59365" lon="11.18752"><ele>260</ele></trkpt>
      <trkpt lat="46.59296" lon="11.18754"><ele>259</ele></trkpt>
      <trkpt lat="46.59242" lon="11.18754"><ele>260</ele></trkpt>
      <trkpt lat="46.59200" lon="11.18756"><ele>259</ele></trkpt>
      <trkpt lat="46.59110" lon="11.18768"><ele>260</ele></trkpt>
      <trkpt lat="46.58948" lon="11.18794"><ele>258</ele></trkpt>
      <trkpt lat="46.58851" lon="11.18814"><ele>258</ele></trkpt>
      <trkpt lat="46.58813" lon="11.18823"><ele>258</ele></trkpt>
      <trkpt lat="46.58759" lon="11.18839"><ele>257</ele></trkpt>
      <trkpt lat="46.58701" lon="11.18858"><ele>258</ele></trkpt>
      <trkpt lat="46.58624" lon="11.18886"><ele>257</ele></trkpt>
      <trkpt lat="46.58613" lon="11.18890"><ele>256</ele></trkpt>
      <trkpt lat="46.58585" lon="11.18901"><ele>257</ele></trkpt>
      <trkpt lat="46.58561" lon="11.18912"><ele>258</ele></trkpt>
      <trkpt lat="46.58372" lon="11.19001"><ele>257</ele></trkpt>
      <trkpt lat="46.58344" lon="11.19014"><ele>256</ele></trkpt>
      <trkpt lat="46.58299" lon="11.19037"><ele>257</ele></trkpt>
      <trkpt lat="46.58255" lon="11.19064"><ele>256</ele></trkpt>
      <trkpt lat="46.58214" lon="11.19092"><ele>256</ele></trkpt>
      <trkpt lat="46.58182" lon="11.19114"><ele>256</ele></trkpt>
      <trkpt lat="46.58155" lon="11.19136"><ele>256</ele></trkpt>
      <trkpt lat="46.58127" lon="11.19160"><ele>256</ele></trkpt>
      <trkpt lat="46.58078" lon="11.19207"><ele>256</ele></trkpt>
      <trkpt lat="46.58052" lon="11.19235"><ele>256</ele></trkpt>
      <trkpt lat="46.58004" lon="11.19288"><ele>256</ele></trkpt>
      <trkpt lat="46.57718" lon="11.19610"><ele>256</ele></trkpt>
      <trkpt lat="46.57688" lon="11.19642"><ele>256</ele></trkpt>
      <trkpt lat="46.57674" lon="11.19659"><ele>256</ele></trkpt>
      <trkpt lat="46.57479" lon="11.19879"><ele>255</ele></trkpt>
      <trkpt lat="46.57466" lon="11.19893"><ele>255</ele></trkpt>
      <trkpt lat="46.57457" lon="11.19898"><ele>255</ele></trkpt>
      <trkpt lat="46.57429" lon="11.19929"><ele>254</ele></trkpt>
      <trkpt lat="46.57425" lon="11.19936"><ele>254</ele></trkpt>
      <trkpt lat="46.57420" lon="11.19944"><ele>255</ele></trkpt>
      <trkpt lat="46.57377" lon="11.19993"><ele>254</ele></trkpt>
      <trkpt lat="46.57353" lon="11.20022"><ele>254</ele></trkpt>
      <trkpt lat="46.57320" lon="11.20068"><ele>254</ele></trkpt>
      <trkpt lat="46.57301" lon="11.20095"><ele>254</ele></trkpt>
      <trkpt lat="46.57276" lon="11.20134"><ele>255</ele></trkpt>
      <trkpt lat="46.57262" lon="11.20157"><ele>254</ele></trkpt>
      <trkpt lat="46.57236" lon="11.20203"><ele>254</ele></trkpt>
      <trkpt lat="46.57203" lon="11.20268"><ele>254</ele></trkpt>
      <trkpt lat="46.57027" lon="11.20665"><ele>255</ele></trkpt>
      <trkpt lat="46.56864" lon="11.21028"><ele>254</ele></trkpt>
      <trkpt lat="46.56844" lon="11.21069"><ele>252</ele></trkpt>
      <trkpt lat="46.56817" lon="11.21117"><ele>252</ele></trkpt>
      <trkpt lat="46.56791" lon="11.21160"><ele>252</ele></trkpt>
      <trkpt lat="46.56773" lon="11.21188"><ele>253</ele></trkpt>
      <trkpt lat="46.56754" lon="11.21215"><ele>254</ele></trkpt>
      <trkpt lat="46.56694" lon="11.21289"><ele>252</ele></trkpt>
      <trkpt lat="46.56501" lon="11.21497"><ele>253</ele></trkpt>
      <trkpt lat="46.56329" lon="11.21685"><ele>252</ele></trkpt>
      <trkpt lat="46.56254" lon="11.21765"><ele>252</ele></trkpt>
      <trkpt lat="46.56237" lon="11.21782"><ele>252</ele></trkpt>
      <trkpt lat="46.56225" lon="11.21792"><ele>252</ele></trkpt>
      <trkpt lat="46.56209" lon="11.21805"><ele>252</ele></trkpt>
      <trkpt lat="46.56185" lon="11.21822"><ele>251</ele></trkpt>
      <trkpt lat="46.56166" lon="11.21834"><ele>252</ele></trkpt>
      <trkpt lat="46.56095" lon="11.21868"><ele>252</ele></trkpt>
      <trkpt lat="46.56085" lon="11.21871"><ele>252</ele></trkpt>
      <trkpt lat="46.56078" lon="11.21872"><ele>252</ele></trkpt>
      <trkpt lat="46.56001" lon="11.21870"><ele>252</ele></trkpt>
      <trkpt lat="46.55979" lon="11.21868"><ele>252</ele></trkpt>
      <trkpt lat="46.55967" lon="11.21866"><ele>252</ele></trkpt>
      <trkpt lat="46.55956" lon="11.21862"><ele>252</ele></trkpt>
      <trkpt lat="46.55923" lon="11.21845"><ele>251</ele></trkpt>
      <trkpt lat="46.55864" lon="11.21810"><ele>252</ele></trkpt>
      <trkpt lat="46.55811" lon="11.21778"><ele>251</ele></trkpt>
      <trkpt lat="46.55793" lon="11.21769"><ele>251</ele></trkpt>
      <trkpt lat="46.55782" lon="11.21765"><ele>251</ele></trkpt>
      <trkpt lat="46.55765" lon="11.21762"><ele>251</ele></trkpt>
      <trkpt lat="46.55747" lon="11.21759"><ele>251</ele></trkpt>
      <trkpt lat="46.55730" lon="11.21760"><ele>251</ele></trkpt>
      <trkpt lat="46.55713" lon="11.21762"><ele>251</ele></trkpt>
      <trkpt lat="46.55688" lon="11.21767"><ele>252</ele></trkpt>
      <trkpt lat="46.55663" lon="11.21776"><ele>252</ele></trkpt>
      <trkpt lat="46.55640" lon="11.21789"><ele>251</ele></trkpt>
      <trkpt lat="46.55627" lon="11.21799"><ele>251</ele></trkpt>
      <trkpt lat="46.55613" lon="11.21812"><ele>252</ele></trkpt>
      <trkpt lat="46.55577" lon="11.21853"><ele>252</ele></trkpt>
      <trkpt lat="46.55571" lon="11.21861"><ele>252</ele></trkpt>
      <trkpt lat="46.55563" lon="11.21867"><ele>252</ele></trkpt>
      <trkpt lat="46.55553" lon="11.21872"><ele>252</ele></trkpt>
      <trkpt lat="46.55546" lon="11.21851"><ele>250</ele></trkpt>
      <trkpt lat="46.55528" lon="11.21797"><ele>250</ele></trkpt>
      <trkpt lat="46.55523" lon="11.21783"><ele>254</ele></trkpt>
      <trkpt lat="46.55512" lon="11.21790"><ele>254</ele></trkpt>
      <trkpt lat="46.55506" lon="11.21791"><ele>254</ele></trkpt>
      <trkpt lat="46.55497" lon="11.21796"><ele>254</ele></trkpt>
      <trkpt lat="46.55469" lon="11.21804"><ele>255</ele></trkpt>
      <trkpt lat="46.55465" lon="11.21805"><ele>254</ele></trkpt>
      <trkpt lat="46.55464" lon="11.21804"><ele>254</ele></trkpt>
      <trkpt lat="46.55463" lon="11.21800"><ele>254</ele></trkpt>
      <trkpt lat="46.55466" lon="11.21798"><ele>254</ele></trkpt>
      <trkpt lat="46.55474" lon="11.21796"><ele>255</ele></trkpt>
      <trkpt lat="46.55493" lon="11.21786"><ele>256</ele></trkpt>
      <trkpt lat="46.55508" lon="11.21776"><ele>256</ele></trkpt>
      <trkpt lat="46.55522" lon="11.21775"><ele>255</ele></trkpt>
      <trkpt lat="46.55525" lon="11.21773"><ele>255</ele></trkpt>
      <trkpt lat="46.55527" lon="11.21766"><ele>256</ele></trkpt>
      <trkpt lat="46.55524" lon="11.21758"><ele>256</ele></trkpt>
      <trkpt lat="46.55522" lon="11.21746"><ele>256</ele></trkpt>
      <trkpt lat="46.55510" lon="11.21707"><ele>255</ele></trkpt>
      <trkpt lat="46.55509" lon="11.21703"><ele>256</ele></trkpt>
      <trkpt lat="46.55506" lon="11.21694"><ele>258</ele></trkpt>
      <trkpt lat="46.55503" lon="11.21684"><ele>257</ele></trkpt>
      <trkpt lat="46.55469" lon="11.21574"><ele>252</ele></trkpt>
      <trkpt lat="46.55460" lon="11.21545"><ele>252</ele></trkpt>
      <trkpt lat="46.55444" lon="11.21506"><ele>251</ele></trkpt>
      <trkpt lat="46.55432" lon="11.21484"><ele>251</ele></trkpt>
      <trkpt lat="46.55410" lon="11.21448"><ele>252</ele></trkpt>
      <trkpt lat="46.55403" lon="11.21439"><ele>252</ele></trkpt>
      <trkpt lat="46.55393" lon="11.21425"><ele>252</ele></trkpt>
      <trkpt lat="46.55366" lon="11.21392"><ele>253</ele></trkpt>
      <trkpt lat="46.55345" lon="11.21373"><ele>254</ele></trkpt>
      <trkpt lat="46.55310" lon="11.21345"><ele>254</ele></trkpt>
      <trkpt lat="46.55285" lon="11.21322"><ele>254</ele></trkpt>
      <trkpt lat="46.55245" lon="11.21294"><ele>256</ele></trkpt>
      <trkpt lat="46.55242" lon="11.21294"><ele>256</ele></trkpt>
      <trkpt lat="46.55239" lon="11.21296"><ele>256</ele></trkpt>
      <trkpt lat="46.55236" lon="11.21302"><ele>256</ele></trkpt>
      <trkpt lat="46.55231" lon="11.21300"><ele>256</ele></trkpt>
      <trkpt lat="46.55226" lon="11.21299"><ele>256</ele></trkpt>
      <trkpt lat="46.55225" lon="11.21294"><ele>256</ele></trkpt>
      <trkpt lat="46.55218" lon="11.21276"><ele>257</ele></trkpt>
      <trkpt lat="46.55212" lon="11.21268"><ele>257</ele></trkpt>
      <trkpt lat="46.55199" lon="11.21255"><ele>257</ele></trkpt>
      <trkpt lat="46.55182" lon="11.21241"><ele>257</ele></trkpt>
      <trkpt lat="46.55093" lon="11.21171"><ele>260</ele></trkpt>
      <trkpt lat="46.54970" lon="11.21070"><ele>264</ele></trkpt>
      <trkpt lat="46.54922" lon="11.21031"><ele>266</ele></trkpt>
      <trkpt lat="46.54910" lon="11.21023"><ele>266</ele></trkpt>
      <trkpt lat="46.54912" lon="11.21017"><ele>266</ele></trkpt>
      <trkpt lat="46.54914" lon="11.21010"><ele>266</ele></trkpt>
      <trkpt lat="46.54849" lon="11.20962"><ele>268</ele></trkpt>
      <trkpt lat="46.54796" lon="11.20924"><ele>270</ele></trkpt>
      <trkpt lat="46.54717" lon="11.20834"><ele>275</ele></trkpt>
      <trkpt lat="46.54704" lon="11.20820"><ele>275</ele></trkpt>
      <trkpt lat="46.54695" lon="11.20812"><ele>276</ele></trkpt>
      <trkpt lat="46.54682" lon="11.20805"><ele>276</ele></trkpt>
      <trkpt lat="46.54666" lon="11.20802"><ele>277</ele></trkpt>
      <trkpt lat="46.54610" lon="11.20804"><ele>279</ele></trkpt>
      <trkpt lat="46.54561" lon="11.20803"><ele>279</ele></trkpt>
      <trkpt lat="46.54518" lon="11.20805"><ele>279</ele></trkpt>
      <trkpt lat="46.54506" lon="11.20802"><ele>280</ele></trkpt>
      <trkpt lat="46.54441" lon="11.20769"><ele>281</ele></trkpt>
      <trkpt lat="46.54402" lon="11.20748"><ele>282</ele></trkpt>
      <trkpt lat="46.54393" lon="11.20741"><ele>281</ele></trkpt>
      <trkpt lat="46.54384" lon="11.20734"><ele>282</ele></trkpt>
      <trkpt lat="46.54379" lon="11.20725"><ele>282</ele></trkpt>
      <trkpt lat="46.54373" lon="11.20712"><ele>282</ele></trkpt>
      <trkpt lat="46.54363" lon="11.20665"><ele>284</ele></trkpt>
      <trkpt lat="46.54360" lon="11.20654"><ele>284</ele></trkpt>
      <trkpt lat="46.54352" lon="11.20635"><ele>285</ele></trkpt>
      <trkpt lat="46.54328" lon="11.20600"><ele>286</ele></trkpt>
      <trkpt lat="46.54324" lon="11.20589"><ele>287</ele></trkpt>
      <trkpt lat="46.54320" lon="11.20569"><ele>289</ele></trkpt>
      <trkpt lat="46.54319" lon="11.20542"><ele>290</ele></trkpt>
      <trkpt lat="46.54316" lon="11.20519"><ele>291</ele></trkpt>
      <trkpt lat="46.54313" lon="11.20495"><ele>292</ele></trkpt>
      <trkpt lat="46.54310" lon="11.20485"><ele>293</ele></trkpt>
      <trkpt lat="46.54313" lon="11.20495"><ele>292</ele></trkpt>
      <trkpt lat="46.54316" lon="11.20519"><ele>291</ele></trkpt>
      <trkpt lat="46.54319" lon="11.20542"><ele>290</ele></trkpt>
      <trkpt lat="46.54320" lon="11.20569"><ele>289</ele></trkpt>
      <trkpt lat="46.54324" lon="11.20589"><ele>287</ele></trkpt>
      <trkpt lat="46.54320" lon="11.20590"><ele>287</ele></trkpt>
      <trkpt lat="46.54299" lon="11.20578"><ele>289</ele></trkpt>
      <trkpt lat="46.54281" lon="11.20575"><ele>291</ele></trkpt>
      <trkpt lat="46.54211" lon="11.20573"><ele>296</ele></trkpt>
      <trkpt lat="46.54207" lon="11.20569"><ele>297</ele></trkpt>
      <trkpt lat="46.54207" lon="11.20579"><ele>296</ele></trkpt>
      <trkpt lat="46.54200" lon="11.20668"><ele>292</ele></trkpt>
      <trkpt lat="46.54096" lon="11.20782"><ele>290</ele></trkpt>
      <trkpt lat="46.54071" lon="11.20818"><ele>288</ele></trkpt>
      <trkpt lat="46.54054" lon="11.20865"><ele>287</ele></trkpt>
      <trkpt lat="46.54034" lon="11.20920"><ele>285</ele></trkpt>
      <trkpt lat="46.54032" lon="11.20924"><ele>285</ele></trkpt>
      <trkpt lat="46.54030" lon="11.21020"><ele>279</ele></trkpt>
      <trkpt lat="46.54026" lon="11.21062"><ele>276</ele></trkpt>
      <trkpt lat="46.54014" lon="11.21102"><ele>274</ele></trkpt>
      <trkpt lat="46.53983" lon="11.21164"><ele>271</ele></trkpt>
      <trkpt lat="46.53964" lon="11.21223"><ele>268</ele></trkpt>
      <trkpt lat="46.53940" lon="11.21224"><ele>268</ele></trkpt>
      <trkpt lat="46.53847" lon="11.21199"><ele>268</ele></trkpt>
      <trkpt lat="46.53807" lon="11.21202"><ele>267</ele></trkpt>
      <trkpt lat="46.53765" lon="11.21231"><ele>264</ele></trkpt>
      <trkpt lat="46.53732" lon="11.21246"><ele>262</ele></trkpt>
      <trkpt lat="46.53655" lon="11.21253"><ele>262</ele></trkpt>
      <trkpt lat="46.53585" lon="11.21261"><ele>259</ele></trkpt>
      <trkpt lat="46.53558" lon="11.21269"><ele>258</ele></trkpt>
      <trkpt lat="46.53537" lon="11.21265"><ele>258</ele></trkpt>
      <trkpt lat="46.53388" lon="11.21212"><ele>256</ele></trkpt>
      <trkpt lat="46.53330" lon="11.21195"><ele>258</ele></trkpt>
      <trkpt lat="46.53310" lon="11.21194"><ele>259</ele></trkpt>
      <trkpt lat="46.53304" lon="11.21191"><ele>259</ele></trkpt>
      <trkpt lat="46.53295" lon="11.21199"><ele>258</ele></trkpt>
      <trkpt lat="46.53262" lon="11.21226"><ele>257</ele></trkpt>
      <trkpt lat="46.53214" lon="11.21253"><ele>257</ele></trkpt>
      <trkpt lat="46.53201" lon="11.21260"><ele>257</ele></trkpt>
      <trkpt lat="46.53192" lon="11.21267"><ele>257</ele></trkpt>
      <trkpt lat="46.53164" lon="11.21302"><ele>254</ele></trkpt>
      <trkpt lat="46.53099" lon="11.21385"><ele>252</ele></trkpt>
      <trkpt lat="46.53047" lon="11.21451"><ele>252</ele></trkpt>
      <trkpt lat="46.52978" lon="11.21517"><ele>252</ele></trkpt>
      <trkpt lat="46.52913" lon="11.21577"><ele>252</ele></trkpt>
      <trkpt lat="46.52858" lon="11.21662"><ele>250</ele></trkpt>
      <trkpt lat="46.52823" lon="11.21698"><ele>251</ele></trkpt>
      <trkpt lat="46.52801" lon="11.21754"><ele>251</ele></trkpt>
      <trkpt lat="46.52786" lon="11.21775"><ele>252</ele></trkpt>
      <trkpt lat="46.52779" lon="11.21782"><ele>251</ele></trkpt>
      <trkpt lat="46.52751" lon="11.21793"><ele>251</ele></trkpt>
      <trkpt lat="46.52731" lon="11.21811"><ele>252</ele></trkpt>
      <trkpt lat="46.52723" lon="11.21820"><ele>252</ele></trkpt>
      <trkpt lat="46.52704" lon="11.21865"><ele>254</ele></trkpt>
      <trkpt lat="46.52681" lon="11.21923"><ele>254</ele></trkpt>
      <trkpt lat="46.52670" lon="11.21939"><ele>253</ele></trkpt>
      <trkpt lat="46.52661" lon="11.21943"><ele>253</ele></trkpt>
      <trkpt lat="46.52614" lon="11.21952"><ele>256</ele></trkpt>
      <trkpt lat="46.52590" lon="11.21953"><ele>256</ele></trkpt>
      <trkpt lat="46.52564" lon="11.21946"><ele>257</ele></trkpt>
      <trkpt lat="46.52518" lon="11.21958"><ele>259</ele></trkpt>
      <trkpt lat="46.52510" lon="11.21966"><ele>258</ele></trkpt>
      <trkpt lat="46.52506" lon="11.21976"><ele>258</ele></trkpt>
      <trkpt lat="46.52503" lon="11.22000"><ele>258</ele></trkpt>
      <trkpt lat="46.52503" lon="11.22028"><ele>258</ele></trkpt>
      <trkpt lat="46.52512" lon="11.22076"><ele>258</ele></trkpt>
      <trkpt lat="46.52514" lon="11.22098"><ele>258</ele></trkpt>
      <trkpt lat="46.52511" lon="11.22119"><ele>258</ele></trkpt>
      <trkpt lat="46.52494" lon="11.22160"><ele>258</ele></trkpt>
      <trkpt lat="46.52437" lon="11.22322"><ele>264</ele></trkpt>
      <trkpt lat="46.52423" lon="11.22344"><ele>264</ele></trkpt>
      <trkpt lat="46.52383" lon="11.22382"><ele>267</ele></trkpt>
      <trkpt lat="46.52363" lon="11.22410"><ele>269</ele></trkpt>
      <trkpt lat="46.52339" lon="11.22471"><ele>272</ele></trkpt>
      <trkpt lat="46.52311" lon="11.22529"><ele>274</ele></trkpt>
      <trkpt lat="46.52296" lon="11.22602"><ele>276</ele></trkpt>
      <trkpt lat="46.52251" lon="11.22679"><ele>279</ele></trkpt>
      <trkpt lat="46.52241" lon="11.22695"><ele>280</ele></trkpt>
      <trkpt lat="46.52235" lon="11.22705"><ele>280</ele></trkpt>
      <trkpt lat="46.52219" lon="11.22742"><ele>282</ele></trkpt>
      <trkpt lat="46.52210" lon="11.22764"><ele>281</ele></trkpt>
      <trkpt lat="46.52202" lon="11.22791"><ele>281</ele></trkpt>
      <trkpt lat="46.52167" lon="11.22951"><ele>282</ele></trkpt>
      <trkpt lat="46.52165" lon="11.22958"><ele>282</ele></trkpt>
      <trkpt lat="46.52150" lon="11.23007"><ele>281</ele></trkpt>
      <trkpt lat="46.52149" lon="11.23011"><ele>282</ele></trkpt>
      <trkpt lat="46.52143" lon="11.23026"><ele>282</ele></trkpt>
      <trkpt lat="46.52142" lon="11.23029"><ele>282</ele></trkpt>
      <trkpt lat="46.52119" lon="11.23099"><ele>279</ele></trkpt>
      <trkpt lat="46.52113" lon="11.23112"><ele>280</ele></trkpt>
      <trkpt lat="46.52105" lon="11.23128"><ele>280</ele></trkpt>
      <trkpt lat="46.52103" lon="11.23134"><ele>279</ele></trkpt>
      <trkpt lat="46.52082" lon="11.23179"><ele>278</ele></trkpt>
      <trkpt lat="46.52062" lon="11.23214"><ele>278</ele></trkpt>
      <trkpt lat="46.52029" lon="11.23259"><ele>278</ele></trkpt>
      <trkpt lat="46.52006" lon="11.23277"><ele>277</ele></trkpt>
      <trkpt lat="46.51987" lon="11.23297"><ele>278</ele></trkpt>
      <trkpt lat="46.51948" lon="11.23338"><ele>278</ele></trkpt>
      <trkpt lat="46.51937" lon="11.23347"><ele>278</ele></trkpt>
      <trkpt lat="46.51926" lon="11.23353"><ele>278</ele></trkpt>
      <trkpt lat="46.51917" lon="11.23357"><ele>278</ele></trkpt>
      <trkpt lat="46.51908" lon="11.23358"><ele>278</ele></trkpt>
      <trkpt lat="46.51898" lon="11.23360"><ele>278</ele></trkpt>
      <trkpt lat="46.51897" lon="11.23354"><ele>279</ele></trkpt>
      <trkpt lat="46.51889" lon="11.23329"><ele>281</ele></trkpt>
      <trkpt lat="46.51887" lon="11.23325"><ele>281</ele></trkpt>
      <trkpt lat="46.51884" lon="11.23320"><ele>282</ele></trkpt>
      <trkpt lat="46.51876" lon="11.23306"><ele>282</ele></trkpt>
      <trkpt lat="46.51790" lon="11.23122"><ele>297</ele></trkpt>
      <trkpt lat="46.51786" lon="11.23113"><ele>306</ele></trkpt>
      <trkpt lat="46.51790" lon="11.23122"><ele>297</ele></trkpt>
      <trkpt lat="46.51876" lon="11.23306"><ele>282</ele></trkpt>
      <trkpt lat="46.51884" lon="11.23320"><ele>282</ele></trkpt>
      <trkpt lat="46.51887" lon="11.23325"><ele>281</ele></trkpt>
      <trkpt lat="46.51889" lon="11.23329"><ele>281</ele></trkpt>
      <trkpt lat="46.51897" lon="11.23354"><ele>279</ele></trkpt>
      <trkpt lat="46.51898" lon="11.23360"><ele>278</ele></trkpt>
      <trkpt lat="46.51889" lon="11.23365"><ele>279</ele></trkpt>
      <trkpt lat="46.51884" lon="11.23370"><ele>279</ele></trkpt>
      <trkpt lat="46.51900" lon="11.23400"><ele>277</ele></trkpt>
      <trkpt lat="46.51904" lon="11.23407"><ele>276</ele></trkpt>
      <trkpt lat="46.51928" lon="11.23437"><ele>274</ele></trkpt>
      <trkpt lat="46.51987" lon="11.23497"><ele>268</ele></trkpt>
      <trkpt lat="46.51997" lon="11.23516"><ele>267</ele></trkpt>
      <trkpt lat="46.52007" lon="11.23536"><ele>266</ele></trkpt>
      <trkpt lat="46.52027" lon="11.23582"><ele>263</ele></trkpt>
      <trkpt lat="46.52040" lon="11.23620"><ele>261</ele></trkpt>
      <trkpt lat="46.52043" lon="11.23634"><ele>260</ele></trkpt>
      <trkpt lat="46.52046" lon="11.23654"><ele>260</ele></trkpt>
      <trkpt lat="46.52047" lon="11.23681"><ele>258</ele></trkpt>
      <trkpt lat="46.52049" lon="11.23708"><ele>258</ele></trkpt>
      <trkpt lat="46.52058" lon="11.23754"><ele>256</ele></trkpt>
      <trkpt lat="46.52066" lon="11.23790"><ele>255</ele></trkpt>
      <trkpt lat="46.52090" lon="11.23932"><ele>250</ele></trkpt>
      <trkpt lat="46.52116" lon="11.24023"><ele>248</ele></trkpt>
      <trkpt lat="46.52129" lon="11.24056"><ele>247</ele></trkpt>
      <trkpt lat="46.52140" lon="11.24085"><ele>247</ele></trkpt>
      <trkpt lat="46.52146" lon="11.24113"><ele>246</ele></trkpt>
      <trkpt lat="46.52150" lon="11.24145"><ele>246</ele></trkpt>
      <trkpt lat="46.52153" lon="11.24223"><ele>246</ele></trkpt>
      <trkpt lat="46.52155" lon="11.24248"><ele>246</ele></trkpt>
      <trkpt lat="46.52164" lon="11.24302"><ele>247</ele></trkpt>
      <trkpt lat="46.52182" lon="11.24386"><ele>248</ele></trkpt>
      <trkpt lat="46.52191" lon="11.24423"><ele>251</ele></trkpt>
      <trkpt lat="46.52199" lon="11.24456"><ele>250</ele></trkpt>
      <trkpt lat="46.52200" lon="11.24464"><ele>250</ele></trkpt>
      <trkpt lat="46.52213" lon="11.24505"><ele>248</ele></trkpt>
      <trkpt lat="46.52215" lon="11.24512"><ele>248</ele></trkpt>
      <trkpt lat="46.52217" lon="11.24521"><ele>247</ele></trkpt>
      <trkpt lat="46.52248" lon="11.24626"><ele>247</ele></trkpt>
      <trkpt lat="46.52253" lon="11.24646"><ele>248</ele></trkpt>
      <trkpt lat="46.52261" lon="11.24674"><ele>246</ele></trkpt>
      <trkpt lat="46.52255" lon="11.24677"><ele>246</ele></trkpt>
      <trkpt lat="46.52244" lon="11.24638"><ele>248</ele></trkpt>
      <trkpt lat="46.52239" lon="11.24628"><ele>247</ele></trkpt>
      <trkpt lat="46.52235" lon="11.24625"><ele>246</ele></trkpt>
      <trkpt lat="46.52228" lon="11.24626"><ele>246</ele></trkpt>
      <trkpt lat="46.52182" lon="11.24653"><ele>246</ele></trkpt>
      <trkpt lat="46.52163" lon="11.24664"><ele>247</ele></trkpt>
      <trkpt lat="46.52157" lon="11.24664"><ele>247</ele></trkpt>
      <trkpt lat="46.52147" lon="11.24673"><ele>246</ele></trkpt>
      <trkpt lat="46.52121" lon="11.24689"><ele>247</ele></trkpt>
      <trkpt lat="46.52111" lon="11.24693"><ele>248</ele></trkpt>
      <trkpt lat="46.52089" lon="11.24700"><ele>246</ele></trkpt>
      <trkpt lat="46.52057" lon="11.24716"><ele>246</ele></trkpt>
      <trkpt lat="46.52040" lon="11.24726"><ele>246</ele></trkpt>
      <trkpt lat="46.52013" lon="11.24747"><ele>246</ele></trkpt>
      <trkpt lat="46.51916" lon="11.24845"><ele>246</ele></trkpt>
      <trkpt lat="46.51903" lon="11.24859"><ele>246</ele></trkpt>
      <trkpt lat="46.51890" lon="11.24874"><ele>246</ele></trkpt>
      <trkpt lat="46.51864" lon="11.24908"><ele>247</ele></trkpt>
      <trkpt lat="46.51763" lon="11.25058"><ele>247</ele></trkpt>
      <trkpt lat="46.51708" lon="11.25140"><ele>247</ele></trkpt>
      <trkpt lat="46.51672" lon="11.25183"><ele>247</ele></trkpt>
      <trkpt lat="46.51653" lon="11.25202"><ele>247</ele></trkpt>
      <trkpt lat="46.51551" lon="11.25297"><ele>246</ele></trkpt>
      <trkpt lat="46.51539" lon="11.25310"><ele>246</ele></trkpt>
      <trkpt lat="46.51509" lon="11.25348"><ele>246</ele></trkpt>
      <trkpt lat="46.51491" lon="11.25379"><ele>245</ele></trkpt>
      <trkpt lat="46.51482" lon="11.25397"><ele>245</ele></trkpt>
      <trkpt lat="46.51452" lon="11.25464"><ele>245</ele></trkpt>
      <trkpt lat="46.51434" lon="11.25507"><ele>245</ele></trkpt>
      <trkpt lat="46.51378" lon="11.25636"><ele>245</ele></trkpt>
      <trkpt lat="46.51257" lon="11.25901"><ele>245</ele></trkpt>
      <trkpt lat="46.51184" lon="11.26060"><ele>244</ele></trkpt>
      <trkpt lat="46.51167" lon="11.26090"><ele>247</ele></trkpt>
      <trkpt lat="46.51157" lon="11.26117"><ele>245</ele></trkpt>
      <trkpt lat="46.51134" lon="11.26166"><ele>246</ele></trkpt>
      <trkpt lat="46.51121" lon="11.26193"><ele>244</ele></trkpt>
      <trkpt lat="46.51101" lon="11.26228"><ele>245</ele></trkpt>
      <trkpt lat="46.51073" lon="11.26272"><ele>244</ele></trkpt>
      <trkpt lat="46.51059" lon="11.26292"><ele>245</ele></trkpt>
      <trkpt lat="46.51042" lon="11.26314"><ele>245</ele></trkpt>
      <trkpt lat="46.51027" lon="11.26332"><ele>246</ele></trkpt>
      <trkpt lat="46.51003" lon="11.26359"><ele>246</ele></trkpt>
      <trkpt lat="46.50981" lon="11.26379"><ele>245</ele></trkpt>
      <trkpt lat="46.50960" lon="11.26398"><ele>245</ele></trkpt>
      <trkpt lat="46.50939" lon="11.26415"><ele>245</ele></trkpt>
      <trkpt lat="46.50914" lon="11.26431"><ele>244</ele></trkpt>
      <trkpt lat="46.50895" lon="11.26444"><ele>245</ele></trkpt>
      <trkpt lat="46.50869" lon="11.26459"><ele>244</ele></trkpt>
      <trkpt lat="46.50863" lon="11.26462"><ele>245</ele></trkpt>
      <trkpt lat="46.50756" lon="11.26521"><ele>245</ele></trkpt>
      <trkpt lat="46.50731" lon="11.26537"><ele>244</ele></trkpt>
      <trkpt lat="46.50701" lon="11.26559"><ele>246</ele></trkpt>
      <trkpt lat="46.50689" lon="11.26567"><ele>245</ele></trkpt>
      <trkpt lat="46.50607" lon="11.26614"><ele>246</ele></trkpt>
      <trkpt lat="46.50504" lon="11.26673"><ele>245</ele></trkpt>
      <trkpt lat="46.50378" lon="11.26743"><ele>244</ele></trkpt>
      <trkpt lat="46.50193" lon="11.26848"><ele>244</ele></trkpt>
      <trkpt lat="46.50094" lon="11.26905"><ele>244</ele></trkpt>
      <trkpt lat="46.50055" lon="11.26929"><ele>244</ele></trkpt>
      <trkpt lat="46.50038" lon="11.26942"><ele>244</ele></trkpt>
      <trkpt lat="46.50016" lon="11.26962"><ele>244</ele></trkpt>
      <trkpt lat="46.49995" lon="11.26982"><ele>244</ele></trkpt>
      <trkpt lat="46.49963" lon="11.27016"><ele>243</ele></trkpt>
      <trkpt lat="46.49949" lon="11.27035"><ele>243</ele></trkpt>
      <trkpt lat="46.49938" lon="11.27053"><ele>244</ele></trkpt>
      <trkpt lat="46.49927" lon="11.27071"><ele>243</ele></trkpt>
      <trkpt lat="46.49906" lon="11.27121"><ele>244</ele></trkpt>
      <trkpt lat="46.49895" lon="11.27143"><ele>244</ele></trkpt>
      <trkpt lat="46.49882" lon="11.27173"><ele>244</ele></trkpt>
      <trkpt lat="46.49868" lon="11.27216"><ele>244</ele></trkpt>
      <trkpt lat="46.49853" lon="11.27270"><ele>244</ele></trkpt>
      <trkpt lat="46.49845" lon="11.27315"><ele>243</ele></trkpt>
      <trkpt lat="46.49839" lon="11.27361"><ele>244</ele></trkpt>
      <trkpt lat="46.49837" lon="11.27400"><ele>245</ele></trkpt>
      <trkpt lat="46.49835" lon="11.27470"><ele>245</ele></trkpt>
      <trkpt lat="46.49833" lon="11.27508"><ele>245</ele></trkpt>
      <trkpt lat="46.49830" lon="11.27543"><ele>244</ele></trkpt>
      <trkpt lat="46.49826" lon="11.27579"><ele>243</ele></trkpt>
      <trkpt lat="46.49816" lon="11.27645"><ele>243</ele></trkpt>
      <trkpt lat="46.49803" lon="11.27710"><ele>244</ele></trkpt>
      <trkpt lat="46.49788" lon="11.27766"><ele>243</ele></trkpt>
      <trkpt lat="46.49771" lon="11.27818"><ele>243</ele></trkpt>
      <trkpt lat="46.49746" lon="11.27887"><ele>243</ele></trkpt>
      <trkpt lat="46.49734" lon="11.27914"><ele>244</ele></trkpt>
      <trkpt lat="46.49706" lon="11.27972"><ele>243</ele></trkpt>
      <trkpt lat="46.49692" lon="11.27998"><ele>244</ele></trkpt>
      <trkpt lat="46.49588" lon="11.28175"><ele>243</ele></trkpt>
      <trkpt lat="46.49576" lon="11.28195"><ele>243</ele></trkpt>
      <trkpt lat="46.49450" lon="11.28415"><ele>244</ele></trkpt>
      <trkpt lat="46.49403" lon="11.28494"><ele>243</ele></trkpt>
      <trkpt lat="46.49384" lon="11.28524"><ele>242</ele></trkpt>
      <trkpt lat="46.49361" lon="11.28555"><ele>244</ele></trkpt>
      <trkpt lat="46.49332" lon="11.28589"><ele>244</ele></trkpt>
      <trkpt lat="46.49302" lon="11.28617"><ele>244</ele></trkpt>
      <trkpt lat="46.49267" lon="11.28644"><ele>243</ele></trkpt>
      <trkpt lat="46.49216" lon="11.28675"><ele>242</ele></trkpt>
      <trkpt lat="46.49184" lon="11.28692"><ele>244</ele></trkpt>
      <trkpt lat="46.49151" lon="11.28704"><ele>243</ele></trkpt>
      <trkpt lat="46.49063" lon="11.28730"><ele>242</ele></trkpt>
      <trkpt lat="46.49034" lon="11.28742"><ele>242</ele></trkpt>
      <trkpt lat="46.49015" lon="11.28750"><ele>244</ele></trkpt>
      <trkpt lat="46.48991" lon="11.28764"><ele>242</ele></trkpt>
      <trkpt lat="46.48966" lon="11.28781"><ele>243</ele></trkpt>
      <trkpt lat="46.48930" lon="11.28811"><ele>242</ele></trkpt>
      <trkpt lat="46.48902" lon="11.28839"><ele>242</ele></trkpt>
      <trkpt lat="46.48880" lon="11.28866"><ele>243</ele></trkpt>
      <trkpt lat="46.48856" lon="11.28898"><ele>243</ele></trkpt>
      <trkpt lat="46.48842" lon="11.28921"><ele>242</ele></trkpt>
      <trkpt lat="46.48824" lon="11.28959"><ele>242</ele></trkpt>
      <trkpt lat="46.48806" lon="11.29006"><ele>243</ele></trkpt>
      <trkpt lat="46.48724" lon="11.29248"><ele>243</ele></trkpt>
      <trkpt lat="46.48694" lon="11.29329"><ele>244</ele></trkpt>
      <trkpt lat="46.48671" lon="11.29389"><ele>242</ele></trkpt>
      <trkpt lat="46.48609" lon="11.29569"><ele>242</ele></trkpt>
      <trkpt lat="46.48527" lon="11.29810"><ele>243</ele></trkpt>
      <trkpt lat="46.48521" lon="11.29837"><ele>243</ele></trkpt>
      <trkpt lat="46.48516" lon="11.29856"><ele>242</ele></trkpt>
      <trkpt lat="46.48508" lon="11.29876"><ele>242</ele></trkpt>
      <trkpt lat="46.48500" lon="11.29890"><ele>243</ele></trkpt>
      <trkpt lat="46.48497" lon="11.29899"><ele>243</ele></trkpt>
      <trkpt lat="46.48495" lon="11.29908"><ele>243</ele></trkpt>
      <trkpt lat="46.48493" lon="11.29921"><ele>243</ele></trkpt>
      <trkpt lat="46.48495" lon="11.29949"><ele>244</ele></trkpt>
      <trkpt lat="46.48494" lon="11.29961"><ele>244</ele></trkpt>
      <trkpt lat="46.48492" lon="11.29967"><ele>244</ele></trkpt>
      <trkpt lat="46.48490" lon="11.29965"><ele>243</ele></trkpt>
      <trkpt lat="46.48481" lon="11.29959"><ele>242</ele></trkpt>
      <trkpt lat="46.48429" lon="11.29922"><ele>242</ele></trkpt>
      <trkpt lat="46.48423" lon="11.29917"><ele>244</ele></trkpt>
      <trkpt lat="46.48412" lon="11.29946"><ele>239</ele></trkpt>
      <trkpt lat="46.48401" lon="11.29955"><ele>240</ele></trkpt>
      <trkpt lat="46.48400" lon="11.29958"><ele>240</ele></trkpt>
      <trkpt lat="46.48390" lon="11.29995"><ele>242</ele></trkpt>
      <trkpt lat="46.48381" lon="11.30024"><ele>242</ele></trkpt>
      <trkpt lat="46.48275" lon="11.30338"><ele>243</ele></trkpt>
      <trkpt lat="46.48272" lon="11.30341"><ele>242</ele></trkpt>
      <trkpt lat="46.48255" lon="11.30340"><ele>243</ele></trkpt>
      <trkpt lat="46.48260" lon="11.30354"><ele>242</ele></trkpt>
      <trkpt lat="46.48267" lon="11.30369"><ele>241</ele></trkpt>
      <trkpt lat="46.48307" lon="11.30452"><ele>242</ele></trkpt>
      <trkpt lat="46.48310" lon="11.30460"><ele>243</ele></trkpt>
      <trkpt lat="46.48306" lon="11.30470"><ele>244</ele></trkpt>
      <trkpt lat="46.48292" lon="11.30522"><ele>241</ele></trkpt>
      <trkpt lat="46.48279" lon="11.30560"><ele>242</ele></trkpt>
      <trkpt lat="46.48267" lon="11.30587"><ele>242</ele></trkpt>
      <trkpt lat="46.48257" lon="11.30601"><ele>242</ele></trkpt>
      <trkpt lat="46.48241" lon="11.30622"><ele>242</ele></trkpt>
      <trkpt lat="46.48197" lon="11.30670"><ele>242</ele></trkpt>
      <trkpt lat="46.48163" lon="11.30699"><ele>242</ele></trkpt>
      <trkpt lat="46.48130" lon="11.30726"><ele>242</ele></trkpt>
      <trkpt lat="46.48089" lon="11.30751"><ele>242</ele></trkpt>
      <trkpt lat="46.48028" lon="11.30785"><ele>242</ele></trkpt>
      <trkpt lat="46.47934" lon="11.30833"><ele>243</ele></trkpt>
      <trkpt lat="46.47907" lon="11.30843"><ele>242</ele></trkpt>
      <trkpt lat="46.47888" lon="11.30848"><ele>242</ele></trkpt>
      <trkpt lat="46.47871" lon="11.30850"><ele>242</ele></trkpt>
      <trkpt lat="46.47856" lon="11.30849"><ele>242</ele></trkpt>
      <trkpt lat="46.47796" lon="11.30836"><ele>242</ele></trkpt>
      <trkpt lat="46.47776" lon="11.30834"><ele>243</ele></trkpt>
      <trkpt lat="46.47741" lon="11.30834"><ele>243</ele></trkpt>
      <trkpt lat="46.47714" lon="11.30838"><ele>242</ele></trkpt>
      <trkpt lat="46.47696" lon="11.30843"><ele>241</ele></trkpt>
      <trkpt lat="46.47675" lon="11.30851"><ele>241</ele></trkpt>
      <trkpt lat="46.47587" lon="11.30888"><ele>243</ele></trkpt>
      <trkpt lat="46.47563" lon="11.30899"><ele>242</ele></trkpt>
      <trkpt lat="46.47514" lon="11.30919"><ele>243</ele></trkpt>
      <trkpt lat="46.47487" lon="11.30928"><ele>241</ele></trkpt>
      <trkpt lat="46.47458" lon="11.30936"><ele>241</ele></trkpt>
      <trkpt lat="46.47409" lon="11.30945"><ele>244</ele></trkpt>
      <trkpt lat="46.47396" lon="11.30946"><ele>244</ele></trkpt>
      <trkpt lat="46.47367" lon="11.30945"><ele>244</ele></trkpt>
      <trkpt lat="46.47360" lon="11.30945"><ele>245</ele></trkpt>
      <trkpt lat="46.47356" lon="11.30951"><ele>244</ele></trkpt>
      <trkpt lat="46.47356" lon="11.30988"><ele>242</ele></trkpt>
      <trkpt lat="46.47354" lon="11.31042"><ele>244</ele></trkpt>
      <trkpt lat="46.47354" lon="11.31049"><ele>244</ele></trkpt>
      <trkpt lat="46.47366" lon="11.31060"><ele>244</ele></trkpt>
      <trkpt lat="46.47373" lon="11.31064"><ele>244</ele></trkpt>
      <trkpt lat="46.47381" lon="11.31070"><ele>244</ele></trkpt>
      <trkpt lat="46.47390" lon="11.31078"><ele>245</ele></trkpt>
      <trkpt lat="46.47398" lon="11.31085"><ele>244</ele></trkpt>
      <trkpt lat="46.47408" lon="11.31097"><ele>244</ele></trkpt>
      <trkpt lat="46.47465" lon="11.31151"><ele>244</ele></trkpt>
      <trkpt lat="46.47519" lon="11.31214"><ele>245</ele></trkpt>
      <trkpt lat="46.47548" lon="11.31250"><ele>245</ele></trkpt>
      <trkpt lat="46.47581" lon="11.31290"><ele>245</ele></trkpt>
      <trkpt lat="46.47586" lon="11.31296"><ele>245</ele></trkpt>
      <trkpt lat="46.47597" lon="11.31311"><ele>244</ele></trkpt>
      <trkpt lat="46.47649" lon="11.31368"><ele>246</ele></trkpt>
      <trkpt lat="46.47681" lon="11.31410"><ele>245</ele></trkpt>
      <trkpt lat="46.47724" lon="11.31474"><ele>246</ele></trkpt>
      <trkpt lat="46.47741" lon="11.31499"><ele>246</ele></trkpt>
      <trkpt lat="46.47825" lon="11.31636"><ele>247</ele></trkpt>
      <trkpt lat="46.47848" lon="11.31671"><ele>246</ele></trkpt>
      <trkpt lat="46.47882" lon="11.31715"><ele>246</ele></trkpt>
      <trkpt lat="46.47893" lon="11.31734"><ele>246</ele></trkpt>
      <trkpt lat="46.47907" lon="11.31760"><ele>246</ele></trkpt>
      <trkpt lat="46.47919" lon="11.31783"><ele>247</ele></trkpt>
      <trkpt lat="46.47941" lon="11.31823"><ele>248</ele></trkpt>
      <trkpt lat="46.47976" lon="11.31886"><ele>248</ele></trkpt>
      <trkpt lat="46.47993" lon="11.31917"><ele>249</ele></trkpt>
      <trkpt lat="46.48065" lon="11.32032"><ele>248</ele></trkpt>
      <trkpt lat="46.48106" lon="11.32096"><ele>248</ele></trkpt>
      <trkpt lat="46.48180" lon="11.32210"><ele>249</ele></trkpt>
      <trkpt lat="46.48181" lon="11.32208"><ele>249</ele></trkpt>
      <trkpt lat="46.48183" lon="11.32205"><ele>249</ele></trkpt>
      <trkpt lat="46.48186" lon="11.32202"><ele>249</ele></trkpt>
      <trkpt lat="46.48189" lon="11.32203"><ele>250</ele></trkpt>
      <trkpt lat="46.48212" lon="11.32217"><ele>250</ele></trkpt>
      <trkpt lat="46.48217" lon="11.32221"><ele>250</ele></trkpt>
      <trkpt lat="46.48223" lon="11.32226"><ele>250</ele></trkpt>
      <trkpt lat="46.48226" lon="11.32230"><ele>250</ele></trkpt>
      <trkpt lat="46.48237" lon="11.32247"><ele>252</ele></trkpt>
      <trkpt lat="46.48241" lon="11.32256"><ele>251</ele></trkpt>
      <trkpt lat="46.48246" lon="11.32288"><ele>250</ele></trkpt>
      <trkpt lat="46.48249" lon="11.32302"><ele>250</ele></trkpt>
      <trkpt lat="46.48252" lon="11.32309"><ele>250</ele></trkpt>
      <trkpt lat="46.48285" lon="11.32370"><ele>250</ele></trkpt>
      <trkpt lat="46.48301" lon="11.32395"><ele>249</ele></trkpt>
      <trkpt lat="46.48323" lon="11.32432"><ele>249</ele></trkpt>
      <trkpt lat="46.48379" lon="11.32513"><ele>249</ele></trkpt>
      <trkpt lat="46.48457" lon="11.32623"><ele>250</ele></trkpt>
      <trkpt lat="46.48473" lon="11.32644"><ele>251</ele></trkpt>
      <trkpt lat="46.48490" lon="11.32669"><ele>250</ele></trkpt>
      <trkpt lat="46.48508" lon="11.32697"><ele>250</ele></trkpt>
      <trkpt lat="46.48565" lon="11.32790"><ele>251</ele></trkpt>
      <trkpt lat="46.48579" lon="11.32804"><ele>250</ele></trkpt>
      <trkpt lat="46.48589" lon="11.32808"><ele>250</ele></trkpt>
      <trkpt lat="46.48607" lon="11.32836"><ele>251</ele></trkpt>
      <trkpt lat="46.48620" lon="11.32861"><ele>251</ele></trkpt>
      <trkpt lat="46.48623" lon="11.32876"><ele>251</ele></trkpt>
      <trkpt lat="46.48622" lon="11.32890"><ele>251</ele></trkpt>
      <trkpt lat="46.48625" lon="11.32907"><ele>250</ele></trkpt>
      <trkpt lat="46.48631" lon="11.32922"><ele>251</ele></trkpt>
      <trkpt lat="46.48658" lon="11.33001"><ele>250</ele></trkpt>
      <trkpt lat="46.48675" lon="11.33051"><ele>251</ele></trkpt>
      <trkpt lat="46.48678" lon="11.33060"><ele>251</ele></trkpt>
      <trkpt lat="46.48682" lon="11.33066"><ele>251</ele></trkpt>
      <trkpt lat="46.48690" lon="11.33075"><ele>252</ele></trkpt>
      <trkpt lat="46.48692" lon="11.33079"><ele>252</ele></trkpt>
      <trkpt lat="46.48700" lon="11.33101"><ele>253</ele></trkpt>
      <trkpt lat="46.48704" lon="11.33109"><ele>253</ele></trkpt>
      <trkpt lat="46.48711" lon="11.33131"><ele>252</ele></trkpt>
      <trkpt lat="46.48714" lon="11.33146"><ele>252</ele></trkpt>
      <trkpt lat="46.48723" lon="11.33174"><ele>253</ele></trkpt>
      <trkpt lat="46.48725" lon="11.33183"><ele>253</ele></trkpt>
      <trkpt lat="46.48725" lon="11.33193"><ele>254</ele></trkpt>
      <trkpt lat="46.48727" lon="11.33202"><ele>253</ele></trkpt>
      <trkpt lat="46.48729" lon="11.33210"><ele>252</ele></trkpt>
      <trkpt lat="46.48745" lon="11.33251"><ele>252</ele></trkpt>
      <trkpt lat="46.48765" lon="11.33299"><ele>252</ele></trkpt>
      <trkpt lat="46.48780" lon="11.33339"><ele>254</ele></trkpt>
      <trkpt lat="46.48793" lon="11.33375"><ele>253</ele></trkpt>
      <trkpt lat="46.48804" lon="11.33434"><ele>254</ele></trkpt>
      <trkpt lat="46.48805" lon="11.33440"><ele>254</ele></trkpt>
      <trkpt lat="46.48831" lon="11.33561"><ele>254</ele></trkpt>
      <trkpt lat="46.48837" lon="11.33591"><ele>254</ele></trkpt>
      <trkpt lat="46.48844" lon="11.33632"><ele>254</ele></trkpt>
      <trkpt lat="46.48858" lon="11.33688"><ele>256</ele></trkpt>
      <trkpt lat="46.48870" lon="11.33732"><ele>254</ele></trkpt>
      <trkpt lat="46.48911" lon="11.33867"><ele>256</ele></trkpt>
      <trkpt lat="46.48970" lon="11.34128"><ele>258</ele></trkpt>
      <trkpt lat="46.48976" lon="11.34157"><ele>258</ele></trkpt>
      <trkpt lat="46.48978" lon="11.34166"><ele>258</ele></trkpt>
      <trkpt lat="46.48980" lon="11.34177"><ele>258</ele></trkpt>
      <trkpt lat="46.48979" lon="11.34182"><ele>258</ele></trkpt>
      <trkpt lat="46.48979" lon="11.34189"><ele>258</ele></trkpt>
      <trkpt lat="46.48980" lon="11.34197"><ele>258</ele></trkpt>
      <trkpt lat="46.48986" lon="11.34223"><ele>257</ele></trkpt>
      <trkpt lat="46.48991" lon="11.34245"><ele>257</ele></trkpt>
      <trkpt lat="46.48992" lon="11.34249"><ele>257</ele></trkpt>
      <trkpt lat="46.49005" lon="11.34268"><ele>258</ele></trkpt>
      <trkpt lat="46.49013" lon="11.34277"><ele>259</ele></trkpt>
      <trkpt lat="46.49015" lon="11.34280"><ele>259</ele></trkpt>
      <trkpt lat="46.49025" lon="11.34284"><ele>259</ele></trkpt>
      <trkpt lat="46.49030" lon="11.34283"><ele>260</ele></trkpt>
      <trkpt lat="46.49047" lon="11.34313"><ele>258</ele></trkpt>
      <trkpt lat="46.49062" lon="11.34339"><ele>259</ele></trkpt>
      <trkpt lat="46.49086" lon="11.34369"><ele>258</ele></trkpt>
      <trkpt lat="46.49103" lon="11.34387"><ele>258</ele></trkpt>
      <trkpt lat="46.49163" lon="11.34437"><ele>259</ele></trkpt>
      <trkpt lat="46.49176" lon="11.34447"><ele>259</ele></trkpt>
      <trkpt lat="46.49188" lon="11.34453"><ele>258</ele></trkpt>
      <trkpt lat="46.49200" lon="11.34464"><ele>258</ele></trkpt>
      <trkpt lat="46.49229" lon="11.34488"><ele>258</ele></trkpt>
      <trkpt lat="46.49259" lon="11.34514"><ele>258</ele></trkpt>
      <trkpt lat="46.49284" lon="11.34535"><ele>259</ele></trkpt>
      <trkpt lat="46.49323" lon="11.34567"><ele>260</ele></trkpt>
      <trkpt lat="46.49327" lon="11.34572"><ele>260</ele></trkpt>
      <trkpt lat="46.49343" lon="11.34599"><ele>260</ele></trkpt>
      <trkpt lat="46.49356" lon="11.34624"><ele>261</ele></trkpt>
      <trkpt lat="46.49367" lon="11.34650"><ele>262</ele></trkpt>
      <trkpt lat="46.49379" lon="11.34696"><ele>262</ele></trkpt>
      <trkpt lat="46.49383" lon="11.34724"><ele>263</ele></trkpt>
      <trkpt lat="46.49384" lon="11.34760"><ele>264</ele></trkpt>
      <trkpt lat="46.49384" lon="11.34763"><ele>264</ele></trkpt>
      <trkpt lat="46.49383" lon="11.34767"><ele>264</ele></trkpt>
      <trkpt lat="46.49382" lon="11.34897"><ele>262</ele></trkpt>
      <trkpt lat="46.49382" lon="11.34899"><ele>262</ele></trkpt>
      <trkpt lat="46.49383" lon="11.34906"><ele>263</ele></trkpt>
      <trkpt lat="46.49385" lon="11.34928"><ele>264</ele></trkpt>
      <trkpt lat="46.49387" lon="11.34941"><ele>264</ele></trkpt>
      <trkpt lat="46.49397" lon="11.35000"><ele>262</ele></trkpt>
      <trkpt lat="46.49412" lon="11.35059"><ele>260</ele></trkpt>
      <trkpt lat="46.49425" lon="11.35120"><ele>263</ele></trkpt>
      <trkpt lat="46.49430" lon="11.35144"><ele>262</ele></trkpt>
      <trkpt lat="46.49443" lon="11.35213"><ele>263</ele></trkpt>
      <trkpt lat="46.49454" lon="11.35262"><ele>262</ele></trkpt>
      <trkpt lat="46.49459" lon="11.35301"><ele>262</ele></trkpt>
      <trkpt lat="46.49462" lon="11.35306"><ele>262</ele></trkpt>
      <trkpt lat="46.49463" lon="11.35339"><ele>262</ele></trkpt>
      <trkpt lat="46.49462" lon="11.35384"><ele>264</ele></trkpt>
      <trkpt lat="46.49461" lon="11.35386"><ele>264</ele></trkpt>
      <trkpt lat="46.49464" lon="11.35387"><ele>264</ele></trkpt>
      <trkpt lat="46.49477" lon="11.35391"><ele>264</ele></trkpt>
      <trkpt lat="46.49488" lon="11.35392"><ele>264</ele></trkpt>
      <trkpt lat="46.49494" lon="11.35391"><ele>263</ele></trkpt>
      <trkpt lat="46.49499" lon="11.35389"><ele>263</ele></trkpt>
      <trkpt lat="46.49504" lon="11.35384"><ele>263</ele></trkpt>
      <trkpt lat="46.49512" lon="11.35389"><ele>263</ele></trkpt>
      <trkpt lat="46.49520" lon="11.35394"><ele>263</ele></trkpt>
      <trkpt lat="46.49522" lon="11.35395"><ele>263</ele></trkpt>
      <trkpt lat="46.49527" lon="11.35397"><ele>263</ele></trkpt>
      <trkpt lat="46.49539" lon="11.35343"><ele>263</ele></trkpt>
      <trkpt lat="46.49547" lon="11.35324"><ele>263</ele></trkpt>
      <trkpt lat="46.49555" lon="11.35320"><ele>263</ele></trkpt>
      <trkpt lat="46.49567" lon="11.35325"><ele>262</ele></trkpt>
      <trkpt lat="46.49580" lon="11.35337"><ele>262</ele></trkpt>
      <trkpt lat="46.49589" lon="11.35345"><ele>262</ele></trkpt>
      <trkpt lat="46.49602" lon="11.35353"><ele>262</ele></trkpt>
      <trkpt lat="46.49612" lon="11.35355"><ele>262</ele></trkpt>
      <trkpt lat="46.49677" lon="11.35350"><ele>263</ele></trkpt>
      <trkpt lat="46.49721" lon="11.35346"><ele>264</ele></trkpt>
      <trkpt lat="46.49726" lon="11.35345"><ele>264</ele></trkpt>
      <trkpt lat="46.49744" lon="11.35339"><ele>265</ele></trkpt>
      <trkpt lat="46.49771" lon="11.35339"><ele>266</ele></trkpt>
      <trkpt lat="46.49776" lon="11.35339"><ele>266</ele></trkpt>
      <trkpt lat="46.49776" lon="11.35359"><ele>266</ele></trkpt>
      <trkpt lat="46.49778" lon="11.35371"><ele>266</ele></trkpt>
      <trkpt lat="46.49785" lon="11.35402"><ele>266</ele></trkpt>
      <trkpt lat="46.49791" lon="11.35438"><ele>266</ele></trkpt>
      <trkpt lat="46.49809" lon="11.35460"><ele>266</ele></trkpt>
      <trkpt lat="46.49858" lon="11.35453"><ele>267</ele></trkpt>
      <trkpt lat="46.49858" lon="11.35460"><ele>267</ele></trkpt>
      <trkpt lat="46.49857" lon="11.35475"><ele>267</ele></trkpt>
    </trkseg>
  </trk>
</gpx>
