<?xml version="1.0" encoding="UTF-8"?>
<gpx version="1.1" creator="dolomites-trip" xmlns="http://www.topografix.com/GPX/1/1">
  <metadata><name>День 1: Toblach → Pieve di Cadore</name></metadata>
  <trk>
    <name>День 1: Toblach → Pieve di Cadore</name>
    <trkseg>
      <trkpt lat="46.73535" lon="12.21946"><ele>1228</ele></trkpt>
      <trkpt lat="46.73519" lon="12.21911"><ele>1228</ele></trkpt>
      <trkpt lat="46.73506" lon="12.21892"><ele>1227</ele></trkpt>
      <trkpt lat="46.73494" lon="12.21871"><ele>1227</ele></trkpt>
      <trkpt lat="46.73487" lon="12.21848"><ele>1227</ele></trkpt>
      <trkpt lat="46.73482" lon="12.21852"><ele>1227</ele></trkpt>
      <trkpt lat="46.73475" lon="12.21849"><ele>1226</ele></trkpt>
      <trkpt lat="46.73454" lon="12.21838"><ele>1226</ele></trkpt>
      <trkpt lat="46.73427" lon="12.21825"><ele>1226</ele></trkpt>
      <trkpt lat="46.73397" lon="12.21811"><ele>1224</ele></trkpt>
      <trkpt lat="46.73384" lon="12.21807"><ele>1224</ele></trkpt>
      <trkpt lat="46.73368" lon="12.21805"><ele>1224</ele></trkpt>
      <trkpt lat="46.73325" lon="12.21800"><ele>1223</ele></trkpt>
      <trkpt lat="46.73268" lon="12.21790"><ele>1221</ele></trkpt>
      <trkpt lat="46.73130" lon="12.21776"><ele>1218</ele></trkpt>
      <trkpt lat="46.73008" lon="12.21777"><ele>1214</ele></trkpt>
      <trkpt lat="46.72952" lon="12.21776"><ele>1212</ele></trkpt>
      <trkpt lat="46.72943" lon="12.21775"><ele>1212</ele></trkpt>
      <trkpt lat="46.72936" lon="12.21775"><ele>1212</ele></trkpt>
      <trkpt lat="46.72928" lon="12.21773"><ele>1211</ele></trkpt>
      <trkpt lat="46.72887" lon="12.21765"><ele>1211</ele></trkpt>
      <trkpt lat="46.72870" lon="12.21762"><ele>1211</ele></trkpt>
      <trkpt lat="46.72850" lon="12.21760"><ele>1210</ele></trkpt>
      <trkpt lat="46.72811" lon="12.21758"><ele>1208</ele></trkpt>
      <trkpt lat="46.72798" lon="12.21757"><ele>1208</ele></trkpt>
      <trkpt lat="46.72783" lon="12.21753"><ele>1206</ele></trkpt>
      <trkpt lat="46.72731" lon="12.21737"><ele>1205</ele></trkpt>
      <trkpt lat="46.72643" lon="12.21705"><ele>1202</ele></trkpt>
      <trkpt lat="46.72636" lon="12.21692"><ele>1202</ele></trkpt>
      <trkpt lat="46.72633" lon="12.21678"><ele>1202</ele></trkpt>
      <trkpt lat="46.72631" lon="12.21660"><ele>1201</ele></trkpt>
      <trkpt lat="46.72633" lon="12.21605"><ele>1200</ele></trkpt>
      <trkpt lat="46.72632" lon="12.21595"><ele>1200</ele></trkpt>
      <trkpt lat="46.72626" lon="12.21589"><ele>1199</ele></trkpt>
      <trkpt lat="46.72614" lon="12.21596"><ele>1200</ele></trkpt>
      <trkpt lat="46.72584" lon="12.21629"><ele>1200</ele></trkpt>
      <trkpt lat="46.72569" lon="12.21648"><ele>1200</ele></trkpt>
      <trkpt lat="46.72557" lon="12.21666"><ele>1200</ele></trkpt>
      <trkpt lat="46.72546" lon="12.21687"><ele>1200</ele></trkpt>
      <trkpt lat="46.72543" lon="12.21696"><ele>1200</ele></trkpt>
      <trkpt lat="46.72542" lon="12.21706"><ele>1200</ele></trkpt>
      <trkpt lat="46.72548" lon="12.21727"><ele>1201</ele></trkpt>
      <trkpt lat="46.72562" lon="12.21756"><ele>1201</ele></trkpt>
      <trkpt lat="46.72566" lon="12.21767"><ele>1201</ele></trkpt>
      <trkpt lat="46.72568" lon="12.21776"><ele>1201</ele></trkpt>
      <trkpt lat="46.72568" lon="12.21785"><ele>1202</ele></trkpt>
      <trkpt lat="46.72566" lon="12.21794"><ele>1202</ele></trkpt>
      <trkpt lat="46.72562" lon="12.21802"><ele>1202</ele></trkpt>
      <trkpt lat="46.72510" lon="12.21850"><ele>1206</ele></trkpt>
      <trkpt lat="46.72503" lon="12.21860"><ele>1207</ele></trkpt>
      <trkpt lat="46.72501" lon="12.21870"><ele>1207</ele></trkpt>
      <trkpt lat="46.72500" lon="12.21932"><ele>1208</ele></trkpt>
      <trkpt lat="46.72493" lon="12.22073"><ele>1209</ele></trkpt>
      <trkpt lat="46.72494" lon="12.22122"><ele>1211</ele></trkpt>
      <trkpt lat="46.72499" lon="12.22199"><ele>1209</ele></trkpt>
      <trkpt lat="46.72493" lon="12.22199"><ele>1209</ele></trkpt>
      <trkpt lat="46.72490" lon="12.22195"><ele>1209</ele></trkpt>
      <trkpt lat="46.72487" lon="12.22187"><ele>1209</ele></trkpt>
      <trkpt lat="46.72481" lon="12.22178"><ele>1209</ele></trkpt>
      <trkpt lat="46.72477" lon="12.22171"><ele>1209</ele></trkpt>
      <trkpt lat="46.72471" lon="12.22164"><ele>1209</ele></trkpt>
      <trkpt lat="46.72458" lon="12.22155"><ele>1211</ele></trkpt>
      <trkpt lat="46.72447" lon="12.22149"><ele>1212</ele></trkpt>
      <trkpt lat="46.72423" lon="12.22141"><ele>1212</ele></trkpt>
      <trkpt lat="46.72411" lon="12.22138"><ele>1212</ele></trkpt>
      <trkpt lat="46.72379" lon="12.22132"><ele>1210</ele></trkpt>
      <trkpt lat="46.72254" lon="12.22104"><ele>1212</ele></trkpt>
      <trkpt lat="46.72225" lon="12.22098"><ele>1212</ele></trkpt>
      <trkpt lat="46.72204" lon="12.22096"><ele>1212</ele></trkpt>
      <trkpt lat="46.72187" lon="12.22098"><ele>1212</ele></trkpt>
      <trkpt lat="46.72165" lon="12.22106"><ele>1212</ele></trkpt>
      <trkpt lat="46.72148" lon="12.22116"><ele>1212</ele></trkpt>
      <trkpt lat="46.72115" lon="12.22141"><ele>1213</ele></trkpt>
      <trkpt lat="46.72062" lon="12.22187"><ele>1213</ele></trkpt>
      <trkpt lat="46.72015" lon="12.22230"><ele>1214</ele></trkpt>
      <trkpt lat="46.71996" lon="12.22245"><ele>1214</ele></trkpt>
      <trkpt lat="46.71990" lon="12.22251"><ele>1214</ele></trkpt>
      <trkpt lat="46.71984" lon="12.22255"><ele>1214</ele></trkpt>
      <trkpt lat="46.71928" lon="12.22303"><ele>1213</ele></trkpt>
      <trkpt lat="46.71911" lon="12.22316"><ele>1214</ele></trkpt>
      <trkpt lat="46.71905" lon="12.22322"><ele>1214</ele></trkpt>
      <trkpt lat="46.71900" lon="12.22330"><ele>1214</ele></trkpt>
      <trkpt lat="46.71898" lon="12.22332"><ele>1214</ele></trkpt>
      <trkpt lat="46.71894" lon="12.22334"><ele>1213</ele></trkpt>
      <trkpt lat="46.71849" lon="12.22355"><ele>1214</ele></trkpt>
      <trkpt lat="46.71837" lon="12.22361"><ele>1215</ele></trkpt>
      <trkpt lat="46.71822" lon="12.22364"><ele>1215</ele></trkpt>
      <trkpt lat="46.71807" lon="12.22364"><ele>1214</ele></trkpt>
      <trkpt lat="46.71794" lon="12.22362"><ele>1215</ele></trkpt>
      <trkpt lat="46.71756" lon="12.22354"><ele>1216</ele></trkpt>
      <trkpt lat="46.71733" lon="12.22355"><ele>1217</ele></trkpt>
      <trkpt lat="46.71712" lon="12.22354"><ele>1218</ele></trkpt>
      <trkpt lat="46.71685" lon="12.22346"><ele>1218</ele></trkpt>
      <trkpt lat="46.71664" lon="12.22337"><ele>1218</ele></trkpt>
      <trkpt lat="46.71649" lon="12.22329"><ele>1220</ele></trkpt>
      <trkpt lat="46.71621" lon="12.22316"><ele>1222</ele></trkpt>
      <trkpt lat="46.71601" lon="12.22305"><ele>1222</ele></trkpt>
      <trkpt lat="46.71586" lon="12.22299"><ele>1223</ele></trkpt>
      <trkpt lat="46.71575" lon="12.22295"><ele>1224</ele></trkpt>
      <trkpt lat="46.71546" lon="12.22291"><ele>1224</ele></trkpt>
      <trkpt lat="46.71498" lon="12.22307"><ele>1226</ele></trkpt>
      <trkpt lat="46.71481" lon="12.22311"><ele>1228</ele></trkpt>
      <trkpt lat="46.71464" lon="12.22310"><ele>1229</ele></trkpt>
      <trkpt lat="46.71449" lon="12.22304"><ele>1228</ele></trkpt>
      <trkpt lat="46.71415" lon="12.22284"><ele>1230</ele></trkpt>
      <trkpt lat="46.71396" lon="12.22281"><ele>1230</ele></trkpt>
      <trkpt lat="46.71376" lon="12.22281"><ele>1231</ele></trkpt>
      <trkpt lat="46.71361" lon="12.22285"><ele>1232</ele></trkpt>
      <trkpt lat="46.71316" lon="12.22309"><ele>1235</ele></trkpt>
      <trkpt lat="46.71301" lon="12.22314"><ele>1236</ele></trkpt>
      <trkpt lat="46.71283" lon="12.22315"><ele>1236</ele></trkpt>
      <trkpt lat="46.71254" lon="12.22315"><ele>1237</ele></trkpt>
      <trkpt lat="46.71234" lon="12.22316"><ele>1237</ele></trkpt>
      <trkpt lat="46.71216" lon="12.22321"><ele>1238</ele></trkpt>
      <trkpt lat="46.71200" lon="12.22327"><ele>1238</ele></trkpt>
      <trkpt lat="46.71162" lon="12.22344"><ele>1242</ele></trkpt>
      <trkpt lat="46.71146" lon="12.22348"><ele>1242</ele></trkpt>
      <trkpt lat="46.71129" lon="12.22349"><ele>1243</ele></trkpt>
      <trkpt lat="46.71110" lon="12.22348"><ele>1243</ele></trkpt>
      <trkpt lat="46.71091" lon="12.22344"><ele>1243</ele></trkpt>
      <trkpt lat="46.71075" lon="12.22339"><ele>1243</ele></trkpt>
      <trkpt lat="46.71057" lon="12.22333"><ele>1244</ele></trkpt>
      <trkpt lat="46.71010" lon="12.22314"><ele>1246</ele></trkpt>
      <trkpt lat="46.70953" lon="12.22293"><ele>1248</ele></trkpt>
      <trkpt lat="46.70934" lon="12.22284"><ele>1250</ele></trkpt>
      <trkpt lat="46.70909" lon="12.22267"><ele>1252</ele></trkpt>
      <trkpt lat="46.70888" lon="12.22239"><ele>1251</ele></trkpt>
      <trkpt lat="46.70848" lon="12.22151"><ele>1255</ele></trkpt>
      <trkpt lat="46.70828" lon="12.22105"><ele>1256</ele></trkpt>
      <trkpt lat="46.70815" lon="12.22083"><ele>1258</ele></trkpt>
      <trkpt lat="46.70800" lon="12.22067"><ele>1258</ele></trkpt>
      <trkpt lat="46.70789" lon="12.22057"><ele>1257</ele></trkpt>
      <trkpt lat="46.70776" lon="12.22048"><ele>1257</ele></trkpt>
      <trkpt lat="46.70767" lon="12.22043"><ele>1257</ele></trkpt>
      <trkpt lat="46.70707" lon="12.22008"><ele>1258</ele></trkpt>
      <trkpt lat="46.70692" lon="12.22001"><ele>1258</ele></trkpt>
      <trkpt lat="46.70665" lon="12.21995"><ele>1258</ele></trkpt>
      <trkpt lat="46.70634" lon="12.21989"><ele>1258</ele></trkpt>
      <trkpt lat="46.70576" lon="12.21981"><ele>1258</ele></trkpt>
      <trkpt lat="46.70548" lon="12.21987"><ele>1258</ele></trkpt>
      <trkpt lat="46.70533" lon="12.21992"><ele>1258</ele></trkpt>
      <trkpt lat="46.70513" lon="12.21992"><ele>1259</ele></trkpt>
      <trkpt lat="46.70502" lon="12.21989"><ele>1258</ele></trkpt>
      <trkpt lat="46.70465" lon="12.21991"><ele>1259</ele></trkpt>
      <trkpt lat="46.70437" lon="12.22002"><ele>1259</ele></trkpt>
      <trkpt lat="46.70421" lon="12.22013"><ele>1258</ele></trkpt>
      <trkpt lat="46.70341" lon="12.22128"><ele>1259</ele></trkpt>
      <trkpt lat="46.70326" lon="12.22149"><ele>1259</ele></trkpt>
      <trkpt lat="46.70307" lon="12.22165"><ele>1258</ele></trkpt>
      <trkpt lat="46.70287" lon="12.22176"><ele>1260</ele></trkpt>
      <trkpt lat="46.70265" lon="12.22181"><ele>1260</ele></trkpt>
      <trkpt lat="46.70225" lon="12.22177"><ele>1260</ele></trkpt>
      <trkpt lat="46.70210" lon="12.22178"><ele>1260</ele></trkpt>
      <trkpt lat="46.70189" lon="12.22182"><ele>1260</ele></trkpt>
      <trkpt lat="46.70146" lon="12.22206"><ele>1260</ele></trkpt>
      <trkpt lat="46.70132" lon="12.22215"><ele>1260</ele></trkpt>
      <trkpt lat="46.70108" lon="12.22224"><ele>1259</ele></trkpt>
      <trkpt lat="46.70082" lon="12.22231"><ele>1260</ele></trkpt>
      <trkpt lat="46.70070" lon="12.22231"><ele>1260</ele></trkpt>
      <trkpt lat="46.69983" lon="12.22212"><ele>1259</ele></trkpt>
      <trkpt lat="46.69960" lon="12.22206"><ele>1258</ele></trkpt>
      <trkpt lat="46.69838" lon="12.22165"><ele>1260</ele></trkpt>
      <trkpt lat="46.69780" lon="12.22141"><ele>1262</ele></trkpt>
      <trkpt lat="46.69744" lon="12.22130"><ele>1262</ele></trkpt>
      <trkpt lat="46.69719" lon="12.22131"><ele>1263</ele></trkpt>
      <trkpt lat="46.69707" lon="12.22137"><ele>1263</ele></trkpt>
      <trkpt lat="46.69658" lon="12.22177"><ele>1265</ele></trkpt>
      <trkpt lat="46.69645" lon="12.22187"><ele>1266</ele></trkpt>
      <trkpt lat="46.69614" lon="12.22202"><ele>1268</ele></trkpt>
      <trkpt lat="46.69575" lon="12.22218"><ele>1268</ele></trkpt>
      <trkpt lat="46.69557" lon="12.22226"><ele>1270</ele></trkpt>
      <trkpt lat="46.69531" lon="12.22232"><ele>1271</ele></trkpt>
      <trkpt lat="46.69498" lon="12.22241"><ele>1272</ele></trkpt>
      <trkpt lat="46.69467" lon="12.22243"><ele>1273</ele></trkpt>
      <trkpt lat="46.69436" lon="12.22247"><ele>1273</ele></trkpt>
      <trkpt lat="46.69406" lon="12.22252"><ele>1274</ele></trkpt>
      <trkpt lat="46.69336" lon="12.22289"><ele>1276</ele></trkpt>
      <trkpt lat="46.69313" lon="12.22300"><ele>1276</ele></trkpt>
      <trkpt lat="46.69298" lon="12.22313"><ele>1276</ele></trkpt>
      <trkpt lat="46.69275" lon="12.22345"><ele>1278</ele></trkpt>
      <trkpt lat="46.69254" lon="12.22370"><ele>1278</ele></trkpt>
      <trkpt lat="46.69230" lon="12.22390"><ele>1280</ele></trkpt>
      <trkpt lat="46.69217" lon="12.22394"><ele>1280</ele></trkpt>
      <trkpt lat="46.69205" lon="12.22397"><ele>1281</ele></trkpt>
      <trkpt lat="46.69192" lon="12.22396"><ele>1281</ele></trkpt>
      <trkpt lat="46.69178" lon="12.22391"><ele>1282</ele></trkpt>
      <trkpt lat="46.69165" lon="12.22383"><ele>1283</ele></trkpt>
      <trkpt lat="46.69120" lon="12.22360"><ele>1284</ele></trkpt>
      <trkpt lat="46.69104" lon="12.22357"><ele>1285</ele></trkpt>
      <trkpt lat="46.69085" lon="12.22356"><ele>1286</ele></trkpt>
      <trkpt lat="46.69001" lon="12.22358"><ele>1289</ele></trkpt>
      <trkpt lat="46.68883" lon="12.22339"><ele>1294</ele></trkpt>
      <trkpt lat="46.68855" lon="12.22346"><ele>1295</ele></trkpt>
      <trkpt lat="46.68814" lon="12.22366"><ele>1295</ele></trkpt>
      <trkpt lat="46.68803" lon="12.22369"><ele>1295</ele></trkpt>
      <trkpt lat="46.68744" lon="12.22370"><ele>1298</ele></trkpt>
      <trkpt lat="46.68606" lon="12.22416"><ele>1302</ele></trkpt>
      <trkpt lat="46.68577" lon="12.22429"><ele>1302</ele></trkpt>
      <trkpt lat="46.68564" lon="12.22433"><ele>1303</ele></trkpt>
      <trkpt lat="46.68546" lon="12.22436"><ele>1303</ele></trkpt>
      <trkpt lat="46.68447" lon="12.22437"><ele>1305</ele></trkpt>
      <trkpt lat="46.68403" lon="12.22429"><ele>1305</ele></trkpt>
      <trkpt lat="46.68309" lon="12.22428"><ele>1305</ele></trkpt>
      <trkpt lat="46.68276" lon="12.22415"><ele>1304</ele></trkpt>
      <trkpt lat="46.68249" lon="12.22414"><ele>1305</ele></trkpt>
      <trkpt lat="46.68001" lon="12.22341"><ele>1308</ele></trkpt>
      <trkpt lat="46.67814" lon="12.22284"><ele>1310</ele></trkpt>
      <trkpt lat="46.67632" lon="12.22222"><ele>1313</ele></trkpt>
      <trkpt lat="46.67587" lon="12.22208"><ele>1314</ele></trkpt>
      <trkpt lat="46.67490" lon="12.22176"><ele>1316</ele></trkpt>
      <trkpt lat="46.67453" lon="12.22164"><ele>1318</ele></trkpt>
      <trkpt lat="46.67399" lon="12.22160"><ele>1322</ele></trkpt>
      <trkpt lat="46.67372" lon="12.22159"><ele>1323</ele></trkpt>
      <trkpt lat="46.67356" lon="12.22155"><ele>1323</ele></trkpt>
      <trkpt lat="46.67342" lon="12.22150"><ele>1323</ele></trkpt>
      <trkpt lat="46.67330" lon="12.22145"><ele>1324</ele></trkpt>
      <trkpt lat="46.67304" lon="12.22133"><ele>1325</ele></trkpt>
      <trkpt lat="46.67276" lon="12.22125"><ele>1328</ele></trkpt>
      <trkpt lat="46.67226" lon="12.22122"><ele>1328</ele></trkpt>
      <trkpt lat="46.67213" lon="12.22123"><ele>1329</ele></trkpt>
      <trkpt lat="46.67197" lon="12.22128"><ele>1329</ele></trkpt>
      <trkpt lat="46.67189" lon="12.22129"><ele>1329</ele></trkpt>
      <trkpt lat="46.67181" lon="12.22130"><ele>1329</ele></trkpt>
      <trkpt lat="46.67156" lon="12.22127"><ele>1330</ele></trkpt>
      <trkpt lat="46.67150" lon="12.22129"><ele>1330</ele></trkpt>
      <trkpt lat="46.67128" lon="12.22146"><ele>1328</ele></trkpt>
      <trkpt lat="46.67120" lon="12.22151"><ele>1328</ele></trkpt>
      <trkpt lat="46.67100" lon="12.22157"><ele>1328</ele></trkpt>
      <trkpt lat="46.67072" lon="12.22161"><ele>1328</ele></trkpt>
      <trkpt lat="46.67043" lon="12.22164"><ele>1329</ele></trkpt>
      <trkpt lat="46.67011" lon="12.22170"><ele>1330</ele></trkpt>
      <trkpt lat="46.66977" lon="12.22178"><ele>1330</ele></trkpt>
      <trkpt lat="46.66969" lon="12.22181"><ele>1330</ele></trkpt>
      <trkpt lat="46.66948" lon="12.22199"><ele>1330</ele></trkpt>
      <trkpt lat="46.66890" lon="12.22258"><ele>1332</ele></trkpt>
      <trkpt lat="46.66866" lon="12.22278"><ele>1332</ele></trkpt>
      <trkpt lat="46.66861" lon="12.22282"><ele>1332</ele></trkpt>
      <trkpt lat="46.66855" lon="12.22285"><ele>1332</ele></trkpt>
      <trkpt lat="46.66833" lon="12.22292"><ele>1332</ele></trkpt>
      <trkpt lat="46.66819" lon="12.22299"><ele>1333</ele></trkpt>
      <trkpt lat="46.66811" lon="12.22305"><ele>1334</ele></trkpt>
      <trkpt lat="46.66757" lon="12.22356"><ele>1335</ele></trkpt>
      <trkpt lat="46.66745" lon="12.22364"><ele>1335</ele></trkpt>
      <trkpt lat="46.66727" lon="12.22374"><ele>1336</ele></trkpt>
      <trkpt lat="46.66694" lon="12.22388"><ele>1337</ele></trkpt>
      <trkpt lat="46.66683" lon="12.22392"><ele>1337</ele></trkpt>
      <trkpt lat="46.66658" lon="12.22400"><ele>1338</ele></trkpt>
      <trkpt lat="46.66623" lon="12.22415"><ele>1338</ele></trkpt>
      <trkpt lat="46.66614" lon="12.22417"><ele>1339</ele></trkpt>
      <trkpt lat="46.66609" lon="12.22415"><ele>1339</ele></trkpt>
      <trkpt lat="46.66580" lon="12.22397"><ele>1340</ele></trkpt>
      <trkpt lat="46.66571" lon="12.22393"><ele>1340</ele></trkpt>
      <trkpt lat="46.66549" lon="12.22386"><ele>1340</ele></trkpt>
      <trkpt lat="46.66516" lon="12.22373"><ele>1341</ele></trkpt>
      <trkpt lat="46.66505" lon="12.22368"><ele>1341</ele></trkpt>
      <trkpt lat="46.66493" lon="12.22361"><ele>1342</ele></trkpt>
      <trkpt lat="46.66440" lon="12.22325"><ele>1343</ele></trkpt>
      <trkpt lat="46.66424" lon="12.22321"><ele>1344</ele></trkpt>
      <trkpt lat="46.66399" lon="12.22320"><ele>1344</ele></trkpt>
      <trkpt lat="46.66315" lon="12.22339"><ele>1346</ele></trkpt>
      <trkpt lat="46.66265" lon="12.22348"><ele>1346</ele></trkpt>
      <trkpt lat="46.66125" lon="12.22379"><ele>1350</ele></trkpt>
      <trkpt lat="46.66109" lon="12.22386"><ele>1351</ele></trkpt>
      <trkpt lat="46.66097" lon="12.22394"><ele>1351</ele></trkpt>
      <trkpt lat="46.66088" lon="12.22401"><ele>1351</ele></trkpt>
      <trkpt lat="46.66080" lon="12.22409"><ele>1352</ele></trkpt>
      <trkpt lat="46.65969" lon="12.22529"><ele>1358</ele></trkpt>
      <trkpt lat="46.65929" lon="12.22568"><ele>1358</ele></trkpt>
      <trkpt lat="46.65898" lon="12.22593"><ele>1360</ele></trkpt>
      <trkpt lat="46.65868" lon="12.22604"><ele>1360</ele></trkpt>
      <trkpt lat="46.65841" lon="12.22609"><ele>1360</ele></trkpt>
      <trkpt lat="46.65822" lon="12.22608"><ele>1360</ele></trkpt>
      <trkpt lat="46.65698" lon="12.22574"><ele>1363</ele></trkpt>
      <trkpt lat="46.65665" lon="12.22582"><ele>1361</ele></trkpt>
      <trkpt lat="46.65654" lon="12.22592"><ele>1362</ele></trkpt>
      <trkpt lat="46.65647" lon="12.22593"><ele>1362</ele></trkpt>
      <trkpt lat="46.65639" lon="12.22592"><ele>1363</ele></trkpt>
      <trkpt lat="46.65619" lon="12.22581"><ele>1362</ele></trkpt>
      <trkpt lat="46.65603" lon="12.22570"><ele>1362</ele></trkpt>
      <trkpt lat="46.65592" lon="12.22565"><ele>1362</ele></trkpt>
      <trkpt lat="46.65576" lon="12.22568"><ele>1362</ele></trkpt>
      <trkpt lat="46.65559" lon="12.22576"><ele>1363</ele></trkpt>
      <trkpt lat="46.65476" lon="12.22618"><ele>1366</ele></trkpt>
      <trkpt lat="46.65335" lon="12.22687"><ele>1370</ele></trkpt>
      <trkpt lat="46.65236" lon="12.22714"><ele>1372</ele></trkpt>
      <trkpt lat="46.65166" lon="12.22731"><ele>1374</ele></trkpt>
      <trkpt lat="46.65153" lon="12.22738"><ele>1375</ele></trkpt>
      <trkpt lat="46.65132" lon="12.22753"><ele>1376</ele></trkpt>
      <trkpt lat="46.65113" lon="12.22764"><ele>1378</ele></trkpt>
      <trkpt lat="46.65109" lon="12.22771"><ele>1377</ele></trkpt>
      <trkpt lat="46.65108" lon="12.22776"><ele>1376</ele></trkpt>
      <trkpt lat="46.65105" lon="12.22790"><ele>1375</ele></trkpt>
      <trkpt lat="46.65105" lon="12.22792"><ele>1375</ele></trkpt>
      <trkpt lat="46.65103" lon="12.22800"><ele>1375</ele></trkpt>
      <trkpt lat="46.65100" lon="12.22805"><ele>1376</ele></trkpt>
      <trkpt lat="46.65098" lon="12.22809"><ele>1376</ele></trkpt>
      <trkpt lat="46.65091" lon="12.22815"><ele>1378</ele></trkpt>
      <trkpt lat="46.65054" lon="12.22836"><ele>1380</ele></trkpt>
      <trkpt lat="46.65020" lon="12.22844"><ele>1382</ele></trkpt>
      <trkpt lat="46.65001" lon="12.22851"><ele>1381</ele></trkpt>
      <trkpt lat="46.64983" lon="12.22865"><ele>1381</ele></trkpt>
      <trkpt lat="46.64968" lon="12.22884"><ele>1380</ele></trkpt>
      <trkpt lat="46.64940" lon="12.22936"><ele>1382</ele></trkpt>
      <trkpt lat="46.64928" lon="12.22962"><ele>1382</ele></trkpt>
      <trkpt lat="46.64914" lon="12.22989"><ele>1382</ele></trkpt>
      <trkpt lat="46.64900" lon="12.23008"><ele>1382</ele></trkpt>
      <trkpt lat="46.64887" lon="12.23021"><ele>1382</ele></trkpt>
      <trkpt lat="46.64825" lon="12.23069"><ele>1384</ele></trkpt>
      <trkpt lat="46.64759" lon="12.23116"><ele>1386</ele></trkpt>
      <trkpt lat="46.64585" lon="12.23224"><ele>1392</ele></trkpt>
      <trkpt lat="46.64575" lon="12.23235"><ele>1392</ele></trkpt>
      <trkpt lat="46.64564" lon="12.23250"><ele>1393</ele></trkpt>
      <trkpt lat="46.64558" lon="12.23261"><ele>1393</ele></trkpt>
      <trkpt lat="46.64552" lon="12.23268"><ele>1393</ele></trkpt>
      <trkpt lat="46.64549" lon="12.23270"><ele>1393</ele></trkpt>
      <trkpt lat="46.64543" lon="12.23273"><ele>1393</ele></trkpt>
      <trkpt lat="46.64522" lon="12.23275"><ele>1394</ele></trkpt>
      <trkpt lat="46.64506" lon="12.23274"><ele>1394</ele></trkpt>
      <trkpt lat="46.64412" lon="12.23255"><ele>1397</ele></trkpt>
      <trkpt lat="46.64394" lon="12.23255"><ele>1397</ele></trkpt>
      <trkpt lat="46.64385" lon="12.23256"><ele>1397</ele></trkpt>
      <trkpt lat="46.64364" lon="12.23261"><ele>1398</ele></trkpt>
      <trkpt lat="46.64289" lon="12.23303"><ele>1400</ele></trkpt>
      <trkpt lat="46.64263" lon="12.23313"><ele>1400</ele></trkpt>
      <trkpt lat="46.64241" lon="12.23316"><ele>1401</ele></trkpt>
      <trkpt lat="46.64164" lon="12.23309"><ele>1403</ele></trkpt>
      <trkpt lat="46.64096" lon="12.23301"><ele>1404</ele></trkpt>
      <trkpt lat="46.64057" lon="12.23291"><ele>1405</ele></trkpt>
      <trkpt lat="46.63989" lon="12.23270"><ele>1406</ele></trkpt>
      <trkpt lat="46.63949" lon="12.23258"><ele>1406</ele></trkpt>
      <trkpt lat="46.63906" lon="12.23245"><ele>1406</ele></trkpt>
      <trkpt lat="46.63901" lon="12.23240"><ele>1406</ele></trkpt>
      <trkpt lat="46.63900" lon="12.23237"><ele>1406</ele></trkpt>
      <trkpt lat="46.63887" lon="12.23200"><ele>1406</ele></trkpt>
      <trkpt lat="46.63880" lon="12.23188"><ele>1406</ele></trkpt>
      <trkpt lat="46.63874" lon="12.23182"><ele>1406</ele></trkpt>
      <trkpt lat="46.63868" lon="12.23179"><ele>1406</ele></trkpt>
      <trkpt lat="46.63758" lon="12.23180"><ele>1406</ele></trkpt>
      <trkpt lat="46.63751" lon="12.23185"><ele>1406</ele></trkpt>
      <trkpt lat="46.63745" lon="12.23191"><ele>1407</ele></trkpt>
      <trkpt lat="46.63739" lon="12.23194"><ele>1407</ele></trkpt>
      <trkpt lat="46.63578" lon="12.23198"><ele>1407</ele></trkpt>
      <trkpt lat="46.63569" lon="12.23198"><ele>1407</ele></trkpt>
      <trkpt lat="46.63530" lon="12.23193"><ele>1407</ele></trkpt>
      <trkpt lat="46.63514" lon="12.23188"><ele>1407</ele></trkpt>
      <trkpt lat="46.63499" lon="12.23178"><ele>1407</ele></trkpt>
      <trkpt lat="46.63467" lon="12.23153"><ele>1407</ele></trkpt>
      <trkpt lat="46.63461" lon="12.23146"><ele>1407</ele></trkpt>
      <trkpt lat="46.63455" lon="12.23137"><ele>1408</ele></trkpt>
      <trkpt lat="46.63430" lon="12.23122"><ele>1408</ele></trkpt>
      <trkpt lat="46.63415" lon="12.23109"><ele>1408</ele></trkpt>
      <trkpt lat="46.63403" lon="12.23104"><ele>1408</ele></trkpt>
      <trkpt lat="46.63372" lon="12.23094"><ele>1406</ele></trkpt>
      <trkpt lat="46.63334" lon="12.23057"><ele>1407</ele></trkpt>
      <trkpt lat="46.63314" lon="12.23038"><ele>1407</ele></trkpt>
      <trkpt lat="46.63250" lon="12.22984"><ele>1407</ele></trkpt>
      <trkpt lat="46.63229" lon="12.22969"><ele>1407</ele></trkpt>
      <trkpt lat="46.63221" lon="12.22963"><ele>1406</ele></trkpt>
      <trkpt lat="46.63194" lon="12.22948"><ele>1406</ele></trkpt>
      <trkpt lat="46.63097" lon="12.22913"><ele>1406</ele></trkpt>
      <trkpt lat="46.63063" lon="12.22904"><ele>1406</ele></trkpt>
      <trkpt lat="46.63037" lon="12.22902"><ele>1406</ele></trkpt>
      <trkpt lat="46.63000" lon="12.22901"><ele>1406</ele></trkpt>
      <trkpt lat="46.62883" lon="12.22894"><ele>1407</ele></trkpt>
      <trkpt lat="46.62853" lon="12.22890"><ele>1407</ele></trkpt>
      <trkpt lat="46.62838" lon="12.22881"><ele>1407</ele></trkpt>
      <trkpt lat="46.62765" lon="12.22821"><ele>1408</ele></trkpt>
      <trkpt lat="46.62760" lon="12.22817"><ele>1408</ele></trkpt>
      <trkpt lat="46.62758" lon="12.22815"><ele>1408</ele></trkpt>
      <trkpt lat="46.62634" lon="12.22712"><ele>1417</ele></trkpt>
      <trkpt lat="46.62497" lon="12.22598"><ele>1417</ele></trkpt>
      <trkpt lat="46.62378" lon="12.22505"><ele>1422</ele></trkpt>
      <trkpt lat="46.62334" lon="12.22465"><ele>1423</ele></trkpt>
      <trkpt lat="46.62321" lon="12.22455"><ele>1424</ele></trkpt>
      <trkpt lat="46.62231" lon="12.22387"><ele>1427</ele></trkpt>
      <trkpt lat="46.62204" lon="12.22371"><ele>1428</ele></trkpt>
      <trkpt lat="46.62177" lon="12.22355"><ele>1430</ele></trkpt>
      <trkpt lat="46.62093" lon="12.22313"><ele>1433</ele></trkpt>
      <trkpt lat="46.61994" lon="12.22274"><ele>1436</ele></trkpt>
      <trkpt lat="46.61921" lon="12.22236"><ele>1439</ele></trkpt>
      <trkpt lat="46.61901" lon="12.22219"><ele>1440</ele></trkpt>
      <trkpt lat="46.61867" lon="12.22182"><ele>1440</ele></trkpt>
      <trkpt lat="46.61851" lon="12.22159"><ele>1442</ele></trkpt>
      <trkpt lat="46.61839" lon="12.22136"><ele>1443</ele></trkpt>
      <trkpt lat="46.61827" lon="12.22110"><ele>1444</ele></trkpt>
      <trkpt lat="46.61807" lon="12.22065"><ele>1446</ele></trkpt>
      <trkpt lat="46.61794" lon="12.22025"><ele>1447</ele></trkpt>
      <trkpt lat="46.61779" lon="12.21978"><ele>1449</ele></trkpt>
      <trkpt lat="46.61684" lon="12.21679"><ele>1454</ele></trkpt>
      <trkpt lat="46.61618" lon="12.21493"><ele>1454</ele></trkpt>
      <trkpt lat="46.61614" lon="12.21471"><ele>1454</ele></trkpt>
      <trkpt lat="46.61614" lon="12.21450"><ele>1456</ele></trkpt>
      <trkpt lat="46.61616" lon="12.21425"><ele>1458</ele></trkpt>
      <trkpt lat="46.61620" lon="12.21406"><ele>1460</ele></trkpt>
      <trkpt lat="46.61628" lon="12.21389"><ele>1459</ele></trkpt>
      <trkpt lat="46.61637" lon="12.21373"><ele>1457</ele></trkpt>
      <trkpt lat="46.61649" lon="12.21358"><ele>1457</ele></trkpt>
      <trkpt lat="46.61663" lon="12.21345"><ele>1458</ele></trkpt>
      <trkpt lat="46.61712" lon="12.21308"><ele>1460</ele></trkpt>
      <trkpt lat="46.61732" lon="12.21290"><ele>1460</ele></trkpt>
      <trkpt lat="46.61752" lon="12.21270"><ele>1461</ele></trkpt>
      <trkpt lat="46.61766" lon="12.21250"><ele>1462</ele></trkpt>
      <trkpt lat="46.61784" lon="12.21218"><ele>1463</ele></trkpt>
      <trkpt lat="46.61805" lon="12.21176"><ele>1464</ele></trkpt>
      <trkpt lat="46.61818" lon="12.21147"><ele>1464</ele></trkpt>
      <trkpt lat="46.61829" lon="12.21120"><ele>1465</ele></trkpt>
      <trkpt lat="46.61835" lon="12.21099"><ele>1466</ele></trkpt>
      <trkpt lat="46.61840" lon="12.21077"><ele>1466</ele></trkpt>
      <trkpt lat="46.61843" lon="12.21048"><ele>1466</ele></trkpt>
      <trkpt lat="46.61844" lon="12.21017"><ele>1467</ele></trkpt>
      <trkpt lat="46.61845" lon="12.20992"><ele>1466</ele></trkpt>
      <trkpt lat="46.61849" lon="12.20917"><ele>1468</ele></trkpt>
      <trkpt lat="46.61848" lon="12.20879"><ele>1470</ele></trkpt>
      <trkpt lat="46.61843" lon="12.20850"><ele>1471</ele></trkpt>
      <trkpt lat="46.61834" lon="12.20814"><ele>1473</ele></trkpt>
      <trkpt lat="46.61787" lon="12.20667"><ele>1478</ele></trkpt>
      <trkpt lat="46.61775" lon="12.20628"><ele>1478</ele></trkpt>
      <trkpt lat="46.61772" lon="12.20607"><ele>1478</ele></trkpt>
      <trkpt lat="46.61773" lon="12.20579"><ele>1478</ele></trkpt>
      <trkpt lat="46.61779" lon="12.20551"><ele>1478</ele></trkpt>
      <trkpt lat="46.61788" lon="12.20525"><ele>1479</ele></trkpt>
      <trkpt lat="46.61800" lon="12.20505"><ele>1482</ele></trkpt>
      <trkpt lat="46.61814" lon="12.20486"><ele>1483</ele></trkpt>
      <trkpt lat="46.61855" lon="12.20449"><ele>1482</ele></trkpt>
      <trkpt lat="46.61865" lon="12.20438"><ele>1482</ele></trkpt>
      <trkpt lat="46.61877" lon="12.20423"><ele>1482</ele></trkpt>
      <trkpt lat="46.61885" lon="12.20411"><ele>1483</ele></trkpt>
      <trkpt lat="46.61892" lon="12.20392"><ele>1484</ele></trkpt>
      <trkpt lat="46.61899" lon="12.20363"><ele>1484</ele></trkpt>
      <trkpt lat="46.61901" lon="12.20331"><ele>1486</ele></trkpt>
      <trkpt lat="46.61898" lon="12.20289"><ele>1486</ele></trkpt>
      <trkpt lat="46.61899" lon="12.20273"><ele>1487</ele></trkpt>
      <trkpt lat="46.61902" lon="12.20255"><ele>1489</ele></trkpt>
      <trkpt lat="46.61906" lon="12.20240"><ele>1490</ele></trkpt>
      <trkpt lat="46.61922" lon="12.20206"><ele>1490</ele></trkpt>
      <trkpt lat="46.61928" lon="12.20190"><ele>1490</ele></trkpt>
      <trkpt lat="46.61933" lon="12.20166"><ele>1491</ele></trkpt>
      <trkpt lat="46.61937" lon="12.20142"><ele>1490</ele></trkpt>
      <trkpt lat="46.61940" lon="12.20117"><ele>1491</ele></trkpt>
      <trkpt lat="46.61954" lon="12.20061"><ele>1494</ele></trkpt>
      <trkpt lat="46.61972" lon="12.20005"><ele>1495</ele></trkpt>
      <trkpt lat="46.61989" lon="12.19965"><ele>1498</ele></trkpt>
      <trkpt lat="46.62024" lon="12.19902"><ele>1498</ele></trkpt>
      <trkpt lat="46.62052" lon="12.19840"><ele>1499</ele></trkpt>
      <trkpt lat="46.62063" lon="12.19801"><ele>1501</ele></trkpt>
      <trkpt lat="46.62070" lon="12.19747"><ele>1500</ele></trkpt>
      <trkpt lat="46.62077" lon="12.19726"><ele>1503</ele></trkpt>
      <trkpt lat="46.62087" lon="12.19708"><ele>1503</ele></trkpt>
      <trkpt lat="46.62144" lon="12.19613"><ele>1506</ele></trkpt>
      <trkpt lat="46.62164" lon="12.19576"><ele>1505</ele></trkpt>
      <trkpt lat="46.62174" lon="12.19551"><ele>1506</ele></trkpt>
      <trkpt lat="46.62181" lon="12.19519"><ele>1506</ele></trkpt>
      <trkpt lat="46.62182" lon="12.19488"><ele>1506</ele></trkpt>
      <trkpt lat="46.62180" lon="12.19459"><ele>1508</ele></trkpt>
      <trkpt lat="46.62177" lon="12.19429"><ele>1510</ele></trkpt>
      <trkpt lat="46.62160" lon="12.19348"><ele>1514</ele></trkpt>
      <trkpt lat="46.62157" lon="12.19320"><ele>1514</ele></trkpt>
      <trkpt lat="46.62155" lon="12.19270"><ele>1514</ele></trkpt>
      <trkpt lat="46.62162" lon="12.19207"><ele>1516</ele></trkpt>
      <trkpt lat="46.62199" lon="12.18959"><ele>1522</ele></trkpt>
      <trkpt lat="46.62199" lon="12.18940"><ele>1522</ele></trkpt>
      <trkpt lat="46.62199" lon="12.18931"><ele>1522</ele></trkpt>
      <trkpt lat="46.62197" lon="12.18905"><ele>1523</ele></trkpt>
      <trkpt lat="46.62193" lon="12.18877"><ele>1523</ele></trkpt>
      <trkpt lat="46.62171" lon="12.18782"><ele>1525</ele></trkpt>
      <trkpt lat="46.62150" lon="12.18688"><ele>1527</ele></trkpt>
      <trkpt lat="46.62130" lon="12.18605"><ele>1528</ele></trkpt>
      <trkpt lat="46.62118" lon="12.18564"><ele>1528</ele></trkpt>
      <trkpt lat="46.62103" lon="12.18520"><ele>1529</ele></trkpt>
      <trkpt lat="46.62090" lon="12.18489"><ele>1529</ele></trkpt>
      <trkpt lat="46.62071" lon="12.18451"><ele>1529</ele></trkpt>
      <trkpt lat="46.62068" lon="12.18446"><ele>1530</ele></trkpt>
      <trkpt lat="46.62053" lon="12.18414"><ele>1529</ele></trkpt>
      <trkpt lat="46.62051" lon="12.18399"><ele>1529</ele></trkpt>
      <trkpt lat="46.62049" lon="12.18391"><ele>1529</ele></trkpt>
      <trkpt lat="46.62015" lon="12.18316"><ele>1530</ele></trkpt>
      <trkpt lat="46.62001" lon="12.18283"><ele>1530</ele></trkpt>
      <trkpt lat="46.61978" lon="12.18228"><ele>1530</ele></trkpt>
      <trkpt lat="46.61962" lon="12.18198"><ele>1530</ele></trkpt>
      <trkpt lat="46.61950" lon="12.18176"><ele>1529</ele></trkpt>
      <trkpt lat="46.61922" lon="12.18122"><ele>1528</ele></trkpt>
      <trkpt lat="46.61851" lon="12.17992"><ele>1524</ele></trkpt>
      <trkpt lat="46.61843" lon="12.17973"><ele>1524</ele></trkpt>
      <trkpt lat="46.61826" lon="12.17927"><ele>1522</ele></trkpt>
      <trkpt lat="46.61817" lon="12.17895"><ele>1521</ele></trkpt>
      <trkpt lat="46.61788" lon="12.17740"><ele>1519</ele></trkpt>
      <trkpt lat="46.61764" lon="12.17616"><ele>1518</ele></trkpt>
      <trkpt lat="46.61758" lon="12.17574"><ele>1518</ele></trkpt>
      <trkpt lat="46.61757" lon="12.17552"><ele>1518</ele></trkpt>
      <trkpt lat="46.61758" lon="12.17512"><ele>1518</ele></trkpt>
      <trkpt lat="46.61767" lon="12.17380"><ele>1516</ele></trkpt>
      <trkpt lat="46.61766" lon="12.17343"><ele>1515</ele></trkpt>
      <trkpt lat="46.61763" lon="12.17318"><ele>1514</ele></trkpt>
      <trkpt lat="46.61757" lon="12.17280"><ele>1513</ele></trkpt>
      <trkpt lat="46.61740" lon="12.17225"><ele>1512</ele></trkpt>
      <trkpt lat="46.61702" lon="12.17122"><ele>1510</ele></trkpt>
      <trkpt lat="46.61663" lon="12.17026"><ele>1510</ele></trkpt>
      <trkpt lat="46.61674" lon="12.17029"><ele>1510</ele></trkpt>
      <trkpt lat="46.61686" lon="12.17019"><ele>1509</ele></trkpt>
      <trkpt lat="46.61693" lon="12.17011"><ele>1509</ele></trkpt>
      <trkpt lat="46.61708" lon="12.17012"><ele>1509</ele></trkpt>
      <trkpt lat="46.61719" lon="12.17010"><ele>1509</ele></trkpt>
      <trkpt lat="46.61744" lon="12.16992"><ele>1509</ele></trkpt>
      <trkpt lat="46.61754" lon="12.16990"><ele>1509</ele></trkpt>
      <trkpt lat="46.61790" lon="12.16992"><ele>1510</ele></trkpt>
      <trkpt lat="46.61804" lon="12.16996"><ele>1510</ele></trkpt>
      <trkpt lat="46.61826" lon="12.17009"><ele>1516</ele></trkpt>
      <trkpt lat="46.61855" lon="12.17018"><ele>1522</ele></trkpt>
      <trkpt lat="46.61859" lon="12.17016"><ele>1524</ele></trkpt>
      <trkpt lat="46.61861" lon="12.17010"><ele>1525</ele></trkpt>
      <trkpt lat="46.61861" lon="12.17004"><ele>1525</ele></trkpt>
      <trkpt lat="46.61860" lon="12.17001"><ele>1526</ele></trkpt>
      <trkpt lat="46.61858" lon="12.16999"><ele>1525</ele></trkpt>
      <trkpt lat="46.61841" lon="12.16995"><ele>1522</ele></trkpt>
      <trkpt lat="46.61836" lon="12.16991"><ele>1520</ele></trkpt>
      <trkpt lat="46.61813" lon="12.16957"><ele>1515</ele></trkpt>
      <trkpt lat="46.61757" lon="12.16907"><ele>1510</ele></trkpt>
      <trkpt lat="46.61742" lon="12.16882"><ele>1510</ele></trkpt>
      <trkpt lat="46.61737" lon="12.16863"><ele>1510</ele></trkpt>
      <trkpt lat="46.61734" lon="12.16851"><ele>1510</ele></trkpt>
      <trkpt lat="46.61728" lon="12.16826"><ele>1511</ele></trkpt>
      <trkpt lat="46.61715" lon="12.16709"><ele>1534</ele></trkpt>
      <trkpt lat="46.61704" lon="12.16666"><ele>1545</ele></trkpt>
      <trkpt lat="46.61703" lon="12.16630"><ele>1560</ele></trkpt>
      <trkpt lat="46.61680" lon="12.16520"><ele>1573</ele></trkpt>
      <trkpt lat="46.61681" lon="12.16490"><ele>1574</ele></trkpt>
      <trkpt lat="46.61692" lon="12.16442"><ele>1584</ele></trkpt>
      <trkpt lat="46.61698" lon="12.16346"><ele>1604</ele></trkpt>
      <trkpt lat="46.61697" lon="12.16328"><ele>1607</ele></trkpt>
      <trkpt lat="46.61695" lon="12.16319"><ele>1609</ele></trkpt>
      <trkpt lat="46.61693" lon="12.16311"><ele>1610</ele></trkpt>
      <trkpt lat="46.61685" lon="12.16291"><ele>1611</ele></trkpt>
      <trkpt lat="46.61683" lon="12.16282"><ele>1612</ele></trkpt>
      <trkpt lat="46.61682" lon="12.16272"><ele>1614</ele></trkpt>
      <trkpt lat="46.61680" lon="12.16260"><ele>1615</ele></trkpt>
      <trkpt lat="46.61679" lon="12.16257"><ele>1615</ele></trkpt>
      <trkpt lat="46.61676" lon="12.16251"><ele>1616</ele></trkpt>
      <trkpt lat="46.61665" lon="12.16236"><ele>1615</ele></trkpt>
      <trkpt lat="46.61663" lon="12.16231"><ele>1615</ele></trkpt>
      <trkpt lat="46.61662" lon="12.16224"><ele>1616</ele></trkpt>
      <trkpt lat="46.61658" lon="12.16217"><ele>1616</ele></trkpt>
      <trkpt lat="46.61651" lon="12.16210"><ele>1616</ele></trkpt>
      <trkpt lat="46.61646" lon="12.16206"><ele>1615</ele></trkpt>
      <trkpt lat="46.61633" lon="12.16196"><ele>1614</ele></trkpt>
      <trkpt lat="46.61628" lon="12.16187"><ele>1614</ele></trkpt>
      <trkpt lat="46.61627" lon="12.16175"><ele>1614</ele></trkpt>
      <trkpt lat="46.61628" lon="12.16163"><ele>1616</ele></trkpt>
      <trkpt lat="46.61635" lon="12.16138"><ele>1620</ele></trkpt>
      <trkpt lat="46.61636" lon="12.16125"><ele>1622</ele></trkpt>
      <trkpt lat="46.61635" lon="12.16111"><ele>1625</ele></trkpt>
      <trkpt lat="46.61632" lon="12.16099"><ele>1626</ele></trkpt>
      <trkpt lat="46.61617" lon="12.16081"><ele>1623</ele></trkpt>
      <trkpt lat="46.61602" lon="12.16054"><ele>1623</ele></trkpt>
      <trkpt lat="46.61579" lon="12.16025"><ele>1618</ele></trkpt>
      <trkpt lat="46.61571" lon="12.16010"><ele>1618</ele></trkpt>
      <trkpt lat="46.61567" lon="12.15995"><ele>1619</ele></trkpt>
      <trkpt lat="46.61564" lon="12.15975"><ele>1622</ele></trkpt>
      <trkpt lat="46.61565" lon="12.15960"><ele>1625</ele></trkpt>
      <trkpt lat="46.61568" lon="12.15948"><ele>1628</ele></trkpt>
      <trkpt lat="46.61578" lon="12.15921"><ele>1634</ele></trkpt>
      <trkpt lat="46.61604" lon="12.15864"><ele>1651</ele></trkpt>
      <trkpt lat="46.61605" lon="12.15856"><ele>1652</ele></trkpt>
      <trkpt lat="46.61604" lon="12.15851"><ele>1652</ele></trkpt>
      <trkpt lat="46.61601" lon="12.15842"><ele>1652</ele></trkpt>
      <trkpt lat="46.61595" lon="12.15819"><ele>1652</ele></trkpt>
      <trkpt lat="46.61589" lon="12.15805"><ele>1652</ele></trkpt>
      <trkpt lat="46.61584" lon="12.15791"><ele>1654</ele></trkpt>
      <trkpt lat="46.61580" lon="12.15787"><ele>1655</ele></trkpt>
      <trkpt lat="46.61555" lon="12.15777"><ele>1660</ele></trkpt>
      <trkpt lat="46.61546" lon="12.15775"><ele>1659</ele></trkpt>
      <trkpt lat="46.61533" lon="12.15770"><ele>1658</ele></trkpt>
      <trkpt lat="46.61524" lon="12.15763"><ele>1656</ele></trkpt>
      <trkpt lat="46.61519" lon="12.15755"><ele>1654</ele></trkpt>
      <trkpt lat="46.61517" lon="12.15746"><ele>1654</ele></trkpt>
      <trkpt lat="46.61515" lon="12.15735"><ele>1656</ele></trkpt>
      <trkpt lat="46.61516" lon="12.15725"><ele>1658</ele></trkpt>
      <trkpt lat="46.61518" lon="12.15716"><ele>1660</ele></trkpt>
      <trkpt lat="46.61533" lon="12.15676"><ele>1671</ele></trkpt>
      <trkpt lat="46.61537" lon="12.15660"><ele>1673</ele></trkpt>
      <trkpt lat="46.61545" lon="12.15624"><ele>1678</ele></trkpt>
      <trkpt lat="46.61547" lon="12.15609"><ele>1679</ele></trkpt>
      <trkpt lat="46.61552" lon="12.15548"><ele>1683</ele></trkpt>
      <trkpt lat="46.61554" lon="12.15538"><ele>1683</ele></trkpt>
      <trkpt lat="46.61558" lon="12.15532"><ele>1684</ele></trkpt>
      <trkpt lat="46.61598" lon="12.15478"><ele>1690</ele></trkpt>
      <trkpt lat="46.61605" lon="12.15471"><ele>1692</ele></trkpt>
      <trkpt lat="46.61636" lon="12.15448"><ele>1700</ele></trkpt>
      <trkpt lat="46.61654" lon="12.15427"><ele>1706</ele></trkpt>
      <trkpt lat="46.61660" lon="12.15417"><ele>1711</ele></trkpt>
      <trkpt lat="46.61654" lon="12.15427"><ele>1706</ele></trkpt>
      <trkpt lat="46.61636" lon="12.15448"><ele>1700</ele></trkpt>
      <trkpt lat="46.61605" lon="12.15471"><ele>1692</ele></trkpt>
      <trkpt lat="46.61598" lon="12.15478"><ele>1690</ele></trkpt>
      <trkpt lat="46.61558" lon="12.15532"><ele>1684</ele></trkpt>
      <trkpt lat="46.61554" lon="12.15538"><ele>1683</ele></trkpt>
      <trkpt lat="46.61552" lon="12.15548"><ele>1683</ele></trkpt>
      <trkpt lat="46.61547" lon="12.15609"><ele>1679</ele></trkpt>
      <trkpt lat="46.61545" lon="12.15624"><ele>1678</ele></trkpt>
      <trkpt lat="46.61537" lon="12.15660"><ele>1673</ele></trkpt>
      <trkpt lat="46.61533" lon="12.15676"><ele>1671</ele></trkpt>
      <trkpt lat="46.61518" lon="12.15716"><ele>1660</ele></trkpt>
      <trkpt lat="46.61516" lon="12.15725"><ele>1658</ele></trkpt>
      <trkpt lat="46.61515" lon="12.15735"><ele>1656</ele></trkpt>
      <trkpt lat="46.61517" lon="12.15746"><ele>1654</ele></trkpt>
      <trkpt lat="46.61519" lon="12.15755"><ele>1654</ele></trkpt>
      <trkpt lat="46.61524" lon="12.15763"><ele>1656</ele></trkpt>
      <trkpt lat="46.61533" lon="12.15770"><ele>1658</ele></trkpt>
      <trkpt lat="46.61546" lon="12.15775"><ele>1659</ele></trkpt>
      <trkpt lat="46.61555" lon="12.15777"><ele>1660</ele></trkpt>
      <trkpt lat="46.61580" lon="12.15787"><ele>1655</ele></trkpt>
      <trkpt lat="46.61584" lon="12.15791"><ele>1654</ele></trkpt>
      <trkpt lat="46.61589" lon="12.15805"><ele>1652</ele></trkpt>
      <trkpt lat="46.61595" lon="12.15819"><ele>1652</ele></trkpt>
      <trkpt lat="46.61601" lon="12.15842"><ele>1652</ele></trkpt>
      <trkpt lat="46.61604" lon="12.15851"><ele>1652</ele></trkpt>
      <trkpt lat="46.61605" lon="12.15856"><ele>1652</ele></trkpt>
      <trkpt lat="46.61604" lon="12.15864"><ele>1651</ele></trkpt>
      <trkpt lat="46.61578" lon="12.15921"><ele>1634</ele></trkpt>
      <trkpt lat="46.61568" lon="12.15948"><ele>1628</ele></trkpt>
      <trkpt lat="46.61565" lon="12.15960"><ele>1625</ele></trkpt>
      <trkpt lat="46.61564" lon="12.15975"><ele>1622</ele></trkpt>
      <trkpt lat="46.61567" lon="12.15995"><ele>1619</ele></trkpt>
      <trkpt lat="46.61571" lon="12.16010"><ele>1618</ele></trkpt>
      <trkpt lat="46.61579" lon="12.16025"><ele>1618</ele></trkpt>
      <trkpt lat="46.61602" lon="12.16054"><ele>1623</ele></trkpt>
      <trkpt lat="46.61617" lon="12.16081"><ele>1623</ele></trkpt>
      <trkpt lat="46.61632" lon="12.16099"><ele>1626</ele></trkpt>
      <trkpt lat="46.61635" lon="12.16111"><ele>1625</ele></trkpt>
      <trkpt lat="46.61636" lon="12.16125"><ele>1622</ele></trkpt>
      <trkpt lat="46.61635" lon="12.16138"><ele>1620</ele></trkpt>
      <trkpt lat="46.61628" lon="12.16163"><ele>1616</ele></trkpt>
      <trkpt lat="46.61627" lon="12.16175"><ele>1614</ele></trkpt>
      <trkpt lat="46.61628" lon="12.16187"><ele>1614</ele></trkpt>
      <trkpt lat="46.61633" lon="12.16196"><ele>1614</ele></trkpt>
      <trkpt lat="46.61646" lon="12.16206"><ele>1615</ele></trkpt>
      <trkpt lat="46.61651" lon="12.16210"><ele>1616</ele></trkpt>
      <trkpt lat="46.61658" lon="12.16217"><ele>1616</ele></trkpt>
      <trkpt lat="46.61662" lon="12.16224"><ele>1616</ele></trkpt>
      <trkpt lat="46.61663" lon="12.16231"><ele>1615</ele></trkpt>
      <trkpt lat="46.61665" lon="12.16236"><ele>1615</ele></trkpt>
      <trkpt lat="46.61676" lon="12.16251"><ele>1616</ele></trkpt>
      <trkpt lat="46.61679" lon="12.16257"><ele>1615</ele></trkpt>
      <trkpt lat="46.61680" lon="12.16260"><ele>1615</ele></trkpt>
      <trkpt lat="46.61682" lon="12.16272"><ele>1614</ele></trkpt>
      <trkpt lat="46.61683" lon="12.16282"><ele>1612</ele></trkpt>
      <trkpt lat="46.61685" lon="12.16291"><ele>1611</ele></trkpt>
      <trkpt lat="46.61693" lon="12.16311"><ele>1610</ele></trkpt>
      <trkpt lat="46.61695" lon="12.16319"><ele>1609</ele></trkpt>
      <trkpt lat="46.61697" lon="12.16328"><ele>1607</ele></trkpt>
      <trkpt lat="46.61698" lon="12.16346"><ele>1604</ele></trkpt>
      <trkpt lat="46.61692" lon="12.16442"><ele>1584</ele></trkpt>
      <trkpt lat="46.61681" lon="12.16490"><ele>1574</ele></trkpt>
      <trkpt lat="46.61680" lon="12.16520"><ele>1573</ele></trkpt>
      <trkpt lat="46.61703" lon="12.16630"><ele>1560</ele></trkpt>
      <trkpt lat="46.61704" lon="12.16666"><ele>1545</ele></trkpt>
      <trkpt lat="46.61715" lon="12.16709"><ele>1534</ele></trkpt>
      <trkpt lat="46.61728" lon="12.16826"><ele>1511</ele></trkpt>
      <trkpt lat="46.61734" lon="12.16851"><ele>1510</ele></trkpt>
      <trkpt lat="46.61737" lon="12.16863"><ele>1510</ele></trkpt>
      <trkpt lat="46.61742" lon="12.16882"><ele>1510</ele></trkpt>
      <trkpt lat="46.61757" lon="12.16907"><ele>1510</ele></trkpt>
      <trkpt lat="46.61813" lon="12.16957"><ele>1515</ele></trkpt>
      <trkpt lat="46.61836" lon="12.16991"><ele>1520</ele></trkpt>
      <trkpt lat="46.61841" lon="12.16995"><ele>1522</ele></trkpt>
      <trkpt lat="46.61858" lon="12.16999"><ele>1525</ele></trkpt>
      <trkpt lat="46.61860" lon="12.17001"><ele>1526</ele></trkpt>
      <trkpt lat="46.61861" lon="12.17004"><ele>1525</ele></trkpt>
      <trkpt lat="46.61861" lon="12.17010"><ele>1525</ele></trkpt>
      <trkpt lat="46.61859" lon="12.17016"><ele>1524</ele></trkpt>
      <trkpt lat="46.61855" lon="12.17018"><ele>1522</ele></trkpt>
      <trkpt lat="46.61826" lon="12.17009"><ele>1516</ele></trkpt>
      <trkpt lat="46.61804" lon="12.16996"><ele>1510</ele></trkpt>
      <trkpt lat="46.61790" lon="12.16992"><ele>1510</ele></trkpt>
      <trkpt lat="46.61754" lon="12.16990"><ele>1509</ele></trkpt>
      <trkpt lat="46.61744" lon="12.16992"><ele>1509</ele></trkpt>
      <trkpt lat="46.61719" lon="12.17010"><ele>1509</ele></trkpt>
      <trkpt lat="46.61708" lon="12.17012"><ele>1509</ele></trkpt>
      <trkpt lat="46.61693" lon="12.17011"><ele>1509</ele></trkpt>
      <trkpt lat="46.61686" lon="12.17019"><ele>1509</ele></trkpt>
      <trkpt lat="46.61674" lon="12.17029"><ele>1510</ele></trkpt>
      <trkpt lat="46.61663" lon="12.17026"><ele>1510</ele></trkpt>
      <trkpt lat="46.61567" lon="12.16795"><ele>1511</ele></trkpt>
      <trkpt lat="46.61544" lon="12.16743"><ele>1511</ele></trkpt>
      <trkpt lat="46.61530" lon="12.16717"><ele>1511</ele></trkpt>
      <trkpt lat="46.61512" lon="12.16693"><ele>1510</ele></trkpt>
      <trkpt lat="46.61409" lon="12.16575"><ele>1511</ele></trkpt>
      <trkpt lat="46.61403" lon="12.16568"><ele>1511</ele></trkpt>
      <trkpt lat="46.61370" lon="12.16532"><ele>1510</ele></trkpt>
      <trkpt lat="46.61297" lon="12.16457"><ele>1506</ele></trkpt>
      <trkpt lat="46.61239" lon="12.16378"><ele>1504</ele></trkpt>
      <trkpt lat="46.61084" lon="12.16164"><ele>1503</ele></trkpt>
      <trkpt lat="46.61002" lon="12.16040"><ele>1502</ele></trkpt>
      <trkpt lat="46.60952" lon="12.15952"><ele>1502</ele></trkpt>
      <trkpt lat="46.60941" lon="12.15930"><ele>1502</ele></trkpt>
      <trkpt lat="46.60933" lon="12.15907"><ele>1502</ele></trkpt>
      <trkpt lat="46.60925" lon="12.15873"><ele>1502</ele></trkpt>
      <trkpt lat="46.60916" lon="12.15833"><ele>1503</ele></trkpt>
      <trkpt lat="46.60908" lon="12.15811"><ele>1503</ele></trkpt>
      <trkpt lat="46.60864" lon="12.15721"><ele>1501</ele></trkpt>
      <trkpt lat="46.60854" lon="12.15694"><ele>1501</ele></trkpt>
      <trkpt lat="46.60846" lon="12.15668"><ele>1502</ele></trkpt>
      <trkpt lat="46.60840" lon="12.15648"><ele>1502</ele></trkpt>
      <trkpt lat="46.60814" lon="12.15546"><ele>1499</ele></trkpt>
      <trkpt lat="46.60799" lon="12.15478"><ele>1497</ele></trkpt>
      <trkpt lat="46.60795" lon="12.15464"><ele>1497</ele></trkpt>
      <trkpt lat="46.60787" lon="12.15445"><ele>1496</ele></trkpt>
      <trkpt lat="46.60780" lon="12.15432"><ele>1495</ele></trkpt>
      <trkpt lat="46.60770" lon="12.15419"><ele>1494</ele></trkpt>
      <trkpt lat="46.60762" lon="12.15409"><ele>1494</ele></trkpt>
      <trkpt lat="46.60751" lon="12.15400"><ele>1493</ele></trkpt>
      <trkpt lat="46.60742" lon="12.15394"><ele>1493</ele></trkpt>
      <trkpt lat="46.60711" lon="12.15374"><ele>1492</ele></trkpt>
      <trkpt lat="46.60705" lon="12.15369"><ele>1492</ele></trkpt>
      <trkpt lat="46.60696" lon="12.15360"><ele>1492</ele></trkpt>
      <trkpt lat="46.60689" lon="12.15348"><ele>1492</ele></trkpt>
      <trkpt lat="46.60683" lon="12.15336"><ele>1492</ele></trkpt>
      <trkpt lat="46.60677" lon="12.15321"><ele>1492</ele></trkpt>
      <trkpt lat="46.60667" lon="12.15290"><ele>1490</ele></trkpt>
      <trkpt lat="46.60628" lon="12.15132"><ele>1489</ele></trkpt>
      <trkpt lat="46.60623" lon="12.15113"><ele>1489</ele></trkpt>
      <trkpt lat="46.60616" lon="12.15095"><ele>1489</ele></trkpt>
      <trkpt lat="46.60585" lon="12.15023"><ele>1488</ele></trkpt>
      <trkpt lat="46.60524" lon="12.14880"><ele>1484</ele></trkpt>
      <trkpt lat="46.60517" lon="12.14861"><ele>1482</ele></trkpt>
      <trkpt lat="46.60514" lon="12.14846"><ele>1482</ele></trkpt>
      <trkpt lat="46.60512" lon="12.14821"><ele>1482</ele></trkpt>
      <trkpt lat="46.60513" lon="12.14807"><ele>1481</ele></trkpt>
      <trkpt lat="46.60517" lon="12.14781"><ele>1483</ele></trkpt>
      <trkpt lat="46.60518" lon="12.14759"><ele>1486</ele></trkpt>
      <trkpt lat="46.60518" lon="12.14744"><ele>1487</ele></trkpt>
      <trkpt lat="46.60517" lon="12.14733"><ele>1487</ele></trkpt>
      <trkpt lat="46.60511" lon="12.14696"><ele>1486</ele></trkpt>
      <trkpt lat="46.60506" lon="12.14668"><ele>1485</ele></trkpt>
      <trkpt lat="46.60504" lon="12.14653"><ele>1485</ele></trkpt>
      <trkpt lat="46.60500" lon="12.14641"><ele>1485</ele></trkpt>
      <trkpt lat="46.60494" lon="12.14622"><ele>1484</ele></trkpt>
      <trkpt lat="46.60485" lon="12.14600"><ele>1484</ele></trkpt>
      <trkpt lat="46.60440" lon="12.14514"><ele>1481</ele></trkpt>
      <trkpt lat="46.60372" lon="12.14381"><ele>1477</ele></trkpt>
      <trkpt lat="46.60355" lon="12.14349"><ele>1478</ele></trkpt>
      <trkpt lat="46.60347" lon="12.14337"><ele>1477</ele></trkpt>
      <trkpt lat="46.60333" lon="12.14322"><ele>1476</ele></trkpt>
      <trkpt lat="46.60294" lon="12.14291"><ele>1475</ele></trkpt>
      <trkpt lat="46.60283" lon="12.14281"><ele>1475</ele></trkpt>
      <trkpt lat="46.60273" lon="12.14267"><ele>1475</ele></trkpt>
      <trkpt lat="46.60264" lon="12.14250"><ele>1474</ele></trkpt>
      <trkpt lat="46.60255" lon="12.14231"><ele>1473</ele></trkpt>
      <trkpt lat="46.60214" lon="12.14097"><ele>1472</ele></trkpt>
      <trkpt lat="46.60208" lon="12.14071"><ele>1472</ele></trkpt>
      <trkpt lat="46.60199" lon="12.14028"><ele>1472</ele></trkpt>
      <trkpt lat="46.60191" lon="12.13984"><ele>1470</ele></trkpt>
      <trkpt lat="46.60172" lon="12.13882"><ele>1473</ele></trkpt>
      <trkpt lat="46.60155" lon="12.13778"><ele>1472</ele></trkpt>
      <trkpt lat="46.60147" lon="12.13738"><ele>1471</ele></trkpt>
      <trkpt lat="46.60133" lon="12.13664"><ele>1470</ele></trkpt>
      <trkpt lat="46.60127" lon="12.13640"><ele>1471</ele></trkpt>
      <trkpt lat="46.60118" lon="12.13596"><ele>1472</ele></trkpt>
      <trkpt lat="46.60112" lon="12.13558"><ele>1472</ele></trkpt>
      <trkpt lat="46.60109" lon="12.13526"><ele>1470</ele></trkpt>
      <trkpt lat="46.60109" lon="12.13467"><ele>1470</ele></trkpt>
      <trkpt lat="46.60109" lon="12.13400"><ele>1469</ele></trkpt>
      <trkpt lat="46.60107" lon="12.13363"><ele>1468</ele></trkpt>
      <trkpt lat="46.60103" lon="12.13335"><ele>1468</ele></trkpt>
      <trkpt lat="46.60098" lon="12.13315"><ele>1468</ele></trkpt>
      <trkpt lat="46.60091" lon="12.13295"><ele>1466</ele></trkpt>
      <trkpt lat="46.60072" lon="12.13250"><ele>1468</ele></trkpt>
      <trkpt lat="46.60054" lon="12.13217"><ele>1466</ele></trkpt>
      <trkpt lat="46.60038" lon="12.13180"><ele>1464</ele></trkpt>
      <trkpt lat="46.60029" lon="12.13159"><ele>1463</ele></trkpt>
      <trkpt lat="46.60023" lon="12.13136"><ele>1462</ele></trkpt>
      <trkpt lat="46.60019" lon="12.13111"><ele>1462</ele></trkpt>
      <trkpt lat="46.60017" lon="12.13083"><ele>1462</ele></trkpt>
      <trkpt lat="46.60017" lon="12.13055"><ele>1462</ele></trkpt>
      <trkpt lat="46.60022" lon="12.12952"><ele>1458</ele></trkpt>
      <trkpt lat="46.60021" lon="12.12926"><ele>1460</ele></trkpt>
      <trkpt lat="46.60017" lon="12.12900"><ele>1462</ele></trkpt>
      <trkpt lat="46.60012" lon="12.12879"><ele>1459</ele></trkpt>
      <trkpt lat="46.60003" lon="12.12858"><ele>1454</ele></trkpt>
      <trkpt lat="46.59969" lon="12.12800"><ele>1455</ele></trkpt>
      <trkpt lat="46.59962" lon="12.12784"><ele>1455</ele></trkpt>
      <trkpt lat="46.59956" lon="12.12767"><ele>1455</ele></trkpt>
      <trkpt lat="46.59952" lon="12.12747"><ele>1456</ele></trkpt>
      <trkpt lat="46.59951" lon="12.12728"><ele>1456</ele></trkpt>
      <trkpt lat="46.59951" lon="12.12712"><ele>1457</ele></trkpt>
      <trkpt lat="46.59954" lon="12.12696"><ele>1459</ele></trkpt>
      <trkpt lat="46.59958" lon="12.12678"><ele>1458</ele></trkpt>
      <trkpt lat="46.59982" lon="12.12600"><ele>1459</ele></trkpt>
      <trkpt lat="46.59984" lon="12.12586"><ele>1458</ele></trkpt>
      <trkpt lat="46.59985" lon="12.12566"><ele>1450</ele></trkpt>
      <trkpt lat="46.59980" lon="12.12517"><ele>1438</ele></trkpt>
      <trkpt lat="46.59976" lon="12.12478"><ele>1446</ele></trkpt>
      <trkpt lat="46.59973" lon="12.12450"><ele>1449</ele></trkpt>
      <trkpt lat="46.59973" lon="12.12425"><ele>1448</ele></trkpt>
      <trkpt lat="46.59979" lon="12.12359"><ele>1447</ele></trkpt>
      <trkpt lat="46.59980" lon="12.12339"><ele>1448</ele></trkpt>
      <trkpt lat="46.59979" lon="12.12321"><ele>1447</ele></trkpt>
      <trkpt lat="46.59977" lon="12.12307"><ele>1446</ele></trkpt>
      <trkpt lat="46.59972" lon="12.12288"><ele>1442</ele></trkpt>
      <trkpt lat="46.59963" lon="12.12270"><ele>1440</ele></trkpt>
      <trkpt lat="46.59953" lon="12.12258"><ele>1440</ele></trkpt>
      <trkpt lat="46.59918" lon="12.12227"><ele>1446</ele></trkpt>
      <trkpt lat="46.59901" lon="12.12203"><ele>1440</ele></trkpt>
      <trkpt lat="46.59886" lon="12.12169"><ele>1439</ele></trkpt>
      <trkpt lat="46.59881" lon="12.12160"><ele>1439</ele></trkpt>
      <trkpt lat="46.59873" lon="12.12150"><ele>1439</ele></trkpt>
      <trkpt lat="46.59841" lon="12.12112"><ele>1439</ele></trkpt>
      <trkpt lat="46.59833" lon="12.12098"><ele>1438</ele></trkpt>
      <trkpt lat="46.59827" lon="12.12079"><ele>1436</ele></trkpt>
      <trkpt lat="46.59823" lon="12.12057"><ele>1436</ele></trkpt>
      <trkpt lat="46.59816" lon="12.12012"><ele>1430</ele></trkpt>
      <trkpt lat="46.59816" lon="12.11992"><ele>1432</ele></trkpt>
      <trkpt lat="46.59819" lon="12.11973"><ele>1434</ele></trkpt>
      <trkpt lat="46.59837" lon="12.11900"><ele>1431</ele></trkpt>
      <trkpt lat="46.59840" lon="12.11884"><ele>1430</ele></trkpt>
      <trkpt lat="46.59842" lon="12.11868"><ele>1430</ele></trkpt>
      <trkpt lat="46.59843" lon="12.11852"><ele>1429</ele></trkpt>
      <trkpt lat="46.59841" lon="12.11836"><ele>1428</ele></trkpt>
      <trkpt lat="46.59839" lon="12.11829"><ele>1428</ele></trkpt>
      <trkpt lat="46.59834" lon="12.11815"><ele>1428</ele></trkpt>
      <trkpt lat="46.59820" lon="12.11794"><ele>1428</ele></trkpt>
      <trkpt lat="46.59816" lon="12.11789"><ele>1427</ele></trkpt>
      <trkpt lat="46.59806" lon="12.11782"><ele>1426</ele></trkpt>
      <trkpt lat="46.59796" lon="12.11779"><ele>1428</ele></trkpt>
      <trkpt lat="46.59786" lon="12.11778"><ele>1428</ele></trkpt>
      <trkpt lat="46.59781" lon="12.11780"><ele>1427</ele></trkpt>
      <trkpt lat="46.59771" lon="12.11785"><ele>1423</ele></trkpt>
      <trkpt lat="46.59744" lon="12.11800"><ele>1410</ele></trkpt>
      <trkpt lat="46.59714" lon="12.11816"><ele>1406</ele></trkpt>
      <trkpt lat="46.59692" lon="12.11826"><ele>1430</ele></trkpt>
      <trkpt lat="46.59685" lon="12.11828"><ele>1431</ele></trkpt>
      <trkpt lat="46.59678" lon="12.11828"><ele>1432</ele></trkpt>
      <trkpt lat="46.59666" lon="12.11825"><ele>1434</ele></trkpt>
      <trkpt lat="46.59651" lon="12.11818"><ele>1435</ele></trkpt>
      <trkpt lat="46.59630" lon="12.11803"><ele>1434</ele></trkpt>
      <trkpt lat="46.59611" lon="12.11785"><ele>1430</ele></trkpt>
      <trkpt lat="46.59579" lon="12.11752"><ele>1425</ele></trkpt>
      <trkpt lat="46.59558" lon="12.11727"><ele>1422</ele></trkpt>
      <trkpt lat="46.59535" lon="12.11697"><ele>1420</ele></trkpt>
      <trkpt lat="46.59507" lon="12.11652"><ele>1420</ele></trkpt>
      <trkpt lat="46.59444" lon="12.11528"><ele>1419</ele></trkpt>
      <trkpt lat="46.59435" lon="12.11514"><ele>1419</ele></trkpt>
      <trkpt lat="46.59429" lon="12.11508"><ele>1419</ele></trkpt>
      <trkpt lat="46.59416" lon="12.11498"><ele>1420</ele></trkpt>
      <trkpt lat="46.59409" lon="12.11494"><ele>1420</ele></trkpt>
      <trkpt lat="46.59390" lon="12.11488"><ele>1419</ele></trkpt>
      <trkpt lat="46.59369" lon="12.11486"><ele>1418</ele></trkpt>
      <trkpt lat="46.59342" lon="12.11488"><ele>1416</ele></trkpt>
      <trkpt lat="46.59293" lon="12.11504"><ele>1413</ele></trkpt>
      <trkpt lat="46.59238" lon="12.11529"><ele>1410</ele></trkpt>
      <trkpt lat="46.59186" lon="12.11563"><ele>1410</ele></trkpt>
      <trkpt lat="46.59177" lon="12.11566"><ele>1410</ele></trkpt>
      <trkpt lat="46.59171" lon="12.11567"><ele>1408</ele></trkpt>
      <trkpt lat="46.59165" lon="12.11566"><ele>1408</ele></trkpt>
      <trkpt lat="46.59144" lon="12.11557"><ele>1405</ele></trkpt>
      <trkpt lat="46.59131" lon="12.11555"><ele>1404</ele></trkpt>
      <trkpt lat="46.59086" lon="12.11553"><ele>1403</ele></trkpt>
      <trkpt lat="46.59039" lon="12.11554"><ele>1402</ele></trkpt>
      <trkpt lat="46.59012" lon="12.11556"><ele>1402</ele></trkpt>
      <trkpt lat="46.58985" lon="12.11561"><ele>1401</ele></trkpt>
      <trkpt lat="46.58960" lon="12.11570"><ele>1400</ele></trkpt>
      <trkpt lat="46.58936" lon="12.11586"><ele>1400</ele></trkpt>
      <trkpt lat="46.58900" lon="12.11624"><ele>1396</ele></trkpt>
      <trkpt lat="46.58873" lon="12.11651"><ele>1395</ele></trkpt>
      <trkpt lat="46.58851" lon="12.11659"><ele>1394</ele></trkpt>
      <trkpt lat="46.58834" lon="12.11660"><ele>1394</ele></trkpt>
      <trkpt lat="46.58819" lon="12.11652"><ele>1394</ele></trkpt>
      <trkpt lat="46.58792" lon="12.11629"><ele>1394</ele></trkpt>
      <trkpt lat="46.58760" lon="12.11597"><ele>1390</ele></trkpt>
      <trkpt lat="46.58747" lon="12.11585"><ele>1390</ele></trkpt>
      <trkpt lat="46.58731" lon="12.11576"><ele>1388</ele></trkpt>
      <trkpt lat="46.58715" lon="12.11569"><ele>1388</ele></trkpt>
      <trkpt lat="46.58702" lon="12.11567"><ele>1388</ele></trkpt>
      <trkpt lat="46.58653" lon="12.11565"><ele>1387</ele></trkpt>
      <trkpt lat="46.58601" lon="12.11567"><ele>1386</ele></trkpt>
      <trkpt lat="46.58574" lon="12.11565"><ele>1386</ele></trkpt>
      <trkpt lat="46.58528" lon="12.11558"><ele>1382</ele></trkpt>
      <trkpt lat="46.58474" lon="12.11552"><ele>1382</ele></trkpt>
      <trkpt lat="46.58436" lon="12.11552"><ele>1382</ele></trkpt>
      <trkpt lat="46.58403" lon="12.11556"><ele>1382</ele></trkpt>
      <trkpt lat="46.58375" lon="12.11566"><ele>1380</ele></trkpt>
      <trkpt lat="46.58334" lon="12.11584"><ele>1378</ele></trkpt>
      <trkpt lat="46.58295" lon="12.11609"><ele>1376</ele></trkpt>
      <trkpt lat="46.58259" lon="12.11640"><ele>1376</ele></trkpt>
      <trkpt lat="46.58213" lon="12.11685"><ele>1374</ele></trkpt>
      <trkpt lat="46.58174" lon="12.11728"><ele>1372</ele></trkpt>
      <trkpt lat="46.58135" lon="12.11765"><ele>1370</ele></trkpt>
      <trkpt lat="46.58107" lon="12.11786"><ele>1369</ele></trkpt>
      <trkpt lat="46.58086" lon="12.11796"><ele>1368</ele></trkpt>
      <trkpt lat="46.58056" lon="12.11803"><ele>1367</ele></trkpt>
      <trkpt lat="46.58015" lon="12.11806"><ele>1366</ele></trkpt>
      <trkpt lat="46.57987" lon="12.11809"><ele>1366</ele></trkpt>
      <trkpt lat="46.57957" lon="12.11818"><ele>1364</ele></trkpt>
      <trkpt lat="46.57921" lon="12.11838"><ele>1363</ele></trkpt>
      <trkpt lat="46.57888" lon="12.11854"><ele>1362</ele></trkpt>
      <trkpt lat="46.57864" lon="12.11858"><ele>1362</ele></trkpt>
      <trkpt lat="46.57834" lon="12.11850"><ele>1360</ele></trkpt>
      <trkpt lat="46.57799" lon="12.11837"><ele>1358</ele></trkpt>
      <trkpt lat="46.57778" lon="12.11832"><ele>1358</ele></trkpt>
      <trkpt lat="46.57754" lon="12.11832"><ele>1356</ele></trkpt>
      <trkpt lat="46.57725" lon="12.11843"><ele>1356</ele></trkpt>
      <trkpt lat="46.57695" lon="12.11866"><ele>1354</ele></trkpt>
      <trkpt lat="46.57626" lon="12.11922"><ele>1351</ele></trkpt>
      <trkpt lat="46.57597" lon="12.11949"><ele>1350</ele></trkpt>
      <trkpt lat="46.57567" lon="12.11989"><ele>1348</ele></trkpt>
      <trkpt lat="46.57549" lon="12.12025"><ele>1346</ele></trkpt>
      <trkpt lat="46.57536" lon="12.12050"><ele>1347</ele></trkpt>
      <trkpt lat="46.57519" lon="12.12088"><ele>1346</ele></trkpt>
      <trkpt lat="46.57507" lon="12.12119"><ele>1345</ele></trkpt>
      <trkpt lat="46.57495" lon="12.12159"><ele>1345</ele></trkpt>
      <trkpt lat="46.57482" lon="12.12191"><ele>1344</ele></trkpt>
      <trkpt lat="46.57459" lon="12.12221"><ele>1341</ele></trkpt>
      <trkpt lat="46.57435" lon="12.12240"><ele>1339</ele></trkpt>
      <trkpt lat="46.57408" lon="12.12244"><ele>1338</ele></trkpt>
      <trkpt lat="46.57378" lon="12.12237"><ele>1340</ele></trkpt>
      <trkpt lat="46.57368" lon="12.12233"><ele>1340</ele></trkpt>
      <trkpt lat="46.57350" lon="12.12228"><ele>1340</ele></trkpt>
      <trkpt lat="46.57328" lon="12.12227"><ele>1341</ele></trkpt>
      <trkpt lat="46.57292" lon="12.12233"><ele>1339</ele></trkpt>
      <trkpt lat="46.57268" lon="12.12239"><ele>1338</ele></trkpt>
      <trkpt lat="46.57180" lon="12.12268"><ele>1338</ele></trkpt>
      <trkpt lat="46.57144" lon="12.12277"><ele>1339</ele></trkpt>
      <trkpt lat="46.57120" lon="12.12286"><ele>1339</ele></trkpt>
      <trkpt lat="46.57099" lon="12.12296"><ele>1338</ele></trkpt>
      <trkpt lat="46.57078" lon="12.12309"><ele>1337</ele></trkpt>
      <trkpt lat="46.56982" lon="12.12377"><ele>1332</ele></trkpt>
      <trkpt lat="46.56941" lon="12.12397"><ele>1332</ele></trkpt>
      <trkpt lat="46.56906" lon="12.12408"><ele>1331</ele></trkpt>
      <trkpt lat="46.56863" lon="12.12416"><ele>1330</ele></trkpt>
      <trkpt lat="46.56830" lon="12.12415"><ele>1328</ele></trkpt>
      <trkpt lat="46.56786" lon="12.12411"><ele>1327</ele></trkpt>
      <trkpt lat="46.56697" lon="12.12397"><ele>1322</ele></trkpt>
      <trkpt lat="46.56658" lon="12.12392"><ele>1322</ele></trkpt>
      <trkpt lat="46.56601" lon="12.12384"><ele>1321</ele></trkpt>
      <trkpt lat="46.56575" lon="12.12384"><ele>1320</ele></trkpt>
      <trkpt lat="46.56562" lon="12.12384"><ele>1319</ele></trkpt>
      <trkpt lat="46.56542" lon="12.12385"><ele>1319</ele></trkpt>
      <trkpt lat="46.56528" lon="12.12386"><ele>1318</ele></trkpt>
      <trkpt lat="46.56508" lon="12.12391"><ele>1317</ele></trkpt>
      <trkpt lat="46.56473" lon="12.12403"><ele>1316</ele></trkpt>
      <trkpt lat="46.56442" lon="12.12418"><ele>1315</ele></trkpt>
      <trkpt lat="46.56239" lon="12.12548"><ele>1308</ele></trkpt>
      <trkpt lat="46.56221" lon="12.12560"><ele>1307</ele></trkpt>
      <trkpt lat="46.56172" lon="12.12595"><ele>1305</ele></trkpt>
      <trkpt lat="46.56128" lon="12.12622"><ele>1302</ele></trkpt>
      <trkpt lat="46.56103" lon="12.12635"><ele>1301</ele></trkpt>
      <trkpt lat="46.56081" lon="12.12645"><ele>1300</ele></trkpt>
      <trkpt lat="46.56062" lon="12.12650"><ele>1301</ele></trkpt>
      <trkpt lat="46.55998" lon="12.12655"><ele>1298</ele></trkpt>
      <trkpt lat="46.55984" lon="12.12659"><ele>1297</ele></trkpt>
      <trkpt lat="46.55966" lon="12.12667"><ele>1296</ele></trkpt>
      <trkpt lat="46.55952" lon="12.12678"><ele>1296</ele></trkpt>
      <trkpt lat="46.55933" lon="12.12696"><ele>1296</ele></trkpt>
      <trkpt lat="46.55926" lon="12.12705"><ele>1296</ele></trkpt>
      <trkpt lat="46.55911" lon="12.12724"><ele>1296</ele></trkpt>
      <trkpt lat="46.55897" lon="12.12742"><ele>1296</ele></trkpt>
      <trkpt lat="46.55878" lon="12.12763"><ele>1294</ele></trkpt>
      <trkpt lat="46.55861" lon="12.12773"><ele>1292</ele></trkpt>
      <trkpt lat="46.55847" lon="12.12780"><ele>1292</ele></trkpt>
      <trkpt lat="46.55835" lon="12.12783"><ele>1293</ele></trkpt>
      <trkpt lat="46.55821" lon="12.12784"><ele>1293</ele></trkpt>
      <trkpt lat="46.55755" lon="12.12777"><ele>1292</ele></trkpt>
      <trkpt lat="46.55741" lon="12.12777"><ele>1290</ele></trkpt>
      <trkpt lat="46.55727" lon="12.12780"><ele>1288</ele></trkpt>
      <trkpt lat="46.55710" lon="12.12784"><ele>1288</ele></trkpt>
      <trkpt lat="46.55667" lon="12.12803"><ele>1288</ele></trkpt>
      <trkpt lat="46.55593" lon="12.12845"><ele>1282</ele></trkpt>
      <trkpt lat="46.55572" lon="12.12860"><ele>1282</ele></trkpt>
      <trkpt lat="46.55520" lon="12.12912"><ele>1285</ele></trkpt>
      <trkpt lat="46.55506" lon="12.12927"><ele>1283</ele></trkpt>
      <trkpt lat="46.55488" lon="12.12938"><ele>1282</ele></trkpt>
      <trkpt lat="46.55455" lon="12.12955"><ele>1281</ele></trkpt>
      <trkpt lat="46.55441" lon="12.12966"><ele>1281</ele></trkpt>
      <trkpt lat="46.55431" lon="12.12978"><ele>1280</ele></trkpt>
      <trkpt lat="46.55423" lon="12.12992"><ele>1279</ele></trkpt>
      <trkpt lat="46.55403" lon="12.13041"><ele>1280</ele></trkpt>
      <trkpt lat="46.55397" lon="12.13054"><ele>1280</ele></trkpt>
      <trkpt lat="46.55387" lon="12.13068"><ele>1277</ele></trkpt>
      <trkpt lat="46.55378" lon="12.13079"><ele>1277</ele></trkpt>
      <trkpt lat="46.55367" lon="12.13085"><ele>1276</ele></trkpt>
      <trkpt lat="46.55352" lon="12.13090"><ele>1276</ele></trkpt>
      <trkpt lat="46.55337" lon="12.13089"><ele>1275</ele></trkpt>
      <trkpt lat="46.55315" lon="12.13087"><ele>1274</ele></trkpt>
      <trkpt lat="46.55299" lon="12.13084"><ele>1274</ele></trkpt>
      <trkpt lat="46.55283" lon="12.13084"><ele>1274</ele></trkpt>
      <trkpt lat="46.55270" lon="12.13085"><ele>1274</ele></trkpt>
      <trkpt lat="46.55212" lon="12.13103"><ele>1270</ele></trkpt>
      <trkpt lat="46.55198" lon="12.13106"><ele>1270</ele></trkpt>
      <trkpt lat="46.55185" lon="12.13106"><ele>1269</ele></trkpt>
      <trkpt lat="46.55170" lon="12.13105"><ele>1269</ele></trkpt>
      <trkpt lat="46.55129" lon="12.13099"><ele>1269</ele></trkpt>
      <trkpt lat="46.55090" lon="12.13091"><ele>1266</ele></trkpt>
      <trkpt lat="46.55071" lon="12.13089"><ele>1266</ele></trkpt>
      <trkpt lat="46.55056" lon="12.13089"><ele>1266</ele></trkpt>
      <trkpt lat="46.55042" lon="12.13091"><ele>1266</ele></trkpt>
      <trkpt lat="46.55030" lon="12.13096"><ele>1266</ele></trkpt>
      <trkpt lat="46.55015" lon="12.13105"><ele>1266</ele></trkpt>
      <trkpt lat="46.55006" lon="12.13112"><ele>1266</ele></trkpt>
      <trkpt lat="46.54992" lon="12.13128"><ele>1264</ele></trkpt>
      <trkpt lat="46.54985" lon="12.13138"><ele>1262</ele></trkpt>
      <trkpt lat="46.54978" lon="12.13149"><ele>1262</ele></trkpt>
      <trkpt lat="46.54925" lon="12.13258"><ele>1258</ele></trkpt>
      <trkpt lat="46.54899" lon="12.13312"><ele>1261</ele></trkpt>
      <trkpt lat="46.54871" lon="12.13364"><ele>1255</ele></trkpt>
      <trkpt lat="46.54865" lon="12.13374"><ele>1255</ele></trkpt>
      <trkpt lat="46.54845" lon="12.13395"><ele>1255</ele></trkpt>
      <trkpt lat="46.54837" lon="12.13402"><ele>1255</ele></trkpt>
      <trkpt lat="46.54812" lon="12.13417"><ele>1255</ele></trkpt>
      <trkpt lat="46.54731" lon="12.13440"><ele>1252</ele></trkpt>
      <trkpt lat="46.54718" lon="12.13444"><ele>1252</ele></trkpt>
      <trkpt lat="46.54705" lon="12.13450"><ele>1252</ele></trkpt>
      <trkpt lat="46.54689" lon="12.13458"><ele>1252</ele></trkpt>
      <trkpt lat="46.54673" lon="12.13471"><ele>1250</ele></trkpt>
      <trkpt lat="46.54662" lon="12.13485"><ele>1249</ele></trkpt>
      <trkpt lat="46.54652" lon="12.13498"><ele>1248</ele></trkpt>
      <trkpt lat="46.54640" lon="12.13517"><ele>1248</ele></trkpt>
      <trkpt lat="46.54628" lon="12.13541"><ele>1248</ele></trkpt>
      <trkpt lat="46.54603" lon="12.13601"><ele>1247</ele></trkpt>
      <trkpt lat="46.54594" lon="12.13621"><ele>1246</ele></trkpt>
      <trkpt lat="46.54586" lon="12.13635"><ele>1245</ele></trkpt>
      <trkpt lat="46.54575" lon="12.13650"><ele>1244</ele></trkpt>
      <trkpt lat="46.54561" lon="12.13664"><ele>1244</ele></trkpt>
      <trkpt lat="46.54547" lon="12.13677"><ele>1242</ele></trkpt>
      <trkpt lat="46.54530" lon="12.13687"><ele>1242</ele></trkpt>
      <trkpt lat="46.54479" lon="12.13712"><ele>1242</ele></trkpt>
      <trkpt lat="46.54467" lon="12.13721"><ele>1242</ele></trkpt>
      <trkpt lat="46.54438" lon="12.13738"><ele>1240</ele></trkpt>
      <trkpt lat="46.54427" lon="12.13742"><ele>1239</ele></trkpt>
      <trkpt lat="46.54416" lon="12.13744"><ele>1238</ele></trkpt>
      <trkpt lat="46.54404" lon="12.13744"><ele>1238</ele></trkpt>
      <trkpt lat="46.54391" lon="12.13740"><ele>1237</ele></trkpt>
      <trkpt lat="46.54378" lon="12.13734"><ele>1238</ele></trkpt>
      <trkpt lat="46.54368" lon="12.13726"><ele>1238</ele></trkpt>
      <trkpt lat="46.54323" lon="12.13685"><ele>1236</ele></trkpt>
      <trkpt lat="46.54312" lon="12.13678"><ele>1235</ele></trkpt>
      <trkpt lat="46.54300" lon="12.13671"><ele>1235</ele></trkpt>
      <trkpt lat="46.54295" lon="12.13669"><ele>1234</ele></trkpt>
      <trkpt lat="46.54282" lon="12.13667"><ele>1234</ele></trkpt>
      <trkpt lat="46.54269" lon="12.13667"><ele>1234</ele></trkpt>
      <trkpt lat="46.54258" lon="12.13670"><ele>1234</ele></trkpt>
      <trkpt lat="46.54227" lon="12.13683"><ele>1233</ele></trkpt>
      <trkpt lat="46.54214" lon="12.13685"><ele>1232</ele></trkpt>
      <trkpt lat="46.54204" lon="12.13685"><ele>1232</ele></trkpt>
      <trkpt lat="46.54189" lon="12.13680"><ele>1231</ele></trkpt>
      <trkpt lat="46.54176" lon="12.13671"><ele>1230</ele></trkpt>
      <trkpt lat="46.54121" lon="12.13622"><ele>1230</ele></trkpt>
      <trkpt lat="46.54104" lon="12.13607"><ele>1228</ele></trkpt>
      <trkpt lat="46.54093" lon="12.13601"><ele>1227</ele></trkpt>
      <trkpt lat="46.54084" lon="12.13597"><ele>1226</ele></trkpt>
      <trkpt lat="46.54076" lon="12.13596"><ele>1226</ele></trkpt>
      <trkpt lat="46.54060" lon="12.13596"><ele>1226</ele></trkpt>
      <trkpt lat="46.54052" lon="12.13599"><ele>1226</ele></trkpt>
      <trkpt lat="46.54046" lon="12.13603"><ele>1226</ele></trkpt>
      <trkpt lat="46.54037" lon="12.13613"><ele>1226</ele></trkpt>
      <trkpt lat="46.54019" lon="12.13636"><ele>1227</ele></trkpt>
      <trkpt lat="46.54015" lon="12.13640"><ele>1228</ele></trkpt>
      <trkpt lat="46.54015" lon="12.13640"><ele>1228</ele></trkpt>
      <trkpt lat="46.54014" lon="12.13637"><ele>1227</ele></trkpt>
      <trkpt lat="46.54014" lon="12.13620"><ele>1226</ele></trkpt>
      <trkpt lat="46.54040" lon="12.13584"><ele>1224</ele></trkpt>
      <trkpt lat="46.54044" lon="12.13575"><ele>1223</ele></trkpt>
      <trkpt lat="46.54047" lon="12.13561"><ele>1221</ele></trkpt>
      <trkpt lat="46.54046" lon="12.13549"><ele>1220</ele></trkpt>
      <trkpt lat="46.54035" lon="12.13529"><ele>1219</ele></trkpt>
      <trkpt lat="46.54029" lon="12.13536"><ele>1219</ele></trkpt>
      <trkpt lat="46.54007" lon="12.13557"><ele>1220</ele></trkpt>
      <trkpt lat="46.53980" lon="12.13580"><ele>1221</ele></trkpt>
      <trkpt lat="46.53954" lon="12.13605"><ele>1221</ele></trkpt>
      <trkpt lat="46.53940" lon="12.13619"><ele>1221</ele></trkpt>
      <trkpt lat="46.53936" lon="12.13621"><ele>1220</ele></trkpt>
      <trkpt lat="46.53929" lon="12.13622"><ele>1220</ele></trkpt>
      <trkpt lat="46.53926" lon="12.13625"><ele>1220</ele></trkpt>
      <trkpt lat="46.53913" lon="12.13645"><ele>1220</ele></trkpt>
      <trkpt lat="46.53899" lon="12.13617"><ele>1217</ele></trkpt>
      <trkpt lat="46.53894" lon="12.13612"><ele>1216</ele></trkpt>
      <trkpt lat="46.53876" lon="12.13605"><ele>1215</ele></trkpt>
      <trkpt lat="46.53865" lon="12.13606"><ele>1215</ele></trkpt>
      <trkpt lat="46.53863" lon="12.13642"><ele>1216</ele></trkpt>
      <trkpt lat="46.53863" lon="12.13677"><ele>1216</ele></trkpt>
      <trkpt lat="46.53852" lon="12.13693"><ele>1217</ele></trkpt>
      <trkpt lat="46.53827" lon="12.13723"><ele>1218</ele></trkpt>
      <trkpt lat="46.53823" lon="12.13737"><ele>1218</ele></trkpt>
      <trkpt lat="46.53822" lon="12.13746"><ele>1218</ele></trkpt>
      <trkpt lat="46.53824" lon="12.13756"><ele>1218</ele></trkpt>
      <trkpt lat="46.53831" lon="12.13751"><ele>1219</ele></trkpt>
      <trkpt lat="46.53838" lon="12.13742"><ele>1218</ele></trkpt>
      <trkpt lat="46.53831" lon="12.13751"><ele>1219</ele></trkpt>
      <trkpt lat="46.53824" lon="12.13756"><ele>1218</ele></trkpt>
      <trkpt lat="46.53822" lon="12.13768"><ele>1218</ele></trkpt>
      <trkpt lat="46.53818" lon="12.13776"><ele>1218</ele></trkpt>
      <trkpt lat="46.53810" lon="12.13789"><ele>1218</ele></trkpt>
      <trkpt lat="46.53800" lon="12.13803"><ele>1218</ele></trkpt>
      <trkpt lat="46.53793" lon="12.13818"><ele>1218</ele></trkpt>
      <trkpt lat="46.53793" lon="12.13828"><ele>1219</ele></trkpt>
      <trkpt lat="46.53795" lon="12.13848"><ele>1220</ele></trkpt>
      <trkpt lat="46.53799" lon="12.13876"><ele>1221</ele></trkpt>
      <trkpt lat="46.53803" lon="12.13899"><ele>1222</ele></trkpt>
      <trkpt lat="46.53810" lon="12.13914"><ele>1223</ele></trkpt>
      <trkpt lat="46.53815" lon="12.13923"><ele>1224</ele></trkpt>
      <trkpt lat="46.53838" lon="12.13924"><ele>1226</ele></trkpt>
      <trkpt lat="46.53842" lon="12.13914"><ele>1226</ele></trkpt>
      <trkpt lat="46.53847" lon="12.13905"><ele>1226</ele></trkpt>
      <trkpt lat="46.53855" lon="12.13913"><ele>1226</ele></trkpt>
      <trkpt lat="46.53828" lon="12.13977"><ele>1226</ele></trkpt>
      <trkpt lat="46.53813" lon="12.14010"><ele>1226</ele></trkpt>
      <trkpt lat="46.53795" lon="12.14041"><ele>1226</ele></trkpt>
      <trkpt lat="46.53776" lon="12.14078"><ele>1221</ele></trkpt>
      <trkpt lat="46.53731" lon="12.14162"><ele>1220</ele></trkpt>
      <trkpt lat="46.53724" lon="12.14174"><ele>1223</ele></trkpt>
      <trkpt lat="46.53703" lon="12.14195"><ele>1224</ele></trkpt>
      <trkpt lat="46.53659" lon="12.14213"><ele>1224</ele></trkpt>
      <trkpt lat="46.53622" lon="12.14230"><ele>1219</ele></trkpt>
      <trkpt lat="46.53566" lon="12.14262"><ele>1218</ele></trkpt>
      <trkpt lat="46.53547" lon="12.14272"><ele>1218</ele></trkpt>
      <trkpt lat="46.53531" lon="12.14284"><ele>1218</ele></trkpt>
      <trkpt lat="46.53504" lon="12.14311"><ele>1216</ele></trkpt>
      <trkpt lat="46.53483" lon="12.14330"><ele>1216</ele></trkpt>
      <trkpt lat="46.53465" lon="12.14337"><ele>1214</ele></trkpt>
      <trkpt lat="46.53450" lon="12.14336"><ele>1213</ele></trkpt>
      <trkpt lat="46.53441" lon="12.14334"><ele>1212</ele></trkpt>
      <trkpt lat="46.53435" lon="12.14331"><ele>1213</ele></trkpt>
      <trkpt lat="46.53428" lon="12.14324"><ele>1213</ele></trkpt>
      <trkpt lat="46.53402" lon="12.14295"><ele>1213</ele></trkpt>
      <trkpt lat="46.53351" lon="12.14232"><ele>1208</ele></trkpt>
      <trkpt lat="46.53335" lon="12.14215"><ele>1207</ele></trkpt>
      <trkpt lat="46.53320" lon="12.14202"><ele>1206</ele></trkpt>
      <trkpt lat="46.53299" lon="12.14186"><ele>1206</ele></trkpt>
      <trkpt lat="46.53277" lon="12.14178"><ele>1207</ele></trkpt>
      <trkpt lat="46.53250" lon="12.14170"><ele>1206</ele></trkpt>
      <trkpt lat="46.53215" lon="12.14161"><ele>1206</ele></trkpt>
      <trkpt lat="46.53187" lon="12.14157"><ele>1205</ele></trkpt>
      <trkpt lat="46.53107" lon="12.14152"><ele>1203</ele></trkpt>
      <trkpt lat="46.53021" lon="12.14148"><ele>1198</ele></trkpt>
      <trkpt lat="46.52867" lon="12.14141"><ele>1196</ele></trkpt>
      <trkpt lat="46.52846" lon="12.14145"><ele>1195</ele></trkpt>
      <trkpt lat="46.52824" lon="12.14160"><ele>1194</ele></trkpt>
      <trkpt lat="46.52778" lon="12.14207"><ele>1192</ele></trkpt>
      <trkpt lat="46.52762" lon="12.14212"><ele>1192</ele></trkpt>
      <trkpt lat="46.52746" lon="12.14214"><ele>1191</ele></trkpt>
      <trkpt lat="46.52739" lon="12.14212"><ele>1191</ele></trkpt>
      <trkpt lat="46.52727" lon="12.14206"><ele>1191</ele></trkpt>
      <trkpt lat="46.52714" lon="12.14193"><ele>1191</ele></trkpt>
      <trkpt lat="46.52703" lon="12.14179"><ele>1190</ele></trkpt>
      <trkpt lat="46.52697" lon="12.14164"><ele>1190</ele></trkpt>
      <trkpt lat="46.52692" lon="12.14149"><ele>1189</ele></trkpt>
      <trkpt lat="46.52686" lon="12.14127"><ele>1188</ele></trkpt>
      <trkpt lat="46.52660" lon="12.14053"><ele>1185</ele></trkpt>
      <trkpt lat="46.52649" lon="12.14027"><ele>1184</ele></trkpt>
      <trkpt lat="46.52636" lon="12.14009"><ele>1184</ele></trkpt>
      <trkpt lat="46.52621" lon="12.13996"><ele>1183</ele></trkpt>
      <trkpt lat="46.52602" lon="12.13987"><ele>1183</ele></trkpt>
      <trkpt lat="46.52590" lon="12.13987"><ele>1184</ele></trkpt>
      <trkpt lat="46.52582" lon="12.13991"><ele>1184</ele></trkpt>
      <trkpt lat="46.52555" lon="12.14008"><ele>1184</ele></trkpt>
      <trkpt lat="46.52553" lon="12.14000"><ele>1183</ele></trkpt>
      <trkpt lat="46.52550" lon="12.13992"><ele>1182</ele></trkpt>
      <trkpt lat="46.52536" lon="12.14000"><ele>1182</ele></trkpt>
      <trkpt lat="46.52513" lon="12.14015"><ele>1181</ele></trkpt>
      <trkpt lat="46.52399" lon="12.14081"><ele>1177</ele></trkpt>
      <trkpt lat="46.52331" lon="12.14114"><ele>1177</ele></trkpt>
      <trkpt lat="46.52271" lon="12.14127"><ele>1175</ele></trkpt>
      <trkpt lat="46.52214" lon="12.14129"><ele>1171</ele></trkpt>
      <trkpt lat="46.52159" lon="12.14120"><ele>1172</ele></trkpt>
      <trkpt lat="46.52060" lon="12.14094"><ele>1171</ele></trkpt>
      <trkpt lat="46.51964" lon="12.14068"><ele>1168</ele></trkpt>
      <trkpt lat="46.51940" lon="12.14068"><ele>1168</ele></trkpt>
      <trkpt lat="46.51913" lon="12.14073"><ele>1167</ele></trkpt>
      <trkpt lat="46.51865" lon="12.14104"><ele>1166</ele></trkpt>
      <trkpt lat="46.51709" lon="12.14211"><ele>1161</ele></trkpt>
      <trkpt lat="46.51671" lon="12.14237"><ele>1158</ele></trkpt>
      <trkpt lat="46.51640" lon="12.14255"><ele>1157</ele></trkpt>
      <trkpt lat="46.51621" lon="12.14261"><ele>1157</ele></trkpt>
      <trkpt lat="46.51599" lon="12.14261"><ele>1156</ele></trkpt>
      <trkpt lat="46.51581" lon="12.14257"><ele>1156</ele></trkpt>
      <trkpt lat="46.51536" lon="12.14237"><ele>1156</ele></trkpt>
      <trkpt lat="46.51515" lon="12.14235"><ele>1154</ele></trkpt>
      <trkpt lat="46.51491" lon="12.14238"><ele>1152</ele></trkpt>
      <trkpt lat="46.51471" lon="12.14248"><ele>1152</ele></trkpt>
      <trkpt lat="46.51447" lon="12.14266"><ele>1152</ele></trkpt>
      <trkpt lat="46.51435" lon="12.14283"><ele>1152</ele></trkpt>
      <trkpt lat="46.51411" lon="12.14323"><ele>1151</ele></trkpt>
      <trkpt lat="46.51407" lon="12.14338"><ele>1150</ele></trkpt>
      <trkpt lat="46.51402" lon="12.14362"><ele>1150</ele></trkpt>
      <trkpt lat="46.51399" lon="12.14396"><ele>1149</ele></trkpt>
      <trkpt lat="46.51403" lon="12.14438"><ele>1148</ele></trkpt>
      <trkpt lat="46.51405" lon="12.14445"><ele>1148</ele></trkpt>
      <trkpt lat="46.51417" lon="12.14504"><ele>1148</ele></trkpt>
      <trkpt lat="46.51420" lon="12.14538"><ele>1147</ele></trkpt>
      <trkpt lat="46.51418" lon="12.14578"><ele>1146</ele></trkpt>
      <trkpt lat="46.51416" lon="12.14607"><ele>1144</ele></trkpt>
      <trkpt lat="46.51417" lon="12.14629"><ele>1144</ele></trkpt>
      <trkpt lat="46.51422" lon="12.14663"><ele>1144</ele></trkpt>
      <trkpt lat="46.51423" lon="12.14689"><ele>1144</ele></trkpt>
      <trkpt lat="46.51421" lon="12.14712"><ele>1143</ele></trkpt>
      <trkpt lat="46.51410" lon="12.14754"><ele>1142</ele></trkpt>
      <trkpt lat="46.51407" lon="12.14761"><ele>1142</ele></trkpt>
      <trkpt lat="46.51376" lon="12.14858"><ele>1142</ele></trkpt>
      <trkpt lat="46.51371" lon="12.14878"><ele>1142</ele></trkpt>
      <trkpt lat="46.51356" lon="12.14924"><ele>1141</ele></trkpt>
      <trkpt lat="46.51317" lon="12.15022"><ele>1138</ele></trkpt>
      <trkpt lat="46.51293" lon="12.15079"><ele>1137</ele></trkpt>
      <trkpt lat="46.51271" lon="12.15125"><ele>1137</ele></trkpt>
      <trkpt lat="46.51248" lon="12.15175"><ele>1136</ele></trkpt>
      <trkpt lat="46.51235" lon="12.15208"><ele>1132</ele></trkpt>
      <trkpt lat="46.51221" lon="12.15251"><ele>1132</ele></trkpt>
      <trkpt lat="46.51206" lon="12.15288"><ele>1132</ele></trkpt>
      <trkpt lat="46.51195" lon="12.15309"><ele>1132</ele></trkpt>
      <trkpt lat="46.51181" lon="12.15332"><ele>1130</ele></trkpt>
      <trkpt lat="46.51163" lon="12.15352"><ele>1131</ele></trkpt>
      <trkpt lat="46.51114" lon="12.15406"><ele>1131</ele></trkpt>
      <trkpt lat="46.51076" lon="12.15457"><ele>1131</ele></trkpt>
      <trkpt lat="46.51047" lon="12.15497"><ele>1131</ele></trkpt>
      <trkpt lat="46.51043" lon="12.15496"><ele>1131</ele></trkpt>
      <trkpt lat="46.51040" lon="12.15499"><ele>1130</ele></trkpt>
      <trkpt lat="46.51038" lon="12.15502"><ele>1130</ele></trkpt>
      <trkpt lat="46.51032" lon="12.15518"><ele>1131</ele></trkpt>
      <trkpt lat="46.51025" lon="12.15540"><ele>1131</ele></trkpt>
      <trkpt lat="46.51009" lon="12.15569"><ele>1130</ele></trkpt>
      <trkpt lat="46.50990" lon="12.15595"><ele>1129</ele></trkpt>
      <trkpt lat="46.50968" lon="12.15616"><ele>1130</ele></trkpt>
      <trkpt lat="46.50942" lon="12.15630"><ele>1128</ele></trkpt>
      <trkpt lat="46.50918" lon="12.15634"><ele>1130</ele></trkpt>
      <trkpt lat="46.50874" lon="12.15637"><ele>1128</ele></trkpt>
      <trkpt lat="46.50851" lon="12.15642"><ele>1128</ele></trkpt>
      <trkpt lat="46.50836" lon="12.15646"><ele>1127</ele></trkpt>
      <trkpt lat="46.50824" lon="12.15647"><ele>1126</ele></trkpt>
      <trkpt lat="46.50825" lon="12.15639"><ele>1126</ele></trkpt>
      <trkpt lat="46.50829" lon="12.15631"><ele>1125</ele></trkpt>
      <trkpt lat="46.50842" lon="12.15624"><ele>1126</ele></trkpt>
      <trkpt lat="46.50846" lon="12.15619"><ele>1125</ele></trkpt>
      <trkpt lat="46.50848" lon="12.15608"><ele>1124</ele></trkpt>
      <trkpt lat="46.50847" lon="12.15601"><ele>1123</ele></trkpt>
      <trkpt lat="46.50845" lon="12.15597"><ele>1123</ele></trkpt>
      <trkpt lat="46.50842" lon="12.15592"><ele>1122</ele></trkpt>
      <trkpt lat="46.50839" lon="12.15588"><ele>1122</ele></trkpt>
      <trkpt lat="46.50835" lon="12.15586"><ele>1121</ele></trkpt>
      <trkpt lat="46.50829" lon="12.15581"><ele>1120</ele></trkpt>
      <trkpt lat="46.50822" lon="12.15573"><ele>1119</ele></trkpt>
      <trkpt lat="46.50820" lon="12.15568"><ele>1119</ele></trkpt>
      <trkpt lat="46.50819" lon="12.15562"><ele>1118</ele></trkpt>
      <trkpt lat="46.50818" lon="12.15541"><ele>1117</ele></trkpt>
      <trkpt lat="46.50819" lon="12.15506"><ele>1115</ele></trkpt>
      <trkpt lat="46.50815" lon="12.15478"><ele>1114</ele></trkpt>
      <trkpt lat="46.50812" lon="12.15465"><ele>1113</ele></trkpt>
      <trkpt lat="46.50784" lon="12.15380"><ele>1109</ele></trkpt>
      <trkpt lat="46.50771" lon="12.15356"><ele>1109</ele></trkpt>
      <trkpt lat="46.50769" lon="12.15340"><ele>1108</ele></trkpt>
      <trkpt lat="46.50768" lon="12.15296"><ele>1106</ele></trkpt>
      <trkpt lat="46.50769" lon="12.15279"><ele>1105</ele></trkpt>
      <trkpt lat="46.50758" lon="12.15286"><ele>1106</ele></trkpt>
      <trkpt lat="46.50758" lon="12.15346"><ele>1111</ele></trkpt>
      <trkpt lat="46.50758" lon="12.15395"><ele>1114</ele></trkpt>
      <trkpt lat="46.50743" lon="12.15433"><ele>1118</ele></trkpt>
      <trkpt lat="46.50736" lon="12.15470"><ele>1122</ele></trkpt>
      <trkpt lat="46.50720" lon="12.15512"><ele>1124</ele></trkpt>
      <trkpt lat="46.50708" lon="12.15550"><ele>1123</ele></trkpt>
      <trkpt lat="46.50690" lon="12.15598"><ele>1120</ele></trkpt>
      <trkpt lat="46.50669" lon="12.15646"><ele>1120</ele></trkpt>
      <trkpt lat="46.50653" lon="12.15680"><ele>1120</ele></trkpt>
      <trkpt lat="46.50640" lon="12.15716"><ele>1118</ele></trkpt>
      <trkpt lat="46.50621" lon="12.15755"><ele>1115</ele></trkpt>
      <trkpt lat="46.50604" lon="12.15786"><ele>1114</ele></trkpt>
      <trkpt lat="46.50590" lon="12.15815"><ele>1112</ele></trkpt>
      <trkpt lat="46.50578" lon="12.15825"><ele>1111</ele></trkpt>
      <trkpt lat="46.50546" lon="12.15867"><ele>1108</ele></trkpt>
      <trkpt lat="46.50533" lon="12.15880"><ele>1106</ele></trkpt>
      <trkpt lat="46.50494" lon="12.15916"><ele>1102</ele></trkpt>
      <trkpt lat="46.50473" lon="12.15938"><ele>1100</ele></trkpt>
      <trkpt lat="46.50466" lon="12.15947"><ele>1099</ele></trkpt>
      <trkpt lat="46.50450" lon="12.15991"><ele>1099</ele></trkpt>
      <trkpt lat="46.50403" lon="12.16090"><ele>1105</ele></trkpt>
      <trkpt lat="46.50381" lon="12.16148"><ele>1107</ele></trkpt>
      <trkpt lat="46.50375" lon="12.16171"><ele>1108</ele></trkpt>
      <trkpt lat="46.50370" lon="12.16196"><ele>1110</ele></trkpt>
      <trkpt lat="46.50367" lon="12.16236"><ele>1112</ele></trkpt>
      <trkpt lat="46.50364" lon="12.16289"><ele>1115</ele></trkpt>
      <trkpt lat="46.50355" lon="12.16302"><ele>1116</ele></trkpt>
      <trkpt lat="46.50348" lon="12.16309"><ele>1116</ele></trkpt>
      <trkpt lat="46.50156" lon="12.16498"><ele>1115</ele></trkpt>
      <trkpt lat="46.50146" lon="12.16499"><ele>1115</ele></trkpt>
      <trkpt lat="46.50127" lon="12.16512"><ele>1114</ele></trkpt>
      <trkpt lat="46.50068" lon="12.16532"><ele>1111</ele></trkpt>
      <trkpt lat="46.50041" lon="12.16549"><ele>1110</ele></trkpt>
      <trkpt lat="46.49988" lon="12.16594"><ele>1107</ele></trkpt>
      <trkpt lat="46.49935" lon="12.16659"><ele>1104</ele></trkpt>
      <trkpt lat="46.49745" lon="12.16943"><ele>1095</ele></trkpt>
      <trkpt lat="46.49736" lon="12.16963"><ele>1095</ele></trkpt>
      <trkpt lat="46.49728" lon="12.16987"><ele>1096</ele></trkpt>
      <trkpt lat="46.49716" lon="12.17029"><ele>1097</ele></trkpt>
      <trkpt lat="46.49685" lon="12.17089"><ele>1096</ele></trkpt>
      <trkpt lat="46.49678" lon="12.17117"><ele>1096</ele></trkpt>
      <trkpt lat="46.49678" lon="12.17144"><ele>1096</ele></trkpt>
      <trkpt lat="46.49695" lon="12.17212"><ele>1097</ele></trkpt>
      <trkpt lat="46.49701" lon="12.17265"><ele>1096</ele></trkpt>
      <trkpt lat="46.49699" lon="12.17303"><ele>1096</ele></trkpt>
      <trkpt lat="46.49694" lon="12.17339"><ele>1097</ele></trkpt>
      <trkpt lat="46.49684" lon="12.17367"><ele>1098</ele></trkpt>
      <trkpt lat="46.49625" lon="12.17566"><ele>1098</ele></trkpt>
      <trkpt lat="46.49591" lon="12.17667"><ele>1099</ele></trkpt>
      <trkpt lat="46.49549" lon="12.17761"><ele>1103</ele></trkpt>
      <trkpt lat="46.49529" lon="12.17801"><ele>1104</ele></trkpt>
      <trkpt lat="46.49515" lon="12.17816"><ele>1105</ele></trkpt>
      <trkpt lat="46.49484" lon="12.17841"><ele>1106</ele></trkpt>
      <trkpt lat="46.49470" lon="12.17856"><ele>1107</ele></trkpt>
      <trkpt lat="46.49455" lon="12.17877"><ele>1109</ele></trkpt>
      <trkpt lat="46.49430" lon="12.17916"><ele>1113</ele></trkpt>
      <trkpt lat="46.49400" lon="12.17952"><ele>1115</ele></trkpt>
      <trkpt lat="46.49393" lon="12.17961"><ele>1115</ele></trkpt>
      <trkpt lat="46.49370" lon="12.17978"><ele>1116</ele></trkpt>
      <trkpt lat="46.49339" lon="12.17993"><ele>1116</ele></trkpt>
      <trkpt lat="46.49309" lon="12.18011"><ele>1116</ele></trkpt>
      <trkpt lat="46.49272" lon="12.18041"><ele>1115</ele></trkpt>
      <trkpt lat="46.49258" lon="12.18055"><ele>1115</ele></trkpt>
      <trkpt lat="46.49192" lon="12.18146"><ele>1115</ele></trkpt>
      <trkpt lat="46.49163" lon="12.18196"><ele>1111</ele></trkpt>
      <trkpt lat="46.49094" lon="12.18302"><ele>1116</ele></trkpt>
      <trkpt lat="46.49063" lon="12.18347"><ele>1113</ele></trkpt>
      <trkpt lat="46.49047" lon="12.18367"><ele>1112</ele></trkpt>
      <trkpt lat="46.49029" lon="12.18380"><ele>1111</ele></trkpt>
      <trkpt lat="46.49011" lon="12.18397"><ele>1110</ele></trkpt>
      <trkpt lat="46.48978" lon="12.18433"><ele>1106</ele></trkpt>
      <trkpt lat="46.48966" lon="12.18445"><ele>1105</ele></trkpt>
      <trkpt lat="46.48953" lon="12.18458"><ele>1104</ele></trkpt>
      <trkpt lat="46.48928" lon="12.18484"><ele>1104</ele></trkpt>
      <trkpt lat="46.48876" lon="12.18534"><ele>1100</ele></trkpt>
      <trkpt lat="46.48822" lon="12.18583"><ele>1097</ele></trkpt>
      <trkpt lat="46.48776" lon="12.18637"><ele>1092</ele></trkpt>
      <trkpt lat="46.48758" lon="12.18661"><ele>1092</ele></trkpt>
      <trkpt lat="46.48749" lon="12.18695"><ele>1092</ele></trkpt>
      <trkpt lat="46.48744" lon="12.18733"><ele>1090</ele></trkpt>
      <trkpt lat="46.48739" lon="12.18767"><ele>1088</ele></trkpt>
      <trkpt lat="46.48723" lon="12.18816"><ele>1086</ele></trkpt>
      <trkpt lat="46.48688" lon="12.18905"><ele>1089</ele></trkpt>
      <trkpt lat="46.48683" lon="12.18929"><ele>1088</ele></trkpt>
      <trkpt lat="46.48679" lon="12.18940"><ele>1088</ele></trkpt>
      <trkpt lat="46.48675" lon="12.18980"><ele>1089</ele></trkpt>
      <trkpt lat="46.48667" lon="12.19010"><ele>1089</ele></trkpt>
      <trkpt lat="46.48663" lon="12.19024"><ele>1088</ele></trkpt>
      <trkpt lat="46.48659" lon="12.19038"><ele>1088</ele></trkpt>
      <trkpt lat="46.48646" lon="12.19063"><ele>1085</ele></trkpt>
      <trkpt lat="46.48629" lon="12.19084"><ele>1085</ele></trkpt>
      <trkpt lat="46.48593" lon="12.19101"><ele>1082</ele></trkpt>
      <trkpt lat="46.48571" lon="12.19117"><ele>1081</ele></trkpt>
      <trkpt lat="46.48547" lon="12.19146"><ele>1082</ele></trkpt>
      <trkpt lat="46.48519" lon="12.19174"><ele>1082</ele></trkpt>
      <trkpt lat="46.48440" lon="12.19241"><ele>1080</ele></trkpt>
      <trkpt lat="46.48411" lon="12.19261"><ele>1079</ele></trkpt>
      <trkpt lat="46.48381" lon="12.19270"><ele>1079</ele></trkpt>
      <trkpt lat="46.48358" lon="12.19283"><ele>1078</ele></trkpt>
      <trkpt lat="46.48335" lon="12.19308"><ele>1075</ele></trkpt>
      <trkpt lat="46.48314" lon="12.19323"><ele>1076</ele></trkpt>
      <trkpt lat="46.48206" lon="12.19385"><ele>1075</ele></trkpt>
      <trkpt lat="46.48163" lon="12.19420"><ele>1074</ele></trkpt>
      <trkpt lat="46.48134" lon="12.19438"><ele>1071</ele></trkpt>
      <trkpt lat="46.48112" lon="12.19444"><ele>1065</ele></trkpt>
      <trkpt lat="46.48082" lon="12.19452"><ele>1065</ele></trkpt>
      <trkpt lat="46.48067" lon="12.19458"><ele>1064</ele></trkpt>
      <trkpt lat="46.48055" lon="12.19471"><ele>1064</ele></trkpt>
      <trkpt lat="46.48045" lon="12.19485"><ele>1065</ele></trkpt>
      <trkpt lat="46.48036" lon="12.19493"><ele>1065</ele></trkpt>
      <trkpt lat="46.48021" lon="12.19504"><ele>1064</ele></trkpt>
      <trkpt lat="46.48013" lon="12.19513"><ele>1064</ele></trkpt>
      <trkpt lat="46.48007" lon="12.19530"><ele>1063</ele></trkpt>
      <trkpt lat="46.47996" lon="12.19562"><ele>1064</ele></trkpt>
      <trkpt lat="46.47991" lon="12.19573"><ele>1064</ele></trkpt>
      <trkpt lat="46.47982" lon="12.19584"><ele>1062</ele></trkpt>
      <trkpt lat="46.47971" lon="12.19591"><ele>1060</ele></trkpt>
      <trkpt lat="46.47948" lon="12.19597"><ele>1064</ele></trkpt>
      <trkpt lat="46.47946" lon="12.19602"><ele>1064</ele></trkpt>
      <trkpt lat="46.47934" lon="12.19628"><ele>1068</ele></trkpt>
      <trkpt lat="46.47932" lon="12.19634"><ele>1068</ele></trkpt>
      <trkpt lat="46.47928" lon="12.19639"><ele>1068</ele></trkpt>
      <trkpt lat="46.47919" lon="12.19640"><ele>1068</ele></trkpt>
      <trkpt lat="46.47911" lon="12.19643"><ele>1068</ele></trkpt>
      <trkpt lat="46.47892" lon="12.19656"><ele>1068</ele></trkpt>
      <trkpt lat="46.47876" lon="12.19674"><ele>1066</ele></trkpt>
      <trkpt lat="46.47860" lon="12.19693"><ele>1066</ele></trkpt>
      <trkpt lat="46.47777" lon="12.19816"><ele>1062</ele></trkpt>
      <trkpt lat="46.47740" lon="12.19872"><ele>1061</ele></trkpt>
      <trkpt lat="46.47522" lon="12.20242"><ele>1048</ele></trkpt>
      <trkpt lat="46.47509" lon="12.20265"><ele>1048</ele></trkpt>
      <trkpt lat="46.47493" lon="12.20299"><ele>1046</ele></trkpt>
      <trkpt lat="46.47480" lon="12.20333"><ele>1045</ele></trkpt>
      <trkpt lat="46.47460" lon="12.20383"><ele>1044</ele></trkpt>
      <trkpt lat="46.47440" lon="12.20413"><ele>1044</ele></trkpt>
      <trkpt lat="46.47429" lon="12.20427"><ele>1044</ele></trkpt>
      <trkpt lat="46.47405" lon="12.20451"><ele>1043</ele></trkpt>
      <trkpt lat="46.47394" lon="12.20459"><ele>1042</ele></trkpt>
      <trkpt lat="46.47386" lon="12.20463"><ele>1042</ele></trkpt>
      <trkpt lat="46.47364" lon="12.20470"><ele>1042</ele></trkpt>
      <trkpt lat="46.47342" lon="12.20474"><ele>1040</ele></trkpt>
      <trkpt lat="46.47276" lon="12.20491"><ele>1038</ele></trkpt>
      <trkpt lat="46.47236" lon="12.20502"><ele>1041</ele></trkpt>
      <trkpt lat="46.47214" lon="12.20513"><ele>1038</ele></trkpt>
      <trkpt lat="46.47118" lon="12.20583"><ele>1034</ele></trkpt>
      <trkpt lat="46.47089" lon="12.20605"><ele>1034</ele></trkpt>
      <trkpt lat="46.47060" lon="12.20623"><ele>1032</ele></trkpt>
      <trkpt lat="46.47028" lon="12.20630"><ele>1031</ele></trkpt>
      <trkpt lat="46.46998" lon="12.20632"><ele>1032</ele></trkpt>
      <trkpt lat="46.46982" lon="12.20632"><ele>1030</ele></trkpt>
      <trkpt lat="46.46965" lon="12.20629"><ele>1030</ele></trkpt>
      <trkpt lat="46.46951" lon="12.20619"><ele>1028</ele></trkpt>
      <trkpt lat="46.46913" lon="12.20597"><ele>1028</ele></trkpt>
      <trkpt lat="46.46901" lon="12.20592"><ele>1028</ele></trkpt>
      <trkpt lat="46.46887" lon="12.20590"><ele>1028</ele></trkpt>
      <trkpt lat="46.46869" lon="12.20591"><ele>1027</ele></trkpt>
      <trkpt lat="46.46853" lon="12.20590"><ele>1026</ele></trkpt>
      <trkpt lat="46.46811" lon="12.20585"><ele>1026</ele></trkpt>
      <trkpt lat="46.46800" lon="12.20582"><ele>1026</ele></trkpt>
      <trkpt lat="46.46791" lon="12.20580"><ele>1025</ele></trkpt>
      <trkpt lat="46.46733" lon="12.20537"><ele>1024</ele></trkpt>
      <trkpt lat="46.46703" lon="12.20515"><ele>1022</ele></trkpt>
      <trkpt lat="46.46685" lon="12.20503"><ele>1022</ele></trkpt>
      <trkpt lat="46.46671" lon="12.20494"><ele>1022</ele></trkpt>
      <trkpt lat="46.46657" lon="12.20488"><ele>1021</ele></trkpt>
      <trkpt lat="46.46640" lon="12.20483"><ele>1020</ele></trkpt>
      <trkpt lat="46.46551" lon="12.20462"><ele>1018</ele></trkpt>
      <trkpt lat="46.46534" lon="12.20458"><ele>1018</ele></trkpt>
      <trkpt lat="46.46516" lon="12.20456"><ele>1018</ele></trkpt>
      <trkpt lat="46.46468" lon="12.20459"><ele>1018</ele></trkpt>
      <trkpt lat="46.46450" lon="12.20463"><ele>1018</ele></trkpt>
      <trkpt lat="46.46433" lon="12.20469"><ele>1016</ele></trkpt>
      <trkpt lat="46.46422" lon="12.20474"><ele>1014</ele></trkpt>
      <trkpt lat="46.46391" lon="12.20487"><ele>1009</ele></trkpt>
      <trkpt lat="46.46378" lon="12.20494"><ele>1008</ele></trkpt>
      <trkpt lat="46.46365" lon="12.20504"><ele>1009</ele></trkpt>
      <trkpt lat="46.46355" lon="12.20507"><ele>1010</ele></trkpt>
      <trkpt lat="46.46334" lon="12.20509"><ele>1013</ele></trkpt>
      <trkpt lat="46.46297" lon="12.20516"><ele>1014</ele></trkpt>
      <trkpt lat="46.46284" lon="12.20522"><ele>1015</ele></trkpt>
      <trkpt lat="46.46254" lon="12.20528"><ele>1017</ele></trkpt>
      <trkpt lat="46.46241" lon="12.20528"><ele>1016</ele></trkpt>
      <trkpt lat="46.46223" lon="12.20533"><ele>1016</ele></trkpt>
      <trkpt lat="46.46109" lon="12.20549"><ele>1011</ele></trkpt>
      <trkpt lat="46.46089" lon="12.20552"><ele>1010</ele></trkpt>
      <trkpt lat="46.46055" lon="12.20561"><ele>1009</ele></trkpt>
      <trkpt lat="46.46024" lon="12.20580"><ele>1008</ele></trkpt>
      <trkpt lat="46.45963" lon="12.20622"><ele>1004</ele></trkpt>
      <trkpt lat="46.45956" lon="12.20627"><ele>1004</ele></trkpt>
      <trkpt lat="46.45952" lon="12.20633"><ele>1003</ele></trkpt>
      <trkpt lat="46.45939" lon="12.20654"><ele>1002</ele></trkpt>
      <trkpt lat="46.45926" lon="12.20641"><ele>1000</ele></trkpt>
      <trkpt lat="46.45910" lon="12.20623"><ele>998</ele></trkpt>
      <trkpt lat="46.45903" lon="12.20614"><ele>996</ele></trkpt>
      <trkpt lat="46.45892" lon="12.20599"><ele>995</ele></trkpt>
      <trkpt lat="46.45889" lon="12.20589"><ele>994</ele></trkpt>
      <trkpt lat="46.45889" lon="12.20583"><ele>994</ele></trkpt>
      <trkpt lat="46.45889" lon="12.20576"><ele>994</ele></trkpt>
      <trkpt lat="46.45896" lon="12.20572"><ele>994</ele></trkpt>
      <trkpt lat="46.45889" lon="12.20576"><ele>994</ele></trkpt>
      <trkpt lat="46.45889" lon="12.20583"><ele>994</ele></trkpt>
      <trkpt lat="46.45889" lon="12.20589"><ele>994</ele></trkpt>
      <trkpt lat="46.45892" lon="12.20599"><ele>995</ele></trkpt>
      <trkpt lat="46.45903" lon="12.20614"><ele>996</ele></trkpt>
      <trkpt lat="46.45910" lon="12.20623"><ele>998</ele></trkpt>
      <trkpt lat="46.45926" lon="12.20641"><ele>1000</ele></trkpt>
      <trkpt lat="46.45939" lon="12.20654"><ele>1002</ele></trkpt>
      <trkpt lat="46.45929" lon="12.20654"><ele>1002</ele></trkpt>
      <trkpt lat="46.45909" lon="12.20657"><ele>1001</ele></trkpt>
      <trkpt lat="46.45879" lon="12.20663"><ele>1001</ele></trkpt>
      <trkpt lat="46.45822" lon="12.20673"><ele>1000</ele></trkpt>
      <trkpt lat="46.45704" lon="12.20689"><ele>994</ele></trkpt>
      <trkpt lat="46.45684" lon="12.20691"><ele>993</ele></trkpt>
      <trkpt lat="46.45667" lon="12.20696"><ele>992</ele></trkpt>
      <trkpt lat="46.45656" lon="12.20702"><ele>992</ele></trkpt>
      <trkpt lat="46.45629" lon="12.20728"><ele>993</ele></trkpt>
      <trkpt lat="46.45612" lon="12.20747"><ele>994</ele></trkpt>
      <trkpt lat="46.45606" lon="12.20753"><ele>994</ele></trkpt>
      <trkpt lat="46.45553" lon="12.20795"><ele>993</ele></trkpt>
      <trkpt lat="46.45532" lon="12.20809"><ele>993</ele></trkpt>
      <trkpt lat="46.45500" lon="12.20828"><ele>992</ele></trkpt>
      <trkpt lat="46.45408" lon="12.20876"><ele>988</ele></trkpt>
      <trkpt lat="46.45403" lon="12.20881"><ele>988</ele></trkpt>
      <trkpt lat="46.45399" lon="12.20884"><ele>988</ele></trkpt>
      <trkpt lat="46.45397" lon="12.20886"><ele>987</ele></trkpt>
      <trkpt lat="46.45386" lon="12.20896"><ele>987</ele></trkpt>
      <trkpt lat="46.45346" lon="12.20952"><ele>987</ele></trkpt>
      <trkpt lat="46.45270" lon="12.21052"><ele>986</ele></trkpt>
      <trkpt lat="46.45192" lon="12.21143"><ele>983</ele></trkpt>
      <trkpt lat="46.45172" lon="12.21160"><ele>982</ele></trkpt>
      <trkpt lat="46.45150" lon="12.21172"><ele>981</ele></trkpt>
      <trkpt lat="46.45100" lon="12.21194"><ele>978</ele></trkpt>
      <trkpt lat="46.45055" lon="12.21214"><ele>977</ele></trkpt>
      <trkpt lat="46.45030" lon="12.21223"><ele>977</ele></trkpt>
      <trkpt lat="46.45006" lon="12.21219"><ele>976</ele></trkpt>
      <trkpt lat="46.44987" lon="12.21209"><ele>976</ele></trkpt>
      <trkpt lat="46.44967" lon="12.21184"><ele>974</ele></trkpt>
      <trkpt lat="46.44949" lon="12.21139"><ele>970</ele></trkpt>
      <trkpt lat="46.44947" lon="12.21133"><ele>970</ele></trkpt>
      <trkpt lat="46.44943" lon="12.21124"><ele>971</ele></trkpt>
      <trkpt lat="46.44940" lon="12.21115"><ele>972</ele></trkpt>
      <trkpt lat="46.44938" lon="12.21110"><ele>973</ele></trkpt>
      <trkpt lat="46.44933" lon="12.21101"><ele>974</ele></trkpt>
      <trkpt lat="46.44919" lon="12.21085"><ele>976</ele></trkpt>
      <trkpt lat="46.44909" lon="12.21076"><ele>976</ele></trkpt>
      <trkpt lat="46.44897" lon="12.21070"><ele>977</ele></trkpt>
      <trkpt lat="46.44855" lon="12.21059"><ele>976</ele></trkpt>
      <trkpt lat="46.44816" lon="12.21049"><ele>978</ele></trkpt>
      <trkpt lat="46.44798" lon="12.21047"><ele>978</ele></trkpt>
      <trkpt lat="46.44785" lon="12.21047"><ele>978</ele></trkpt>
      <trkpt lat="46.44763" lon="12.21056"><ele>976</ele></trkpt>
      <trkpt lat="46.44735" lon="12.21075"><ele>977</ele></trkpt>
      <trkpt lat="46.44694" lon="12.21103"><ele>976</ele></trkpt>
      <trkpt lat="46.44679" lon="12.21113"><ele>975</ele></trkpt>
      <trkpt lat="46.44636" lon="12.21145"><ele>975</ele></trkpt>
      <trkpt lat="46.44604" lon="12.21166"><ele>971</ele></trkpt>
      <trkpt lat="46.44581" lon="12.21177"><ele>971</ele></trkpt>
      <trkpt lat="46.44517" lon="12.21196"><ele>968</ele></trkpt>
      <trkpt lat="46.44485" lon="12.21207"><ele>968</ele></trkpt>
      <trkpt lat="46.44473" lon="12.21214"><ele>967</ele></trkpt>
      <trkpt lat="46.44431" lon="12.21243"><ele>968</ele></trkpt>
      <trkpt lat="46.44383" lon="12.21273"><ele>964</ele></trkpt>
      <trkpt lat="46.44358" lon="12.21290"><ele>965</ele></trkpt>
      <trkpt lat="46.44347" lon="12.21300"><ele>965</ele></trkpt>
      <trkpt lat="46.44335" lon="12.21314"><ele>965</ele></trkpt>
      <trkpt lat="46.44307" lon="12.21364"><ele>964</ele></trkpt>
      <trkpt lat="46.44294" lon="12.21391"><ele>966</ele></trkpt>
      <trkpt lat="46.44277" lon="12.21417"><ele>965</ele></trkpt>
      <trkpt lat="46.44233" lon="12.21470"><ele>963</ele></trkpt>
      <trkpt lat="46.44190" lon="12.21523"><ele>962</ele></trkpt>
      <trkpt lat="46.44050" lon="12.21656"><ele>962</ele></trkpt>
      <trkpt lat="46.43981" lon="12.21733"><ele>963</ele></trkpt>
      <trkpt lat="46.43917" lon="12.21817"><ele>960</ele></trkpt>
      <trkpt lat="46.43877" lon="12.21866"><ele>962</ele></trkpt>
      <trkpt lat="46.43859" lon="12.21901"><ele>962</ele></trkpt>
      <trkpt lat="46.43849" lon="12.21933"><ele>960</ele></trkpt>
      <trkpt lat="46.43847" lon="12.21954"><ele>960</ele></trkpt>
      <trkpt lat="46.43847" lon="12.21961"><ele>960</ele></trkpt>
      <trkpt lat="46.43848" lon="12.21984"><ele>960</ele></trkpt>
      <trkpt lat="46.43864" lon="12.22066"><ele>959</ele></trkpt>
      <trkpt lat="46.43873" lon="12.22105"><ele>959</ele></trkpt>
      <trkpt lat="46.43873" lon="12.22134"><ele>960</ele></trkpt>
      <trkpt lat="46.43866" lon="12.22162"><ele>961</ele></trkpt>
      <trkpt lat="46.43853" lon="12.22185"><ele>960</ele></trkpt>
      <trkpt lat="46.43836" lon="12.22205"><ele>959</ele></trkpt>
      <trkpt lat="46.43814" lon="12.22231"><ele>958</ele></trkpt>
      <trkpt lat="46.43755" lon="12.22296"><ele>958</ele></trkpt>
      <trkpt lat="46.43707" lon="12.22349"><ele>959</ele></trkpt>
      <trkpt lat="46.43628" lon="12.22433"><ele>958</ele></trkpt>
      <trkpt lat="46.43605" lon="12.22446"><ele>956</ele></trkpt>
      <trkpt lat="46.43581" lon="12.22452"><ele>958</ele></trkpt>
      <trkpt lat="46.43487" lon="12.22459"><ele>958</ele></trkpt>
      <trkpt lat="46.43482" lon="12.22459"><ele>958</ele></trkpt>
      <trkpt lat="46.43477" lon="12.22459"><ele>958</ele></trkpt>
      <trkpt lat="46.43475" lon="12.22460"><ele>958</ele></trkpt>
      <trkpt lat="46.43386" lon="12.22508"><ele>958</ele></trkpt>
      <trkpt lat="46.43348" lon="12.22529"><ele>957</ele></trkpt>
      <trkpt lat="46.43322" lon="12.22540"><ele>956</ele></trkpt>
      <trkpt lat="46.43247" lon="12.22560"><ele>955</ele></trkpt>
      <trkpt lat="46.43224" lon="12.22569"><ele>955</ele></trkpt>
      <trkpt lat="46.43198" lon="12.22584"><ele>955</ele></trkpt>
      <trkpt lat="46.43185" lon="12.22594"><ele>954</ele></trkpt>
      <trkpt lat="46.43162" lon="12.22616"><ele>954</ele></trkpt>
      <trkpt lat="46.43136" lon="12.22631"><ele>953</ele></trkpt>
      <trkpt lat="46.43095" lon="12.22645"><ele>954</ele></trkpt>
      <trkpt lat="46.43059" lon="12.22656"><ele>954</ele></trkpt>
      <trkpt lat="46.43034" lon="12.22666"><ele>952</ele></trkpt>
      <trkpt lat="46.43011" lon="12.22682"><ele>952</ele></trkpt>
      <trkpt lat="46.42992" lon="12.22704"><ele>951</ele></trkpt>
      <trkpt lat="46.42929" lon="12.22791"><ele>949</ele></trkpt>
      <trkpt lat="46.42872" lon="12.22868"><ele>947</ele></trkpt>
      <trkpt lat="46.42816" lon="12.22943"><ele>945</ele></trkpt>
      <trkpt lat="46.42801" lon="12.22960"><ele>944</ele></trkpt>
      <trkpt lat="46.42721" lon="12.23033"><ele>943</ele></trkpt>
      <trkpt lat="46.42700" lon="12.23057"><ele>943</ele></trkpt>
      <trkpt lat="46.42664" lon="12.23110"><ele>941</ele></trkpt>
      <trkpt lat="46.42645" lon="12.23142"><ele>940</ele></trkpt>
      <trkpt lat="46.42580" lon="12.23265"><ele>938</ele></trkpt>
      <trkpt lat="46.42560" lon="12.23303"><ele>939</ele></trkpt>
      <trkpt lat="46.42518" lon="12.23396"><ele>938</ele></trkpt>
      <trkpt lat="46.42502" lon="12.23433"><ele>936</ele></trkpt>
      <trkpt lat="46.42480" lon="12.23494"><ele>935</ele></trkpt>
      <trkpt lat="46.42470" lon="12.23530"><ele>936</ele></trkpt>
      <trkpt lat="46.42455" lon="12.23574"><ele>935</ele></trkpt>
      <trkpt lat="46.42446" lon="12.23585"><ele>934</ele></trkpt>
      <trkpt lat="46.42431" lon="12.23599"><ele>933</ele></trkpt>
      <trkpt lat="46.42406" lon="12.23608"><ele>934</ele></trkpt>
      <trkpt lat="46.42343" lon="12.23626"><ele>933</ele></trkpt>
      <trkpt lat="46.42326" lon="12.23633"><ele>933</ele></trkpt>
      <trkpt lat="46.42309" lon="12.23652"><ele>934</ele></trkpt>
      <trkpt lat="46.42296" lon="12.23678"><ele>934</ele></trkpt>
      <trkpt lat="46.42293" lon="12.23696"><ele>934</ele></trkpt>
      <trkpt lat="46.42292" lon="12.23715"><ele>933</ele></trkpt>
      <trkpt lat="46.42294" lon="12.23742"><ele>930</ele></trkpt>
      <trkpt lat="46.42314" lon="12.23806"><ele>926</ele></trkpt>
      <trkpt lat="46.42317" lon="12.23826"><ele>927</ele></trkpt>
      <trkpt lat="46.42310" lon="12.23908"><ele>928</ele></trkpt>
      <trkpt lat="46.42307" lon="12.23971"><ele>929</ele></trkpt>
      <trkpt lat="46.42303" lon="12.24016"><ele>928</ele></trkpt>
      <trkpt lat="46.42297" lon="12.24043"><ele>926</ele></trkpt>
      <trkpt lat="46.42287" lon="12.24067"><ele>926</ele></trkpt>
      <trkpt lat="46.42269" lon="12.24088"><ele>925</ele></trkpt>
      <trkpt lat="46.42222" lon="12.24128"><ele>923</ele></trkpt>
      <trkpt lat="46.42206" lon="12.24145"><ele>922</ele></trkpt>
      <trkpt lat="46.42199" lon="12.24160"><ele>922</ele></trkpt>
      <trkpt lat="46.42192" lon="12.24183"><ele>923</ele></trkpt>
      <trkpt lat="46.42190" lon="12.24193"><ele>923</ele></trkpt>
      <trkpt lat="46.42191" lon="12.24208"><ele>922</ele></trkpt>
      <trkpt lat="46.42194" lon="12.24228"><ele>922</ele></trkpt>
      <trkpt lat="46.42206" lon="12.24274"><ele>922</ele></trkpt>
      <trkpt lat="46.42211" lon="12.24306"><ele>921</ele></trkpt>
      <trkpt lat="46.42210" lon="12.24335"><ele>921</ele></trkpt>
      <trkpt lat="46.42204" lon="12.24360"><ele>922</ele></trkpt>
      <trkpt lat="46.42191" lon="12.24390"><ele>920</ele></trkpt>
      <trkpt lat="46.42131" lon="12.24496"><ele>916</ele></trkpt>
      <trkpt lat="46.42118" lon="12.24515"><ele>917</ele></trkpt>
      <trkpt lat="46.42107" lon="12.24527"><ele>915</ele></trkpt>
      <trkpt lat="46.42059" lon="12.24569"><ele>913</ele></trkpt>
      <trkpt lat="46.42040" lon="12.24590"><ele>911</ele></trkpt>
      <trkpt lat="46.42031" lon="12.24608"><ele>911</ele></trkpt>
      <trkpt lat="46.42024" lon="12.24631"><ele>911</ele></trkpt>
      <trkpt lat="46.41998" lon="12.24705"><ele>910</ele></trkpt>
      <trkpt lat="46.41965" lon="12.24803"><ele>909</ele></trkpt>
      <trkpt lat="46.41958" lon="12.24826"><ele>910</ele></trkpt>
      <trkpt lat="46.41950" lon="12.24847"><ele>910</ele></trkpt>
      <trkpt lat="46.41937" lon="12.24867"><ele>907</ele></trkpt>
      <trkpt lat="46.41924" lon="12.24881"><ele>906</ele></trkpt>
      <trkpt lat="46.41915" lon="12.24890"><ele>905</ele></trkpt>
      <trkpt lat="46.41887" lon="12.24907"><ele>903</ele></trkpt>
      <trkpt lat="46.41873" lon="12.24922"><ele>901</ele></trkpt>
      <trkpt lat="46.41864" lon="12.24945"><ele>902</ele></trkpt>
      <trkpt lat="46.41855" lon="12.24980"><ele>902</ele></trkpt>
      <trkpt lat="46.41838" lon="12.25060"><ele>901</ele></trkpt>
      <trkpt lat="46.41831" lon="12.25086"><ele>901</ele></trkpt>
      <trkpt lat="46.41820" lon="12.25103"><ele>901</ele></trkpt>
      <trkpt lat="46.41811" lon="12.25111"><ele>901</ele></trkpt>
      <trkpt lat="46.41802" lon="12.25116"><ele>900</ele></trkpt>
      <trkpt lat="46.41785" lon="12.25120"><ele>899</ele></trkpt>
      <trkpt lat="46.41778" lon="12.25120"><ele>898</ele></trkpt>
      <trkpt lat="46.41743" lon="12.25122"><ele>898</ele></trkpt>
      <trkpt lat="46.41720" lon="12.25127"><ele>898</ele></trkpt>
      <trkpt lat="46.41702" lon="12.25142"><ele>897</ele></trkpt>
      <trkpt lat="46.41690" lon="12.25162"><ele>896</ele></trkpt>
      <trkpt lat="46.41678" lon="12.25197"><ele>896</ele></trkpt>
      <trkpt lat="46.41667" lon="12.25219"><ele>897</ele></trkpt>
      <trkpt lat="46.41651" lon="12.25235"><ele>897</ele></trkpt>
      <trkpt lat="46.41634" lon="12.25242"><ele>895</ele></trkpt>
      <trkpt lat="46.41618" lon="12.25242"><ele>895</ele></trkpt>
      <trkpt lat="46.41601" lon="12.25241"><ele>894</ele></trkpt>
      <trkpt lat="46.41589" lon="12.25239"><ele>894</ele></trkpt>
      <trkpt lat="46.41576" lon="12.25238"><ele>893</ele></trkpt>
      <trkpt lat="46.41555" lon="12.25242"><ele>893</ele></trkpt>
      <trkpt lat="46.41540" lon="12.25255"><ele>891</ele></trkpt>
      <trkpt lat="46.41523" lon="12.25284"><ele>890</ele></trkpt>
      <trkpt lat="46.41516" lon="12.25308"><ele>890</ele></trkpt>
      <trkpt lat="46.41509" lon="12.25336"><ele>888</ele></trkpt>
      <trkpt lat="46.41501" lon="12.25368"><ele>886</ele></trkpt>
      <trkpt lat="46.41496" lon="12.25391"><ele>885</ele></trkpt>
      <trkpt lat="46.41494" lon="12.25401"><ele>884</ele></trkpt>
      <trkpt lat="46.41482" lon="12.25416"><ele>884</ele></trkpt>
      <trkpt lat="46.41478" lon="12.25424"><ele>884</ele></trkpt>
      <trkpt lat="46.41475" lon="12.25439"><ele>882</ele></trkpt>
      <trkpt lat="46.41475" lon="12.25460"><ele>881</ele></trkpt>
      <trkpt lat="46.41483" lon="12.25533"><ele>878</ele></trkpt>
      <trkpt lat="46.41485" lon="12.25588"><ele>876</ele></trkpt>
      <trkpt lat="46.41491" lon="12.25649"><ele>873</ele></trkpt>
      <trkpt lat="46.41498" lon="12.25703"><ele>870</ele></trkpt>
      <trkpt lat="46.41505" lon="12.25742"><ele>870</ele></trkpt>
      <trkpt lat="46.41506" lon="12.25767"><ele>869</ele></trkpt>
      <trkpt lat="46.41504" lon="12.25790"><ele>866</ele></trkpt>
      <trkpt lat="46.41499" lon="12.25797"><ele>864</ele></trkpt>
      <trkpt lat="46.41491" lon="12.25808"><ele>865</ele></trkpt>
      <trkpt lat="46.41488" lon="12.25811"><ele>866</ele></trkpt>
      <trkpt lat="46.41482" lon="12.25814"><ele>866</ele></trkpt>
      <trkpt lat="46.41456" lon="12.25800"><ele>866</ele></trkpt>
      <trkpt lat="46.41447" lon="12.25816"><ele>867</ele></trkpt>
      <trkpt lat="46.41445" lon="12.25819"><ele>867</ele></trkpt>
      <trkpt lat="46.41434" lon="12.25833"><ele>866</ele></trkpt>
      <trkpt lat="46.41432" lon="12.25840"><ele>866</ele></trkpt>
      <trkpt lat="46.41428" lon="12.25868"><ele>866</ele></trkpt>
      <trkpt lat="46.41420" lon="12.25904"><ele>867</ele></trkpt>
      <trkpt lat="46.41404" lon="12.25937"><ele>867</ele></trkpt>
      <trkpt lat="46.41395" lon="12.25949"><ele>868</ele></trkpt>
      <trkpt lat="46.41340" lon="12.25983"><ele>866</ele></trkpt>
      <trkpt lat="46.41322" lon="12.25996"><ele>864</ele></trkpt>
      <trkpt lat="46.41307" lon="12.26020"><ele>863</ele></trkpt>
      <trkpt lat="46.41295" lon="12.26049"><ele>862</ele></trkpt>
      <trkpt lat="46.41282" lon="12.26085"><ele>858</ele></trkpt>
      <trkpt lat="46.41277" lon="12.26108"><ele>857</ele></trkpt>
      <trkpt lat="46.41276" lon="12.26131"><ele>857</ele></trkpt>
      <trkpt lat="46.41276" lon="12.26289"><ele>857</ele></trkpt>
      <trkpt lat="46.41280" lon="12.26329"><ele>857</ele></trkpt>
      <trkpt lat="46.41285" lon="12.26357"><ele>857</ele></trkpt>
      <trkpt lat="46.41293" lon="12.26390"><ele>856</ele></trkpt>
      <trkpt lat="46.41291" lon="12.26409"><ele>857</ele></trkpt>
      <trkpt lat="46.41282" lon="12.26446"><ele>856</ele></trkpt>
      <trkpt lat="46.41276" lon="12.26478"><ele>856</ele></trkpt>
      <trkpt lat="46.41259" lon="12.26518"><ele>856</ele></trkpt>
      <trkpt lat="46.41228" lon="12.26605"><ele>860</ele></trkpt>
      <trkpt lat="46.41215" lon="12.26631"><ele>859</ele></trkpt>
      <trkpt lat="46.41201" lon="12.26665"><ele>860</ele></trkpt>
      <trkpt lat="46.41190" lon="12.26692"><ele>862</ele></trkpt>
      <trkpt lat="46.41186" lon="12.26708"><ele>862</ele></trkpt>
      <trkpt lat="46.41177" lon="12.26765"><ele>865</ele></trkpt>
      <trkpt lat="46.41171" lon="12.26814"><ele>868</ele></trkpt>
      <trkpt lat="46.41164" lon="12.26860"><ele>870</ele></trkpt>
      <trkpt lat="46.41153" lon="12.26899"><ele>869</ele></trkpt>
      <trkpt lat="46.41142" lon="12.26931"><ele>870</ele></trkpt>
      <trkpt lat="46.41141" lon="12.26946"><ele>870</ele></trkpt>
      <trkpt lat="46.41144" lon="12.26966"><ele>870</ele></trkpt>
      <trkpt lat="46.41152" lon="12.27003"><ele>869</ele></trkpt>
      <trkpt lat="46.41165" lon="12.27060"><ele>866</ele></trkpt>
      <trkpt lat="46.41163" lon="12.27118"><ele>865</ele></trkpt>
      <trkpt lat="46.41158" lon="12.27163"><ele>865</ele></trkpt>
      <trkpt lat="46.41153" lon="12.27215"><ele>866</ele></trkpt>
      <trkpt lat="46.41143" lon="12.27254"><ele>868</ele></trkpt>
      <trkpt lat="46.41122" lon="12.27294"><ele>869</ele></trkpt>
      <trkpt lat="46.41094" lon="12.27335"><ele>871</ele></trkpt>
      <trkpt lat="46.41080" lon="12.27383"><ele>870</ele></trkpt>
      <trkpt lat="46.41069" lon="12.27460"><ele>868</ele></trkpt>
      <trkpt lat="46.41069" lon="12.27475"><ele>867</ele></trkpt>
      <trkpt lat="46.41080" lon="12.27499"><ele>861</ele></trkpt>
      <trkpt lat="46.41104" lon="12.27518"><ele>862</ele></trkpt>
      <trkpt lat="46.41121" lon="12.27533"><ele>861</ele></trkpt>
      <trkpt lat="46.41132" lon="12.27539"><ele>862</ele></trkpt>
      <trkpt lat="46.41146" lon="12.27550"><ele>861</ele></trkpt>
      <trkpt lat="46.41159" lon="12.27568"><ele>858</ele></trkpt>
      <trkpt lat="46.41172" lon="12.27584"><ele>855</ele></trkpt>
      <trkpt lat="46.41187" lon="12.27594"><ele>854</ele></trkpt>
      <trkpt lat="46.41201" lon="12.27599"><ele>854</ele></trkpt>
      <trkpt lat="46.41225" lon="12.27604"><ele>853</ele></trkpt>
      <trkpt lat="46.41238" lon="12.27611"><ele>853</ele></trkpt>
      <trkpt lat="46.41252" lon="12.27624"><ele>854</ele></trkpt>
      <trkpt lat="46.41265" lon="12.27645"><ele>854</ele></trkpt>
      <trkpt lat="46.41276" lon="12.27671"><ele>852</ele></trkpt>
      <trkpt lat="46.41278" lon="12.27680"><ele>851</ele></trkpt>
      <trkpt lat="46.41279" lon="12.27689"><ele>850</ele></trkpt>
      <trkpt lat="46.41279" lon="12.27704"><ele>848</ele></trkpt>
      <trkpt lat="46.41277" lon="12.27728"><ele>848</ele></trkpt>
      <trkpt lat="46.41274" lon="12.27746"><ele>852</ele></trkpt>
      <trkpt lat="46.41263" lon="12.27758"><ele>857</ele></trkpt>
      <trkpt lat="46.41247" lon="12.27761"><ele>858</ele></trkpt>
      <trkpt lat="46.41234" lon="12.27756"><ele>856</ele></trkpt>
      <trkpt lat="46.41213" lon="12.27752"><ele>854</ele></trkpt>
      <trkpt lat="46.41195" lon="12.27757"><ele>854</ele></trkpt>
      <trkpt lat="46.41179" lon="12.27756"><ele>854</ele></trkpt>
      <trkpt lat="46.41167" lon="12.27749"><ele>855</ele></trkpt>
      <trkpt lat="46.41156" lon="12.27737"><ele>855</ele></trkpt>
      <trkpt lat="46.41143" lon="12.27725"><ele>855</ele></trkpt>
      <trkpt lat="46.41127" lon="12.27717"><ele>856</ele></trkpt>
      <trkpt lat="46.41072" lon="12.27704"><ele>862</ele></trkpt>
      <trkpt lat="46.41039" lon="12.27701"><ele>864</ele></trkpt>
      <trkpt lat="46.41032" lon="12.27703"><ele>866</ele></trkpt>
      <trkpt lat="46.41016" lon="12.27710"><ele>866</ele></trkpt>
      <trkpt lat="46.41005" lon="12.27720"><ele>865</ele></trkpt>
      <trkpt lat="46.40981" lon="12.27768"><ele>866</ele></trkpt>
      <trkpt lat="46.40971" lon="12.27809"><ele>867</ele></trkpt>
      <trkpt lat="46.40971" lon="12.27854"><ele>866</ele></trkpt>
      <trkpt lat="46.40973" lon="12.27868"><ele>868</ele></trkpt>
      <trkpt lat="46.40973" lon="12.27885"><ele>868</ele></trkpt>
      <trkpt lat="46.40970" lon="12.27902"><ele>868</ele></trkpt>
      <trkpt lat="46.40953" lon="12.27940"><ele>868</ele></trkpt>
      <trkpt lat="46.40945" lon="12.27951"><ele>869</ele></trkpt>
      <trkpt lat="46.40935" lon="12.27958"><ele>870</ele></trkpt>
      <trkpt lat="46.40917" lon="12.27965"><ele>870</ele></trkpt>
      <trkpt lat="46.40892" lon="12.27974"><ele>867</ele></trkpt>
      <trkpt lat="46.40877" lon="12.27982"><ele>866</ele></trkpt>
      <trkpt lat="46.40856" lon="12.28001"><ele>866</ele></trkpt>
      <trkpt lat="46.40845" lon="12.28017"><ele>864</ele></trkpt>
      <trkpt lat="46.40831" lon="12.28052"><ele>862</ele></trkpt>
      <trkpt lat="46.40813" lon="12.28119"><ele>860</ele></trkpt>
      <trkpt lat="46.40801" lon="12.28148"><ele>862</ele></trkpt>
      <trkpt lat="46.40780" lon="12.28170"><ele>859</ele></trkpt>
      <trkpt lat="46.40761" lon="12.28188"><ele>856</ele></trkpt>
      <trkpt lat="46.40719" lon="12.28224"><ele>857</ele></trkpt>
      <trkpt lat="46.40702" lon="12.28251"><ele>859</ele></trkpt>
      <trkpt lat="46.40694" lon="12.28270"><ele>858</ele></trkpt>
      <trkpt lat="46.40686" lon="12.28310"><ele>857</ele></trkpt>
      <trkpt lat="46.40683" lon="12.28339"><ele>857</ele></trkpt>
      <trkpt lat="46.40679" lon="12.28361"><ele>858</ele></trkpt>
      <trkpt lat="46.40671" lon="12.28388"><ele>860</ele></trkpt>
      <trkpt lat="46.40663" lon="12.28404"><ele>858</ele></trkpt>
      <trkpt lat="46.40655" lon="12.28424"><ele>857</ele></trkpt>
      <trkpt lat="46.40652" lon="12.28436"><ele>856</ele></trkpt>
      <trkpt lat="46.40650" lon="12.28452"><ele>856</ele></trkpt>
      <trkpt lat="46.40650" lon="12.28469"><ele>856</ele></trkpt>
      <trkpt lat="46.40653" lon="12.28487"><ele>858</ele></trkpt>
      <trkpt lat="46.40656" lon="12.28530"><ele>858</ele></trkpt>
      <trkpt lat="46.40661" lon="12.28602"><ele>859</ele></trkpt>
      <trkpt lat="46.40659" lon="12.28668"><ele>856</ele></trkpt>
      <trkpt lat="46.40662" lon="12.28710"><ele>857</ele></trkpt>
      <trkpt lat="46.40666" lon="12.28757"><ele>856</ele></trkpt>
      <trkpt lat="46.40670" lon="12.28796"><ele>856</ele></trkpt>
      <trkpt lat="46.40675" lon="12.28818"><ele>856</ele></trkpt>
      <trkpt lat="46.40679" lon="12.28838"><ele>856</ele></trkpt>
      <trkpt lat="46.40671" lon="12.28843"><ele>852</ele></trkpt>
      <trkpt lat="46.40670" lon="12.28850"><ele>850</ele></trkpt>
      <trkpt lat="46.40674" lon="12.28874"><ele>851</ele></trkpt>
      <trkpt lat="46.40674" lon="12.28898"><ele>849</ele></trkpt>
      <trkpt lat="46.40675" lon="12.28916"><ele>848</ele></trkpt>
      <trkpt lat="46.40678" lon="12.28933"><ele>847</ele></trkpt>
      <trkpt lat="46.40684" lon="12.28997"><ele>846</ele></trkpt>
      <trkpt lat="46.40700" lon="12.29038"><ele>846</ele></trkpt>
      <trkpt lat="46.40718" lon="12.29073"><ele>848</ele></trkpt>
      <trkpt lat="46.40745" lon="12.29109"><ele>854</ele></trkpt>
      <trkpt lat="46.40769" lon="12.29178"><ele>854</ele></trkpt>
      <trkpt lat="46.40774" lon="12.29203"><ele>853</ele></trkpt>
      <trkpt lat="46.40777" lon="12.29248"><ele>853</ele></trkpt>
      <trkpt lat="46.40777" lon="12.29296"><ele>852</ele></trkpt>
      <trkpt lat="46.40777" lon="12.29399"><ele>849</ele></trkpt>
      <trkpt lat="46.40777" lon="12.29417"><ele>848</ele></trkpt>
      <trkpt lat="46.40781" lon="12.29437"><ele>848</ele></trkpt>
      <trkpt lat="46.40804" lon="12.29501"><ele>848</ele></trkpt>
      <trkpt lat="46.40813" lon="12.29524"><ele>849</ele></trkpt>
      <trkpt lat="46.40821" lon="12.29520"><ele>851</ele></trkpt>
      <trkpt lat="46.40830" lon="12.29523"><ele>852</ele></trkpt>
      <trkpt lat="46.40845" lon="12.29540"><ele>854</ele></trkpt>
      <trkpt lat="46.40856" lon="12.29563"><ele>852</ele></trkpt>
      <trkpt lat="46.40875" lon="12.29608"><ele>852</ele></trkpt>
      <trkpt lat="46.40885" lon="12.29617"><ele>852</ele></trkpt>
      <trkpt lat="46.40888" lon="12.29619"><ele>852</ele></trkpt>
      <trkpt lat="46.40907" lon="12.29655"><ele>855</ele></trkpt>
      <trkpt lat="46.40917" lon="12.29693"><ele>856</ele></trkpt>
      <trkpt lat="46.40930" lon="12.29691"><ele>860</ele></trkpt>
      <trkpt lat="46.40929" lon="12.29659"><ele>861</ele></trkpt>
      <trkpt lat="46.40933" lon="12.29660"><ele>862</ele></trkpt>
      <trkpt lat="46.40937" lon="12.29664"><ele>863</ele></trkpt>
      <trkpt lat="46.40945" lon="12.29692"><ele>864</ele></trkpt>
      <trkpt lat="46.40946" lon="12.29694"><ele>864</ele></trkpt>
      <trkpt lat="46.40948" lon="12.29705"><ele>864</ele></trkpt>
      <trkpt lat="46.40950" lon="12.29712"><ele>864</ele></trkpt>
      <trkpt lat="46.40967" lon="12.29747"><ele>868</ele></trkpt>
      <trkpt lat="46.40981" lon="12.29779"><ele>870</ele></trkpt>
      <trkpt lat="46.41004" lon="12.29838"><ele>873</ele></trkpt>
      <trkpt lat="46.41011" lon="12.29857"><ele>875</ele></trkpt>
      <trkpt lat="46.41016" lon="12.29869"><ele>876</ele></trkpt>
      <trkpt lat="46.41013" lon="12.29884"><ele>874</ele></trkpt>
      <trkpt lat="46.41013" lon="12.29893"><ele>873</ele></trkpt>
      <trkpt lat="46.41014" lon="12.29901"><ele>872</ele></trkpt>
      <trkpt lat="46.41013" lon="12.29893"><ele>873</ele></trkpt>
      <trkpt lat="46.41013" lon="12.29884"><ele>874</ele></trkpt>
      <trkpt lat="46.41016" lon="12.29869"><ele>876</ele></trkpt>
      <trkpt lat="46.41011" lon="12.29857"><ele>875</ele></trkpt>
      <trkpt lat="46.41004" lon="12.29838"><ele>873</ele></trkpt>
      <trkpt lat="46.40981" lon="12.29779"><ele>870</ele></trkpt>
      <trkpt lat="46.40967" lon="12.29747"><ele>868</ele></trkpt>
      <trkpt lat="46.40950" lon="12.29712"><ele>864</ele></trkpt>
      <trkpt lat="46.40948" lon="12.29705"><ele>864</ele></trkpt>
      <trkpt lat="46.40946" lon="12.29694"><ele>864</ele></trkpt>
      <trkpt lat="46.40945" lon="12.29692"><ele>864</ele></trkpt>
      <trkpt lat="46.40937" lon="12.29664"><ele>863</ele></trkpt>
      <trkpt lat="46.40933" lon="12.29660"><ele>862</ele></trkpt>
      <trkpt lat="46.40929" lon="12.29659"><ele>861</ele></trkpt>
      <trkpt lat="46.40930" lon="12.29691"><ele>860</ele></trkpt>
      <trkpt lat="46.40917" lon="12.29693"><ele>856</ele></trkpt>
      <trkpt lat="46.40907" lon="12.29655"><ele>855</ele></trkpt>
      <trkpt lat="46.40888" lon="12.29619"><ele>852</ele></trkpt>
      <trkpt lat="46.40885" lon="12.29617"><ele>852</ele></trkpt>
      <trkpt lat="46.40875" lon="12.29608"><ele>852</ele></trkpt>
      <trkpt lat="46.40856" lon="12.29563"><ele>852</ele></trkpt>
      <trkpt lat="46.40845" lon="12.29540"><ele>854</ele></trkpt>
      <trkpt lat="46.40830" lon="12.29523"><ele>852</ele></trkpt>
      <trkpt lat="46.40821" lon="12.29520"><ele>851</ele></trkpt>
      <trkpt lat="46.40813" lon="12.29524"><ele>849</ele></trkpt>
      <trkpt lat="46.40825" lon="12.29553"><ele>849</ele></trkpt>
      <trkpt lat="46.40848" lon="12.29616"><ele>848</ele></trkpt>
      <trkpt lat="46.40861" lon="12.29647"><ele>847</ele></trkpt>
      <trkpt lat="46.40870" lon="12.29677"><ele>847</ele></trkpt>
      <trkpt lat="46.40879" lon="12.29719"><ele>847</ele></trkpt>
      <trkpt lat="46.40884" lon="12.29764"><ele>848</ele></trkpt>
      <trkpt lat="46.40891" lon="12.29831"><ele>847</ele></trkpt>
      <trkpt lat="46.40894" lon="12.29866"><ele>848</ele></trkpt>
      <trkpt lat="46.40899" lon="12.29897"><ele>849</ele></trkpt>
      <trkpt lat="46.40905" lon="12.29919"><ele>850</ele></trkpt>
      <trkpt lat="46.40926" lon="12.29967"><ele>848</ele></trkpt>
      <trkpt lat="46.40949" lon="12.30016"><ele>845</ele></trkpt>
      <trkpt lat="46.40962" lon="12.30038"><ele>844</ele></trkpt>
      <trkpt lat="46.40969" lon="12.30049"><ele>846</ele></trkpt>
      <trkpt lat="46.40976" lon="12.30051"><ele>848</ele></trkpt>
      <trkpt lat="46.40982" lon="12.30061"><ele>847</ele></trkpt>
      <trkpt lat="46.40995" lon="12.30081"><ele>847</ele></trkpt>
      <trkpt lat="46.41007" lon="12.30102"><ele>845</ele></trkpt>
      <trkpt lat="46.41029" lon="12.30198"><ele>848</ele></trkpt>
      <trkpt lat="46.41044" lon="12.30242"><ele>846</ele></trkpt>
      <trkpt lat="46.41072" lon="12.30291"><ele>848</ele></trkpt>
      <trkpt lat="46.41102" lon="12.30329"><ele>848</ele></trkpt>
      <trkpt lat="46.41126" lon="12.30366"><ele>850</ele></trkpt>
      <trkpt lat="46.41142" lon="12.30395"><ele>848</ele></trkpt>
      <trkpt lat="46.41153" lon="12.30422"><ele>848</ele></trkpt>
      <trkpt lat="46.41156" lon="12.30433"><ele>850</ele></trkpt>
      <trkpt lat="46.41172" lon="12.30505"><ele>853</ele></trkpt>
      <trkpt lat="46.41175" lon="12.30524"><ele>849</ele></trkpt>
      <trkpt lat="46.41175" lon="12.30555"><ele>849</ele></trkpt>
      <trkpt lat="46.41171" lon="12.30587"><ele>849</ele></trkpt>
      <trkpt lat="46.41166" lon="12.30615"><ele>848</ele></trkpt>
      <trkpt lat="46.41163" lon="12.30634"><ele>848</ele></trkpt>
      <trkpt lat="46.41164" lon="12.30666"><ele>849</ele></trkpt>
      <trkpt lat="46.41170" lon="12.30713"><ele>847</ele></trkpt>
      <trkpt lat="46.41176" lon="12.30751"><ele>846</ele></trkpt>
      <trkpt lat="46.41186" lon="12.30824"><ele>845</ele></trkpt>
      <trkpt lat="46.41192" lon="12.30865"><ele>846</ele></trkpt>
      <trkpt lat="46.41205" lon="12.30915"><ele>844</ele></trkpt>
      <trkpt lat="46.41218" lon="12.30957"><ele>843</ele></trkpt>
      <trkpt lat="46.41249" lon="12.31046"><ele>844</ele></trkpt>
      <trkpt lat="46.41269" lon="12.31094"><ele>840</ele></trkpt>
      <trkpt lat="46.41277" lon="12.31109"><ele>842</ele></trkpt>
      <trkpt lat="46.41281" lon="12.31125"><ele>842</ele></trkpt>
      <trkpt lat="46.41282" lon="12.31146"><ele>842</ele></trkpt>
      <trkpt lat="46.41283" lon="12.31218"><ele>842</ele></trkpt>
      <trkpt lat="46.41285" lon="12.31222"><ele>843</ele></trkpt>
      <trkpt lat="46.41304" lon="12.31247"><ele>844</ele></trkpt>
      <trkpt lat="46.41331" lon="12.31281"><ele>844</ele></trkpt>
      <trkpt lat="46.41347" lon="12.31297"><ele>845</ele></trkpt>
      <trkpt lat="46.41363" lon="12.31303"><ele>846</ele></trkpt>
      <trkpt lat="46.41401" lon="12.31302"><ele>844</ele></trkpt>
      <trkpt lat="46.41419" lon="12.31299"><ele>844</ele></trkpt>
      <trkpt lat="46.41436" lon="12.31293"><ele>843</ele></trkpt>
      <trkpt lat="46.41478" lon="12.31245"><ele>848</ele></trkpt>
      <trkpt lat="46.41491" lon="12.31227"><ele>846</ele></trkpt>
      <trkpt lat="46.41501" lon="12.31203"><ele>849</ele></trkpt>
      <trkpt lat="46.41510" lon="12.31172"><ele>853</ele></trkpt>
      <trkpt lat="46.41527" lon="12.31124"><ele>856</ele></trkpt>
      <trkpt lat="46.41541" lon="12.31093"><ele>859</ele></trkpt>
      <trkpt lat="46.41557" lon="12.31069"><ele>856</ele></trkpt>
      <trkpt lat="46.41587" lon="12.31034"><ele>854</ele></trkpt>
      <trkpt lat="46.41622" lon="12.30995"><ele>851</ele></trkpt>
      <trkpt lat="46.41645" lon="12.30979"><ele>846</ele></trkpt>
      <trkpt lat="46.41686" lon="12.30956"><ele>842</ele></trkpt>
      <trkpt lat="46.41703" lon="12.30952"><ele>841</ele></trkpt>
      <trkpt lat="46.41728" lon="12.30957"><ele>840</ele></trkpt>
      <trkpt lat="46.41783" lon="12.30980"><ele>839</ele></trkpt>
      <trkpt lat="46.41805" lon="12.30984"><ele>844</ele></trkpt>
      <trkpt lat="46.41966" lon="12.30998"><ele>840</ele></trkpt>
      <trkpt lat="46.41974" lon="12.31000"><ele>837</ele></trkpt>
      <trkpt lat="46.41980" lon="12.31004"><ele>837</ele></trkpt>
      <trkpt lat="46.41983" lon="12.31008"><ele>836</ele></trkpt>
      <trkpt lat="46.41990" lon="12.31016"><ele>834</ele></trkpt>
      <trkpt lat="46.42001" lon="12.31031"><ele>834</ele></trkpt>
      <trkpt lat="46.42005" lon="12.31039"><ele>834</ele></trkpt>
      <trkpt lat="46.42008" lon="12.31047"><ele>834</ele></trkpt>
      <trkpt lat="46.42010" lon="12.31060"><ele>834</ele></trkpt>
      <trkpt lat="46.42010" lon="12.31084"><ele>834</ele></trkpt>
      <trkpt lat="46.42009" lon="12.31095"><ele>834</ele></trkpt>
      <trkpt lat="46.42007" lon="12.31108"><ele>838</ele></trkpt>
      <trkpt lat="46.42004" lon="12.31120"><ele>838</ele></trkpt>
      <trkpt lat="46.42001" lon="12.31128"><ele>837</ele></trkpt>
      <trkpt lat="46.41993" lon="12.31142"><ele>838</ele></trkpt>
      <trkpt lat="46.41983" lon="12.31156"><ele>839</ele></trkpt>
      <trkpt lat="46.41954" lon="12.31195"><ele>836</ele></trkpt>
      <trkpt lat="46.41928" lon="12.31232"><ele>842</ele></trkpt>
      <trkpt lat="46.41897" lon="12.31256"><ele>841</ele></trkpt>
      <trkpt lat="46.41876" lon="12.31268"><ele>845</ele></trkpt>
      <trkpt lat="46.41808" lon="12.31315"><ele>846</ele></trkpt>
      <trkpt lat="46.41804" lon="12.31320"><ele>844</ele></trkpt>
      <trkpt lat="46.41798" lon="12.31327"><ele>843</ele></trkpt>
      <trkpt lat="46.41742" lon="12.31443"><ele>842</ele></trkpt>
      <trkpt lat="46.41736" lon="12.31458"><ele>842</ele></trkpt>
      <trkpt lat="46.41732" lon="12.31473"><ele>842</ele></trkpt>
      <trkpt lat="46.41731" lon="12.31490"><ele>842</ele></trkpt>
      <trkpt lat="46.41734" lon="12.31525"><ele>844</ele></trkpt>
      <trkpt lat="46.41745" lon="12.31566"><ele>846</ele></trkpt>
      <trkpt lat="46.41753" lon="12.31595"><ele>847</ele></trkpt>
      <trkpt lat="46.41754" lon="12.31609"><ele>846</ele></trkpt>
      <trkpt lat="46.41753" lon="12.31634"><ele>846</ele></trkpt>
      <trkpt lat="46.41751" lon="12.31649"><ele>846</ele></trkpt>
      <trkpt lat="46.41747" lon="12.31665"><ele>847</ele></trkpt>
      <trkpt lat="46.41719" lon="12.31738"><ele>845</ele></trkpt>
      <trkpt lat="46.41692" lon="12.31814"><ele>848</ele></trkpt>
      <trkpt lat="46.41665" lon="12.31877"><ele>847</ele></trkpt>
      <trkpt lat="46.41649" lon="12.31917"><ele>849</ele></trkpt>
      <trkpt lat="46.41641" lon="12.31932"><ele>850</ele></trkpt>
      <trkpt lat="46.41631" lon="12.31944"><ele>850</ele></trkpt>
      <trkpt lat="46.41615" lon="12.31953"><ele>848</ele></trkpt>
      <trkpt lat="46.41596" lon="12.31961"><ele>848</ele></trkpt>
      <trkpt lat="46.41578" lon="12.31973"><ele>850</ele></trkpt>
      <trkpt lat="46.41569" lon="12.31992"><ele>850</ele></trkpt>
      <trkpt lat="46.41547" lon="12.32050"><ele>848</ele></trkpt>
      <trkpt lat="46.41521" lon="12.32127"><ele>852</ele></trkpt>
      <trkpt lat="46.41519" lon="12.32137"><ele>852</ele></trkpt>
      <trkpt lat="46.41516" lon="12.32155"><ele>852</ele></trkpt>
      <trkpt lat="46.41515" lon="12.32169"><ele>853</ele></trkpt>
      <trkpt lat="46.41516" lon="12.32189"><ele>853</ele></trkpt>
      <trkpt lat="46.41519" lon="12.32215"><ele>853</ele></trkpt>
      <trkpt lat="46.41525" lon="12.32238"><ele>854</ele></trkpt>
      <trkpt lat="46.41536" lon="12.32279"><ele>853</ele></trkpt>
      <trkpt lat="46.41540" lon="12.32292"><ele>853</ele></trkpt>
      <trkpt lat="46.41554" lon="12.32338"><ele>853</ele></trkpt>
      <trkpt lat="46.41558" lon="12.32358"><ele>854</ele></trkpt>
      <trkpt lat="46.41560" lon="12.32388"><ele>853</ele></trkpt>
      <trkpt lat="46.41560" lon="12.32437"><ele>856</ele></trkpt>
      <trkpt lat="46.41561" lon="12.32460"><ele>858</ele></trkpt>
      <trkpt lat="46.41562" lon="12.32478"><ele>859</ele></trkpt>
      <trkpt lat="46.41566" lon="12.32495"><ele>859</ele></trkpt>
      <trkpt lat="46.41582" lon="12.32535"><ele>855</ele></trkpt>
      <trkpt lat="46.41601" lon="12.32581"><ele>858</ele></trkpt>
      <trkpt lat="46.41611" lon="12.32603"><ele>860</ele></trkpt>
      <trkpt lat="46.41622" lon="12.32625"><ele>862</ele></trkpt>
      <trkpt lat="46.41632" lon="12.32641"><ele>862</ele></trkpt>
      <trkpt lat="46.41643" lon="12.32656"><ele>859</ele></trkpt>
      <trkpt lat="46.41652" lon="12.32660"><ele>857</ele></trkpt>
      <trkpt lat="46.41715" lon="12.32667"><ele>858</ele></trkpt>
      <trkpt lat="46.41728" lon="12.32671"><ele>859</ele></trkpt>
      <trkpt lat="46.41766" lon="12.32706"><ele>861</ele></trkpt>
      <trkpt lat="46.41784" lon="12.32719"><ele>860</ele></trkpt>
      <trkpt lat="46.41803" lon="12.32737"><ele>859</ele></trkpt>
      <trkpt lat="46.41824" lon="12.32757"><ele>858</ele></trkpt>
      <trkpt lat="46.41833" lon="12.32770"><ele>858</ele></trkpt>
      <trkpt lat="46.41839" lon="12.32780"><ele>858</ele></trkpt>
      <trkpt lat="46.41843" lon="12.32796"><ele>857</ele></trkpt>
      <trkpt lat="46.41846" lon="12.32813"><ele>857</ele></trkpt>
      <trkpt lat="46.41862" lon="12.32962"><ele>859</ele></trkpt>
      <trkpt lat="46.41868" lon="12.33017"><ele>860</ele></trkpt>
      <trkpt lat="46.41869" lon="12.33035"><ele>860</ele></trkpt>
      <trkpt lat="46.41868" lon="12.33053"><ele>860</ele></trkpt>
      <trkpt lat="46.41865" lon="12.33075"><ele>859</ele></trkpt>
      <trkpt lat="46.41859" lon="12.33100"><ele>858</ele></trkpt>
      <trkpt lat="46.41852" lon="12.33130"><ele>858</ele></trkpt>
      <trkpt lat="46.41847" lon="12.33155"><ele>859</ele></trkpt>
      <trkpt lat="46.41844" lon="12.33174"><ele>858</ele></trkpt>
      <trkpt lat="46.41843" lon="12.33189"><ele>858</ele></trkpt>
      <trkpt lat="46.41844" lon="12.33211"><ele>858</ele></trkpt>
      <trkpt lat="46.41846" lon="12.33230"><ele>858</ele></trkpt>
      <trkpt lat="46.41853" lon="12.33262"><ele>858</ele></trkpt>
      <trkpt lat="46.41860" lon="12.33285"><ele>858</ele></trkpt>
      <trkpt lat="46.41868" lon="12.33298"><ele>859</ele></trkpt>
      <trkpt lat="46.41885" lon="12.33364"><ele>860</ele></trkpt>
      <trkpt lat="46.41911" lon="12.33454"><ele>856</ele></trkpt>
      <trkpt lat="46.41914" lon="12.33464"><ele>856</ele></trkpt>
      <trkpt lat="46.41935" lon="12.33533"><ele>857</ele></trkpt>
      <trkpt lat="46.41938" lon="12.33540"><ele>858</ele></trkpt>
      <trkpt lat="46.41941" lon="12.33547"><ele>858</ele></trkpt>
      <trkpt lat="46.41951" lon="12.33563"><ele>858</ele></trkpt>
      <trkpt lat="46.41968" lon="12.33580"><ele>859</ele></trkpt>
      <trkpt lat="46.42026" lon="12.33640"><ele>858</ele></trkpt>
      <trkpt lat="46.42046" lon="12.33664"><ele>856</ele></trkpt>
      <trkpt lat="46.42064" lon="12.33692"><ele>856</ele></trkpt>
      <trkpt lat="46.42079" lon="12.33724"><ele>857</ele></trkpt>
      <trkpt lat="46.42090" lon="12.33760"><ele>858</ele></trkpt>
      <trkpt lat="46.42097" lon="12.33793"><ele>857</ele></trkpt>
      <trkpt lat="46.42100" lon="12.33826"><ele>856</ele></trkpt>
      <trkpt lat="46.42099" lon="12.33879"><ele>852</ele></trkpt>
      <trkpt lat="46.42095" lon="12.33926"><ele>850</ele></trkpt>
      <trkpt lat="46.42082" lon="12.34018"><ele>849</ele></trkpt>
      <trkpt lat="46.42072" lon="12.34067"><ele>847</ele></trkpt>
      <trkpt lat="46.42065" lon="12.34112"><ele>849</ele></trkpt>
      <trkpt lat="46.42059" lon="12.34147"><ele>851</ele></trkpt>
      <trkpt lat="46.42039" lon="12.34283"><ele>853</ele></trkpt>
      <trkpt lat="46.42036" lon="12.34299"><ele>852</ele></trkpt>
      <trkpt lat="46.42035" lon="12.34311"><ele>852</ele></trkpt>
      <trkpt lat="46.42029" lon="12.34359"><ele>851</ele></trkpt>
      <trkpt lat="46.42027" lon="12.34393"><ele>851</ele></trkpt>
      <trkpt lat="46.42024" lon="12.34427"><ele>851</ele></trkpt>
      <trkpt lat="46.42018" lon="12.34533"><ele>851</ele></trkpt>
      <trkpt lat="46.42015" lon="12.34668"><ele>849</ele></trkpt>
      <trkpt lat="46.42014" lon="12.34769"><ele>844</ele></trkpt>
      <trkpt lat="46.42014" lon="12.34818"><ele>842</ele></trkpt>
      <trkpt lat="46.42018" lon="12.34890"><ele>842</ele></trkpt>
      <trkpt lat="46.42031" lon="12.34910"><ele>843</ele></trkpt>
      <trkpt lat="46.42032" lon="12.34917"><ele>843</ele></trkpt>
      <trkpt lat="46.42030" lon="12.34935"><ele>843</ele></trkpt>
      <trkpt lat="46.42026" lon="12.34975"><ele>843</ele></trkpt>
      <trkpt lat="46.42024" lon="12.34984"><ele>843</ele></trkpt>
      <trkpt lat="46.42020" lon="12.35017"><ele>842</ele></trkpt>
      <trkpt lat="46.42011" lon="12.35066"><ele>842</ele></trkpt>
      <trkpt lat="46.42002" lon="12.35108"><ele>842</ele></trkpt>
      <trkpt lat="46.41999" lon="12.35127"><ele>842</ele></trkpt>
      <trkpt lat="46.42009" lon="12.35239"><ele>843</ele></trkpt>
      <trkpt lat="46.42005" lon="12.35254"><ele>843</ele></trkpt>
      <trkpt lat="46.41995" lon="12.35267"><ele>843</ele></trkpt>
      <trkpt lat="46.41993" lon="12.35270"><ele>843</ele></trkpt>
      <trkpt lat="46.42000" lon="12.35281"><ele>843</ele></trkpt>
      <trkpt lat="46.42006" lon="12.35302"><ele>843</ele></trkpt>
      <trkpt lat="46.42012" lon="12.35329"><ele>844</ele></trkpt>
      <trkpt lat="46.42014" lon="12.35352"><ele>843</ele></trkpt>
      <trkpt lat="46.42021" lon="12.35416"><ele>842</ele></trkpt>
      <trkpt lat="46.41996" lon="12.35425"><ele>841</ele></trkpt>
      <trkpt lat="46.41993" lon="12.35421"><ele>841</ele></trkpt>
      <trkpt lat="46.41988" lon="12.35393"><ele>842</ele></trkpt>
      <trkpt lat="46.41983" lon="12.35388"><ele>842</ele></trkpt>
      <trkpt lat="46.41965" lon="12.35392"><ele>842</ele></trkpt>
      <trkpt lat="46.41954" lon="12.35398"><ele>843</ele></trkpt>
      <trkpt lat="46.41948" lon="12.35406"><ele>844</ele></trkpt>
      <trkpt lat="46.41943" lon="12.35418"><ele>844</ele></trkpt>
      <trkpt lat="46.41939" lon="12.35437"><ele>846</ele></trkpt>
      <trkpt lat="46.41942" lon="12.35458"><ele>845</ele></trkpt>
      <trkpt lat="46.41951" lon="12.35493"><ele>845</ele></trkpt>
      <trkpt lat="46.41962" lon="12.35525"><ele>845</ele></trkpt>
      <trkpt lat="46.42014" lon="12.35634"><ele>844</ele></trkpt>
      <trkpt lat="46.42041" lon="12.35681"><ele>842</ele></trkpt>
      <trkpt lat="46.42067" lon="12.35740"><ele>841</ele></trkpt>
      <trkpt lat="46.42079" lon="12.35796"><ele>841</ele></trkpt>
      <trkpt lat="46.42092" lon="12.35853"><ele>841</ele></trkpt>
      <trkpt lat="46.42103" lon="12.35909"><ele>840</ele></trkpt>
      <trkpt lat="46.42111" lon="12.35954"><ele>837</ele></trkpt>
      <trkpt lat="46.42126" lon="12.35984"><ele>836</ele></trkpt>
      <trkpt lat="46.42128" lon="12.35991"><ele>836</ele></trkpt>
      <trkpt lat="46.42141" lon="12.36019"><ele>836</ele></trkpt>
      <trkpt lat="46.42148" lon="12.36031"><ele>836</ele></trkpt>
      <trkpt lat="46.42153" lon="12.36032"><ele>836</ele></trkpt>
      <trkpt lat="46.42167" lon="12.36034"><ele>835</ele></trkpt>
      <trkpt lat="46.42188" lon="12.36051"><ele>836</ele></trkpt>
      <trkpt lat="46.42191" lon="12.36053"><ele>836</ele></trkpt>
      <trkpt lat="46.42211" lon="12.36069"><ele>836</ele></trkpt>
      <trkpt lat="46.42260" lon="12.36102"><ele>835</ele></trkpt>
      <trkpt lat="46.42288" lon="12.36131"><ele>834</ele></trkpt>
      <trkpt lat="46.42307" lon="12.36156"><ele>832</ele></trkpt>
      <trkpt lat="46.42313" lon="12.36164"><ele>832</ele></trkpt>
      <trkpt lat="46.42318" lon="12.36172"><ele>831</ele></trkpt>
      <trkpt lat="46.42321" lon="12.36176"><ele>830</ele></trkpt>
      <trkpt lat="46.42322" lon="12.36178"><ele>830</ele></trkpt>
      <trkpt lat="46.42330" lon="12.36192"><ele>828</ele></trkpt>
      <trkpt lat="46.42366" lon="12.36252"><ele>827</ele></trkpt>
      <trkpt lat="46.42376" lon="12.36274"><ele>830</ele></trkpt>
      <trkpt lat="46.42382" lon="12.36292"><ele>831</ele></trkpt>
      <trkpt lat="46.42384" lon="12.36313"><ele>832</ele></trkpt>
      <trkpt lat="46.42381" lon="12.36357"><ele>832</ele></trkpt>
      <trkpt lat="46.42382" lon="12.36379"><ele>832</ele></trkpt>
      <trkpt lat="46.42387" lon="12.36403"><ele>832</ele></trkpt>
      <trkpt lat="46.42394" lon="12.36418"><ele>831</ele></trkpt>
      <trkpt lat="46.42403" lon="12.36430"><ele>831</ele></trkpt>
      <trkpt lat="46.42413" lon="12.36442"><ele>831</ele></trkpt>
      <trkpt lat="46.42429" lon="12.36452"><ele>830</ele></trkpt>
      <trkpt lat="46.42471" lon="12.36473"><ele>833</ele></trkpt>
      <trkpt lat="46.42483" lon="12.36482"><ele>834</ele></trkpt>
      <trkpt lat="46.42491" lon="12.36489"><ele>836</ele></trkpt>
      <trkpt lat="46.42504" lon="12.36507"><ele>836</ele></trkpt>
      <trkpt lat="46.42508" lon="12.36516"><ele>837</ele></trkpt>
      <trkpt lat="46.42510" lon="12.36529"><ele>837</ele></trkpt>
      <trkpt lat="46.42507" lon="12.36550"><ele>838</ele></trkpt>
      <trkpt lat="46.42504" lon="12.36582"><ele>838</ele></trkpt>
      <trkpt lat="46.42499" lon="12.36612"><ele>836</ele></trkpt>
      <trkpt lat="46.42484" lon="12.36711"><ele>833</ele></trkpt>
      <trkpt lat="46.42473" lon="12.36810"><ele>831</ele></trkpt>
      <trkpt lat="46.42468" lon="12.36844"><ele>830</ele></trkpt>
      <trkpt lat="46.42467" lon="12.36879"><ele>829</ele></trkpt>
      <trkpt lat="46.42471" lon="12.36913"><ele>828</ele></trkpt>
      <trkpt lat="46.42477" lon="12.36928"><ele>830</ele></trkpt>
      <trkpt lat="46.42486" lon="12.36936"><ele>831</ele></trkpt>
      <trkpt lat="46.42501" lon="12.36945"><ele>834</ele></trkpt>
      <trkpt lat="46.42505" lon="12.36947"><ele>836</ele></trkpt>
      <trkpt lat="46.42509" lon="12.36954"><ele>836</ele></trkpt>
      <trkpt lat="46.42511" lon="12.36964"><ele>837</ele></trkpt>
      <trkpt lat="46.42515" lon="12.36983"><ele>837</ele></trkpt>
      <trkpt lat="46.42517" lon="12.37002"><ele>836</ele></trkpt>
      <trkpt lat="46.42524" lon="12.37042"><ele>835</ele></trkpt>
      <trkpt lat="46.42526" lon="12.37061"><ele>835</ele></trkpt>
      <trkpt lat="46.42527" lon="12.37090"><ele>834</ele></trkpt>
      <trkpt lat="46.42525" lon="12.37128"><ele>832</ele></trkpt>
      <trkpt lat="46.42527" lon="12.37144"><ele>833</ele></trkpt>
      <trkpt lat="46.42545" lon="12.37200"><ele>839</ele></trkpt>
      <trkpt lat="46.42551" lon="12.37233"><ele>839</ele></trkpt>
      <trkpt lat="46.42554" lon="12.37256"><ele>838</ele></trkpt>
      <trkpt lat="46.42546" lon="12.37275"><ele>835</ele></trkpt>
      <trkpt lat="46.42527" lon="12.37297"><ele>838</ele></trkpt>
      <trkpt lat="46.42501" lon="12.37319"><ele>837</ele></trkpt>
      <trkpt lat="46.42478" lon="12.37336"><ele>832</ele></trkpt>
      <trkpt lat="46.42463" lon="12.37351"><ele>830</ele></trkpt>
      <trkpt lat="46.42485" lon="12.37353"><ele>835</ele></trkpt>
      <trkpt lat="46.42529" lon="12.37343"><ele>847</ele></trkpt>
      <trkpt lat="46.42596" lon="12.37327"><ele>849</ele></trkpt>
      <trkpt lat="46.42606" lon="12.37327"><ele>849</ele></trkpt>
      <trkpt lat="46.42613" lon="12.37331"><ele>850</ele></trkpt>
      <trkpt lat="46.42651" lon="12.37354"><ele>858</ele></trkpt>
      <trkpt lat="46.42693" lon="12.37401"><ele>861</ele></trkpt>
      <trkpt lat="46.42717" lon="12.37427"><ele>865</ele></trkpt>
      <trkpt lat="46.42734" lon="12.37442"><ele>868</ele></trkpt>
      <trkpt lat="46.42756" lon="12.37467"><ele>870</ele></trkpt>
      <trkpt lat="46.42775" lon="12.37489"><ele>872</ele></trkpt>
      <trkpt lat="46.42794" lon="12.37507"><ele>874</ele></trkpt>
      <trkpt lat="46.42823" lon="12.37525"><ele>876</ele></trkpt>
      <trkpt lat="46.42827" lon="12.37528"><ele>877</ele></trkpt>
      <trkpt lat="46.42841" lon="12.37533"><ele>878</ele></trkpt>
      <trkpt lat="46.42851" lon="12.37534"><ele>879</ele></trkpt>
      <trkpt lat="46.42860" lon="12.37539"><ele>880</ele></trkpt>
      <trkpt lat="46.42869" lon="12.37528"><ele>879</ele></trkpt>
    </trkseg>
  </trk>
</gpx>
