<?xml version="1.0" encoding="UTF-8"?>
<gpx version="1.1" creator="dolomites-trip" xmlns="http://www.topografix.com/GPX/1/1">
  <metadata><name>День 2: Pieve di Cadore → Belluno (вниз по Piave)</name></metadata>
  <trk>
    <name>День 2: Pieve di Cadore → Belluno (вниз по Piave)</name>
    <trkseg>
      <trkpt lat="46.42869" lon="12.37528"><ele>879</ele></trkpt>
      <trkpt lat="46.42860" lon="12.37539"><ele>880</ele></trkpt>
      <trkpt lat="46.42851" lon="12.37534"><ele>879</ele></trkpt>
      <trkpt lat="46.42841" lon="12.37533"><ele>878</ele></trkpt>
      <trkpt lat="46.42827" lon="12.37528"><ele>877</ele></trkpt>
      <trkpt lat="46.42823" lon="12.37525"><ele>876</ele></trkpt>
      <trkpt lat="46.42794" lon="12.37507"><ele>874</ele></trkpt>
      <trkpt lat="46.42775" lon="12.37489"><ele>872</ele></trkpt>
      <trkpt lat="46.42756" lon="12.37467"><ele>870</ele></trkpt>
      <trkpt lat="46.42734" lon="12.37442"><ele>868</ele></trkpt>
      <trkpt lat="46.42717" lon="12.37427"><ele>865</ele></trkpt>
      <trkpt lat="46.42693" lon="12.37401"><ele>861</ele></trkpt>
      <trkpt lat="46.42651" lon="12.37354"><ele>858</ele></trkpt>
      <trkpt lat="46.42613" lon="12.37331"><ele>850</ele></trkpt>
      <trkpt lat="46.42606" lon="12.37327"><ele>849</ele></trkpt>
      <trkpt lat="46.42596" lon="12.37327"><ele>849</ele></trkpt>
      <trkpt lat="46.42529" lon="12.37343"><ele>847</ele></trkpt>
      <trkpt lat="46.42485" lon="12.37353"><ele>835</ele></trkpt>
      <trkpt lat="46.42463" lon="12.37351"><ele>830</ele></trkpt>
      <trkpt lat="46.42459" lon="12.37351"><ele>829</ele></trkpt>
      <trkpt lat="46.42456" lon="12.37350"><ele>828</ele></trkpt>
      <trkpt lat="46.42451" lon="12.37354"><ele>827</ele></trkpt>
      <trkpt lat="46.42445" lon="12.37361"><ele>826</ele></trkpt>
      <trkpt lat="46.42423" lon="12.37448"><ele>821</ele></trkpt>
      <trkpt lat="46.42420" lon="12.37457"><ele>820</ele></trkpt>
      <trkpt lat="46.42416" lon="12.37467"><ele>818</ele></trkpt>
      <trkpt lat="46.42409" lon="12.37471"><ele>817</ele></trkpt>
      <trkpt lat="46.42399" lon="12.37471"><ele>815</ele></trkpt>
      <trkpt lat="46.42388" lon="12.37466"><ele>814</ele></trkpt>
      <trkpt lat="46.42272" lon="12.37361"><ele>799</ele></trkpt>
      <trkpt lat="46.42264" lon="12.37358"><ele>798</ele></trkpt>
      <trkpt lat="46.42265" lon="12.37348"><ele>798</ele></trkpt>
      <trkpt lat="46.42267" lon="12.37339"><ele>798</ele></trkpt>
      <trkpt lat="46.42291" lon="12.37273"><ele>798</ele></trkpt>
      <trkpt lat="46.42299" lon="12.37246"><ele>799</ele></trkpt>
      <trkpt lat="46.42301" lon="12.37223"><ele>799</ele></trkpt>
      <trkpt lat="46.42300" lon="12.37188"><ele>800</ele></trkpt>
      <trkpt lat="46.42296" lon="12.37116"><ele>802</ele></trkpt>
      <trkpt lat="46.42301" lon="12.37079"><ele>800</ele></trkpt>
      <trkpt lat="46.42310" lon="12.37047"><ele>800</ele></trkpt>
      <trkpt lat="46.42309" lon="12.37039"><ele>799</ele></trkpt>
      <trkpt lat="46.42294" lon="12.37029"><ele>795</ele></trkpt>
      <trkpt lat="46.42282" lon="12.37026"><ele>792</ele></trkpt>
      <trkpt lat="46.42272" lon="12.37032"><ele>792</ele></trkpt>
      <trkpt lat="46.42265" lon="12.37036"><ele>791</ele></trkpt>
      <trkpt lat="46.42181" lon="12.37098"><ele>786</ele></trkpt>
      <trkpt lat="46.42177" lon="12.37103"><ele>786</ele></trkpt>
      <trkpt lat="46.42175" lon="12.37108"><ele>785</ele></trkpt>
      <trkpt lat="46.42174" lon="12.37116"><ele>785</ele></trkpt>
      <trkpt lat="46.42174" lon="12.37124"><ele>786</ele></trkpt>
      <trkpt lat="46.42176" lon="12.37131"><ele>786</ele></trkpt>
      <trkpt lat="46.42184" lon="12.37152"><ele>788</ele></trkpt>
      <trkpt lat="46.42186" lon="12.37161"><ele>788</ele></trkpt>
      <trkpt lat="46.42186" lon="12.37173"><ele>787</ele></trkpt>
      <trkpt lat="46.42185" lon="12.37183"><ele>786</ele></trkpt>
      <trkpt lat="46.42183" lon="12.37194"><ele>786</ele></trkpt>
      <trkpt lat="46.42180" lon="12.37201"><ele>785</ele></trkpt>
      <trkpt lat="46.42175" lon="12.37206"><ele>784</ele></trkpt>
      <trkpt lat="46.42169" lon="12.37208"><ele>784</ele></trkpt>
      <trkpt lat="46.42164" lon="12.37206"><ele>784</ele></trkpt>
      <trkpt lat="46.42158" lon="12.37201"><ele>785</ele></trkpt>
      <trkpt lat="46.42144" lon="12.37180"><ele>784</ele></trkpt>
      <trkpt lat="46.42137" lon="12.37176"><ele>782</ele></trkpt>
      <trkpt lat="46.42131" lon="12.37174"><ele>780</ele></trkpt>
      <trkpt lat="46.42125" lon="12.37174"><ele>778</ele></trkpt>
      <trkpt lat="46.42119" lon="12.37177"><ele>776</ele></trkpt>
      <trkpt lat="46.42114" lon="12.37183"><ele>776</ele></trkpt>
      <trkpt lat="46.42110" lon="12.37190"><ele>776</ele></trkpt>
      <trkpt lat="46.42107" lon="12.37199"><ele>776</ele></trkpt>
      <trkpt lat="46.42106" lon="12.37210"><ele>777</ele></trkpt>
      <trkpt lat="46.42106" lon="12.37221"><ele>779</ele></trkpt>
      <trkpt lat="46.42108" lon="12.37231"><ele>779</ele></trkpt>
      <trkpt lat="46.42111" lon="12.37239"><ele>780</ele></trkpt>
      <trkpt lat="46.42116" lon="12.37244"><ele>778</ele></trkpt>
      <trkpt lat="46.42123" lon="12.37247"><ele>776</ele></trkpt>
      <trkpt lat="46.42130" lon="12.37245"><ele>776</ele></trkpt>
      <trkpt lat="46.42144" lon="12.37238"><ele>778</ele></trkpt>
      <trkpt lat="46.42149" lon="12.37237"><ele>778</ele></trkpt>
      <trkpt lat="46.42153" lon="12.37238"><ele>778</ele></trkpt>
      <trkpt lat="46.42156" lon="12.37241"><ele>777</ele></trkpt>
      <trkpt lat="46.42158" lon="12.37246"><ele>777</ele></trkpt>
      <trkpt lat="46.42159" lon="12.37256"><ele>776</ele></trkpt>
      <trkpt lat="46.42158" lon="12.37263"><ele>776</ele></trkpt>
      <trkpt lat="46.42154" lon="12.37273"><ele>774</ele></trkpt>
      <trkpt lat="46.42128" lon="12.37332"><ele>770</ele></trkpt>
      <trkpt lat="46.42125" lon="12.37340"><ele>768</ele></trkpt>
      <trkpt lat="46.42121" lon="12.37360"><ele>767</ele></trkpt>
      <trkpt lat="46.42120" lon="12.37369"><ele>766</ele></trkpt>
      <trkpt lat="46.42121" lon="12.37379"><ele>766</ele></trkpt>
      <trkpt lat="46.42122" lon="12.37393"><ele>766</ele></trkpt>
      <trkpt lat="46.42129" lon="12.37429"><ele>764</ele></trkpt>
      <trkpt lat="46.42144" lon="12.37474"><ele>765</ele></trkpt>
      <trkpt lat="46.42174" lon="12.37532"><ele>764</ele></trkpt>
      <trkpt lat="46.42164" lon="12.37534"><ele>762</ele></trkpt>
      <trkpt lat="46.42132" lon="12.37541"><ele>756</ele></trkpt>
      <trkpt lat="46.42114" lon="12.37546"><ele>754</ele></trkpt>
      <trkpt lat="46.42079" lon="12.37557"><ele>758</ele></trkpt>
      <trkpt lat="46.42063" lon="12.37570"><ele>759</ele></trkpt>
      <trkpt lat="46.42049" lon="12.37586"><ele>760</ele></trkpt>
      <trkpt lat="46.42027" lon="12.37625"><ele>760</ele></trkpt>
      <trkpt lat="46.42019" lon="12.37652"><ele>759</ele></trkpt>
      <trkpt lat="46.42015" lon="12.37683"><ele>759</ele></trkpt>
      <trkpt lat="46.42015" lon="12.37712"><ele>757</ele></trkpt>
      <trkpt lat="46.42012" lon="12.37730"><ele>756</ele></trkpt>
      <trkpt lat="46.42007" lon="12.37739"><ele>757</ele></trkpt>
      <trkpt lat="46.42000" lon="12.37742"><ele>758</ele></trkpt>
      <trkpt lat="46.41948" lon="12.37745"><ele>763</ele></trkpt>
      <trkpt lat="46.41930" lon="12.37743"><ele>765</ele></trkpt>
      <trkpt lat="46.41904" lon="12.37744"><ele>765</ele></trkpt>
      <trkpt lat="46.41880" lon="12.37740"><ele>765</ele></trkpt>
      <trkpt lat="46.41856" lon="12.37731"><ele>764</ele></trkpt>
      <trkpt lat="46.41832" lon="12.37719"><ele>766</ele></trkpt>
      <trkpt lat="46.41809" lon="12.37706"><ele>768</ele></trkpt>
      <trkpt lat="46.41771" lon="12.37679"><ele>769</ele></trkpt>
      <trkpt lat="46.41727" lon="12.37658"><ele>768</ele></trkpt>
      <trkpt lat="46.41714" lon="12.37649"><ele>768</ele></trkpt>
      <trkpt lat="46.41667" lon="12.37602"><ele>766</ele></trkpt>
      <trkpt lat="46.41614" lon="12.37539"><ele>762</ele></trkpt>
      <trkpt lat="46.41605" lon="12.37524"><ele>762</ele></trkpt>
      <trkpt lat="46.41599" lon="12.37510"><ele>761</ele></trkpt>
      <trkpt lat="46.41594" lon="12.37493"><ele>760</ele></trkpt>
      <trkpt lat="46.41588" lon="12.37445"><ele>757</ele></trkpt>
      <trkpt lat="46.41585" lon="12.37423"><ele>757</ele></trkpt>
      <trkpt lat="46.41579" lon="12.37397"><ele>757</ele></trkpt>
      <trkpt lat="46.41570" lon="12.37372"><ele>757</ele></trkpt>
      <trkpt lat="46.41553" lon="12.37344"><ele>756</ele></trkpt>
      <trkpt lat="46.41533" lon="12.37314"><ele>754</ele></trkpt>
      <trkpt lat="46.41488" lon="12.37270"><ele>751</ele></trkpt>
      <trkpt lat="46.41474" lon="12.37255"><ele>749</ele></trkpt>
      <trkpt lat="46.41439" lon="12.37198"><ele>746</ele></trkpt>
      <trkpt lat="46.41425" lon="12.37173"><ele>746</ele></trkpt>
      <trkpt lat="46.41407" lon="12.37147"><ele>745</ele></trkpt>
      <trkpt lat="46.41367" lon="12.37100"><ele>745</ele></trkpt>
      <trkpt lat="46.41336" lon="12.37058"><ele>744</ele></trkpt>
      <trkpt lat="46.41309" lon="12.37025"><ele>744</ele></trkpt>
      <trkpt lat="46.41283" lon="12.36997"><ele>745</ele></trkpt>
      <trkpt lat="46.41236" lon="12.36953"><ele>749</ele></trkpt>
      <trkpt lat="46.41229" lon="12.36947"><ele>749</ele></trkpt>
      <trkpt lat="46.41224" lon="12.36949"><ele>748</ele></trkpt>
      <trkpt lat="46.41212" lon="12.36947"><ele>747</ele></trkpt>
      <trkpt lat="46.41184" lon="12.36947"><ele>744</ele></trkpt>
      <trkpt lat="46.41175" lon="12.36937"><ele>744</ele></trkpt>
      <trkpt lat="46.41166" lon="12.36913"><ele>745</ele></trkpt>
      <trkpt lat="46.41158" lon="12.36902"><ele>746</ele></trkpt>
      <trkpt lat="46.41133" lon="12.36890"><ele>743</ele></trkpt>
      <trkpt lat="46.41091" lon="12.36868"><ele>741</ele></trkpt>
      <trkpt lat="46.41057" lon="12.36843"><ele>739</ele></trkpt>
      <trkpt lat="46.40993" lon="12.36778"><ele>734</ele></trkpt>
      <trkpt lat="46.40971" lon="12.36757"><ele>732</ele></trkpt>
      <trkpt lat="46.40947" lon="12.36739"><ele>730</ele></trkpt>
      <trkpt lat="46.40933" lon="12.36732"><ele>730</ele></trkpt>
      <trkpt lat="46.40917" lon="12.36727"><ele>730</ele></trkpt>
      <trkpt lat="46.40888" lon="12.36724"><ele>724</ele></trkpt>
      <trkpt lat="46.40866" lon="12.36729"><ele>722</ele></trkpt>
      <trkpt lat="46.40847" lon="12.36738"><ele>721</ele></trkpt>
      <trkpt lat="46.40833" lon="12.36749"><ele>721</ele></trkpt>
      <trkpt lat="46.40805" lon="12.36777"><ele>718</ele></trkpt>
      <trkpt lat="46.40778" lon="12.36803"><ele>714</ele></trkpt>
      <trkpt lat="46.40768" lon="12.36806"><ele>712</ele></trkpt>
      <trkpt lat="46.40759" lon="12.36805"><ele>712</ele></trkpt>
      <trkpt lat="46.40728" lon="12.36777"><ele>714</ele></trkpt>
      <trkpt lat="46.40712" lon="12.36761"><ele>714</ele></trkpt>
      <trkpt lat="46.40698" lon="12.36742"><ele>715</ele></trkpt>
      <trkpt lat="46.40694" lon="12.36729"><ele>716</ele></trkpt>
      <trkpt lat="46.40679" lon="12.36713"><ele>715</ele></trkpt>
      <trkpt lat="46.40585" lon="12.36588"><ele>708</ele></trkpt>
      <trkpt lat="46.40563" lon="12.36557"><ele>707</ele></trkpt>
      <trkpt lat="46.40547" lon="12.36542"><ele>707</ele></trkpt>
      <trkpt lat="46.40536" lon="12.36535"><ele>706</ele></trkpt>
      <trkpt lat="46.40510" lon="12.36529"><ele>705</ele></trkpt>
      <trkpt lat="46.40481" lon="12.36529"><ele>704</ele></trkpt>
      <trkpt lat="46.40465" lon="12.36530"><ele>704</ele></trkpt>
      <trkpt lat="46.40453" lon="12.36537"><ele>704</ele></trkpt>
      <trkpt lat="46.40441" lon="12.36549"><ele>703</ele></trkpt>
      <trkpt lat="46.40433" lon="12.36567"><ele>702</ele></trkpt>
      <trkpt lat="46.40425" lon="12.36621"><ele>701</ele></trkpt>
      <trkpt lat="46.40423" lon="12.36642"><ele>702</ele></trkpt>
      <trkpt lat="46.40422" lon="12.36671"><ele>704</ele></trkpt>
      <trkpt lat="46.40422" lon="12.36752"><ele>705</ele></trkpt>
      <trkpt lat="46.40429" lon="12.36783"><ele>706</ele></trkpt>
      <trkpt lat="46.40438" lon="12.36820"><ele>706</ele></trkpt>
      <trkpt lat="46.40447" lon="12.36861"><ele>706</ele></trkpt>
      <trkpt lat="46.40447" lon="12.36876"><ele>705</ele></trkpt>
      <trkpt lat="46.40445" lon="12.36896"><ele>704</ele></trkpt>
      <trkpt lat="46.40427" lon="12.36997"><ele>700</ele></trkpt>
      <trkpt lat="46.40424" lon="12.37008"><ele>699</ele></trkpt>
      <trkpt lat="46.40421" lon="12.37015"><ele>700</ele></trkpt>
      <trkpt lat="46.40416" lon="12.37022"><ele>700</ele></trkpt>
      <trkpt lat="46.40410" lon="12.37025"><ele>700</ele></trkpt>
      <trkpt lat="46.40402" lon="12.37025"><ele>699</ele></trkpt>
      <trkpt lat="46.40393" lon="12.37021"><ele>699</ele></trkpt>
      <trkpt lat="46.40387" lon="12.37016"><ele>697</ele></trkpt>
      <trkpt lat="46.40381" lon="12.37008"><ele>689</ele></trkpt>
      <trkpt lat="46.40367" lon="12.36934"><ele>688</ele></trkpt>
      <trkpt lat="46.40355" lon="12.36865"><ele>696</ele></trkpt>
      <trkpt lat="46.40349" lon="12.36845"><ele>698</ele></trkpt>
      <trkpt lat="46.40343" lon="12.36832"><ele>696</ele></trkpt>
      <trkpt lat="46.40336" lon="12.36823"><ele>694</ele></trkpt>
      <trkpt lat="46.40317" lon="12.36806"><ele>691</ele></trkpt>
      <trkpt lat="46.40278" lon="12.36780"><ele>687</ele></trkpt>
      <trkpt lat="46.40263" lon="12.36765"><ele>684</ele></trkpt>
      <trkpt lat="46.40253" lon="12.36750"><ele>681</ele></trkpt>
      <trkpt lat="46.40242" lon="12.36731"><ele>681</ele></trkpt>
      <trkpt lat="46.40208" lon="12.36649"><ele>672</ele></trkpt>
      <trkpt lat="46.40200" lon="12.36630"><ele>670</ele></trkpt>
      <trkpt lat="46.40193" lon="12.36619"><ele>670</ele></trkpt>
      <trkpt lat="46.40186" lon="12.36612"><ele>669</ele></trkpt>
      <trkpt lat="46.40140" lon="12.36587"><ele>670</ele></trkpt>
      <trkpt lat="46.40097" lon="12.36564"><ele>667</ele></trkpt>
      <trkpt lat="46.40082" lon="12.36548"><ele>668</ele></trkpt>
      <trkpt lat="46.40072" lon="12.36536"><ele>666</ele></trkpt>
      <trkpt lat="46.40064" lon="12.36520"><ele>666</ele></trkpt>
      <trkpt lat="46.40060" lon="12.36505"><ele>664</ele></trkpt>
      <trkpt lat="46.40045" lon="12.36417"><ele>670</ele></trkpt>
      <trkpt lat="46.40044" lon="12.36398"><ele>664</ele></trkpt>
      <trkpt lat="46.40045" lon="12.36384"><ele>662</ele></trkpt>
      <trkpt lat="46.40074" lon="12.36185"><ele>645</ele></trkpt>
      <trkpt lat="46.40075" lon="12.36135"><ele>644</ele></trkpt>
      <trkpt lat="46.40063" lon="12.36066"><ele>640</ele></trkpt>
      <trkpt lat="46.40057" lon="12.36041"><ele>638</ele></trkpt>
      <trkpt lat="46.40028" lon="12.35943"><ele>633</ele></trkpt>
      <trkpt lat="46.40020" lon="12.35908"><ele>630</ele></trkpt>
      <trkpt lat="46.40008" lon="12.35812"><ele>626</ele></trkpt>
      <trkpt lat="46.39998" lon="12.35724"><ele>623</ele></trkpt>
      <trkpt lat="46.39997" lon="12.35720"><ele>623</ele></trkpt>
      <trkpt lat="46.39995" lon="12.35717"><ele>622</ele></trkpt>
      <trkpt lat="46.39992" lon="12.35715"><ele>622</ele></trkpt>
      <trkpt lat="46.39989" lon="12.35714"><ele>620</ele></trkpt>
      <trkpt lat="46.39986" lon="12.35714"><ele>620</ele></trkpt>
      <trkpt lat="46.39983" lon="12.35716"><ele>618</ele></trkpt>
      <trkpt lat="46.39981" lon="12.35719"><ele>617</ele></trkpt>
      <trkpt lat="46.39979" lon="12.35722"><ele>616</ele></trkpt>
      <trkpt lat="46.39978" lon="12.35727"><ele>616</ele></trkpt>
      <trkpt lat="46.39978" lon="12.35731"><ele>615</ele></trkpt>
      <trkpt lat="46.39979" lon="12.35735"><ele>615</ele></trkpt>
      <trkpt lat="46.39983" lon="12.35746"><ele>616</ele></trkpt>
      <trkpt lat="46.39985" lon="12.35754"><ele>616</ele></trkpt>
      <trkpt lat="46.39986" lon="12.35759"><ele>617</ele></trkpt>
      <trkpt lat="46.39986" lon="12.35766"><ele>617</ele></trkpt>
      <trkpt lat="46.39983" lon="12.35799"><ele>615</ele></trkpt>
      <trkpt lat="46.39981" lon="12.35907"><ele>610</ele></trkpt>
      <trkpt lat="46.39985" lon="12.35959"><ele>605</ele></trkpt>
      <trkpt lat="46.40002" lon="12.36053"><ele>602</ele></trkpt>
      <trkpt lat="46.40004" lon="12.36075"><ele>602</ele></trkpt>
      <trkpt lat="46.40003" lon="12.36101"><ele>600</ele></trkpt>
      <trkpt lat="46.39990" lon="12.36268"><ele>591</ele></trkpt>
      <trkpt lat="46.39981" lon="12.36346"><ele>588</ele></trkpt>
      <trkpt lat="46.39964" lon="12.36428"><ele>581</ele></trkpt>
      <trkpt lat="46.39961" lon="12.36465"><ele>582</ele></trkpt>
      <trkpt lat="46.39963" lon="12.36512"><ele>579</ele></trkpt>
      <trkpt lat="46.39973" lon="12.36574"><ele>581</ele></trkpt>
      <trkpt lat="46.39973" lon="12.36580"><ele>580</ele></trkpt>
      <trkpt lat="46.39972" lon="12.36583"><ele>580</ele></trkpt>
      <trkpt lat="46.39969" lon="12.36588"><ele>578</ele></trkpt>
      <trkpt lat="46.39963" lon="12.36589"><ele>576</ele></trkpt>
      <trkpt lat="46.39961" lon="12.36588"><ele>576</ele></trkpt>
      <trkpt lat="46.39958" lon="12.36586"><ele>575</ele></trkpt>
      <trkpt lat="46.39955" lon="12.36581"><ele>574</ele></trkpt>
      <trkpt lat="46.39953" lon="12.36569"><ele>573</ele></trkpt>
      <trkpt lat="46.39947" lon="12.36466"><ele>572</ele></trkpt>
      <trkpt lat="46.39947" lon="12.36433"><ele>570</ele></trkpt>
      <trkpt lat="46.39954" lon="12.36378"><ele>570</ele></trkpt>
      <trkpt lat="46.39955" lon="12.36355"><ele>569</ele></trkpt>
      <trkpt lat="46.39950" lon="12.36290"><ele>566</ele></trkpt>
      <trkpt lat="46.39948" lon="12.36218"><ele>562</ele></trkpt>
      <trkpt lat="46.39944" lon="12.36191"><ele>561</ele></trkpt>
      <trkpt lat="46.39915" lon="12.36054"><ele>557</ele></trkpt>
      <trkpt lat="46.39896" lon="12.35954"><ele>548</ele></trkpt>
      <trkpt lat="46.39869" lon="12.35865"><ele>544</ele></trkpt>
      <trkpt lat="46.39776" lon="12.35684"><ele>533</ele></trkpt>
      <trkpt lat="46.39774" lon="12.35680"><ele>532</ele></trkpt>
      <trkpt lat="46.39771" lon="12.35674"><ele>531</ele></trkpt>
      <trkpt lat="46.39740" lon="12.35611"><ele>530</ele></trkpt>
      <trkpt lat="46.39715" lon="12.35561"><ele>532</ele></trkpt>
      <trkpt lat="46.39710" lon="12.35553"><ele>532</ele></trkpt>
      <trkpt lat="46.39706" lon="12.35549"><ele>533</ele></trkpt>
      <trkpt lat="46.39703" lon="12.35548"><ele>533</ele></trkpt>
      <trkpt lat="46.39698" lon="12.35548"><ele>533</ele></trkpt>
      <trkpt lat="46.39688" lon="12.35551"><ele>534</ele></trkpt>
      <trkpt lat="46.39674" lon="12.35557"><ele>534</ele></trkpt>
      <trkpt lat="46.39544" lon="12.35645"><ele>528</ele></trkpt>
      <trkpt lat="46.39530" lon="12.35653"><ele>529</ele></trkpt>
      <trkpt lat="46.39523" lon="12.35655"><ele>529</ele></trkpt>
      <trkpt lat="46.39515" lon="12.35655"><ele>529</ele></trkpt>
      <trkpt lat="46.39505" lon="12.35654"><ele>529</ele></trkpt>
      <trkpt lat="46.39491" lon="12.35652"><ele>529</ele></trkpt>
      <trkpt lat="46.39483" lon="12.35649"><ele>529</ele></trkpt>
      <trkpt lat="46.39456" lon="12.35634"><ele>530</ele></trkpt>
      <trkpt lat="46.39440" lon="12.35623"><ele>531</ele></trkpt>
      <trkpt lat="46.39422" lon="12.35614"><ele>530</ele></trkpt>
      <trkpt lat="46.39271" lon="12.35583"><ele>528</ele></trkpt>
      <trkpt lat="46.39241" lon="12.35572"><ele>529</ele></trkpt>
      <trkpt lat="46.39142" lon="12.35518"><ele>534</ele></trkpt>
      <trkpt lat="46.39096" lon="12.35494"><ele>536</ele></trkpt>
      <trkpt lat="46.39027" lon="12.35468"><ele>537</ele></trkpt>
      <trkpt lat="46.38959" lon="12.35444"><ele>538</ele></trkpt>
      <trkpt lat="46.38911" lon="12.35434"><ele>542</ele></trkpt>
      <trkpt lat="46.38831" lon="12.35422"><ele>538</ele></trkpt>
      <trkpt lat="46.38794" lon="12.35406"><ele>539</ele></trkpt>
      <trkpt lat="46.38744" lon="12.35375"><ele>543</ele></trkpt>
      <trkpt lat="46.38714" lon="12.35358"><ele>544</ele></trkpt>
      <trkpt lat="46.38708" lon="12.35356"><ele>544</ele></trkpt>
      <trkpt lat="46.38655" lon="12.35339"><ele>542</ele></trkpt>
      <trkpt lat="46.38524" lon="12.35302"><ele>546</ele></trkpt>
      <trkpt lat="46.38477" lon="12.35287"><ele>546</ele></trkpt>
      <trkpt lat="46.38443" lon="12.35259"><ele>549</ele></trkpt>
      <trkpt lat="46.38418" lon="12.35227"><ele>554</ele></trkpt>
      <trkpt lat="46.38400" lon="12.35193"><ele>553</ele></trkpt>
      <trkpt lat="46.38397" lon="12.35188"><ele>554</ele></trkpt>
      <trkpt lat="46.38394" lon="12.35186"><ele>554</ele></trkpt>
      <trkpt lat="46.38386" lon="12.35182"><ele>555</ele></trkpt>
      <trkpt lat="46.38377" lon="12.35183"><ele>555</ele></trkpt>
      <trkpt lat="46.38349" lon="12.35197"><ele>552</ele></trkpt>
      <trkpt lat="46.38325" lon="12.35206"><ele>555</ele></trkpt>
      <trkpt lat="46.38288" lon="12.35206"><ele>558</ele></trkpt>
      <trkpt lat="46.38235" lon="12.35204"><ele>558</ele></trkpt>
      <trkpt lat="46.38207" lon="12.35199"><ele>557</ele></trkpt>
      <trkpt lat="46.38185" lon="12.35188"><ele>557</ele></trkpt>
      <trkpt lat="46.38144" lon="12.35183"><ele>556</ele></trkpt>
      <trkpt lat="46.38102" lon="12.35185"><ele>557</ele></trkpt>
      <trkpt lat="46.38075" lon="12.35190"><ele>558</ele></trkpt>
      <trkpt lat="46.38068" lon="12.35194"><ele>557</ele></trkpt>
      <trkpt lat="46.38039" lon="12.35206"><ele>556</ele></trkpt>
      <trkpt lat="46.37993" lon="12.35227"><ele>555</ele></trkpt>
      <trkpt lat="46.37958" lon="12.35240"><ele>556</ele></trkpt>
      <trkpt lat="46.37931" lon="12.35250"><ele>557</ele></trkpt>
      <trkpt lat="46.37890" lon="12.35259"><ele>554</ele></trkpt>
      <trkpt lat="46.37874" lon="12.35265"><ele>556</ele></trkpt>
      <trkpt lat="46.37867" lon="12.35270"><ele>555</ele></trkpt>
      <trkpt lat="46.37862" lon="12.35279"><ele>553</ele></trkpt>
      <trkpt lat="46.37855" lon="12.35298"><ele>553</ele></trkpt>
      <trkpt lat="46.37849" lon="12.35319"><ele>550</ele></trkpt>
      <trkpt lat="46.37839" lon="12.35338"><ele>549</ele></trkpt>
      <trkpt lat="46.37804" lon="12.35378"><ele>552</ele></trkpt>
      <trkpt lat="46.37774" lon="12.35401"><ele>553</ele></trkpt>
      <trkpt lat="46.37745" lon="12.35414"><ele>554</ele></trkpt>
      <trkpt lat="46.37695" lon="12.35435"><ele>555</ele></trkpt>
      <trkpt lat="46.37640" lon="12.35461"><ele>552</ele></trkpt>
      <trkpt lat="46.37619" lon="12.35466"><ele>551</ele></trkpt>
      <trkpt lat="46.37605" lon="12.35463"><ele>550</ele></trkpt>
      <trkpt lat="46.37579" lon="12.35444"><ele>552</ele></trkpt>
      <trkpt lat="46.37533" lon="12.35421"><ele>550</ele></trkpt>
      <trkpt lat="46.37484" lon="12.35407"><ele>549</ele></trkpt>
      <trkpt lat="46.37438" lon="12.35404"><ele>545</ele></trkpt>
      <trkpt lat="46.37412" lon="12.35408"><ele>545</ele></trkpt>
      <trkpt lat="46.37385" lon="12.35415"><ele>545</ele></trkpt>
      <trkpt lat="46.37359" lon="12.35424"><ele>544</ele></trkpt>
      <trkpt lat="46.37224" lon="12.35482"><ele>537</ele></trkpt>
      <trkpt lat="46.37207" lon="12.35486"><ele>536</ele></trkpt>
      <trkpt lat="46.37182" lon="12.35491"><ele>535</ele></trkpt>
      <trkpt lat="46.37158" lon="12.35493"><ele>536</ele></trkpt>
      <trkpt lat="46.37135" lon="12.35496"><ele>536</ele></trkpt>
      <trkpt lat="46.37110" lon="12.35502"><ele>532</ele></trkpt>
      <trkpt lat="46.37095" lon="12.35503"><ele>528</ele></trkpt>
      <trkpt lat="46.37061" lon="12.35494"><ele>526</ele></trkpt>
      <trkpt lat="46.37044" lon="12.35483"><ele>527</ele></trkpt>
      <trkpt lat="46.37015" lon="12.35460"><ele>531</ele></trkpt>
      <trkpt lat="46.36994" lon="12.35445"><ele>532</ele></trkpt>
      <trkpt lat="46.36945" lon="12.35429"><ele>533</ele></trkpt>
      <trkpt lat="46.36919" lon="12.35425"><ele>532</ele></trkpt>
      <trkpt lat="46.36907" lon="12.35427"><ele>532</ele></trkpt>
      <trkpt lat="46.36887" lon="12.35432"><ele>531</ele></trkpt>
      <trkpt lat="46.36873" lon="12.35433"><ele>530</ele></trkpt>
      <trkpt lat="46.36866" lon="12.35432"><ele>530</ele></trkpt>
      <trkpt lat="46.36858" lon="12.35427"><ele>530</ele></trkpt>
      <trkpt lat="46.36848" lon="12.35413"><ele>530</ele></trkpt>
      <trkpt lat="46.36829" lon="12.35369"><ele>531</ele></trkpt>
      <trkpt lat="46.36820" lon="12.35349"><ele>530</ele></trkpt>
      <trkpt lat="46.36809" lon="12.35331"><ele>531</ele></trkpt>
      <trkpt lat="46.36790" lon="12.35306"><ele>531</ele></trkpt>
      <trkpt lat="46.36764" lon="12.35277"><ele>530</ele></trkpt>
      <trkpt lat="46.36726" lon="12.35241"><ele>530</ele></trkpt>
      <trkpt lat="46.36679" lon="12.35205"><ele>528</ele></trkpt>
      <trkpt lat="46.36615" lon="12.35151"><ele>526</ele></trkpt>
      <trkpt lat="46.36541" lon="12.35068"><ele>528</ele></trkpt>
      <trkpt lat="46.36519" lon="12.35037"><ele>530</ele></trkpt>
      <trkpt lat="46.36500" lon="12.35002"><ele>529</ele></trkpt>
      <trkpt lat="46.36492" lon="12.34983"><ele>533</ele></trkpt>
      <trkpt lat="46.36486" lon="12.34965"><ele>535</ele></trkpt>
      <trkpt lat="46.36483" lon="12.34942"><ele>534</ele></trkpt>
      <trkpt lat="46.36480" lon="12.34902"><ele>532</ele></trkpt>
      <trkpt lat="46.36472" lon="12.34876"><ele>531</ele></trkpt>
      <trkpt lat="46.36458" lon="12.34851"><ele>528</ele></trkpt>
      <trkpt lat="46.36434" lon="12.34800"><ele>527</ele></trkpt>
      <trkpt lat="46.36418" lon="12.34761"><ele>529</ele></trkpt>
      <trkpt lat="46.36391" lon="12.34680"><ele>525</ele></trkpt>
      <trkpt lat="46.36373" lon="12.34637"><ele>525</ele></trkpt>
      <trkpt lat="46.36363" lon="12.34619"><ele>524</ele></trkpt>
      <trkpt lat="46.36341" lon="12.34585"><ele>522</ele></trkpt>
      <trkpt lat="46.36324" lon="12.34569"><ele>522</ele></trkpt>
      <trkpt lat="46.36311" lon="12.34562"><ele>521</ele></trkpt>
      <trkpt lat="46.36298" lon="12.34560"><ele>520</ele></trkpt>
      <trkpt lat="46.36281" lon="12.34561"><ele>519</ele></trkpt>
      <trkpt lat="46.36265" lon="12.34558"><ele>518</ele></trkpt>
      <trkpt lat="46.36257" lon="12.34553"><ele>518</ele></trkpt>
      <trkpt lat="46.36250" lon="12.34544"><ele>520</ele></trkpt>
      <trkpt lat="46.36240" lon="12.34523"><ele>520</ele></trkpt>
      <trkpt lat="46.36218" lon="12.34450"><ele>518</ele></trkpt>
      <trkpt lat="46.36206" lon="12.34424"><ele>517</ele></trkpt>
      <trkpt lat="46.36174" lon="12.34375"><ele>513</ele></trkpt>
      <trkpt lat="46.36117" lon="12.34285"><ele>512</ele></trkpt>
      <trkpt lat="46.36040" lon="12.34139"><ele>510</ele></trkpt>
      <trkpt lat="46.36016" lon="12.34087"><ele>511</ele></trkpt>
      <trkpt lat="46.36001" lon="12.34067"><ele>510</ele></trkpt>
      <trkpt lat="46.35986" lon="12.34052"><ele>510</ele></trkpt>
      <trkpt lat="46.35938" lon="12.34019"><ele>512</ele></trkpt>
      <trkpt lat="46.35853" lon="12.33967"><ele>510</ele></trkpt>
      <trkpt lat="46.35807" lon="12.33941"><ele>506</ele></trkpt>
      <trkpt lat="46.35793" lon="12.33936"><ele>507</ele></trkpt>
      <trkpt lat="46.35777" lon="12.33932"><ele>506</ele></trkpt>
      <trkpt lat="46.35723" lon="12.33914"><ele>504</ele></trkpt>
      <trkpt lat="46.35711" lon="12.33907"><ele>504</ele></trkpt>
      <trkpt lat="46.35698" lon="12.33896"><ele>503</ele></trkpt>
      <trkpt lat="46.35644" lon="12.33847"><ele>504</ele></trkpt>
      <trkpt lat="46.35624" lon="12.33833"><ele>505</ele></trkpt>
      <trkpt lat="46.35571" lon="12.33808"><ele>504</ele></trkpt>
      <trkpt lat="46.35513" lon="12.33785"><ele>503</ele></trkpt>
      <trkpt lat="46.35468" lon="12.33768"><ele>501</ele></trkpt>
      <trkpt lat="46.35433" lon="12.33751"><ele>501</ele></trkpt>
      <trkpt lat="46.35418" lon="12.33739"><ele>502</ele></trkpt>
      <trkpt lat="46.35415" lon="12.33736"><ele>503</ele></trkpt>
      <trkpt lat="46.35412" lon="12.33733"><ele>503</ele></trkpt>
      <trkpt lat="46.35408" lon="12.33733"><ele>502</ele></trkpt>
      <trkpt lat="46.35386" lon="12.33720"><ele>501</ele></trkpt>
      <trkpt lat="46.35364" lon="12.33706"><ele>502</ele></trkpt>
      <trkpt lat="46.35344" lon="12.33694"><ele>501</ele></trkpt>
      <trkpt lat="46.35312" lon="12.33683"><ele>501</ele></trkpt>
      <trkpt lat="46.35292" lon="12.33682"><ele>499</ele></trkpt>
      <trkpt lat="46.35217" lon="12.33694"><ele>496</ele></trkpt>
      <trkpt lat="46.35209" lon="12.33695"><ele>497</ele></trkpt>
      <trkpt lat="46.35186" lon="12.33700"><ele>498</ele></trkpt>
      <trkpt lat="46.35171" lon="12.33699"><ele>498</ele></trkpt>
      <trkpt lat="46.35159" lon="12.33695"><ele>498</ele></trkpt>
      <trkpt lat="46.35133" lon="12.33675"><ele>498</ele></trkpt>
      <trkpt lat="46.35110" lon="12.33646"><ele>499</ele></trkpt>
      <trkpt lat="46.35086" lon="12.33603"><ele>499</ele></trkpt>
      <trkpt lat="46.35072" lon="12.33581"><ele>499</ele></trkpt>
      <trkpt lat="46.35035" lon="12.33535"><ele>497</ele></trkpt>
      <trkpt lat="46.34994" lon="12.33476"><ele>498</ele></trkpt>
      <trkpt lat="46.34966" lon="12.33444"><ele>499</ele></trkpt>
      <trkpt lat="46.34877" lon="12.33356"><ele>500</ele></trkpt>
      <trkpt lat="46.34848" lon="12.33335"><ele>500</ele></trkpt>
      <trkpt lat="46.34806" lon="12.33308"><ele>500</ele></trkpt>
      <trkpt lat="46.34774" lon="12.33289"><ele>500</ele></trkpt>
      <trkpt lat="46.34753" lon="12.33274"><ele>502</ele></trkpt>
      <trkpt lat="46.34728" lon="12.33246"><ele>502</ele></trkpt>
      <trkpt lat="46.34690" lon="12.33191"><ele>504</ele></trkpt>
      <trkpt lat="46.34666" lon="12.33165"><ele>505</ele></trkpt>
      <trkpt lat="46.34637" lon="12.33146"><ele>504</ele></trkpt>
      <trkpt lat="46.34630" lon="12.33141"><ele>504</ele></trkpt>
      <trkpt lat="46.34603" lon="12.33123"><ele>502</ele></trkpt>
      <trkpt lat="46.34532" lon="12.33071"><ele>502</ele></trkpt>
      <trkpt lat="46.34517" lon="12.33056"><ele>503</ele></trkpt>
      <trkpt lat="46.34500" lon="12.33039"><ele>505</ele></trkpt>
      <trkpt lat="46.34483" lon="12.33031"><ele>505</ele></trkpt>
      <trkpt lat="46.34469" lon="12.33027"><ele>504</ele></trkpt>
      <trkpt lat="46.34389" lon="12.33013"><ele>500</ele></trkpt>
      <trkpt lat="46.34370" lon="12.33013"><ele>499</ele></trkpt>
      <trkpt lat="46.34329" lon="12.33026"><ele>496</ele></trkpt>
      <trkpt lat="46.34317" lon="12.33025"><ele>496</ele></trkpt>
      <trkpt lat="46.34236" lon="12.32999"><ele>498</ele></trkpt>
      <trkpt lat="46.34216" lon="12.32990"><ele>498</ele></trkpt>
      <trkpt lat="46.34208" lon="12.32991"><ele>498</ele></trkpt>
      <trkpt lat="46.34200" lon="12.32991"><ele>497</ele></trkpt>
      <trkpt lat="46.34195" lon="12.32991"><ele>497</ele></trkpt>
      <trkpt lat="46.34184" lon="12.32996"><ele>498</ele></trkpt>
      <trkpt lat="46.34154" lon="12.33016"><ele>498</ele></trkpt>
      <trkpt lat="46.34138" lon="12.33023"><ele>498</ele></trkpt>
      <trkpt lat="46.34115" lon="12.33030"><ele>496</ele></trkpt>
      <trkpt lat="46.34062" lon="12.33033"><ele>498</ele></trkpt>
      <trkpt lat="46.34043" lon="12.33044"><ele>500</ele></trkpt>
      <trkpt lat="46.34032" lon="12.33058"><ele>501</ele></trkpt>
      <trkpt lat="46.34018" lon="12.33068"><ele>500</ele></trkpt>
      <trkpt lat="46.34007" lon="12.33073"><ele>501</ele></trkpt>
      <trkpt lat="46.33984" lon="12.33081"><ele>502</ele></trkpt>
      <trkpt lat="46.33952" lon="12.33095"><ele>500</ele></trkpt>
      <trkpt lat="46.33928" lon="12.33101"><ele>500</ele></trkpt>
      <trkpt lat="46.33895" lon="12.33102"><ele>501</ele></trkpt>
      <trkpt lat="46.33871" lon="12.33101"><ele>502</ele></trkpt>
      <trkpt lat="46.33841" lon="12.33101"><ele>504</ele></trkpt>
      <trkpt lat="46.33823" lon="12.33108"><ele>503</ele></trkpt>
      <trkpt lat="46.33805" lon="12.33123"><ele>499</ele></trkpt>
      <trkpt lat="46.33789" lon="12.33129"><ele>499</ele></trkpt>
      <trkpt lat="46.33631" lon="12.33125"><ele>500</ele></trkpt>
      <trkpt lat="46.33612" lon="12.33119"><ele>501</ele></trkpt>
      <trkpt lat="46.33593" lon="12.33110"><ele>501</ele></trkpt>
      <trkpt lat="46.33575" lon="12.33106"><ele>500</ele></trkpt>
      <trkpt lat="46.33554" lon="12.33108"><ele>498</ele></trkpt>
      <trkpt lat="46.33532" lon="12.33118"><ele>494</ele></trkpt>
      <trkpt lat="46.33521" lon="12.33119"><ele>492</ele></trkpt>
      <trkpt lat="46.33512" lon="12.33117"><ele>494</ele></trkpt>
      <trkpt lat="46.33472" lon="12.33094"><ele>502</ele></trkpt>
      <trkpt lat="46.33454" lon="12.33093"><ele>502</ele></trkpt>
      <trkpt lat="46.33431" lon="12.33105"><ele>494</ele></trkpt>
      <trkpt lat="46.33418" lon="12.33107"><ele>493</ele></trkpt>
      <trkpt lat="46.33360" lon="12.33090"><ele>492</ele></trkpt>
      <trkpt lat="46.33349" lon="12.33081"><ele>490</ele></trkpt>
      <trkpt lat="46.33326" lon="12.33052"><ele>494</ele></trkpt>
      <trkpt lat="46.33302" lon="12.33028"><ele>493</ele></trkpt>
      <trkpt lat="46.33294" lon="12.33018"><ele>494</ele></trkpt>
      <trkpt lat="46.33288" lon="12.33006"><ele>494</ele></trkpt>
      <trkpt lat="46.33279" lon="12.32977"><ele>493</ele></trkpt>
      <trkpt lat="46.33274" lon="12.32963"><ele>492</ele></trkpt>
      <trkpt lat="46.33247" lon="12.32903"><ele>490</ele></trkpt>
      <trkpt lat="46.33224" lon="12.32855"><ele>488</ele></trkpt>
      <trkpt lat="46.33176" lon="12.32777"><ele>486</ele></trkpt>
      <trkpt lat="46.33106" lon="12.32704"><ele>487</ele></trkpt>
      <trkpt lat="46.33076" lon="12.32686"><ele>487</ele></trkpt>
      <trkpt lat="46.33032" lon="12.32672"><ele>483</ele></trkpt>
      <trkpt lat="46.32999" lon="12.32658"><ele>481</ele></trkpt>
      <trkpt lat="46.32979" lon="12.32647"><ele>481</ele></trkpt>
      <trkpt lat="46.32963" lon="12.32638"><ele>479</ele></trkpt>
      <trkpt lat="46.32954" lon="12.32631"><ele>478</ele></trkpt>
      <trkpt lat="46.32948" lon="12.32621"><ele>477</ele></trkpt>
      <trkpt lat="46.32950" lon="12.32616"><ele>479</ele></trkpt>
      <trkpt lat="46.32951" lon="12.32612"><ele>481</ele></trkpt>
      <trkpt lat="46.32952" lon="12.32606"><ele>483</ele></trkpt>
      <trkpt lat="46.32951" lon="12.32601"><ele>484</ele></trkpt>
      <trkpt lat="46.32949" lon="12.32597"><ele>484</ele></trkpt>
      <trkpt lat="46.32947" lon="12.32593"><ele>483</ele></trkpt>
      <trkpt lat="46.32946" lon="12.32583"><ele>484</ele></trkpt>
      <trkpt lat="46.32943" lon="12.32572"><ele>484</ele></trkpt>
      <trkpt lat="46.32930" lon="12.32539"><ele>484</ele></trkpt>
      <trkpt lat="46.32918" lon="12.32507"><ele>483</ele></trkpt>
      <trkpt lat="46.32896" lon="12.32455"><ele>482</ele></trkpt>
      <trkpt lat="46.32893" lon="12.32447"><ele>482</ele></trkpt>
      <trkpt lat="46.32886" lon="12.32431"><ele>481</ele></trkpt>
      <trkpt lat="46.32850" lon="12.32352"><ele>482</ele></trkpt>
      <trkpt lat="46.32843" lon="12.32342"><ele>482</ele></trkpt>
      <trkpt lat="46.32847" lon="12.32339"><ele>482</ele></trkpt>
      <trkpt lat="46.32851" lon="12.32338"><ele>482</ele></trkpt>
      <trkpt lat="46.32878" lon="12.32344"><ele>485</ele></trkpt>
      <trkpt lat="46.32908" lon="12.32351"><ele>488</ele></trkpt>
      <trkpt lat="46.32915" lon="12.32353"><ele>488</ele></trkpt>
      <trkpt lat="46.32919" lon="12.32356"><ele>488</ele></trkpt>
      <trkpt lat="46.32929" lon="12.32365"><ele>486</ele></trkpt>
      <trkpt lat="46.32937" lon="12.32376"><ele>486</ele></trkpt>
      <trkpt lat="46.32941" lon="12.32384"><ele>487</ele></trkpt>
      <trkpt lat="46.32972" lon="12.32384"><ele>495</ele></trkpt>
      <trkpt lat="46.32978" lon="12.32382"><ele>497</ele></trkpt>
      <trkpt lat="46.32986" lon="12.32373"><ele>498</ele></trkpt>
      <trkpt lat="46.32995" lon="12.32361"><ele>498</ele></trkpt>
      <trkpt lat="46.33005" lon="12.32339"><ele>499</ele></trkpt>
      <trkpt lat="46.33010" lon="12.32332"><ele>499</ele></trkpt>
      <trkpt lat="46.33012" lon="12.32330"><ele>500</ele></trkpt>
      <trkpt lat="46.33015" lon="12.32330"><ele>500</ele></trkpt>
      <trkpt lat="46.33017" lon="12.32330"><ele>501</ele></trkpt>
      <trkpt lat="46.33020" lon="12.32332"><ele>502</ele></trkpt>
      <trkpt lat="46.33021" lon="12.32335"><ele>502</ele></trkpt>
      <trkpt lat="46.33022" lon="12.32339"><ele>503</ele></trkpt>
      <trkpt lat="46.33022" lon="12.32343"><ele>503</ele></trkpt>
      <trkpt lat="46.33014" lon="12.32371"><ele>504</ele></trkpt>
      <trkpt lat="46.33013" lon="12.32376"><ele>504</ele></trkpt>
      <trkpt lat="46.33015" lon="12.32380"><ele>505</ele></trkpt>
      <trkpt lat="46.33017" lon="12.32382"><ele>506</ele></trkpt>
      <trkpt lat="46.33020" lon="12.32382"><ele>506</ele></trkpt>
      <trkpt lat="46.33022" lon="12.32381"><ele>506</ele></trkpt>
      <trkpt lat="46.33036" lon="12.32363"><ele>509</ele></trkpt>
      <trkpt lat="46.33048" lon="12.32347"><ele>514</ele></trkpt>
      <trkpt lat="46.33050" lon="12.32340"><ele>514</ele></trkpt>
      <trkpt lat="46.33050" lon="12.32334"><ele>514</ele></trkpt>
      <trkpt lat="46.33047" lon="12.32318"><ele>513</ele></trkpt>
      <trkpt lat="46.33047" lon="12.32304"><ele>514</ele></trkpt>
      <trkpt lat="46.33049" lon="12.32288"><ele>516</ele></trkpt>
      <trkpt lat="46.33047" lon="12.32304"><ele>514</ele></trkpt>
      <trkpt lat="46.33047" lon="12.32318"><ele>513</ele></trkpt>
      <trkpt lat="46.33050" lon="12.32334"><ele>514</ele></trkpt>
      <trkpt lat="46.33050" lon="12.32340"><ele>514</ele></trkpt>
      <trkpt lat="46.33048" lon="12.32347"><ele>514</ele></trkpt>
      <trkpt lat="46.33036" lon="12.32363"><ele>509</ele></trkpt>
      <trkpt lat="46.33022" lon="12.32381"><ele>506</ele></trkpt>
      <trkpt lat="46.33020" lon="12.32382"><ele>506</ele></trkpt>
      <trkpt lat="46.33017" lon="12.32382"><ele>506</ele></trkpt>
      <trkpt lat="46.33015" lon="12.32380"><ele>505</ele></trkpt>
      <trkpt lat="46.33013" lon="12.32376"><ele>504</ele></trkpt>
      <trkpt lat="46.33014" lon="12.32371"><ele>504</ele></trkpt>
      <trkpt lat="46.33022" lon="12.32343"><ele>503</ele></trkpt>
      <trkpt lat="46.33022" lon="12.32339"><ele>503</ele></trkpt>
      <trkpt lat="46.33021" lon="12.32335"><ele>502</ele></trkpt>
      <trkpt lat="46.33020" lon="12.32332"><ele>502</ele></trkpt>
      <trkpt lat="46.33017" lon="12.32330"><ele>501</ele></trkpt>
      <trkpt lat="46.33015" lon="12.32330"><ele>500</ele></trkpt>
      <trkpt lat="46.33012" lon="12.32330"><ele>500</ele></trkpt>
      <trkpt lat="46.33010" lon="12.32332"><ele>499</ele></trkpt>
      <trkpt lat="46.33005" lon="12.32339"><ele>499</ele></trkpt>
      <trkpt lat="46.32995" lon="12.32361"><ele>498</ele></trkpt>
      <trkpt lat="46.32986" lon="12.32373"><ele>498</ele></trkpt>
      <trkpt lat="46.32978" lon="12.32382"><ele>497</ele></trkpt>
      <trkpt lat="46.32972" lon="12.32384"><ele>495</ele></trkpt>
      <trkpt lat="46.32941" lon="12.32384"><ele>487</ele></trkpt>
      <trkpt lat="46.32937" lon="12.32376"><ele>486</ele></trkpt>
      <trkpt lat="46.32929" lon="12.32365"><ele>486</ele></trkpt>
      <trkpt lat="46.32919" lon="12.32356"><ele>488</ele></trkpt>
      <trkpt lat="46.32915" lon="12.32353"><ele>488</ele></trkpt>
      <trkpt lat="46.32908" lon="12.32351"><ele>488</ele></trkpt>
      <trkpt lat="46.32878" lon="12.32344"><ele>485</ele></trkpt>
      <trkpt lat="46.32851" lon="12.32338"><ele>482</ele></trkpt>
      <trkpt lat="46.32847" lon="12.32339"><ele>482</ele></trkpt>
      <trkpt lat="46.32843" lon="12.32342"><ele>482</ele></trkpt>
      <trkpt lat="46.32821" lon="12.32316"><ele>481</ele></trkpt>
      <trkpt lat="46.32764" lon="12.32267"><ele>480</ele></trkpt>
      <trkpt lat="46.32731" lon="12.32241"><ele>479</ele></trkpt>
      <trkpt lat="46.32717" lon="12.32228"><ele>478</ele></trkpt>
      <trkpt lat="46.32708" lon="12.32210"><ele>479</ele></trkpt>
      <trkpt lat="46.32700" lon="12.32190"><ele>478</ele></trkpt>
      <trkpt lat="46.32680" lon="12.32096"><ele>481</ele></trkpt>
      <trkpt lat="46.32669" lon="12.32068"><ele>480</ele></trkpt>
      <trkpt lat="46.32626" lon="12.32014"><ele>482</ele></trkpt>
      <trkpt lat="46.32559" lon="12.31939"><ele>483</ele></trkpt>
      <trkpt lat="46.32532" lon="12.31909"><ele>483</ele></trkpt>
      <trkpt lat="46.32518" lon="12.31894"><ele>484</ele></trkpt>
      <trkpt lat="46.32509" lon="12.31882"><ele>485</ele></trkpt>
      <trkpt lat="46.32499" lon="12.31867"><ele>485</ele></trkpt>
      <trkpt lat="46.32490" lon="12.31850"><ele>485</ele></trkpt>
      <trkpt lat="46.32484" lon="12.31830"><ele>486</ele></trkpt>
      <trkpt lat="46.32472" lon="12.31761"><ele>486</ele></trkpt>
      <trkpt lat="46.32463" lon="12.31737"><ele>487</ele></trkpt>
      <trkpt lat="46.32445" lon="12.31716"><ele>486</ele></trkpt>
      <trkpt lat="46.32408" lon="12.31685"><ele>486</ele></trkpt>
      <trkpt lat="46.32387" lon="12.31674"><ele>485</ele></trkpt>
      <trkpt lat="46.32355" lon="12.31666"><ele>483</ele></trkpt>
      <trkpt lat="46.32252" lon="12.31650"><ele>484</ele></trkpt>
      <trkpt lat="46.32214" lon="12.31648"><ele>483</ele></trkpt>
      <trkpt lat="46.32175" lon="12.31651"><ele>483</ele></trkpt>
      <trkpt lat="46.32145" lon="12.31654"><ele>482</ele></trkpt>
      <trkpt lat="46.32128" lon="12.31655"><ele>482</ele></trkpt>
      <trkpt lat="46.32115" lon="12.31654"><ele>482</ele></trkpt>
      <trkpt lat="46.32103" lon="12.31653"><ele>482</ele></trkpt>
      <trkpt lat="46.32073" lon="12.31646"><ele>481</ele></trkpt>
      <trkpt lat="46.32032" lon="12.31634"><ele>478</ele></trkpt>
      <trkpt lat="46.31981" lon="12.31634"><ele>476</ele></trkpt>
      <trkpt lat="46.31920" lon="12.31644"><ele>474</ele></trkpt>
      <trkpt lat="46.31906" lon="12.31644"><ele>473</ele></trkpt>
      <trkpt lat="46.31895" lon="12.31640"><ele>473</ele></trkpt>
      <trkpt lat="46.31858" lon="12.31623"><ele>476</ele></trkpt>
      <trkpt lat="46.31841" lon="12.31616"><ele>478</ele></trkpt>
      <trkpt lat="46.31833" lon="12.31614"><ele>479</ele></trkpt>
      <trkpt lat="46.31815" lon="12.31612"><ele>480</ele></trkpt>
      <trkpt lat="46.31807" lon="12.31612"><ele>481</ele></trkpt>
      <trkpt lat="46.31792" lon="12.31616"><ele>482</ele></trkpt>
      <trkpt lat="46.31769" lon="12.31627"><ele>484</ele></trkpt>
      <trkpt lat="46.31749" lon="12.31637"><ele>484</ele></trkpt>
      <trkpt lat="46.31730" lon="12.31649"><ele>497</ele></trkpt>
      <trkpt lat="46.31722" lon="12.31656"><ele>499</ele></trkpt>
      <trkpt lat="46.31706" lon="12.31672"><ele>500</ele></trkpt>
      <trkpt lat="46.31694" lon="12.31689"><ele>494</ele></trkpt>
      <trkpt lat="46.31670" lon="12.31736"><ele>482</ele></trkpt>
      <trkpt lat="46.31653" lon="12.31778"><ele>475</ele></trkpt>
      <trkpt lat="46.31627" lon="12.31834"><ele>471</ele></trkpt>
      <trkpt lat="46.31608" lon="12.31870"><ele>468</ele></trkpt>
      <trkpt lat="46.31569" lon="12.31928"><ele>471</ele></trkpt>
      <trkpt lat="46.31540" lon="12.31982"><ele>467</ele></trkpt>
      <trkpt lat="46.31523" lon="12.32013"><ele>472</ele></trkpt>
      <trkpt lat="46.31485" lon="12.32076"><ele>475</ele></trkpt>
      <trkpt lat="46.31460" lon="12.32119"><ele>481</ele></trkpt>
      <trkpt lat="46.31439" lon="12.32158"><ele>479</ele></trkpt>
      <trkpt lat="46.31421" lon="12.32197"><ele>473</ele></trkpt>
      <trkpt lat="46.31403" lon="12.32232"><ele>482</ele></trkpt>
      <trkpt lat="46.31389" lon="12.32247"><ele>473</ele></trkpt>
      <trkpt lat="46.31368" lon="12.32263"><ele>479</ele></trkpt>
      <trkpt lat="46.31349" lon="12.32274"><ele>470</ele></trkpt>
      <trkpt lat="46.31338" lon="12.32278"><ele>466</ele></trkpt>
      <trkpt lat="46.31327" lon="12.32279"><ele>467</ele></trkpt>
      <trkpt lat="46.31284" lon="12.32280"><ele>468</ele></trkpt>
      <trkpt lat="46.31274" lon="12.32282"><ele>468</ele></trkpt>
      <trkpt lat="46.31245" lon="12.32295"><ele>470</ele></trkpt>
      <trkpt lat="46.31212" lon="12.32316"><ele>469</ele></trkpt>
      <trkpt lat="46.31189" lon="12.32324"><ele>470</ele></trkpt>
      <trkpt lat="46.31155" lon="12.32333"><ele>472</ele></trkpt>
      <trkpt lat="46.31106" lon="12.32341"><ele>477</ele></trkpt>
      <trkpt lat="46.31093" lon="12.32346"><ele>480</ele></trkpt>
      <trkpt lat="46.31082" lon="12.32353"><ele>480</ele></trkpt>
      <trkpt lat="46.31065" lon="12.32364"><ele>488</ele></trkpt>
      <trkpt lat="46.31039" lon="12.32388"><ele>472</ele></trkpt>
      <trkpt lat="46.31018" lon="12.32398"><ele>471</ele></trkpt>
      <trkpt lat="46.30981" lon="12.32399"><ele>471</ele></trkpt>
      <trkpt lat="46.30956" lon="12.32398"><ele>472</ele></trkpt>
      <trkpt lat="46.30929" lon="12.32398"><ele>472</ele></trkpt>
      <trkpt lat="46.30900" lon="12.32403"><ele>469</ele></trkpt>
      <trkpt lat="46.30860" lon="12.32423"><ele>466</ele></trkpt>
      <trkpt lat="46.30819" lon="12.32439"><ele>465</ele></trkpt>
      <trkpt lat="46.30783" lon="12.32447"><ele>466</ele></trkpt>
      <trkpt lat="46.30738" lon="12.32454"><ele>466</ele></trkpt>
      <trkpt lat="46.30692" lon="12.32460"><ele>466</ele></trkpt>
      <trkpt lat="46.30621" lon="12.32455"><ele>464</ele></trkpt>
      <trkpt lat="46.30601" lon="12.32450"><ele>463</ele></trkpt>
      <trkpt lat="46.30541" lon="12.32399"><ele>466</ele></trkpt>
      <trkpt lat="46.30526" lon="12.32390"><ele>464</ele></trkpt>
      <trkpt lat="46.30514" lon="12.32388"><ele>464</ele></trkpt>
      <trkpt lat="46.30488" lon="12.32388"><ele>464</ele></trkpt>
      <trkpt lat="46.30459" lon="12.32392"><ele>464</ele></trkpt>
      <trkpt lat="46.30441" lon="12.32390"><ele>464</ele></trkpt>
      <trkpt lat="46.30384" lon="12.32370"><ele>464</ele></trkpt>
      <trkpt lat="46.30359" lon="12.32352"><ele>464</ele></trkpt>
      <trkpt lat="46.30319" lon="12.32299"><ele>465</ele></trkpt>
      <trkpt lat="46.30288" lon="12.32229"><ele>465</ele></trkpt>
      <trkpt lat="46.30273" lon="12.32193"><ele>464</ele></trkpt>
      <trkpt lat="46.30268" lon="12.32178"><ele>463</ele></trkpt>
      <trkpt lat="46.30235" lon="12.32077"><ele>461</ele></trkpt>
      <trkpt lat="46.30211" lon="12.32001"><ele>463</ele></trkpt>
      <trkpt lat="46.30155" lon="12.31810"><ele>468</ele></trkpt>
      <trkpt lat="46.30145" lon="12.31781"><ele>472</ele></trkpt>
      <trkpt lat="46.30134" lon="12.31762"><ele>472</ele></trkpt>
      <trkpt lat="46.30027" lon="12.31618"><ele>468</ele></trkpt>
      <trkpt lat="46.30014" lon="12.31593"><ele>470</ele></trkpt>
      <trkpt lat="46.29997" lon="12.31552"><ele>473</ele></trkpt>
      <trkpt lat="46.29982" lon="12.31532"><ele>474</ele></trkpt>
      <trkpt lat="46.29947" lon="12.31508"><ele>470</ele></trkpt>
      <trkpt lat="46.29913" lon="12.31488"><ele>468</ele></trkpt>
      <trkpt lat="46.29857" lon="12.31435"><ele>469</ele></trkpt>
      <trkpt lat="46.29845" lon="12.31426"><ele>468</ele></trkpt>
      <trkpt lat="46.29798" lon="12.31406"><ele>466</ele></trkpt>
      <trkpt lat="46.29772" lon="12.31384"><ele>465</ele></trkpt>
      <trkpt lat="46.29739" lon="12.31344"><ele>463</ele></trkpt>
      <trkpt lat="46.29604" lon="12.31198"><ele>456</ele></trkpt>
      <trkpt lat="46.29575" lon="12.31160"><ele>454</ele></trkpt>
      <trkpt lat="46.29567" lon="12.31158"><ele>452</ele></trkpt>
      <trkpt lat="46.29553" lon="12.31139"><ele>452</ele></trkpt>
      <trkpt lat="46.29512" lon="12.31093"><ele>451</ele></trkpt>
      <trkpt lat="46.29497" lon="12.31073"><ele>452</ele></trkpt>
      <trkpt lat="46.29488" lon="12.31064"><ele>454</ele></trkpt>
      <trkpt lat="46.29480" lon="12.31063"><ele>454</ele></trkpt>
      <trkpt lat="46.29442" lon="12.31072"><ele>453</ele></trkpt>
      <trkpt lat="46.29421" lon="12.31072"><ele>453</ele></trkpt>
      <trkpt lat="46.29411" lon="12.31072"><ele>453</ele></trkpt>
      <trkpt lat="46.29390" lon="12.31073"><ele>453</ele></trkpt>
      <trkpt lat="46.29333" lon="12.31091"><ele>458</ele></trkpt>
      <trkpt lat="46.29324" lon="12.31091"><ele>458</ele></trkpt>
      <trkpt lat="46.29297" lon="12.31090"><ele>456</ele></trkpt>
      <trkpt lat="46.29264" lon="12.31087"><ele>455</ele></trkpt>
      <trkpt lat="46.29251" lon="12.31087"><ele>456</ele></trkpt>
      <trkpt lat="46.29231" lon="12.31098"><ele>452</ele></trkpt>
      <trkpt lat="46.29156" lon="12.31115"><ele>450</ele></trkpt>
      <trkpt lat="46.29135" lon="12.31119"><ele>452</ele></trkpt>
      <trkpt lat="46.29113" lon="12.31116"><ele>451</ele></trkpt>
      <trkpt lat="46.29089" lon="12.31102"><ele>456</ele></trkpt>
      <trkpt lat="46.29068" lon="12.31107"><ele>456</ele></trkpt>
      <trkpt lat="46.29045" lon="12.31110"><ele>455</ele></trkpt>
      <trkpt lat="46.29011" lon="12.31101"><ele>455</ele></trkpt>
      <trkpt lat="46.28996" lon="12.31100"><ele>455</ele></trkpt>
      <trkpt lat="46.28983" lon="12.31106"><ele>455</ele></trkpt>
      <trkpt lat="46.28959" lon="12.31125"><ele>454</ele></trkpt>
      <trkpt lat="46.28932" lon="12.31141"><ele>452</ele></trkpt>
      <trkpt lat="46.28911" lon="12.31152"><ele>450</ele></trkpt>
      <trkpt lat="46.28890" lon="12.31151"><ele>450</ele></trkpt>
      <trkpt lat="46.28837" lon="12.31135"><ele>450</ele></trkpt>
      <trkpt lat="46.28822" lon="12.31135"><ele>450</ele></trkpt>
      <trkpt lat="46.28793" lon="12.31139"><ele>450</ele></trkpt>
      <trkpt lat="46.28774" lon="12.31147"><ele>452</ele></trkpt>
      <trkpt lat="46.28740" lon="12.31167"><ele>450</ele></trkpt>
      <trkpt lat="46.28714" lon="12.31174"><ele>452</ele></trkpt>
      <trkpt lat="46.28680" lon="12.31179"><ele>452</ele></trkpt>
      <trkpt lat="46.28654" lon="12.31180"><ele>453</ele></trkpt>
      <trkpt lat="46.28630" lon="12.31181"><ele>451</ele></trkpt>
      <trkpt lat="46.28614" lon="12.31176"><ele>450</ele></trkpt>
      <trkpt lat="46.28607" lon="12.31174"><ele>450</ele></trkpt>
      <trkpt lat="46.28598" lon="12.31166"><ele>449</ele></trkpt>
      <trkpt lat="46.28591" lon="12.31158"><ele>450</ele></trkpt>
      <trkpt lat="46.28572" lon="12.31130"><ele>452</ele></trkpt>
      <trkpt lat="46.28548" lon="12.31098"><ele>451</ele></trkpt>
      <trkpt lat="46.28525" lon="12.31075"><ele>452</ele></trkpt>
      <trkpt lat="46.28502" lon="12.31062"><ele>450</ele></trkpt>
      <trkpt lat="46.28471" lon="12.31037"><ele>452</ele></trkpt>
      <trkpt lat="46.28417" lon="12.31010"><ele>456</ele></trkpt>
      <trkpt lat="46.28411" lon="12.31007"><ele>454</ele></trkpt>
      <trkpt lat="46.28402" lon="12.30995"><ele>454</ele></trkpt>
      <trkpt lat="46.28398" lon="12.30988"><ele>455</ele></trkpt>
      <trkpt lat="46.28373" lon="12.30952"><ele>456</ele></trkpt>
      <trkpt lat="46.28363" lon="12.30934"><ele>458</ele></trkpt>
      <trkpt lat="46.28352" lon="12.30917"><ele>458</ele></trkpt>
      <trkpt lat="46.28337" lon="12.30901"><ele>460</ele></trkpt>
      <trkpt lat="46.28315" lon="12.30879"><ele>463</ele></trkpt>
      <trkpt lat="46.28308" lon="12.30874"><ele>463</ele></trkpt>
      <trkpt lat="46.28301" lon="12.30871"><ele>463</ele></trkpt>
      <trkpt lat="46.28294" lon="12.30867"><ele>464</ele></trkpt>
      <trkpt lat="46.28281" lon="12.30853"><ele>468</ele></trkpt>
      <trkpt lat="46.28276" lon="12.30849"><ele>468</ele></trkpt>
      <trkpt lat="46.28270" lon="12.30847"><ele>470</ele></trkpt>
      <trkpt lat="46.28258" lon="12.30847"><ele>470</ele></trkpt>
      <trkpt lat="46.28249" lon="12.30842"><ele>473</ele></trkpt>
      <trkpt lat="46.28235" lon="12.30840"><ele>474</ele></trkpt>
      <trkpt lat="46.28228" lon="12.30840"><ele>475</ele></trkpt>
      <trkpt lat="46.28220" lon="12.30847"><ele>473</ele></trkpt>
      <trkpt lat="46.28213" lon="12.30862"><ele>471</ele></trkpt>
      <trkpt lat="46.28207" lon="12.30869"><ele>472</ele></trkpt>
      <trkpt lat="46.28199" lon="12.30872"><ele>474</ele></trkpt>
      <trkpt lat="46.28194" lon="12.30876"><ele>474</ele></trkpt>
      <trkpt lat="46.28192" lon="12.30876"><ele>474</ele></trkpt>
      <trkpt lat="46.28191" lon="12.30874"><ele>474</ele></trkpt>
      <trkpt lat="46.28191" lon="12.30863"><ele>476</ele></trkpt>
      <trkpt lat="46.28191" lon="12.30852"><ele>478</ele></trkpt>
      <trkpt lat="46.28187" lon="12.30845"><ele>478</ele></trkpt>
      <trkpt lat="46.28193" lon="12.30841"><ele>479</ele></trkpt>
      <trkpt lat="46.28211" lon="12.30817"><ele>481</ele></trkpt>
      <trkpt lat="46.28214" lon="12.30813"><ele>482</ele></trkpt>
      <trkpt lat="46.28234" lon="12.30800"><ele>484</ele></trkpt>
      <trkpt lat="46.28272" lon="12.30783"><ele>488</ele></trkpt>
      <trkpt lat="46.28283" lon="12.30777"><ele>489</ele></trkpt>
      <trkpt lat="46.28286" lon="12.30776"><ele>489</ele></trkpt>
      <trkpt lat="46.28294" lon="12.30777"><ele>490</ele></trkpt>
      <trkpt lat="46.28324" lon="12.30793"><ele>490</ele></trkpt>
      <trkpt lat="46.28345" lon="12.30801"><ele>493</ele></trkpt>
      <trkpt lat="46.28385" lon="12.30818"><ele>499</ele></trkpt>
      <trkpt lat="46.28392" lon="12.30822"><ele>500</ele></trkpt>
      <trkpt lat="46.28402" lon="12.30823"><ele>501</ele></trkpt>
      <trkpt lat="46.28410" lon="12.30822"><ele>502</ele></trkpt>
      <trkpt lat="46.28410" lon="12.30796"><ele>502</ele></trkpt>
      <trkpt lat="46.28410" lon="12.30746"><ele>503</ele></trkpt>
      <trkpt lat="46.28408" lon="12.30734"><ele>503</ele></trkpt>
      <trkpt lat="46.28406" lon="12.30726"><ele>503</ele></trkpt>
      <trkpt lat="46.28402" lon="12.30716"><ele>503</ele></trkpt>
      <trkpt lat="46.28397" lon="12.30702"><ele>504</ele></trkpt>
      <trkpt lat="46.28359" lon="12.30634"><ele>503</ele></trkpt>
      <trkpt lat="46.28326" lon="12.30577"><ele>502</ele></trkpt>
      <trkpt lat="46.28322" lon="12.30568"><ele>502</ele></trkpt>
      <trkpt lat="46.28321" lon="12.30555"><ele>502</ele></trkpt>
      <trkpt lat="46.28321" lon="12.30545"><ele>502</ele></trkpt>
      <trkpt lat="46.28324" lon="12.30520"><ele>502</ele></trkpt>
      <trkpt lat="46.28324" lon="12.30508"><ele>501</ele></trkpt>
      <trkpt lat="46.28323" lon="12.30500"><ele>500</ele></trkpt>
      <trkpt lat="46.28322" lon="12.30490"><ele>500</ele></trkpt>
      <trkpt lat="46.28320" lon="12.30481"><ele>500</ele></trkpt>
      <trkpt lat="46.28321" lon="12.30480"><ele>500</ele></trkpt>
      <trkpt lat="46.28332" lon="12.30475"><ele>502</ele></trkpt>
      <trkpt lat="46.28336" lon="12.30472"><ele>504</ele></trkpt>
      <trkpt lat="46.28342" lon="12.30471"><ele>505</ele></trkpt>
      <trkpt lat="46.28353" lon="12.30474"><ele>507</ele></trkpt>
      <trkpt lat="46.28359" lon="12.30476"><ele>508</ele></trkpt>
      <trkpt lat="46.28368" lon="12.30479"><ele>510</ele></trkpt>
      <trkpt lat="46.28379" lon="12.30481"><ele>511</ele></trkpt>
      <trkpt lat="46.28390" lon="12.30482"><ele>513</ele></trkpt>
      <trkpt lat="46.28437" lon="12.30478"><ele>520</ele></trkpt>
      <trkpt lat="46.28446" lon="12.30479"><ele>521</ele></trkpt>
      <trkpt lat="46.28451" lon="12.30489"><ele>520</ele></trkpt>
      <trkpt lat="46.28482" lon="12.30545"><ele>522</ele></trkpt>
      <trkpt lat="46.28502" lon="12.30580"><ele>522</ele></trkpt>
      <trkpt lat="46.28482" lon="12.30545"><ele>522</ele></trkpt>
      <trkpt lat="46.28451" lon="12.30489"><ele>520</ele></trkpt>
      <trkpt lat="46.28446" lon="12.30479"><ele>521</ele></trkpt>
      <trkpt lat="46.28437" lon="12.30478"><ele>520</ele></trkpt>
      <trkpt lat="46.28390" lon="12.30482"><ele>513</ele></trkpt>
      <trkpt lat="46.28379" lon="12.30481"><ele>511</ele></trkpt>
      <trkpt lat="46.28368" lon="12.30479"><ele>510</ele></trkpt>
      <trkpt lat="46.28359" lon="12.30476"><ele>508</ele></trkpt>
      <trkpt lat="46.28353" lon="12.30474"><ele>507</ele></trkpt>
      <trkpt lat="46.28342" lon="12.30471"><ele>505</ele></trkpt>
      <trkpt lat="46.28336" lon="12.30472"><ele>504</ele></trkpt>
      <trkpt lat="46.28332" lon="12.30475"><ele>502</ele></trkpt>
      <trkpt lat="46.28321" lon="12.30480"><ele>500</ele></trkpt>
      <trkpt lat="46.28320" lon="12.30481"><ele>500</ele></trkpt>
      <trkpt lat="46.28317" lon="12.30476"><ele>499</ele></trkpt>
      <trkpt lat="46.28314" lon="12.30472"><ele>499</ele></trkpt>
      <trkpt lat="46.28305" lon="12.30465"><ele>498</ele></trkpt>
      <trkpt lat="46.28289" lon="12.30455"><ele>498</ele></trkpt>
      <trkpt lat="46.28275" lon="12.30446"><ele>496</ele></trkpt>
      <trkpt lat="46.28266" lon="12.30442"><ele>496</ele></trkpt>
      <trkpt lat="46.28259" lon="12.30441"><ele>496</ele></trkpt>
      <trkpt lat="46.28254" lon="12.30444"><ele>495</ele></trkpt>
      <trkpt lat="46.28247" lon="12.30432"><ele>495</ele></trkpt>
      <trkpt lat="46.28239" lon="12.30422"><ele>495</ele></trkpt>
      <trkpt lat="46.28220" lon="12.30399"><ele>497</ele></trkpt>
      <trkpt lat="46.28197" lon="12.30381"><ele>499</ele></trkpt>
      <trkpt lat="46.28107" lon="12.30345"><ele>502</ele></trkpt>
      <trkpt lat="46.28089" lon="12.30335"><ele>503</ele></trkpt>
      <trkpt lat="46.28051" lon="12.30305"><ele>503</ele></trkpt>
      <trkpt lat="46.28034" lon="12.30295"><ele>500</ele></trkpt>
      <trkpt lat="46.28030" lon="12.30293"><ele>500</ele></trkpt>
      <trkpt lat="46.28015" lon="12.30287"><ele>502</ele></trkpt>
      <trkpt lat="46.27999" lon="12.30283"><ele>504</ele></trkpt>
      <trkpt lat="46.27932" lon="12.30275"><ele>501</ele></trkpt>
      <trkpt lat="46.27922" lon="12.30274"><ele>500</ele></trkpt>
      <trkpt lat="46.27909" lon="12.30272"><ele>498</ele></trkpt>
      <trkpt lat="46.27899" lon="12.30269"><ele>498</ele></trkpt>
      <trkpt lat="46.27891" lon="12.30264"><ele>498</ele></trkpt>
      <trkpt lat="46.27884" lon="12.30258"><ele>498</ele></trkpt>
      <trkpt lat="46.27881" lon="12.30256"><ele>498</ele></trkpt>
      <trkpt lat="46.27867" lon="12.30240"><ele>497</ele></trkpt>
      <trkpt lat="46.27844" lon="12.30210"><ele>496</ele></trkpt>
      <trkpt lat="46.27836" lon="12.30203"><ele>496</ele></trkpt>
      <trkpt lat="46.27812" lon="12.30188"><ele>497</ele></trkpt>
      <trkpt lat="46.27790" lon="12.30175"><ele>496</ele></trkpt>
      <trkpt lat="46.27774" lon="12.30163"><ele>495</ele></trkpt>
      <trkpt lat="46.27763" lon="12.30154"><ele>495</ele></trkpt>
      <trkpt lat="46.27741" lon="12.30130"><ele>494</ele></trkpt>
      <trkpt lat="46.27713" lon="12.30099"><ele>497</ele></trkpt>
      <trkpt lat="46.27693" lon="12.30086"><ele>496</ele></trkpt>
      <trkpt lat="46.27673" lon="12.30082"><ele>495</ele></trkpt>
      <trkpt lat="46.27564" lon="12.30090"><ele>490</ele></trkpt>
      <trkpt lat="46.27561" lon="12.30090"><ele>489</ele></trkpt>
      <trkpt lat="46.27533" lon="12.30092"><ele>488</ele></trkpt>
      <trkpt lat="46.27476" lon="12.30098"><ele>485</ele></trkpt>
      <trkpt lat="46.27410" lon="12.30102"><ele>480</ele></trkpt>
      <trkpt lat="46.27385" lon="12.30098"><ele>478</ele></trkpt>
      <trkpt lat="46.27354" lon="12.30092"><ele>476</ele></trkpt>
      <trkpt lat="46.27311" lon="12.30080"><ele>477</ele></trkpt>
      <trkpt lat="46.27234" lon="12.30051"><ele>477</ele></trkpt>
      <trkpt lat="46.27220" lon="12.30047"><ele>477</ele></trkpt>
      <trkpt lat="46.27219" lon="12.30047"><ele>477</ele></trkpt>
      <trkpt lat="46.27211" lon="12.30046"><ele>477</ele></trkpt>
      <trkpt lat="46.27199" lon="12.30046"><ele>476</ele></trkpt>
      <trkpt lat="46.27199" lon="12.30041"><ele>477</ele></trkpt>
      <trkpt lat="46.27195" lon="12.30035"><ele>478</ele></trkpt>
      <trkpt lat="46.27182" lon="12.30030"><ele>478</ele></trkpt>
      <trkpt lat="46.27147" lon="12.30029"><ele>478</ele></trkpt>
      <trkpt lat="46.27122" lon="12.30031"><ele>478</ele></trkpt>
      <trkpt lat="46.27118" lon="12.30031"><ele>478</ele></trkpt>
      <trkpt lat="46.27114" lon="12.30031"><ele>478</ele></trkpt>
      <trkpt lat="46.27106" lon="12.30031"><ele>478</ele></trkpt>
      <trkpt lat="46.27098" lon="12.30030"><ele>478</ele></trkpt>
      <trkpt lat="46.27085" lon="12.30028"><ele>479</ele></trkpt>
      <trkpt lat="46.27055" lon="12.30016"><ele>480</ele></trkpt>
      <trkpt lat="46.27049" lon="12.30016"><ele>480</ele></trkpt>
      <trkpt lat="46.27039" lon="12.30017"><ele>479</ele></trkpt>
      <trkpt lat="46.27027" lon="12.30021"><ele>478</ele></trkpt>
      <trkpt lat="46.27016" lon="12.30026"><ele>479</ele></trkpt>
      <trkpt lat="46.27009" lon="12.30031"><ele>479</ele></trkpt>
      <trkpt lat="46.26964" lon="12.30077"><ele>478</ele></trkpt>
      <trkpt lat="46.26954" lon="12.30084"><ele>477</ele></trkpt>
      <trkpt lat="46.26940" lon="12.30090"><ele>477</ele></trkpt>
      <trkpt lat="46.26934" lon="12.30092"><ele>476</ele></trkpt>
      <trkpt lat="46.26921" lon="12.30093"><ele>476</ele></trkpt>
      <trkpt lat="46.26909" lon="12.30091"><ele>476</ele></trkpt>
      <trkpt lat="46.26903" lon="12.30089"><ele>476</ele></trkpt>
      <trkpt lat="46.26866" lon="12.30069"><ele>475</ele></trkpt>
      <trkpt lat="46.26848" lon="12.30056"><ele>475</ele></trkpt>
      <trkpt lat="46.26843" lon="12.30053"><ele>475</ele></trkpt>
      <trkpt lat="46.26835" lon="12.30051"><ele>475</ele></trkpt>
      <trkpt lat="46.26823" lon="12.30051"><ele>475</ele></trkpt>
      <trkpt lat="46.26801" lon="12.30053"><ele>475</ele></trkpt>
      <trkpt lat="46.26796" lon="12.30053"><ele>475</ele></trkpt>
      <trkpt lat="46.26791" lon="12.30048"><ele>475</ele></trkpt>
      <trkpt lat="46.26776" lon="12.30024"><ele>475</ele></trkpt>
      <trkpt lat="46.26765" lon="12.30012"><ele>476</ele></trkpt>
      <trkpt lat="46.26760" lon="12.30007"><ele>476</ele></trkpt>
      <trkpt lat="46.26751" lon="12.30005"><ele>476</ele></trkpt>
      <trkpt lat="46.26740" lon="12.30005"><ele>476</ele></trkpt>
      <trkpt lat="46.26723" lon="12.30003"><ele>476</ele></trkpt>
      <trkpt lat="46.26705" lon="12.29998"><ele>476</ele></trkpt>
      <trkpt lat="46.26659" lon="12.29990"><ele>477</ele></trkpt>
      <trkpt lat="46.26649" lon="12.29989"><ele>477</ele></trkpt>
      <trkpt lat="46.26640" lon="12.29988"><ele>477</ele></trkpt>
      <trkpt lat="46.26616" lon="12.29987"><ele>478</ele></trkpt>
      <trkpt lat="46.26604" lon="12.29986"><ele>478</ele></trkpt>
      <trkpt lat="46.26584" lon="12.29982"><ele>479</ele></trkpt>
      <trkpt lat="46.26580" lon="12.29980"><ele>479</ele></trkpt>
      <trkpt lat="46.26577" lon="12.29981"><ele>479</ele></trkpt>
      <trkpt lat="46.26575" lon="12.29983"><ele>479</ele></trkpt>
      <trkpt lat="46.26573" lon="12.29986"><ele>479</ele></trkpt>
      <trkpt lat="46.26572" lon="12.29990"><ele>479</ele></trkpt>
      <trkpt lat="46.26572" lon="12.29994"><ele>479</ele></trkpt>
      <trkpt lat="46.26573" lon="12.29997"><ele>479</ele></trkpt>
      <trkpt lat="46.26575" lon="12.30001"><ele>479</ele></trkpt>
      <trkpt lat="46.26577" lon="12.30003"><ele>479</ele></trkpt>
      <trkpt lat="46.26579" lon="12.30004"><ele>479</ele></trkpt>
      <trkpt lat="46.26582" lon="12.30004"><ele>479</ele></trkpt>
      <trkpt lat="46.26584" lon="12.30002"><ele>479</ele></trkpt>
      <trkpt lat="46.26587" lon="12.30000"><ele>479</ele></trkpt>
      <trkpt lat="46.26587" lon="12.29998"><ele>479</ele></trkpt>
      <trkpt lat="46.26597" lon="12.29989"><ele>478</ele></trkpt>
      <trkpt lat="46.26604" lon="12.29986"><ele>478</ele></trkpt>
      <trkpt lat="46.26616" lon="12.29987"><ele>478</ele></trkpt>
      <trkpt lat="46.26640" lon="12.29988"><ele>477</ele></trkpt>
      <trkpt lat="46.26649" lon="12.29989"><ele>477</ele></trkpt>
      <trkpt lat="46.26659" lon="12.29990"><ele>477</ele></trkpt>
      <trkpt lat="46.26676" lon="12.30009"><ele>477</ele></trkpt>
      <trkpt lat="46.26678" lon="12.30014"><ele>477</ele></trkpt>
      <trkpt lat="46.26678" lon="12.30028"><ele>477</ele></trkpt>
      <trkpt lat="46.26678" lon="12.30039"><ele>476</ele></trkpt>
      <trkpt lat="46.26682" lon="12.30047"><ele>476</ele></trkpt>
      <trkpt lat="46.26684" lon="12.30050"><ele>476</ele></trkpt>
      <trkpt lat="46.26689" lon="12.30052"><ele>476</ele></trkpt>
      <trkpt lat="46.26729" lon="12.30053"><ele>476</ele></trkpt>
      <trkpt lat="46.26742" lon="12.30053"><ele>475</ele></trkpt>
      <trkpt lat="46.26746" lon="12.30053"><ele>475</ele></trkpt>
      <trkpt lat="46.26761" lon="12.30053"><ele>475</ele></trkpt>
      <trkpt lat="46.26777" lon="12.30053"><ele>475</ele></trkpt>
      <trkpt lat="46.26790" lon="12.30053"><ele>475</ele></trkpt>
      <trkpt lat="46.26796" lon="12.30053"><ele>475</ele></trkpt>
      <trkpt lat="46.26801" lon="12.30053"><ele>475</ele></trkpt>
      <trkpt lat="46.26823" lon="12.30051"><ele>475</ele></trkpt>
      <trkpt lat="46.26835" lon="12.30051"><ele>475</ele></trkpt>
      <trkpt lat="46.26843" lon="12.30053"><ele>475</ele></trkpt>
      <trkpt lat="46.26848" lon="12.30056"><ele>475</ele></trkpt>
      <trkpt lat="46.26866" lon="12.30069"><ele>475</ele></trkpt>
      <trkpt lat="46.26903" lon="12.30089"><ele>476</ele></trkpt>
      <trkpt lat="46.26909" lon="12.30091"><ele>476</ele></trkpt>
      <trkpt lat="46.26921" lon="12.30093"><ele>476</ele></trkpt>
      <trkpt lat="46.26934" lon="12.30092"><ele>476</ele></trkpt>
      <trkpt lat="46.26940" lon="12.30090"><ele>477</ele></trkpt>
      <trkpt lat="46.26954" lon="12.30084"><ele>477</ele></trkpt>
      <trkpt lat="46.26964" lon="12.30077"><ele>478</ele></trkpt>
      <trkpt lat="46.27009" lon="12.30031"><ele>479</ele></trkpt>
      <trkpt lat="46.27016" lon="12.30026"><ele>479</ele></trkpt>
      <trkpt lat="46.27027" lon="12.30021"><ele>478</ele></trkpt>
      <trkpt lat="46.27039" lon="12.30017"><ele>479</ele></trkpt>
      <trkpt lat="46.27049" lon="12.30016"><ele>480</ele></trkpt>
      <trkpt lat="46.27055" lon="12.30016"><ele>480</ele></trkpt>
      <trkpt lat="46.27085" lon="12.30028"><ele>479</ele></trkpt>
      <trkpt lat="46.27098" lon="12.30030"><ele>478</ele></trkpt>
      <trkpt lat="46.27106" lon="12.30031"><ele>478</ele></trkpt>
      <trkpt lat="46.27114" lon="12.30031"><ele>478</ele></trkpt>
      <trkpt lat="46.27118" lon="12.30031"><ele>478</ele></trkpt>
      <trkpt lat="46.27122" lon="12.30031"><ele>478</ele></trkpt>
      <trkpt lat="46.27147" lon="12.30029"><ele>478</ele></trkpt>
      <trkpt lat="46.27182" lon="12.30030"><ele>478</ele></trkpt>
      <trkpt lat="46.27195" lon="12.30035"><ele>478</ele></trkpt>
      <trkpt lat="46.27199" lon="12.30041"><ele>477</ele></trkpt>
      <trkpt lat="46.27199" lon="12.30046"><ele>476</ele></trkpt>
      <trkpt lat="46.27211" lon="12.30046"><ele>477</ele></trkpt>
      <trkpt lat="46.27219" lon="12.30047"><ele>477</ele></trkpt>
      <trkpt lat="46.27219" lon="12.30049"><ele>477</ele></trkpt>
      <trkpt lat="46.27219" lon="12.30049"><ele>477</ele></trkpt>
      <trkpt lat="46.27222" lon="12.30052"><ele>476</ele></trkpt>
      <trkpt lat="46.27236" lon="12.30066"><ele>471</ele></trkpt>
      <trkpt lat="46.27247" lon="12.30079"><ele>467</ele></trkpt>
      <trkpt lat="46.27252" lon="12.30081"><ele>467</ele></trkpt>
      <trkpt lat="46.27323" lon="12.30102"><ele>469</ele></trkpt>
      <trkpt lat="46.27345" lon="12.30110"><ele>468</ele></trkpt>
      <trkpt lat="46.27352" lon="12.30115"><ele>468</ele></trkpt>
      <trkpt lat="46.27359" lon="12.30121"><ele>467</ele></trkpt>
      <trkpt lat="46.27374" lon="12.30135"><ele>465</ele></trkpt>
      <trkpt lat="46.27381" lon="12.30142"><ele>464</ele></trkpt>
      <trkpt lat="46.27389" lon="12.30148"><ele>463</ele></trkpt>
      <trkpt lat="46.27435" lon="12.30177"><ele>457</ele></trkpt>
      <trkpt lat="46.27445" lon="12.30180"><ele>457</ele></trkpt>
      <trkpt lat="46.27454" lon="12.30180"><ele>455</ele></trkpt>
      <trkpt lat="46.27479" lon="12.30169"><ele>454</ele></trkpt>
      <trkpt lat="46.27491" lon="12.30167"><ele>453</ele></trkpt>
      <trkpt lat="46.27513" lon="12.30169"><ele>452</ele></trkpt>
      <trkpt lat="46.27531" lon="12.30177"><ele>452</ele></trkpt>
      <trkpt lat="46.27568" lon="12.30197"><ele>448</ele></trkpt>
      <trkpt lat="46.27579" lon="12.30199"><ele>450</ele></trkpt>
      <trkpt lat="46.27622" lon="12.30198"><ele>447</ele></trkpt>
      <trkpt lat="46.27627" lon="12.30199"><ele>446</ele></trkpt>
      <trkpt lat="46.27640" lon="12.30206"><ele>444</ele></trkpt>
      <trkpt lat="46.27650" lon="12.30214"><ele>444</ele></trkpt>
      <trkpt lat="46.27652" lon="12.30219"><ele>444</ele></trkpt>
      <trkpt lat="46.27652" lon="12.30221"><ele>444</ele></trkpt>
      <trkpt lat="46.27685" lon="12.30228"><ele>444</ele></trkpt>
      <trkpt lat="46.27713" lon="12.30246"><ele>445</ele></trkpt>
      <trkpt lat="46.27726" lon="12.30261"><ele>445</ele></trkpt>
      <trkpt lat="46.27738" lon="12.30280"><ele>444</ele></trkpt>
      <trkpt lat="46.27744" lon="12.30300"><ele>444</ele></trkpt>
      <trkpt lat="46.27750" lon="12.30315"><ele>444</ele></trkpt>
      <trkpt lat="46.27761" lon="12.30337"><ele>445</ele></trkpt>
      <trkpt lat="46.27766" lon="12.30349"><ele>444</ele></trkpt>
      <trkpt lat="46.27787" lon="12.30380"><ele>444</ele></trkpt>
      <trkpt lat="46.27803" lon="12.30401"><ele>444</ele></trkpt>
      <trkpt lat="46.27818" lon="12.30415"><ele>443</ele></trkpt>
      <trkpt lat="46.27836" lon="12.30428"><ele>443</ele></trkpt>
      <trkpt lat="46.27944" lon="12.30479"><ele>444</ele></trkpt>
      <trkpt lat="46.27954" lon="12.30483"><ele>445</ele></trkpt>
      <trkpt lat="46.27989" lon="12.30495"><ele>446</ele></trkpt>
      <trkpt lat="46.28012" lon="12.30496"><ele>448</ele></trkpt>
      <trkpt lat="46.28041" lon="12.30491"><ele>449</ele></trkpt>
      <trkpt lat="46.28057" lon="12.30484"><ele>451</ele></trkpt>
      <trkpt lat="46.28084" lon="12.30470"><ele>452</ele></trkpt>
      <trkpt lat="46.28095" lon="12.30473"><ele>452</ele></trkpt>
      <trkpt lat="46.28103" lon="12.30480"><ele>453</ele></trkpt>
      <trkpt lat="46.28113" lon="12.30495"><ele>454</ele></trkpt>
      <trkpt lat="46.28117" lon="12.30502"><ele>454</ele></trkpt>
      <trkpt lat="46.28111" lon="12.30510"><ele>454</ele></trkpt>
      <trkpt lat="46.28108" lon="12.30517"><ele>453</ele></trkpt>
      <trkpt lat="46.28091" lon="12.30606"><ele>454</ele></trkpt>
      <trkpt lat="46.28087" lon="12.30636"><ele>454</ele></trkpt>
      <trkpt lat="46.28085" lon="12.30662"><ele>454</ele></trkpt>
      <trkpt lat="46.28085" lon="12.30689"><ele>456</ele></trkpt>
      <trkpt lat="46.28090" lon="12.30737"><ele>458</ele></trkpt>
      <trkpt lat="46.28092" lon="12.30776"><ele>458</ele></trkpt>
      <trkpt lat="46.28090" lon="12.30797"><ele>456</ele></trkpt>
      <trkpt lat="46.28086" lon="12.30809"><ele>453</ele></trkpt>
      <trkpt lat="46.28079" lon="12.30822"><ele>448</ele></trkpt>
      <trkpt lat="46.28014" lon="12.30911"><ele>446</ele></trkpt>
      <trkpt lat="46.28000" lon="12.30924"><ele>455</ele></trkpt>
      <trkpt lat="46.27984" lon="12.30925"><ele>455</ele></trkpt>
      <trkpt lat="46.27934" lon="12.30906"><ele>454</ele></trkpt>
      <trkpt lat="46.27876" lon="12.30886"><ele>454</ele></trkpt>
      <trkpt lat="46.27864" lon="12.30884"><ele>454</ele></trkpt>
      <trkpt lat="46.27854" lon="12.30887"><ele>455</ele></trkpt>
      <trkpt lat="46.27841" lon="12.30892"><ele>456</ele></trkpt>
      <trkpt lat="46.27826" lon="12.30905"><ele>457</ele></trkpt>
      <trkpt lat="46.27813" lon="12.30919"><ele>459</ele></trkpt>
      <trkpt lat="46.27789" lon="12.30946"><ele>456</ele></trkpt>
      <trkpt lat="46.27773" lon="12.30968"><ele>458</ele></trkpt>
      <trkpt lat="46.27767" lon="12.30975"><ele>460</ele></trkpt>
      <trkpt lat="46.27749" lon="12.30986"><ele>463</ele></trkpt>
      <trkpt lat="46.27734" lon="12.30999"><ele>463</ele></trkpt>
      <trkpt lat="46.27699" lon="12.31044"><ele>463</ele></trkpt>
      <trkpt lat="46.27680" lon="12.31069"><ele>464</ele></trkpt>
      <trkpt lat="46.27658" lon="12.31097"><ele>466</ele></trkpt>
      <trkpt lat="46.27652" lon="12.31100"><ele>466</ele></trkpt>
      <trkpt lat="46.27643" lon="12.31102"><ele>467</ele></trkpt>
      <trkpt lat="46.27635" lon="12.31102"><ele>466</ele></trkpt>
      <trkpt lat="46.27629" lon="12.31099"><ele>466</ele></trkpt>
      <trkpt lat="46.27617" lon="12.31084"><ele>465</ele></trkpt>
      <trkpt lat="46.27607" lon="12.31065"><ele>464</ele></trkpt>
      <trkpt lat="46.27580" lon="12.31046"><ele>462</ele></trkpt>
      <trkpt lat="46.27568" lon="12.31032"><ele>460</ele></trkpt>
      <trkpt lat="46.27531" lon="12.31005"><ele>458</ele></trkpt>
      <trkpt lat="46.27526" lon="12.31001"><ele>458</ele></trkpt>
      <trkpt lat="46.27521" lon="12.30996"><ele>458</ele></trkpt>
      <trkpt lat="46.27521" lon="12.30997"><ele>458</ele></trkpt>
      <trkpt lat="46.27519" lon="12.31000"><ele>458</ele></trkpt>
      <trkpt lat="46.27514" lon="12.31012"><ele>460</ele></trkpt>
      <trkpt lat="46.27504" lon="12.31027"><ele>460</ele></trkpt>
      <trkpt lat="46.27488" lon="12.31048"><ele>464</ele></trkpt>
      <trkpt lat="46.27476" lon="12.31060"><ele>464</ele></trkpt>
      <trkpt lat="46.27459" lon="12.31071"><ele>467</ele></trkpt>
      <trkpt lat="46.27454" lon="12.31073"><ele>467</ele></trkpt>
      <trkpt lat="46.27449" lon="12.31073"><ele>468</ele></trkpt>
      <trkpt lat="46.27417" lon="12.31064"><ele>472</ele></trkpt>
      <trkpt lat="46.27366" lon="12.31044"><ele>476</ele></trkpt>
      <trkpt lat="46.27348" lon="12.31040"><ele>480</ele></trkpt>
      <trkpt lat="46.27279" lon="12.31037"><ele>488</ele></trkpt>
      <trkpt lat="46.27168" lon="12.31023"><ele>490</ele></trkpt>
      <trkpt lat="46.27160" lon="12.31020"><ele>490</ele></trkpt>
      <trkpt lat="46.27140" lon="12.31011"><ele>489</ele></trkpt>
      <trkpt lat="46.27134" lon="12.31009"><ele>490</ele></trkpt>
      <trkpt lat="46.27131" lon="12.31010"><ele>490</ele></trkpt>
      <trkpt lat="46.27128" lon="12.31012"><ele>492</ele></trkpt>
      <trkpt lat="46.27127" lon="12.31016"><ele>493</ele></trkpt>
      <trkpt lat="46.27128" lon="12.31021"><ele>494</ele></trkpt>
      <trkpt lat="46.27131" lon="12.31024"><ele>495</ele></trkpt>
      <trkpt lat="46.27190" lon="12.31052"><ele>499</ele></trkpt>
      <trkpt lat="46.27242" lon="12.31080"><ele>502</ele></trkpt>
      <trkpt lat="46.27278" lon="12.31111"><ele>508</ele></trkpt>
      <trkpt lat="46.27285" lon="12.31114"><ele>510</ele></trkpt>
      <trkpt lat="46.27306" lon="12.31113"><ele>511</ele></trkpt>
      <trkpt lat="46.27318" lon="12.31113"><ele>510</ele></trkpt>
      <trkpt lat="46.27325" lon="12.31118"><ele>510</ele></trkpt>
      <trkpt lat="46.27328" lon="12.31122"><ele>512</ele></trkpt>
      <trkpt lat="46.27331" lon="12.31129"><ele>514</ele></trkpt>
      <trkpt lat="46.27334" lon="12.31139"><ele>517</ele></trkpt>
      <trkpt lat="46.27340" lon="12.31177"><ele>520</ele></trkpt>
      <trkpt lat="46.27346" lon="12.31191"><ele>522</ele></trkpt>
      <trkpt lat="46.27346" lon="12.31198"><ele>523</ele></trkpt>
      <trkpt lat="46.27348" lon="12.31205"><ele>524</ele></trkpt>
      <trkpt lat="46.27354" lon="12.31212"><ele>524</ele></trkpt>
      <trkpt lat="46.27357" lon="12.31216"><ele>524</ele></trkpt>
      <trkpt lat="46.27365" lon="12.31222"><ele>524</ele></trkpt>
      <trkpt lat="46.27385" lon="12.31244"><ele>527</ele></trkpt>
      <trkpt lat="46.27393" lon="12.31251"><ele>528</ele></trkpt>
      <trkpt lat="46.27400" lon="12.31260"><ele>529</ele></trkpt>
      <trkpt lat="46.27406" lon="12.31266"><ele>530</ele></trkpt>
      <trkpt lat="46.27416" lon="12.31273"><ele>531</ele></trkpt>
      <trkpt lat="46.27419" lon="12.31277"><ele>532</ele></trkpt>
      <trkpt lat="46.27423" lon="12.31288"><ele>534</ele></trkpt>
      <trkpt lat="46.27424" lon="12.31294"><ele>534</ele></trkpt>
      <trkpt lat="46.27422" lon="12.31297"><ele>535</ele></trkpt>
      <trkpt lat="46.27419" lon="12.31300"><ele>536</ele></trkpt>
      <trkpt lat="46.27410" lon="12.31304"><ele>537</ele></trkpt>
      <trkpt lat="46.27385" lon="12.31301"><ele>540</ele></trkpt>
      <trkpt lat="46.27301" lon="12.31266"><ele>545</ele></trkpt>
      <trkpt lat="46.27293" lon="12.31263"><ele>547</ele></trkpt>
      <trkpt lat="46.27277" lon="12.31249"><ele>548</ele></trkpt>
      <trkpt lat="46.27228" lon="12.31209"><ele>551</ele></trkpt>
      <trkpt lat="46.27211" lon="12.31203"><ele>553</ele></trkpt>
      <trkpt lat="46.27155" lon="12.31187"><ele>564</ele></trkpt>
      <trkpt lat="46.27144" lon="12.31186"><ele>565</ele></trkpt>
      <trkpt lat="46.27138" lon="12.31186"><ele>566</ele></trkpt>
      <trkpt lat="46.27133" lon="12.31188"><ele>567</ele></trkpt>
      <trkpt lat="46.27128" lon="12.31191"><ele>568</ele></trkpt>
      <trkpt lat="46.27122" lon="12.31198"><ele>570</ele></trkpt>
      <trkpt lat="46.27121" lon="12.31201"><ele>570</ele></trkpt>
      <trkpt lat="46.27116" lon="12.31214"><ele>571</ele></trkpt>
      <trkpt lat="46.27111" lon="12.31236"><ele>571</ele></trkpt>
      <trkpt lat="46.27108" lon="12.31252"><ele>571</ele></trkpt>
      <trkpt lat="46.27105" lon="12.31265"><ele>571</ele></trkpt>
      <trkpt lat="46.27103" lon="12.31271"><ele>572</ele></trkpt>
      <trkpt lat="46.27100" lon="12.31278"><ele>572</ele></trkpt>
      <trkpt lat="46.27095" lon="12.31286"><ele>571</ele></trkpt>
      <trkpt lat="46.27087" lon="12.31295"><ele>571</ele></trkpt>
      <trkpt lat="46.27083" lon="12.31297"><ele>571</ele></trkpt>
      <trkpt lat="46.27076" lon="12.31297"><ele>571</ele></trkpt>
      <trkpt lat="46.27066" lon="12.31295"><ele>571</ele></trkpt>
      <trkpt lat="46.27061" lon="12.31292"><ele>571</ele></trkpt>
      <trkpt lat="46.27047" lon="12.31293"><ele>572</ele></trkpt>
      <trkpt lat="46.27039" lon="12.31296"><ele>572</ele></trkpt>
      <trkpt lat="46.27031" lon="12.31301"><ele>571</ele></trkpt>
      <trkpt lat="46.27021" lon="12.31313"><ele>570</ele></trkpt>
      <trkpt lat="46.26998" lon="12.31343"><ele>570</ele></trkpt>
      <trkpt lat="46.26991" lon="12.31348"><ele>570</ele></trkpt>
      <trkpt lat="46.26977" lon="12.31355"><ele>570</ele></trkpt>
      <trkpt lat="46.26974" lon="12.31357"><ele>571</ele></trkpt>
      <trkpt lat="46.26970" lon="12.31361"><ele>572</ele></trkpt>
      <trkpt lat="46.26960" lon="12.31375"><ele>572</ele></trkpt>
      <trkpt lat="46.26955" lon="12.31378"><ele>572</ele></trkpt>
      <trkpt lat="46.26928" lon="12.31392"><ele>576</ele></trkpt>
      <trkpt lat="46.26911" lon="12.31401"><ele>578</ele></trkpt>
      <trkpt lat="46.26902" lon="12.31407"><ele>578</ele></trkpt>
      <trkpt lat="46.26900" lon="12.31410"><ele>578</ele></trkpt>
      <trkpt lat="46.26899" lon="12.31415"><ele>578</ele></trkpt>
      <trkpt lat="46.26899" lon="12.31420"><ele>578</ele></trkpt>
      <trkpt lat="46.26902" lon="12.31424"><ele>578</ele></trkpt>
      <trkpt lat="46.26906" lon="12.31426"><ele>579</ele></trkpt>
      <trkpt lat="46.26933" lon="12.31423"><ele>580</ele></trkpt>
      <trkpt lat="46.26952" lon="12.31424"><ele>582</ele></trkpt>
      <trkpt lat="46.26989" lon="12.31424"><ele>586</ele></trkpt>
      <trkpt lat="46.26992" lon="12.31425"><ele>587</ele></trkpt>
      <trkpt lat="46.26996" lon="12.31428"><ele>588</ele></trkpt>
      <trkpt lat="46.26999" lon="12.31433"><ele>588</ele></trkpt>
      <trkpt lat="46.27000" lon="12.31439"><ele>589</ele></trkpt>
      <trkpt lat="46.26999" lon="12.31451"><ele>592</ele></trkpt>
      <trkpt lat="46.26994" lon="12.31457"><ele>593</ele></trkpt>
      <trkpt lat="46.26984" lon="12.31466"><ele>594</ele></trkpt>
      <trkpt lat="46.26964" lon="12.31488"><ele>597</ele></trkpt>
      <trkpt lat="46.26943" lon="12.31513"><ele>600</ele></trkpt>
      <trkpt lat="46.26941" lon="12.31520"><ele>600</ele></trkpt>
      <trkpt lat="46.26941" lon="12.31531"><ele>602</ele></trkpt>
      <trkpt lat="46.26935" lon="12.31535"><ele>601</ele></trkpt>
      <trkpt lat="46.26929" lon="12.31540"><ele>601</ele></trkpt>
      <trkpt lat="46.26923" lon="12.31554"><ele>600</ele></trkpt>
      <trkpt lat="46.26920" lon="12.31563"><ele>600</ele></trkpt>
      <trkpt lat="46.26919" lon="12.31570"><ele>601</ele></trkpt>
      <trkpt lat="46.26912" lon="12.31581"><ele>599</ele></trkpt>
      <trkpt lat="46.26897" lon="12.31586"><ele>595</ele></trkpt>
      <trkpt lat="46.26858" lon="12.31617"><ele>594</ele></trkpt>
      <trkpt lat="46.26839" lon="12.31622"><ele>587</ele></trkpt>
      <trkpt lat="46.26828" lon="12.31627"><ele>583</ele></trkpt>
      <trkpt lat="46.26818" lon="12.31632"><ele>580</ele></trkpt>
      <trkpt lat="46.26815" lon="12.31639"><ele>581</ele></trkpt>
      <trkpt lat="46.26814" lon="12.31647"><ele>581</ele></trkpt>
      <trkpt lat="46.26811" lon="12.31654"><ele>579</ele></trkpt>
      <trkpt lat="46.26807" lon="12.31658"><ele>578</ele></trkpt>
      <trkpt lat="46.26806" lon="12.31660"><ele>577</ele></trkpt>
      <trkpt lat="46.26805" lon="12.31670"><ele>576</ele></trkpt>
      <trkpt lat="46.26808" lon="12.31679"><ele>578</ele></trkpt>
      <trkpt lat="46.26806" lon="12.31689"><ele>577</ele></trkpt>
      <trkpt lat="46.26807" lon="12.31702"><ele>572</ele></trkpt>
      <trkpt lat="46.26831" lon="12.31714"><ele>568</ele></trkpt>
      <trkpt lat="46.26838" lon="12.31718"><ele>567</ele></trkpt>
      <trkpt lat="46.26841" lon="12.31726"><ele>566</ele></trkpt>
      <trkpt lat="46.26837" lon="12.31741"><ele>564</ele></trkpt>
      <trkpt lat="46.26812" lon="12.31764"><ele>560</ele></trkpt>
      <trkpt lat="46.26803" lon="12.31769"><ele>559</ele></trkpt>
      <trkpt lat="46.26793" lon="12.31777"><ele>557</ele></trkpt>
      <trkpt lat="46.26784" lon="12.31790"><ele>556</ele></trkpt>
      <trkpt lat="46.26779" lon="12.31800"><ele>554</ele></trkpt>
      <trkpt lat="46.26774" lon="12.31810"><ele>554</ele></trkpt>
      <trkpt lat="46.26772" lon="12.31826"><ele>556</ele></trkpt>
      <trkpt lat="46.26767" lon="12.31841"><ele>562</ele></trkpt>
      <trkpt lat="46.26761" lon="12.31869"><ele>575</ele></trkpt>
      <trkpt lat="46.26752" lon="12.31910"><ele>587</ele></trkpt>
      <trkpt lat="46.26735" lon="12.31919"><ele>542</ele></trkpt>
      <trkpt lat="46.26726" lon="12.31935"><ele>520</ele></trkpt>
      <trkpt lat="46.26717" lon="12.31953"><ele>497</ele></trkpt>
      <trkpt lat="46.26714" lon="12.31984"><ele>494</ele></trkpt>
      <trkpt lat="46.26722" lon="12.32040"><ele>557</ele></trkpt>
      <trkpt lat="46.26719" lon="12.32065"><ele>570</ele></trkpt>
      <trkpt lat="46.26720" lon="12.32088"><ele>564</ele></trkpt>
      <trkpt lat="46.26724" lon="12.32109"><ele>581</ele></trkpt>
      <trkpt lat="46.26719" lon="12.32145"><ele>575</ele></trkpt>
      <trkpt lat="46.26688" lon="12.32206"><ele>561</ele></trkpt>
      <trkpt lat="46.26686" lon="12.32224"><ele>578</ele></trkpt>
      <trkpt lat="46.26682" lon="12.32240"><ele>552</ele></trkpt>
      <trkpt lat="46.26686" lon="12.32224"><ele>578</ele></trkpt>
      <trkpt lat="46.26688" lon="12.32206"><ele>561</ele></trkpt>
      <trkpt lat="46.26719" lon="12.32145"><ele>575</ele></trkpt>
      <trkpt lat="46.26724" lon="12.32109"><ele>581</ele></trkpt>
      <trkpt lat="46.26720" lon="12.32088"><ele>564</ele></trkpt>
      <trkpt lat="46.26719" lon="12.32065"><ele>570</ele></trkpt>
      <trkpt lat="46.26722" lon="12.32040"><ele>557</ele></trkpt>
      <trkpt lat="46.26714" lon="12.31984"><ele>494</ele></trkpt>
      <trkpt lat="46.26717" lon="12.31953"><ele>497</ele></trkpt>
      <trkpt lat="46.26726" lon="12.31935"><ele>520</ele></trkpt>
      <trkpt lat="46.26735" lon="12.31919"><ele>542</ele></trkpt>
      <trkpt lat="46.26752" lon="12.31910"><ele>587</ele></trkpt>
      <trkpt lat="46.26761" lon="12.31869"><ele>575</ele></trkpt>
      <trkpt lat="46.26767" lon="12.31841"><ele>562</ele></trkpt>
      <trkpt lat="46.26772" lon="12.31826"><ele>556</ele></trkpt>
      <trkpt lat="46.26774" lon="12.31810"><ele>554</ele></trkpt>
      <trkpt lat="46.26779" lon="12.31800"><ele>556</ele></trkpt>
      <trkpt lat="46.26784" lon="12.31790"><ele>557</ele></trkpt>
      <trkpt lat="46.26793" lon="12.31777"><ele>559</ele></trkpt>
      <trkpt lat="46.26803" lon="12.31769"><ele>561</ele></trkpt>
      <trkpt lat="46.26812" lon="12.31764"><ele>563</ele></trkpt>
      <trkpt lat="46.26837" lon="12.31741"><ele>568</ele></trkpt>
      <trkpt lat="46.26841" lon="12.31726"><ele>570</ele></trkpt>
      <trkpt lat="46.26838" lon="12.31718"><ele>570</ele></trkpt>
      <trkpt lat="46.26831" lon="12.31714"><ele>572</ele></trkpt>
      <trkpt lat="46.26807" lon="12.31702"><ele>572</ele></trkpt>
      <trkpt lat="46.26806" lon="12.31689"><ele>577</ele></trkpt>
      <trkpt lat="46.26808" lon="12.31679"><ele>578</ele></trkpt>
      <trkpt lat="46.26805" lon="12.31670"><ele>576</ele></trkpt>
      <trkpt lat="46.26806" lon="12.31660"><ele>577</ele></trkpt>
      <trkpt lat="46.26807" lon="12.31658"><ele>578</ele></trkpt>
      <trkpt lat="46.26811" lon="12.31654"><ele>579</ele></trkpt>
      <trkpt lat="46.26814" lon="12.31647"><ele>581</ele></trkpt>
      <trkpt lat="46.26815" lon="12.31639"><ele>581</ele></trkpt>
      <trkpt lat="46.26818" lon="12.31632"><ele>580</ele></trkpt>
      <trkpt lat="46.26828" lon="12.31627"><ele>583</ele></trkpt>
      <trkpt lat="46.26839" lon="12.31622"><ele>587</ele></trkpt>
      <trkpt lat="46.26858" lon="12.31617"><ele>594</ele></trkpt>
      <trkpt lat="46.26897" lon="12.31586"><ele>595</ele></trkpt>
      <trkpt lat="46.26912" lon="12.31581"><ele>599</ele></trkpt>
      <trkpt lat="46.26919" lon="12.31570"><ele>601</ele></trkpt>
      <trkpt lat="46.26920" lon="12.31563"><ele>600</ele></trkpt>
      <trkpt lat="46.26923" lon="12.31554"><ele>600</ele></trkpt>
      <trkpt lat="46.26929" lon="12.31540"><ele>601</ele></trkpt>
      <trkpt lat="46.26935" lon="12.31535"><ele>601</ele></trkpt>
      <trkpt lat="46.26941" lon="12.31531"><ele>602</ele></trkpt>
      <trkpt lat="46.26941" lon="12.31520"><ele>600</ele></trkpt>
      <trkpt lat="46.26943" lon="12.31513"><ele>600</ele></trkpt>
      <trkpt lat="46.26964" lon="12.31488"><ele>597</ele></trkpt>
      <trkpt lat="46.26984" lon="12.31466"><ele>594</ele></trkpt>
      <trkpt lat="46.26994" lon="12.31457"><ele>593</ele></trkpt>
      <trkpt lat="46.26999" lon="12.31451"><ele>592</ele></trkpt>
      <trkpt lat="46.27000" lon="12.31439"><ele>589</ele></trkpt>
      <trkpt lat="46.26999" lon="12.31433"><ele>588</ele></trkpt>
      <trkpt lat="46.26996" lon="12.31428"><ele>588</ele></trkpt>
      <trkpt lat="46.26992" lon="12.31425"><ele>587</ele></trkpt>
      <trkpt lat="46.26989" lon="12.31424"><ele>586</ele></trkpt>
      <trkpt lat="46.26952" lon="12.31424"><ele>582</ele></trkpt>
      <trkpt lat="46.26933" lon="12.31423"><ele>580</ele></trkpt>
      <trkpt lat="46.26906" lon="12.31426"><ele>579</ele></trkpt>
      <trkpt lat="46.26902" lon="12.31424"><ele>578</ele></trkpt>
      <trkpt lat="46.26899" lon="12.31420"><ele>578</ele></trkpt>
      <trkpt lat="46.26899" lon="12.31415"><ele>578</ele></trkpt>
      <trkpt lat="46.26900" lon="12.31410"><ele>578</ele></trkpt>
      <trkpt lat="46.26902" lon="12.31407"><ele>578</ele></trkpt>
      <trkpt lat="46.26911" lon="12.31401"><ele>578</ele></trkpt>
      <trkpt lat="46.26928" lon="12.31392"><ele>576</ele></trkpt>
      <trkpt lat="46.26955" lon="12.31378"><ele>572</ele></trkpt>
      <trkpt lat="46.26960" lon="12.31375"><ele>572</ele></trkpt>
      <trkpt lat="46.26970" lon="12.31361"><ele>572</ele></trkpt>
      <trkpt lat="46.26974" lon="12.31357"><ele>571</ele></trkpt>
      <trkpt lat="46.26977" lon="12.31355"><ele>570</ele></trkpt>
      <trkpt lat="46.26991" lon="12.31348"><ele>570</ele></trkpt>
      <trkpt lat="46.26998" lon="12.31343"><ele>570</ele></trkpt>
      <trkpt lat="46.27021" lon="12.31313"><ele>570</ele></trkpt>
      <trkpt lat="46.27031" lon="12.31301"><ele>571</ele></trkpt>
      <trkpt lat="46.27039" lon="12.31296"><ele>572</ele></trkpt>
      <trkpt lat="46.27047" lon="12.31293"><ele>572</ele></trkpt>
      <trkpt lat="46.27061" lon="12.31292"><ele>571</ele></trkpt>
      <trkpt lat="46.27066" lon="12.31295"><ele>571</ele></trkpt>
      <trkpt lat="46.27076" lon="12.31297"><ele>571</ele></trkpt>
      <trkpt lat="46.27083" lon="12.31297"><ele>571</ele></trkpt>
      <trkpt lat="46.27087" lon="12.31295"><ele>571</ele></trkpt>
      <trkpt lat="46.27095" lon="12.31286"><ele>571</ele></trkpt>
      <trkpt lat="46.27100" lon="12.31278"><ele>572</ele></trkpt>
      <trkpt lat="46.27103" lon="12.31271"><ele>572</ele></trkpt>
      <trkpt lat="46.27105" lon="12.31265"><ele>571</ele></trkpt>
      <trkpt lat="46.27108" lon="12.31252"><ele>571</ele></trkpt>
      <trkpt lat="46.27111" lon="12.31236"><ele>571</ele></trkpt>
      <trkpt lat="46.27116" lon="12.31214"><ele>571</ele></trkpt>
      <trkpt lat="46.27121" lon="12.31201"><ele>570</ele></trkpt>
      <trkpt lat="46.27122" lon="12.31198"><ele>570</ele></trkpt>
      <trkpt lat="46.27128" lon="12.31191"><ele>568</ele></trkpt>
      <trkpt lat="46.27133" lon="12.31188"><ele>567</ele></trkpt>
      <trkpt lat="46.27138" lon="12.31186"><ele>566</ele></trkpt>
      <trkpt lat="46.27144" lon="12.31186"><ele>565</ele></trkpt>
      <trkpt lat="46.27155" lon="12.31187"><ele>564</ele></trkpt>
      <trkpt lat="46.27211" lon="12.31203"><ele>553</ele></trkpt>
      <trkpt lat="46.27228" lon="12.31209"><ele>551</ele></trkpt>
      <trkpt lat="46.27277" lon="12.31249"><ele>548</ele></trkpt>
      <trkpt lat="46.27293" lon="12.31263"><ele>547</ele></trkpt>
      <trkpt lat="46.27301" lon="12.31266"><ele>545</ele></trkpt>
      <trkpt lat="46.27385" lon="12.31301"><ele>540</ele></trkpt>
      <trkpt lat="46.27410" lon="12.31304"><ele>537</ele></trkpt>
      <trkpt lat="46.27419" lon="12.31300"><ele>536</ele></trkpt>
      <trkpt lat="46.27422" lon="12.31297"><ele>535</ele></trkpt>
      <trkpt lat="46.27424" lon="12.31294"><ele>534</ele></trkpt>
      <trkpt lat="46.27423" lon="12.31288"><ele>534</ele></trkpt>
      <trkpt lat="46.27419" lon="12.31277"><ele>532</ele></trkpt>
      <trkpt lat="46.27416" lon="12.31273"><ele>531</ele></trkpt>
      <trkpt lat="46.27406" lon="12.31266"><ele>530</ele></trkpt>
      <trkpt lat="46.27400" lon="12.31260"><ele>529</ele></trkpt>
      <trkpt lat="46.27393" lon="12.31251"><ele>528</ele></trkpt>
      <trkpt lat="46.27385" lon="12.31244"><ele>527</ele></trkpt>
      <trkpt lat="46.27365" lon="12.31222"><ele>524</ele></trkpt>
      <trkpt lat="46.27357" lon="12.31216"><ele>524</ele></trkpt>
      <trkpt lat="46.27354" lon="12.31212"><ele>524</ele></trkpt>
      <trkpt lat="46.27348" lon="12.31205"><ele>524</ele></trkpt>
      <trkpt lat="46.27346" lon="12.31198"><ele>523</ele></trkpt>
      <trkpt lat="46.27346" lon="12.31191"><ele>522</ele></trkpt>
      <trkpt lat="46.27340" lon="12.31177"><ele>520</ele></trkpt>
      <trkpt lat="46.27334" lon="12.31139"><ele>517</ele></trkpt>
      <trkpt lat="46.27331" lon="12.31129"><ele>514</ele></trkpt>
      <trkpt lat="46.27328" lon="12.31122"><ele>512</ele></trkpt>
      <trkpt lat="46.27325" lon="12.31118"><ele>510</ele></trkpt>
      <trkpt lat="46.27318" lon="12.31113"><ele>510</ele></trkpt>
      <trkpt lat="46.27306" lon="12.31113"><ele>511</ele></trkpt>
      <trkpt lat="46.27285" lon="12.31114"><ele>510</ele></trkpt>
      <trkpt lat="46.27278" lon="12.31111"><ele>508</ele></trkpt>
      <trkpt lat="46.27242" lon="12.31080"><ele>502</ele></trkpt>
      <trkpt lat="46.27190" lon="12.31052"><ele>499</ele></trkpt>
      <trkpt lat="46.27131" lon="12.31024"><ele>495</ele></trkpt>
      <trkpt lat="46.27128" lon="12.31021"><ele>494</ele></trkpt>
      <trkpt lat="46.27127" lon="12.31016"><ele>493</ele></trkpt>
      <trkpt lat="46.27128" lon="12.31012"><ele>492</ele></trkpt>
      <trkpt lat="46.27131" lon="12.31010"><ele>490</ele></trkpt>
      <trkpt lat="46.27134" lon="12.31009"><ele>490</ele></trkpt>
      <trkpt lat="46.27140" lon="12.31011"><ele>489</ele></trkpt>
      <trkpt lat="46.27160" lon="12.31020"><ele>490</ele></trkpt>
      <trkpt lat="46.27168" lon="12.31023"><ele>490</ele></trkpt>
      <trkpt lat="46.27279" lon="12.31037"><ele>488</ele></trkpt>
      <trkpt lat="46.27348" lon="12.31040"><ele>480</ele></trkpt>
      <trkpt lat="46.27366" lon="12.31044"><ele>476</ele></trkpt>
      <trkpt lat="46.27417" lon="12.31064"><ele>472</ele></trkpt>
      <trkpt lat="46.27449" lon="12.31073"><ele>468</ele></trkpt>
      <trkpt lat="46.27450" lon="12.31079"><ele>469</ele></trkpt>
      <trkpt lat="46.27457" lon="12.31089"><ele>470</ele></trkpt>
      <trkpt lat="46.27462" lon="12.31093"><ele>471</ele></trkpt>
      <trkpt lat="46.27466" lon="12.31095"><ele>471</ele></trkpt>
      <trkpt lat="46.27475" lon="12.31096"><ele>471</ele></trkpt>
      <trkpt lat="46.27499" lon="12.31093"><ele>470</ele></trkpt>
      <trkpt lat="46.27502" lon="12.31093"><ele>470</ele></trkpt>
      <trkpt lat="46.27504" lon="12.31094"><ele>470</ele></trkpt>
      <trkpt lat="46.27508" lon="12.31098"><ele>471</ele></trkpt>
      <trkpt lat="46.27512" lon="12.31109"><ele>472</ele></trkpt>
      <trkpt lat="46.27515" lon="12.31124"><ele>474</ele></trkpt>
      <trkpt lat="46.27518" lon="12.31129"><ele>474</ele></trkpt>
      <trkpt lat="46.27523" lon="12.31130"><ele>474</ele></trkpt>
      <trkpt lat="46.27553" lon="12.31128"><ele>474</ele></trkpt>
      <trkpt lat="46.27563" lon="12.31130"><ele>473</ele></trkpt>
      <trkpt lat="46.27571" lon="12.31132"><ele>473</ele></trkpt>
      <trkpt lat="46.27583" lon="12.31138"><ele>473</ele></trkpt>
      <trkpt lat="46.27604" lon="12.31146"><ele>472</ele></trkpt>
      <trkpt lat="46.27624" lon="12.31151"><ele>472</ele></trkpt>
      <trkpt lat="46.27630" lon="12.31150"><ele>472</ele></trkpt>
      <trkpt lat="46.27627" lon="12.31137"><ele>471</ele></trkpt>
      <trkpt lat="46.27626" lon="12.31123"><ele>469</ele></trkpt>
      <trkpt lat="46.27628" lon="12.31103"><ele>466</ele></trkpt>
      <trkpt lat="46.27629" lon="12.31099"><ele>466</ele></trkpt>
      <trkpt lat="46.27635" lon="12.31102"><ele>466</ele></trkpt>
      <trkpt lat="46.27643" lon="12.31102"><ele>467</ele></trkpt>
      <trkpt lat="46.27652" lon="12.31100"><ele>466</ele></trkpt>
      <trkpt lat="46.27658" lon="12.31097"><ele>466</ele></trkpt>
      <trkpt lat="46.27680" lon="12.31069"><ele>464</ele></trkpt>
      <trkpt lat="46.27699" lon="12.31044"><ele>463</ele></trkpt>
      <trkpt lat="46.27734" lon="12.30999"><ele>463</ele></trkpt>
      <trkpt lat="46.27749" lon="12.30986"><ele>463</ele></trkpt>
      <trkpt lat="46.27767" lon="12.30975"><ele>460</ele></trkpt>
      <trkpt lat="46.27773" lon="12.30968"><ele>458</ele></trkpt>
      <trkpt lat="46.27789" lon="12.30946"><ele>456</ele></trkpt>
      <trkpt lat="46.27813" lon="12.30919"><ele>459</ele></trkpt>
      <trkpt lat="46.27826" lon="12.30905"><ele>457</ele></trkpt>
      <trkpt lat="46.27841" lon="12.30892"><ele>456</ele></trkpt>
      <trkpt lat="46.27854" lon="12.30887"><ele>455</ele></trkpt>
      <trkpt lat="46.27864" lon="12.30884"><ele>454</ele></trkpt>
      <trkpt lat="46.27876" lon="12.30886"><ele>454</ele></trkpt>
      <trkpt lat="46.27934" lon="12.30906"><ele>454</ele></trkpt>
      <trkpt lat="46.27984" lon="12.30925"><ele>455</ele></trkpt>
      <trkpt lat="46.28000" lon="12.30924"><ele>455</ele></trkpt>
      <trkpt lat="46.28014" lon="12.30911"><ele>446</ele></trkpt>
      <trkpt lat="46.28079" lon="12.30822"><ele>448</ele></trkpt>
      <trkpt lat="46.28086" lon="12.30809"><ele>453</ele></trkpt>
      <trkpt lat="46.28090" lon="12.30797"><ele>456</ele></trkpt>
      <trkpt lat="46.28092" lon="12.30776"><ele>458</ele></trkpt>
      <trkpt lat="46.28090" lon="12.30737"><ele>458</ele></trkpt>
      <trkpt lat="46.28085" lon="12.30689"><ele>456</ele></trkpt>
      <trkpt lat="46.28085" lon="12.30662"><ele>454</ele></trkpt>
      <trkpt lat="46.28087" lon="12.30636"><ele>454</ele></trkpt>
      <trkpt lat="46.28091" lon="12.30606"><ele>454</ele></trkpt>
      <trkpt lat="46.28108" lon="12.30517"><ele>453</ele></trkpt>
      <trkpt lat="46.28111" lon="12.30510"><ele>454</ele></trkpt>
      <trkpt lat="46.28117" lon="12.30502"><ele>454</ele></trkpt>
      <trkpt lat="46.28116" lon="12.30489"><ele>454</ele></trkpt>
      <trkpt lat="46.28113" lon="12.30475"><ele>454</ele></trkpt>
      <trkpt lat="46.28104" lon="12.30468"><ele>455</ele></trkpt>
      <trkpt lat="46.28095" lon="12.30466"><ele>454</ele></trkpt>
      <trkpt lat="46.28084" lon="12.30470"><ele>452</ele></trkpt>
      <trkpt lat="46.28057" lon="12.30484"><ele>451</ele></trkpt>
      <trkpt lat="46.28041" lon="12.30491"><ele>449</ele></trkpt>
      <trkpt lat="46.28012" lon="12.30496"><ele>448</ele></trkpt>
      <trkpt lat="46.27989" lon="12.30495"><ele>446</ele></trkpt>
      <trkpt lat="46.27954" lon="12.30483"><ele>445</ele></trkpt>
      <trkpt lat="46.27944" lon="12.30479"><ele>444</ele></trkpt>
      <trkpt lat="46.27836" lon="12.30428"><ele>443</ele></trkpt>
      <trkpt lat="46.27818" lon="12.30415"><ele>443</ele></trkpt>
      <trkpt lat="46.27803" lon="12.30401"><ele>444</ele></trkpt>
      <trkpt lat="46.27787" lon="12.30380"><ele>444</ele></trkpt>
      <trkpt lat="46.27766" lon="12.30349"><ele>444</ele></trkpt>
      <trkpt lat="46.27761" lon="12.30337"><ele>445</ele></trkpt>
      <trkpt lat="46.27750" lon="12.30315"><ele>444</ele></trkpt>
      <trkpt lat="46.27744" lon="12.30300"><ele>444</ele></trkpt>
      <trkpt lat="46.27738" lon="12.30280"><ele>444</ele></trkpt>
      <trkpt lat="46.27726" lon="12.30261"><ele>445</ele></trkpt>
      <trkpt lat="46.27713" lon="12.30246"><ele>445</ele></trkpt>
      <trkpt lat="46.27685" lon="12.30228"><ele>444</ele></trkpt>
      <trkpt lat="46.27652" lon="12.30221"><ele>444</ele></trkpt>
      <trkpt lat="46.27652" lon="12.30219"><ele>444</ele></trkpt>
      <trkpt lat="46.27650" lon="12.30214"><ele>444</ele></trkpt>
      <trkpt lat="46.27640" lon="12.30206"><ele>444</ele></trkpt>
      <trkpt lat="46.27627" lon="12.30199"><ele>446</ele></trkpt>
      <trkpt lat="46.27622" lon="12.30198"><ele>447</ele></trkpt>
      <trkpt lat="46.27579" lon="12.30199"><ele>450</ele></trkpt>
      <trkpt lat="46.27568" lon="12.30197"><ele>448</ele></trkpt>
      <trkpt lat="46.27531" lon="12.30177"><ele>452</ele></trkpt>
      <trkpt lat="46.27513" lon="12.30169"><ele>452</ele></trkpt>
      <trkpt lat="46.27491" lon="12.30167"><ele>453</ele></trkpt>
      <trkpt lat="46.27479" lon="12.30169"><ele>454</ele></trkpt>
      <trkpt lat="46.27454" lon="12.30180"><ele>455</ele></trkpt>
      <trkpt lat="46.27445" lon="12.30180"><ele>457</ele></trkpt>
      <trkpt lat="46.27435" lon="12.30177"><ele>457</ele></trkpt>
      <trkpt lat="46.27389" lon="12.30148"><ele>463</ele></trkpt>
      <trkpt lat="46.27381" lon="12.30142"><ele>464</ele></trkpt>
      <trkpt lat="46.27374" lon="12.30135"><ele>465</ele></trkpt>
      <trkpt lat="46.27359" lon="12.30121"><ele>467</ele></trkpt>
      <trkpt lat="46.27352" lon="12.30115"><ele>468</ele></trkpt>
      <trkpt lat="46.27345" lon="12.30110"><ele>468</ele></trkpt>
      <trkpt lat="46.27323" lon="12.30102"><ele>469</ele></trkpt>
      <trkpt lat="46.27252" lon="12.30081"><ele>467</ele></trkpt>
      <trkpt lat="46.27247" lon="12.30079"><ele>467</ele></trkpt>
      <trkpt lat="46.27236" lon="12.30066"><ele>471</ele></trkpt>
      <trkpt lat="46.27222" lon="12.30052"><ele>476</ele></trkpt>
      <trkpt lat="46.27219" lon="12.30049"><ele>477</ele></trkpt>
      <trkpt lat="46.27219" lon="12.30049"><ele>477</ele></trkpt>
      <trkpt lat="46.27219" lon="12.30047"><ele>477</ele></trkpt>
      <trkpt lat="46.27211" lon="12.30046"><ele>477</ele></trkpt>
      <trkpt lat="46.27199" lon="12.30046"><ele>476</ele></trkpt>
      <trkpt lat="46.27199" lon="12.30041"><ele>477</ele></trkpt>
      <trkpt lat="46.27195" lon="12.30035"><ele>478</ele></trkpt>
      <trkpt lat="46.27182" lon="12.30030"><ele>478</ele></trkpt>
      <trkpt lat="46.27147" lon="12.30029"><ele>478</ele></trkpt>
      <trkpt lat="46.27122" lon="12.30031"><ele>478</ele></trkpt>
      <trkpt lat="46.27118" lon="12.30031"><ele>478</ele></trkpt>
      <trkpt lat="46.27114" lon="12.30031"><ele>478</ele></trkpt>
      <trkpt lat="46.27106" lon="12.30031"><ele>478</ele></trkpt>
      <trkpt lat="46.27098" lon="12.30030"><ele>478</ele></trkpt>
      <trkpt lat="46.27085" lon="12.30028"><ele>479</ele></trkpt>
      <trkpt lat="46.27055" lon="12.30016"><ele>480</ele></trkpt>
      <trkpt lat="46.27049" lon="12.30016"><ele>480</ele></trkpt>
      <trkpt lat="46.27039" lon="12.30017"><ele>479</ele></trkpt>
      <trkpt lat="46.27027" lon="12.30021"><ele>478</ele></trkpt>
      <trkpt lat="46.27016" lon="12.30026"><ele>479</ele></trkpt>
      <trkpt lat="46.27009" lon="12.30031"><ele>479</ele></trkpt>
      <trkpt lat="46.26964" lon="12.30077"><ele>478</ele></trkpt>
      <trkpt lat="46.26954" lon="12.30084"><ele>477</ele></trkpt>
      <trkpt lat="46.26940" lon="12.30090"><ele>477</ele></trkpt>
      <trkpt lat="46.26934" lon="12.30092"><ele>476</ele></trkpt>
      <trkpt lat="46.26921" lon="12.30093"><ele>476</ele></trkpt>
      <trkpt lat="46.26909" lon="12.30091"><ele>476</ele></trkpt>
      <trkpt lat="46.26903" lon="12.30089"><ele>476</ele></trkpt>
      <trkpt lat="46.26866" lon="12.30069"><ele>475</ele></trkpt>
      <trkpt lat="46.26848" lon="12.30056"><ele>475</ele></trkpt>
      <trkpt lat="46.26843" lon="12.30053"><ele>475</ele></trkpt>
      <trkpt lat="46.26835" lon="12.30051"><ele>475</ele></trkpt>
      <trkpt lat="46.26823" lon="12.30051"><ele>475</ele></trkpt>
      <trkpt lat="46.26801" lon="12.30053"><ele>475</ele></trkpt>
      <trkpt lat="46.26796" lon="12.30053"><ele>475</ele></trkpt>
      <trkpt lat="46.26791" lon="12.30048"><ele>475</ele></trkpt>
      <trkpt lat="46.26776" lon="12.30024"><ele>475</ele></trkpt>
      <trkpt lat="46.26765" lon="12.30012"><ele>476</ele></trkpt>
      <trkpt lat="46.26760" lon="12.30007"><ele>476</ele></trkpt>
      <trkpt lat="46.26751" lon="12.30005"><ele>476</ele></trkpt>
      <trkpt lat="46.26740" lon="12.30005"><ele>476</ele></trkpt>
      <trkpt lat="46.26723" lon="12.30003"><ele>476</ele></trkpt>
      <trkpt lat="46.26705" lon="12.29998"><ele>476</ele></trkpt>
      <trkpt lat="46.26659" lon="12.29990"><ele>477</ele></trkpt>
      <trkpt lat="46.26649" lon="12.29989"><ele>477</ele></trkpt>
      <trkpt lat="46.26640" lon="12.29988"><ele>477</ele></trkpt>
      <trkpt lat="46.26616" lon="12.29987"><ele>478</ele></trkpt>
      <trkpt lat="46.26604" lon="12.29986"><ele>478</ele></trkpt>
      <trkpt lat="46.26584" lon="12.29982"><ele>479</ele></trkpt>
      <trkpt lat="46.26580" lon="12.29980"><ele>479</ele></trkpt>
      <trkpt lat="46.26577" lon="12.29981"><ele>479</ele></trkpt>
      <trkpt lat="46.26575" lon="12.29983"><ele>479</ele></trkpt>
      <trkpt lat="46.26573" lon="12.29986"><ele>479</ele></trkpt>
      <trkpt lat="46.26572" lon="12.29990"><ele>479</ele></trkpt>
      <trkpt lat="46.26572" lon="12.29994"><ele>479</ele></trkpt>
      <trkpt lat="46.26573" lon="12.29997"><ele>479</ele></trkpt>
      <trkpt lat="46.26575" lon="12.30001"><ele>479</ele></trkpt>
      <trkpt lat="46.26577" lon="12.30003"><ele>479</ele></trkpt>
      <trkpt lat="46.26579" lon="12.30004"><ele>479</ele></trkpt>
      <trkpt lat="46.26582" lon="12.30004"><ele>479</ele></trkpt>
      <trkpt lat="46.26584" lon="12.30002"><ele>479</ele></trkpt>
      <trkpt lat="46.26587" lon="12.30000"><ele>479</ele></trkpt>
      <trkpt lat="46.26587" lon="12.29998"><ele>479</ele></trkpt>
      <trkpt lat="46.26589" lon="12.29993"><ele>479</ele></trkpt>
      <trkpt lat="46.26588" lon="12.29989"><ele>479</ele></trkpt>
      <trkpt lat="46.26587" lon="12.29985"><ele>479</ele></trkpt>
      <trkpt lat="46.26584" lon="12.29982"><ele>479</ele></trkpt>
      <trkpt lat="46.26580" lon="12.29980"><ele>479</ele></trkpt>
      <trkpt lat="46.26568" lon="12.29981"><ele>480</ele></trkpt>
      <trkpt lat="46.26560" lon="12.29994"><ele>480</ele></trkpt>
      <trkpt lat="46.26563" lon="12.30001"><ele>480</ele></trkpt>
      <trkpt lat="46.26565" lon="12.30005"><ele>480</ele></trkpt>
      <trkpt lat="46.26567" lon="12.30021"><ele>480</ele></trkpt>
      <trkpt lat="46.26567" lon="12.30041"><ele>478</ele></trkpt>
      <trkpt lat="46.26566" lon="12.30048"><ele>478</ele></trkpt>
      <trkpt lat="46.26563" lon="12.30072"><ele>476</ele></trkpt>
      <trkpt lat="46.26561" lon="12.30092"><ele>475</ele></trkpt>
      <trkpt lat="46.26555" lon="12.30129"><ele>472</ele></trkpt>
      <trkpt lat="46.26555" lon="12.30136"><ele>472</ele></trkpt>
      <trkpt lat="46.26551" lon="12.30151"><ele>472</ele></trkpt>
      <trkpt lat="46.26540" lon="12.30172"><ele>472</ele></trkpt>
      <trkpt lat="46.26526" lon="12.30197"><ele>471</ele></trkpt>
      <trkpt lat="46.26512" lon="12.30218"><ele>472</ele></trkpt>
      <trkpt lat="46.26501" lon="12.30236"><ele>472</ele></trkpt>
      <trkpt lat="46.26480" lon="12.30266"><ele>471</ele></trkpt>
      <trkpt lat="46.26468" lon="12.30279"><ele>470</ele></trkpt>
      <trkpt lat="46.26457" lon="12.30287"><ele>472</ele></trkpt>
      <trkpt lat="46.26437" lon="12.30293"><ele>472</ele></trkpt>
      <trkpt lat="46.26429" lon="12.30295"><ele>472</ele></trkpt>
      <trkpt lat="46.26398" lon="12.30297"><ele>468</ele></trkpt>
      <trkpt lat="46.26398" lon="12.30298"><ele>468</ele></trkpt>
      <trkpt lat="46.26378" lon="12.30288"><ele>467</ele></trkpt>
      <trkpt lat="46.26322" lon="12.30252"><ele>458</ele></trkpt>
      <trkpt lat="46.26194" lon="12.30166"><ele>452</ele></trkpt>
      <trkpt lat="46.26105" lon="12.30107"><ele>448</ele></trkpt>
      <trkpt lat="46.26092" lon="12.30094"><ele>448</ele></trkpt>
      <trkpt lat="46.26082" lon="12.30081"><ele>449</ele></trkpt>
      <trkpt lat="46.26062" lon="12.30062"><ele>448</ele></trkpt>
      <trkpt lat="46.26049" lon="12.30052"><ele>445</ele></trkpt>
      <trkpt lat="46.26029" lon="12.30041"><ele>442</ele></trkpt>
      <trkpt lat="46.25958" lon="12.30008"><ele>438</ele></trkpt>
      <trkpt lat="46.25947" lon="12.30003"><ele>440</ele></trkpt>
      <trkpt lat="46.25921" lon="12.29994"><ele>440</ele></trkpt>
      <trkpt lat="46.25901" lon="12.29990"><ele>438</ele></trkpt>
      <trkpt lat="46.25890" lon="12.29988"><ele>436</ele></trkpt>
      <trkpt lat="46.25883" lon="12.29986"><ele>436</ele></trkpt>
      <trkpt lat="46.25855" lon="12.29980"><ele>437</ele></trkpt>
      <trkpt lat="46.25853" lon="12.29982"><ele>437</ele></trkpt>
      <trkpt lat="46.25839" lon="12.29990"><ele>436</ele></trkpt>
      <trkpt lat="46.25836" lon="12.29993"><ele>436</ele></trkpt>
      <trkpt lat="46.25821" lon="12.29992"><ele>436</ele></trkpt>
      <trkpt lat="46.25800" lon="12.29988"><ele>435</ele></trkpt>
      <trkpt lat="46.25781" lon="12.29980"><ele>433</ele></trkpt>
      <trkpt lat="46.25747" lon="12.29962"><ele>432</ele></trkpt>
      <trkpt lat="46.25726" lon="12.29953"><ele>432</ele></trkpt>
      <trkpt lat="46.25720" lon="12.29951"><ele>431</ele></trkpt>
      <trkpt lat="46.25716" lon="12.29953"><ele>431</ele></trkpt>
      <trkpt lat="46.25714" lon="12.29955"><ele>431</ele></trkpt>
      <trkpt lat="46.25710" lon="12.29960"><ele>430</ele></trkpt>
      <trkpt lat="46.25706" lon="12.29975"><ele>430</ele></trkpt>
      <trkpt lat="46.25701" lon="12.29982"><ele>430</ele></trkpt>
      <trkpt lat="46.25697" lon="12.29987"><ele>430</ele></trkpt>
      <trkpt lat="46.25685" lon="12.29985"><ele>430</ele></trkpt>
      <trkpt lat="46.25632" lon="12.29962"><ele>430</ele></trkpt>
      <trkpt lat="46.25617" lon="12.29957"><ele>429</ele></trkpt>
      <trkpt lat="46.25606" lon="12.29954"><ele>429</ele></trkpt>
      <trkpt lat="46.25592" lon="12.29952"><ele>429</ele></trkpt>
      <trkpt lat="46.25524" lon="12.29944"><ele>428</ele></trkpt>
      <trkpt lat="46.25454" lon="12.29933"><ele>428</ele></trkpt>
      <trkpt lat="46.25354" lon="12.29922"><ele>427</ele></trkpt>
      <trkpt lat="46.25322" lon="12.29919"><ele>427</ele></trkpt>
      <trkpt lat="46.25156" lon="12.29900"><ele>425</ele></trkpt>
      <trkpt lat="46.25079" lon="12.29891"><ele>425</ele></trkpt>
      <trkpt lat="46.25065" lon="12.29891"><ele>424</ele></trkpt>
      <trkpt lat="46.25052" lon="12.29894"><ele>424</ele></trkpt>
      <trkpt lat="46.25047" lon="12.29896"><ele>424</ele></trkpt>
      <trkpt lat="46.25032" lon="12.29905"><ele>424</ele></trkpt>
      <trkpt lat="46.24984" lon="12.29944"><ele>424</ele></trkpt>
      <trkpt lat="46.24980" lon="12.29948"><ele>424</ele></trkpt>
      <trkpt lat="46.24973" lon="12.29959"><ele>424</ele></trkpt>
      <trkpt lat="46.24970" lon="12.29965"><ele>424</ele></trkpt>
      <trkpt lat="46.24968" lon="12.29978"><ele>424</ele></trkpt>
      <trkpt lat="46.24967" lon="12.29991"><ele>424</ele></trkpt>
      <trkpt lat="46.24967" lon="12.30001"><ele>424</ele></trkpt>
      <trkpt lat="46.24972" lon="12.30050"><ele>424</ele></trkpt>
      <trkpt lat="46.24915" lon="12.30061"><ele>423</ele></trkpt>
      <trkpt lat="46.24895" lon="12.30067"><ele>423</ele></trkpt>
      <trkpt lat="46.24893" lon="12.30050"><ele>423</ele></trkpt>
      <trkpt lat="46.24887" lon="12.29996"><ele>423</ele></trkpt>
      <trkpt lat="46.24888" lon="12.29962"><ele>424</ele></trkpt>
      <trkpt lat="46.24890" lon="12.29958"><ele>423</ele></trkpt>
      <trkpt lat="46.24891" lon="12.29953"><ele>423</ele></trkpt>
      <trkpt lat="46.24891" lon="12.29948"><ele>423</ele></trkpt>
      <trkpt lat="46.24890" lon="12.29942"><ele>423</ele></trkpt>
      <trkpt lat="46.24888" lon="12.29938"><ele>423</ele></trkpt>
      <trkpt lat="46.24886" lon="12.29934"><ele>423</ele></trkpt>
      <trkpt lat="46.24882" lon="12.29916"><ele>422</ele></trkpt>
      <trkpt lat="46.24881" lon="12.29907"><ele>422</ele></trkpt>
      <trkpt lat="46.24872" lon="12.29824"><ele>426</ele></trkpt>
      <trkpt lat="46.24871" lon="12.29818"><ele>426</ele></trkpt>
      <trkpt lat="46.24868" lon="12.29813"><ele>426</ele></trkpt>
      <trkpt lat="46.24863" lon="12.29806"><ele>426</ele></trkpt>
      <trkpt lat="46.24858" lon="12.29803"><ele>427</ele></trkpt>
      <trkpt lat="46.24852" lon="12.29800"><ele>428</ele></trkpt>
      <trkpt lat="46.24845" lon="12.29798"><ele>430</ele></trkpt>
      <trkpt lat="46.24832" lon="12.29798"><ele>430</ele></trkpt>
      <trkpt lat="46.24809" lon="12.29799"><ele>431</ele></trkpt>
      <trkpt lat="46.24793" lon="12.29803"><ele>430</ele></trkpt>
      <trkpt lat="46.24785" lon="12.29807"><ele>430</ele></trkpt>
      <trkpt lat="46.24773" lon="12.29818"><ele>430</ele></trkpt>
      <trkpt lat="46.24764" lon="12.29828"><ele>430</ele></trkpt>
      <trkpt lat="46.24758" lon="12.29841"><ele>429</ele></trkpt>
      <trkpt lat="46.24757" lon="12.29844"><ele>429</ele></trkpt>
      <trkpt lat="46.24754" lon="12.29863"><ele>429</ele></trkpt>
      <trkpt lat="46.24752" lon="12.29871"><ele>428</ele></trkpt>
      <trkpt lat="46.24750" lon="12.29877"><ele>428</ele></trkpt>
      <trkpt lat="46.24746" lon="12.29884"><ele>428</ele></trkpt>
      <trkpt lat="46.24738" lon="12.29895"><ele>427</ele></trkpt>
      <trkpt lat="46.24719" lon="12.29911"><ele>424</ele></trkpt>
      <trkpt lat="46.24702" lon="12.29920"><ele>424</ele></trkpt>
      <trkpt lat="46.24684" lon="12.29920"><ele>426</ele></trkpt>
      <trkpt lat="46.24664" lon="12.29918"><ele>427</ele></trkpt>
      <trkpt lat="46.24653" lon="12.29914"><ele>428</ele></trkpt>
      <trkpt lat="46.24624" lon="12.29900"><ele>428</ele></trkpt>
      <trkpt lat="46.24610" lon="12.29890"><ele>429</ele></trkpt>
      <trkpt lat="46.24600" lon="12.29879"><ele>429</ele></trkpt>
      <trkpt lat="46.24560" lon="12.29833"><ele>428</ele></trkpt>
      <trkpt lat="46.24535" lon="12.29823"><ele>426</ele></trkpt>
      <trkpt lat="46.24534" lon="12.29815"><ele>426</ele></trkpt>
      <trkpt lat="46.24514" lon="12.29775"><ele>428</ele></trkpt>
      <trkpt lat="46.24255" lon="12.29511"><ele>432</ele></trkpt>
      <trkpt lat="46.24239" lon="12.29495"><ele>433</ele></trkpt>
      <trkpt lat="46.24227" lon="12.29486"><ele>433</ele></trkpt>
      <trkpt lat="46.24212" lon="12.29475"><ele>434</ele></trkpt>
      <trkpt lat="46.24201" lon="12.29468"><ele>434</ele></trkpt>
      <trkpt lat="46.24176" lon="12.29458"><ele>435</ele></trkpt>
      <trkpt lat="46.24159" lon="12.29454"><ele>434</ele></trkpt>
      <trkpt lat="46.24150" lon="12.29455"><ele>434</ele></trkpt>
      <trkpt lat="46.24144" lon="12.29448"><ele>435</ele></trkpt>
      <trkpt lat="46.24135" lon="12.29444"><ele>435</ele></trkpt>
      <trkpt lat="46.24120" lon="12.29443"><ele>437</ele></trkpt>
      <trkpt lat="46.24081" lon="12.29440"><ele>438</ele></trkpt>
      <trkpt lat="46.24069" lon="12.29440"><ele>439</ele></trkpt>
      <trkpt lat="46.24055" lon="12.29442"><ele>439</ele></trkpt>
      <trkpt lat="46.23961" lon="12.29451"><ele>440</ele></trkpt>
      <trkpt lat="46.23941" lon="12.29453"><ele>440</ele></trkpt>
      <trkpt lat="46.23725" lon="12.29497"><ele>438</ele></trkpt>
      <trkpt lat="46.23724" lon="12.29507"><ele>437</ele></trkpt>
      <trkpt lat="46.23651" lon="12.29479"><ele>436</ele></trkpt>
      <trkpt lat="46.23592" lon="12.29457"><ele>434</ele></trkpt>
      <trkpt lat="46.23510" lon="12.29430"><ele>436</ele></trkpt>
      <trkpt lat="46.23447" lon="12.29400"><ele>436</ele></trkpt>
      <trkpt lat="46.23430" lon="12.29391"><ele>436</ele></trkpt>
      <trkpt lat="46.23360" lon="12.29331"><ele>436</ele></trkpt>
      <trkpt lat="46.23298" lon="12.29270"><ele>435</ele></trkpt>
      <trkpt lat="46.23259" lon="12.29226"><ele>434</ele></trkpt>
      <trkpt lat="46.23203" lon="12.29142"><ele>436</ele></trkpt>
      <trkpt lat="46.23178" lon="12.29103"><ele>436</ele></trkpt>
      <trkpt lat="46.23150" lon="12.29067"><ele>436</ele></trkpt>
      <trkpt lat="46.23142" lon="12.29059"><ele>436</ele></trkpt>
      <trkpt lat="46.23114" lon="12.29031"><ele>436</ele></trkpt>
      <trkpt lat="46.23111" lon="12.29025"><ele>437</ele></trkpt>
      <trkpt lat="46.23110" lon="12.29019"><ele>438</ele></trkpt>
      <trkpt lat="46.23110" lon="12.29015"><ele>438</ele></trkpt>
      <trkpt lat="46.23113" lon="12.29009"><ele>440</ele></trkpt>
      <trkpt lat="46.23115" lon="12.29007"><ele>440</ele></trkpt>
      <trkpt lat="46.23121" lon="12.29004"><ele>440</ele></trkpt>
      <trkpt lat="46.23127" lon="12.29007"><ele>440</ele></trkpt>
      <trkpt lat="46.23132" lon="12.29012"><ele>440</ele></trkpt>
      <trkpt lat="46.23139" lon="12.29017"><ele>441</ele></trkpt>
      <trkpt lat="46.23143" lon="12.29018"><ele>441</ele></trkpt>
      <trkpt lat="46.23148" lon="12.29017"><ele>441</ele></trkpt>
      <trkpt lat="46.23154" lon="12.29011"><ele>442</ele></trkpt>
      <trkpt lat="46.23125" lon="12.28988"><ele>441</ele></trkpt>
      <trkpt lat="46.23118" lon="12.28985"><ele>441</ele></trkpt>
      <trkpt lat="46.23115" lon="12.28984"><ele>438</ele></trkpt>
      <trkpt lat="46.23069" lon="12.28970"><ele>438</ele></trkpt>
      <trkpt lat="46.23060" lon="12.28966"><ele>438</ele></trkpt>
      <trkpt lat="46.23020" lon="12.28945"><ele>436</ele></trkpt>
      <trkpt lat="46.23012" lon="12.28943"><ele>436</ele></trkpt>
      <trkpt lat="46.22879" lon="12.28874"><ele>434</ele></trkpt>
      <trkpt lat="46.22863" lon="12.28866"><ele>434</ele></trkpt>
      <trkpt lat="46.22847" lon="12.28860"><ele>434</ele></trkpt>
      <trkpt lat="46.22840" lon="12.28856"><ele>434</ele></trkpt>
      <trkpt lat="46.22833" lon="12.28851"><ele>434</ele></trkpt>
      <trkpt lat="46.22810" lon="12.28840"><ele>434</ele></trkpt>
      <trkpt lat="46.22770" lon="12.28820"><ele>434</ele></trkpt>
      <trkpt lat="46.22671" lon="12.28770"><ele>435</ele></trkpt>
      <trkpt lat="46.22642" lon="12.28755"><ele>434</ele></trkpt>
      <trkpt lat="46.22608" lon="12.28740"><ele>435</ele></trkpt>
      <trkpt lat="46.22585" lon="12.28728"><ele>434</ele></trkpt>
      <trkpt lat="46.22564" lon="12.28714"><ele>434</ele></trkpt>
      <trkpt lat="46.22558" lon="12.28708"><ele>434</ele></trkpt>
      <trkpt lat="46.22553" lon="12.28703"><ele>434</ele></trkpt>
      <trkpt lat="46.22485" lon="12.28622"><ele>434</ele></trkpt>
      <trkpt lat="46.22470" lon="12.28627"><ele>434</ele></trkpt>
      <trkpt lat="46.22466" lon="12.28629"><ele>434</ele></trkpt>
      <trkpt lat="46.22459" lon="12.28634"><ele>434</ele></trkpt>
      <trkpt lat="46.22444" lon="12.28652"><ele>434</ele></trkpt>
      <trkpt lat="46.22436" lon="12.28655"><ele>432</ele></trkpt>
      <trkpt lat="46.22427" lon="12.28655"><ele>431</ele></trkpt>
      <trkpt lat="46.22420" lon="12.28649"><ele>431</ele></trkpt>
      <trkpt lat="46.22414" lon="12.28638"><ele>431</ele></trkpt>
      <trkpt lat="46.22412" lon="12.28627"><ele>430</ele></trkpt>
      <trkpt lat="46.22412" lon="12.28618"><ele>430</ele></trkpt>
      <trkpt lat="46.22415" lon="12.28606"><ele>429</ele></trkpt>
      <trkpt lat="46.22422" lon="12.28595"><ele>428</ele></trkpt>
      <trkpt lat="46.22427" lon="12.28590"><ele>428</ele></trkpt>
      <trkpt lat="46.22436" lon="12.28588"><ele>429</ele></trkpt>
      <trkpt lat="46.22437" lon="12.28582"><ele>429</ele></trkpt>
      <trkpt lat="46.22435" lon="12.28576"><ele>428</ele></trkpt>
      <trkpt lat="46.22426" lon="12.28558"><ele>426</ele></trkpt>
      <trkpt lat="46.22415" lon="12.28544"><ele>426</ele></trkpt>
      <trkpt lat="46.22408" lon="12.28537"><ele>426</ele></trkpt>
      <trkpt lat="46.22397" lon="12.28528"><ele>426</ele></trkpt>
      <trkpt lat="46.22386" lon="12.28519"><ele>424</ele></trkpt>
      <trkpt lat="46.22365" lon="12.28506"><ele>424</ele></trkpt>
      <trkpt lat="46.22346" lon="12.28497"><ele>424</ele></trkpt>
      <trkpt lat="46.22318" lon="12.28490"><ele>424</ele></trkpt>
      <trkpt lat="46.22302" lon="12.28487"><ele>423</ele></trkpt>
      <trkpt lat="46.22286" lon="12.28487"><ele>423</ele></trkpt>
      <trkpt lat="46.22274" lon="12.28488"><ele>423</ele></trkpt>
      <trkpt lat="46.22257" lon="12.28491"><ele>423</ele></trkpt>
      <trkpt lat="46.22246" lon="12.28494"><ele>423</ele></trkpt>
      <trkpt lat="46.22231" lon="12.28500"><ele>424</ele></trkpt>
      <trkpt lat="46.22219" lon="12.28506"><ele>424</ele></trkpt>
      <trkpt lat="46.22184" lon="12.28528"><ele>424</ele></trkpt>
      <trkpt lat="46.22131" lon="12.28558"><ele>424</ele></trkpt>
      <trkpt lat="46.22109" lon="12.28569"><ele>424</ele></trkpt>
      <trkpt lat="46.22098" lon="12.28573"><ele>424</ele></trkpt>
      <trkpt lat="46.22081" lon="12.28577"><ele>423</ele></trkpt>
      <trkpt lat="46.22066" lon="12.28579"><ele>423</ele></trkpt>
      <trkpt lat="46.22054" lon="12.28578"><ele>424</ele></trkpt>
      <trkpt lat="46.22025" lon="12.28573"><ele>424</ele></trkpt>
      <trkpt lat="46.21989" lon="12.28570"><ele>424</ele></trkpt>
      <trkpt lat="46.21954" lon="12.28565"><ele>423</ele></trkpt>
      <trkpt lat="46.21923" lon="12.28561"><ele>422</ele></trkpt>
      <trkpt lat="46.21904" lon="12.28562"><ele>422</ele></trkpt>
      <trkpt lat="46.21883" lon="12.28565"><ele>421</ele></trkpt>
      <trkpt lat="46.21867" lon="12.28569"><ele>422</ele></trkpt>
      <trkpt lat="46.21853" lon="12.28575"><ele>427</ele></trkpt>
      <trkpt lat="46.21810" lon="12.28607"><ele>426</ele></trkpt>
      <trkpt lat="46.21784" lon="12.28625"><ele>430</ele></trkpt>
      <trkpt lat="46.21776" lon="12.28632"><ele>428</ele></trkpt>
      <trkpt lat="46.21766" lon="12.28642"><ele>422</ele></trkpt>
      <trkpt lat="46.21739" lon="12.28676"><ele>424</ele></trkpt>
      <trkpt lat="46.21709" lon="12.28709"><ele>421</ele></trkpt>
      <trkpt lat="46.21700" lon="12.28719"><ele>418</ele></trkpt>
      <trkpt lat="46.21687" lon="12.28729"><ele>417</ele></trkpt>
      <trkpt lat="46.21679" lon="12.28732"><ele>418</ele></trkpt>
      <trkpt lat="46.21641" lon="12.28741"><ele>421</ele></trkpt>
      <trkpt lat="46.21629" lon="12.28747"><ele>419</ele></trkpt>
      <trkpt lat="46.21604" lon="12.28763"><ele>418</ele></trkpt>
      <trkpt lat="46.21591" lon="12.28769"><ele>417</ele></trkpt>
      <trkpt lat="46.21574" lon="12.28775"><ele>416</ele></trkpt>
      <trkpt lat="46.21551" lon="12.28783"><ele>414</ele></trkpt>
      <trkpt lat="46.21539" lon="12.28786"><ele>415</ele></trkpt>
      <trkpt lat="46.21528" lon="12.28787"><ele>416</ele></trkpt>
      <trkpt lat="46.21458" lon="12.28779"><ele>414</ele></trkpt>
      <trkpt lat="46.21425" lon="12.28771"><ele>415</ele></trkpt>
      <trkpt lat="46.21389" lon="12.28758"><ele>415</ele></trkpt>
      <trkpt lat="46.21354" lon="12.28742"><ele>416</ele></trkpt>
      <trkpt lat="46.21319" lon="12.28728"><ele>415</ele></trkpt>
      <trkpt lat="46.21298" lon="12.28718"><ele>415</ele></trkpt>
      <trkpt lat="46.21258" lon="12.28690"><ele>416</ele></trkpt>
      <trkpt lat="46.21247" lon="12.28684"><ele>416</ele></trkpt>
      <trkpt lat="46.21239" lon="12.28680"><ele>417</ele></trkpt>
      <trkpt lat="46.21227" lon="12.28677"><ele>416</ele></trkpt>
      <trkpt lat="46.21207" lon="12.28674"><ele>415</ele></trkpt>
      <trkpt lat="46.21191" lon="12.28673"><ele>414</ele></trkpt>
      <trkpt lat="46.21175" lon="12.28670"><ele>413</ele></trkpt>
      <trkpt lat="46.21149" lon="12.28660"><ele>414</ele></trkpt>
      <trkpt lat="46.21129" lon="12.28651"><ele>414</ele></trkpt>
      <trkpt lat="46.21053" lon="12.28600"><ele>414</ele></trkpt>
      <trkpt lat="46.21042" lon="12.28592"><ele>413</ele></trkpt>
      <trkpt lat="46.21036" lon="12.28592"><ele>412</ele></trkpt>
      <trkpt lat="46.21011" lon="12.28568"><ele>412</ele></trkpt>
      <trkpt lat="46.21005" lon="12.28561"><ele>412</ele></trkpt>
      <trkpt lat="46.20999" lon="12.28553"><ele>413</ele></trkpt>
      <trkpt lat="46.20987" lon="12.28537"><ele>412</ele></trkpt>
      <trkpt lat="46.20982" lon="12.28528"><ele>412</ele></trkpt>
      <trkpt lat="46.20976" lon="12.28517"><ele>412</ele></trkpt>
      <trkpt lat="46.20963" lon="12.28486"><ele>412</ele></trkpt>
      <trkpt lat="46.20957" lon="12.28477"><ele>412</ele></trkpt>
      <trkpt lat="46.20948" lon="12.28465"><ele>410</ele></trkpt>
      <trkpt lat="46.20943" lon="12.28462"><ele>409</ele></trkpt>
      <trkpt lat="46.20934" lon="12.28457"><ele>408</ele></trkpt>
      <trkpt lat="46.20914" lon="12.28453"><ele>407</ele></trkpt>
      <trkpt lat="46.20902" lon="12.28451"><ele>410</ele></trkpt>
      <trkpt lat="46.20882" lon="12.28452"><ele>413</ele></trkpt>
      <trkpt lat="46.20876" lon="12.28451"><ele>413</ele></trkpt>
      <trkpt lat="46.20834" lon="12.28437"><ele>414</ele></trkpt>
      <trkpt lat="46.20818" lon="12.28434"><ele>414</ele></trkpt>
      <trkpt lat="46.20810" lon="12.28433"><ele>414</ele></trkpt>
      <trkpt lat="46.20792" lon="12.28433"><ele>414</ele></trkpt>
      <trkpt lat="46.20784" lon="12.28433"><ele>414</ele></trkpt>
      <trkpt lat="46.20764" lon="12.28436"><ele>415</ele></trkpt>
      <trkpt lat="46.20740" lon="12.28442"><ele>416</ele></trkpt>
      <trkpt lat="46.20732" lon="12.28445"><ele>416</ele></trkpt>
      <trkpt lat="46.20716" lon="12.28452"><ele>416</ele></trkpt>
      <trkpt lat="46.20701" lon="12.28460"><ele>417</ele></trkpt>
      <trkpt lat="46.20626" lon="12.28527"><ele>417</ele></trkpt>
      <trkpt lat="46.20618" lon="12.28531"><ele>417</ele></trkpt>
      <trkpt lat="46.20610" lon="12.28535"><ele>418</ele></trkpt>
      <trkpt lat="46.20600" lon="12.28539"><ele>418</ele></trkpt>
      <trkpt lat="46.20584" lon="12.28543"><ele>418</ele></trkpt>
      <trkpt lat="46.20560" lon="12.28545"><ele>419</ele></trkpt>
      <trkpt lat="46.20519" lon="12.28543"><ele>420</ele></trkpt>
      <trkpt lat="46.20323" lon="12.28519"><ele>419</ele></trkpt>
      <trkpt lat="46.20290" lon="12.28516"><ele>419</ele></trkpt>
      <trkpt lat="46.20251" lon="12.28511"><ele>420</ele></trkpt>
      <trkpt lat="46.20217" lon="12.28507"><ele>418</ele></trkpt>
      <trkpt lat="46.20193" lon="12.28507"><ele>418</ele></trkpt>
      <trkpt lat="46.20176" lon="12.28508"><ele>418</ele></trkpt>
      <trkpt lat="46.20159" lon="12.28510"><ele>418</ele></trkpt>
      <trkpt lat="46.20141" lon="12.28515"><ele>418</ele></trkpt>
      <trkpt lat="46.20115" lon="12.28528"><ele>415</ele></trkpt>
      <trkpt lat="46.20107" lon="12.28533"><ele>415</ele></trkpt>
      <trkpt lat="46.20093" lon="12.28541"><ele>416</ele></trkpt>
      <trkpt lat="46.20021" lon="12.28582"><ele>417</ele></trkpt>
      <trkpt lat="46.19947" lon="12.28616"><ele>416</ele></trkpt>
      <trkpt lat="46.19947" lon="12.28610"><ele>417</ele></trkpt>
      <trkpt lat="46.19949" lon="12.28605"><ele>417</ele></trkpt>
      <trkpt lat="46.19951" lon="12.28602"><ele>418</ele></trkpt>
      <trkpt lat="46.19953" lon="12.28600"><ele>418</ele></trkpt>
      <trkpt lat="46.19981" lon="12.28590"><ele>418</ele></trkpt>
      <trkpt lat="46.19987" lon="12.28587"><ele>418</ele></trkpt>
      <trkpt lat="46.19991" lon="12.28583"><ele>418</ele></trkpt>
      <trkpt lat="46.19995" lon="12.28578"><ele>418</ele></trkpt>
      <trkpt lat="46.19997" lon="12.28572"><ele>418</ele></trkpt>
      <trkpt lat="46.19999" lon="12.28565"><ele>418</ele></trkpt>
      <trkpt lat="46.20000" lon="12.28556"><ele>419</ele></trkpt>
      <trkpt lat="46.19999" lon="12.28542"><ele>419</ele></trkpt>
      <trkpt lat="46.19998" lon="12.28526"><ele>420</ele></trkpt>
      <trkpt lat="46.19994" lon="12.28461"><ele>424</ele></trkpt>
      <trkpt lat="46.19993" lon="12.28457"><ele>424</ele></trkpt>
      <trkpt lat="46.19991" lon="12.28454"><ele>424</ele></trkpt>
      <trkpt lat="46.19988" lon="12.28450"><ele>424</ele></trkpt>
      <trkpt lat="46.19971" lon="12.28443"><ele>426</ele></trkpt>
      <trkpt lat="46.19929" lon="12.28424"><ele>428</ele></trkpt>
      <trkpt lat="46.19922" lon="12.28419"><ele>429</ele></trkpt>
      <trkpt lat="46.19916" lon="12.28412"><ele>429</ele></trkpt>
      <trkpt lat="46.19911" lon="12.28404"><ele>428</ele></trkpt>
      <trkpt lat="46.19908" lon="12.28395"><ele>427</ele></trkpt>
      <trkpt lat="46.19902" lon="12.28371"><ele>426</ele></trkpt>
      <trkpt lat="46.19898" lon="12.28363"><ele>425</ele></trkpt>
      <trkpt lat="46.19896" lon="12.28359"><ele>425</ele></trkpt>
      <trkpt lat="46.19893" lon="12.28356"><ele>424</ele></trkpt>
      <trkpt lat="46.19889" lon="12.28355"><ele>423</ele></trkpt>
      <trkpt lat="46.19870" lon="12.28351"><ele>422</ele></trkpt>
      <trkpt lat="46.19863" lon="12.28348"><ele>422</ele></trkpt>
      <trkpt lat="46.19855" lon="12.28340"><ele>422</ele></trkpt>
      <trkpt lat="46.19851" lon="12.28334"><ele>422</ele></trkpt>
      <trkpt lat="46.19844" lon="12.28322"><ele>422</ele></trkpt>
      <trkpt lat="46.19839" lon="12.28318"><ele>421</ele></trkpt>
      <trkpt lat="46.19833" lon="12.28317"><ele>421</ele></trkpt>
      <trkpt lat="46.19816" lon="12.28316"><ele>420</ele></trkpt>
      <trkpt lat="46.19809" lon="12.28317"><ele>420</ele></trkpt>
      <trkpt lat="46.19807" lon="12.28321"><ele>420</ele></trkpt>
      <trkpt lat="46.19805" lon="12.28326"><ele>419</ele></trkpt>
      <trkpt lat="46.19805" lon="12.28334"><ele>419</ele></trkpt>
      <trkpt lat="46.19802" lon="12.28345"><ele>418</ele></trkpt>
      <trkpt lat="46.19800" lon="12.28352"><ele>417</ele></trkpt>
      <trkpt lat="46.19796" lon="12.28355"><ele>417</ele></trkpt>
      <trkpt lat="46.19793" lon="12.28357"><ele>417</ele></trkpt>
      <trkpt lat="46.19789" lon="12.28356"><ele>418</ele></trkpt>
      <trkpt lat="46.19747" lon="12.28334"><ele>419</ele></trkpt>
      <trkpt lat="46.19739" lon="12.28331"><ele>420</ele></trkpt>
      <trkpt lat="46.19733" lon="12.28331"><ele>420</ele></trkpt>
      <trkpt lat="46.19716" lon="12.28341"><ele>420</ele></trkpt>
      <trkpt lat="46.19705" lon="12.28350"><ele>420</ele></trkpt>
      <trkpt lat="46.19687" lon="12.28362"><ele>420</ele></trkpt>
      <trkpt lat="46.19674" lon="12.28374"><ele>423</ele></trkpt>
      <trkpt lat="46.19668" lon="12.28383"><ele>424</ele></trkpt>
      <trkpt lat="46.19658" lon="12.28392"><ele>424</ele></trkpt>
      <trkpt lat="46.19641" lon="12.28402"><ele>425</ele></trkpt>
      <trkpt lat="46.19629" lon="12.28407"><ele>424</ele></trkpt>
      <trkpt lat="46.19613" lon="12.28410"><ele>422</ele></trkpt>
      <trkpt lat="46.19601" lon="12.28412"><ele>421</ele></trkpt>
      <trkpt lat="46.19593" lon="12.28411"><ele>420</ele></trkpt>
      <trkpt lat="46.19577" lon="12.28407"><ele>419</ele></trkpt>
      <trkpt lat="46.19569" lon="12.28404"><ele>419</ele></trkpt>
      <trkpt lat="46.19512" lon="12.28373"><ele>416</ele></trkpt>
      <trkpt lat="46.19475" lon="12.28363"><ele>415</ele></trkpt>
      <trkpt lat="46.19456" lon="12.28363"><ele>415</ele></trkpt>
      <trkpt lat="46.19436" lon="12.28372"><ele>415</ele></trkpt>
      <trkpt lat="46.19431" lon="12.28376"><ele>414</ele></trkpt>
      <trkpt lat="46.19426" lon="12.28378"><ele>414</ele></trkpt>
      <trkpt lat="46.19419" lon="12.28376"><ele>415</ele></trkpt>
      <trkpt lat="46.19413" lon="12.28373"><ele>415</ele></trkpt>
      <trkpt lat="46.19374" lon="12.28351"><ele>416</ele></trkpt>
      <trkpt lat="46.19330" lon="12.28311"><ele>415</ele></trkpt>
      <trkpt lat="46.19268" lon="12.28281"><ele>413</ele></trkpt>
      <trkpt lat="46.19245" lon="12.28269"><ele>413</ele></trkpt>
      <trkpt lat="46.19235" lon="12.28259"><ele>414</ele></trkpt>
      <trkpt lat="46.19220" lon="12.28238"><ele>414</ele></trkpt>
      <trkpt lat="46.19198" lon="12.28211"><ele>412</ele></trkpt>
      <trkpt lat="46.19166" lon="12.28167"><ele>411</ele></trkpt>
      <trkpt lat="46.19161" lon="12.28151"><ele>412</ele></trkpt>
      <trkpt lat="46.19157" lon="12.28128"><ele>413</ele></trkpt>
      <trkpt lat="46.19145" lon="12.28095"><ele>413</ele></trkpt>
      <trkpt lat="46.19139" lon="12.28074"><ele>412</ele></trkpt>
      <trkpt lat="46.19134" lon="12.28039"><ele>414</ele></trkpt>
      <trkpt lat="46.19131" lon="12.28028"><ele>414</ele></trkpt>
      <trkpt lat="46.19111" lon="12.27971"><ele>411</ele></trkpt>
      <trkpt lat="46.19103" lon="12.27956"><ele>412</ele></trkpt>
      <trkpt lat="46.19078" lon="12.27936"><ele>412</ele></trkpt>
      <trkpt lat="46.19058" lon="12.27915"><ele>412</ele></trkpt>
      <trkpt lat="46.19046" lon="12.27895"><ele>414</ele></trkpt>
      <trkpt lat="46.19013" lon="12.27854"><ele>410</ele></trkpt>
      <trkpt lat="46.18998" lon="12.27839"><ele>408</ele></trkpt>
      <trkpt lat="46.18957" lon="12.27827"><ele>408</ele></trkpt>
      <trkpt lat="46.18918" lon="12.27809"><ele>412</ele></trkpt>
      <trkpt lat="46.18893" lon="12.27791"><ele>412</ele></trkpt>
      <trkpt lat="46.18867" lon="12.27779"><ele>412</ele></trkpt>
      <trkpt lat="46.18855" lon="12.27770"><ele>411</ele></trkpt>
      <trkpt lat="46.18847" lon="12.27764"><ele>411</ele></trkpt>
      <trkpt lat="46.18842" lon="12.27761"><ele>411</ele></trkpt>
      <trkpt lat="46.18814" lon="12.27738"><ele>410</ele></trkpt>
      <trkpt lat="46.18784" lon="12.27703"><ele>408</ele></trkpt>
      <trkpt lat="46.18776" lon="12.27694"><ele>408</ele></trkpt>
      <trkpt lat="46.18774" lon="12.27693"><ele>407</ele></trkpt>
      <trkpt lat="46.18772" lon="12.27685"><ele>408</ele></trkpt>
      <trkpt lat="46.18759" lon="12.27654"><ele>407</ele></trkpt>
      <trkpt lat="46.18752" lon="12.27639"><ele>406</ele></trkpt>
      <trkpt lat="46.18746" lon="12.27631"><ele>406</ele></trkpt>
      <trkpt lat="46.18741" lon="12.27625"><ele>406</ele></trkpt>
      <trkpt lat="46.18731" lon="12.27615"><ele>405</ele></trkpt>
      <trkpt lat="46.18728" lon="12.27611"><ele>405</ele></trkpt>
      <trkpt lat="46.18726" lon="12.27604"><ele>405</ele></trkpt>
      <trkpt lat="46.18720" lon="12.27595"><ele>405</ele></trkpt>
      <trkpt lat="46.18716" lon="12.27589"><ele>405</ele></trkpt>
      <trkpt lat="46.18712" lon="12.27585"><ele>405</ele></trkpt>
      <trkpt lat="46.18703" lon="12.27579"><ele>405</ele></trkpt>
      <trkpt lat="46.18692" lon="12.27575"><ele>405</ele></trkpt>
      <trkpt lat="46.18673" lon="12.27574"><ele>404</ele></trkpt>
      <trkpt lat="46.18661" lon="12.27574"><ele>404</ele></trkpt>
      <trkpt lat="46.18656" lon="12.27576"><ele>403</ele></trkpt>
      <trkpt lat="46.18652" lon="12.27579"><ele>402</ele></trkpt>
      <trkpt lat="46.18628" lon="12.27614"><ele>400</ele></trkpt>
      <trkpt lat="46.18617" lon="12.27628"><ele>400</ele></trkpt>
      <trkpt lat="46.18614" lon="12.27632"><ele>400</ele></trkpt>
      <trkpt lat="46.18613" lon="12.27635"><ele>400</ele></trkpt>
      <trkpt lat="46.18605" lon="12.27647"><ele>400</ele></trkpt>
      <trkpt lat="46.18583" lon="12.27682"><ele>399</ele></trkpt>
      <trkpt lat="46.18578" lon="12.27690"><ele>399</ele></trkpt>
      <trkpt lat="46.18558" lon="12.27722"><ele>399</ele></trkpt>
      <trkpt lat="46.18540" lon="12.27748"><ele>398</ele></trkpt>
      <trkpt lat="46.18534" lon="12.27758"><ele>398</ele></trkpt>
      <trkpt lat="46.18524" lon="12.27773"><ele>398</ele></trkpt>
      <trkpt lat="46.18499" lon="12.27813"><ele>399</ele></trkpt>
      <trkpt lat="46.18487" lon="12.27833"><ele>399</ele></trkpt>
      <trkpt lat="46.18480" lon="12.27844"><ele>399</ele></trkpt>
      <trkpt lat="46.18478" lon="12.27847"><ele>399</ele></trkpt>
      <trkpt lat="46.18476" lon="12.27852"><ele>399</ele></trkpt>
      <trkpt lat="46.18474" lon="12.27851"><ele>399</ele></trkpt>
      <trkpt lat="46.18471" lon="12.27850"><ele>399</ele></trkpt>
      <trkpt lat="46.18467" lon="12.27848"><ele>399</ele></trkpt>
      <trkpt lat="46.18458" lon="12.27839"><ele>399</ele></trkpt>
      <trkpt lat="46.18456" lon="12.27837"><ele>399</ele></trkpt>
      <trkpt lat="46.18438" lon="12.27815"><ele>399</ele></trkpt>
      <trkpt lat="46.18436" lon="12.27818"><ele>399</ele></trkpt>
      <trkpt lat="46.18432" lon="12.27825"><ele>399</ele></trkpt>
      <trkpt lat="46.18365" lon="12.27934"><ele>400</ele></trkpt>
      <trkpt lat="46.18353" lon="12.27955"><ele>400</ele></trkpt>
      <trkpt lat="46.18350" lon="12.27959"><ele>400</ele></trkpt>
      <trkpt lat="46.18343" lon="12.27971"><ele>400</ele></trkpt>
      <trkpt lat="46.18335" lon="12.27984"><ele>400</ele></trkpt>
      <trkpt lat="46.18327" lon="12.27994"><ele>400</ele></trkpt>
      <trkpt lat="46.18311" lon="12.28015"><ele>400</ele></trkpt>
      <trkpt lat="46.18302" lon="12.28024"><ele>401</ele></trkpt>
      <trkpt lat="46.18300" lon="12.28026"><ele>400</ele></trkpt>
      <trkpt lat="46.18292" lon="12.28031"><ele>400</ele></trkpt>
      <trkpt lat="46.18279" lon="12.28035"><ele>400</ele></trkpt>
      <trkpt lat="46.18259" lon="12.28041"><ele>398</ele></trkpt>
      <trkpt lat="46.18248" lon="12.28045"><ele>397</ele></trkpt>
      <trkpt lat="46.18242" lon="12.28050"><ele>397</ele></trkpt>
      <trkpt lat="46.18236" lon="12.28057"><ele>398</ele></trkpt>
      <trkpt lat="46.18221" lon="12.28078"><ele>398</ele></trkpt>
      <trkpt lat="46.18206" lon="12.28098"><ele>398</ele></trkpt>
      <trkpt lat="46.18201" lon="12.28105"><ele>398</ele></trkpt>
      <trkpt lat="46.18186" lon="12.28126"><ele>398</ele></trkpt>
      <trkpt lat="46.18180" lon="12.28138"><ele>399</ele></trkpt>
      <trkpt lat="46.18176" lon="12.28142"><ele>399</ele></trkpt>
      <trkpt lat="46.18167" lon="12.28153"><ele>399</ele></trkpt>
      <trkpt lat="46.18159" lon="12.28159"><ele>399</ele></trkpt>
      <trkpt lat="46.18119" lon="12.28189"><ele>400</ele></trkpt>
      <trkpt lat="46.18110" lon="12.28195"><ele>400</ele></trkpt>
      <trkpt lat="46.18107" lon="12.28197"><ele>400</ele></trkpt>
      <trkpt lat="46.18055" lon="12.28234"><ele>400</ele></trkpt>
      <trkpt lat="46.18043" lon="12.28242"><ele>400</ele></trkpt>
      <trkpt lat="46.18040" lon="12.28244"><ele>400</ele></trkpt>
      <trkpt lat="46.18020" lon="12.28258"><ele>400</ele></trkpt>
      <trkpt lat="46.18010" lon="12.28265"><ele>400</ele></trkpt>
      <trkpt lat="46.18004" lon="12.28266"><ele>400</ele></trkpt>
      <trkpt lat="46.17997" lon="12.28266"><ele>400</ele></trkpt>
      <trkpt lat="46.17992" lon="12.28267"><ele>400</ele></trkpt>
      <trkpt lat="46.17990" lon="12.28269"><ele>400</ele></trkpt>
      <trkpt lat="46.17987" lon="12.28272"><ele>400</ele></trkpt>
      <trkpt lat="46.17985" lon="12.28275"><ele>400</ele></trkpt>
      <trkpt lat="46.17981" lon="12.28290"><ele>400</ele></trkpt>
      <trkpt lat="46.17980" lon="12.28293"><ele>400</ele></trkpt>
      <trkpt lat="46.17978" lon="12.28304"><ele>400</ele></trkpt>
      <trkpt lat="46.17976" lon="12.28313"><ele>400</ele></trkpt>
      <trkpt lat="46.17973" lon="12.28321"><ele>399</ele></trkpt>
      <trkpt lat="46.17971" lon="12.28325"><ele>399</ele></trkpt>
      <trkpt lat="46.17966" lon="12.28331"><ele>399</ele></trkpt>
      <trkpt lat="46.17959" lon="12.28336"><ele>398</ele></trkpt>
      <trkpt lat="46.17954" lon="12.28338"><ele>398</ele></trkpt>
      <trkpt lat="46.17951" lon="12.28342"><ele>398</ele></trkpt>
      <trkpt lat="46.17949" lon="12.28347"><ele>397</ele></trkpt>
      <trkpt lat="46.17947" lon="12.28353"><ele>396</ele></trkpt>
      <trkpt lat="46.17947" lon="12.28357"><ele>396</ele></trkpt>
      <trkpt lat="46.17948" lon="12.28365"><ele>396</ele></trkpt>
      <trkpt lat="46.17951" lon="12.28372"><ele>395</ele></trkpt>
      <trkpt lat="46.17954" lon="12.28375"><ele>395</ele></trkpt>
      <trkpt lat="46.17958" lon="12.28378"><ele>394</ele></trkpt>
      <trkpt lat="46.17963" lon="12.28379"><ele>394</ele></trkpt>
      <trkpt lat="46.17966" lon="12.28378"><ele>395</ele></trkpt>
      <trkpt lat="46.17970" lon="12.28376"><ele>395</ele></trkpt>
      <trkpt lat="46.17971" lon="12.28374"><ele>396</ele></trkpt>
      <trkpt lat="46.17973" lon="12.28372"><ele>396</ele></trkpt>
      <trkpt lat="46.17975" lon="12.28369"><ele>396</ele></trkpt>
      <trkpt lat="46.17977" lon="12.28363"><ele>397</ele></trkpt>
      <trkpt lat="46.17977" lon="12.28355"><ele>398</ele></trkpt>
      <trkpt lat="46.17977" lon="12.28351"><ele>398</ele></trkpt>
      <trkpt lat="46.17979" lon="12.28328"><ele>399</ele></trkpt>
      <trkpt lat="46.17982" lon="12.28305"><ele>400</ele></trkpt>
      <trkpt lat="46.17983" lon="12.28296"><ele>400</ele></trkpt>
      <trkpt lat="46.17986" lon="12.28287"><ele>400</ele></trkpt>
      <trkpt lat="46.17990" lon="12.28279"><ele>400</ele></trkpt>
      <trkpt lat="46.17996" lon="12.28274"><ele>400</ele></trkpt>
      <trkpt lat="46.18004" lon="12.28268"><ele>400</ele></trkpt>
      <trkpt lat="46.18010" lon="12.28265"><ele>400</ele></trkpt>
      <trkpt lat="46.18020" lon="12.28258"><ele>400</ele></trkpt>
      <trkpt lat="46.18040" lon="12.28244"><ele>400</ele></trkpt>
      <trkpt lat="46.18043" lon="12.28242"><ele>400</ele></trkpt>
      <trkpt lat="46.18055" lon="12.28234"><ele>400</ele></trkpt>
      <trkpt lat="46.18107" lon="12.28197"><ele>400</ele></trkpt>
      <trkpt lat="46.18110" lon="12.28195"><ele>400</ele></trkpt>
      <trkpt lat="46.18119" lon="12.28189"><ele>400</ele></trkpt>
      <trkpt lat="46.18159" lon="12.28159"><ele>399</ele></trkpt>
      <trkpt lat="46.18167" lon="12.28153"><ele>399</ele></trkpt>
      <trkpt lat="46.18176" lon="12.28142"><ele>399</ele></trkpt>
      <trkpt lat="46.18180" lon="12.28138"><ele>399</ele></trkpt>
      <trkpt lat="46.18189" lon="12.28130"><ele>399</ele></trkpt>
      <trkpt lat="46.18194" lon="12.28123"><ele>398</ele></trkpt>
      <trkpt lat="46.18195" lon="12.28119"><ele>398</ele></trkpt>
      <trkpt lat="46.18201" lon="12.28110"><ele>398</ele></trkpt>
      <trkpt lat="46.18202" lon="12.28107"><ele>398</ele></trkpt>
      <trkpt lat="46.18201" lon="12.28105"><ele>398</ele></trkpt>
      <trkpt lat="46.18201" lon="12.28102"><ele>398</ele></trkpt>
      <trkpt lat="46.18201" lon="12.28096"><ele>398</ele></trkpt>
      <trkpt lat="46.18202" lon="12.28091"><ele>398</ele></trkpt>
      <trkpt lat="46.18207" lon="12.28083"><ele>398</ele></trkpt>
      <trkpt lat="46.18214" lon="12.28070"><ele>398</ele></trkpt>
      <trkpt lat="46.18217" lon="12.28063"><ele>398</ele></trkpt>
      <trkpt lat="46.18224" lon="12.28049"><ele>398</ele></trkpt>
      <trkpt lat="46.18228" lon="12.28033"><ele>397</ele></trkpt>
      <trkpt lat="46.18231" lon="12.28009"><ele>397</ele></trkpt>
      <trkpt lat="46.18234" lon="12.27975"><ele>397</ele></trkpt>
      <trkpt lat="46.18234" lon="12.27964"><ele>397</ele></trkpt>
      <trkpt lat="46.18233" lon="12.27945"><ele>397</ele></trkpt>
      <trkpt lat="46.18218" lon="12.27843"><ele>397</ele></trkpt>
      <trkpt lat="46.18216" lon="12.27825"><ele>397</ele></trkpt>
      <trkpt lat="46.18214" lon="12.27822"><ele>397</ele></trkpt>
      <trkpt lat="46.18214" lon="12.27813"><ele>397</ele></trkpt>
      <trkpt lat="46.18206" lon="12.27762"><ele>397</ele></trkpt>
      <trkpt lat="46.18202" lon="12.27731"><ele>397</ele></trkpt>
      <trkpt lat="46.18200" lon="12.27720"><ele>397</ele></trkpt>
      <trkpt lat="46.18193" lon="12.27670"><ele>397</ele></trkpt>
      <trkpt lat="46.18188" lon="12.27637"><ele>397</ele></trkpt>
      <trkpt lat="46.18184" lon="12.27615"><ele>397</ele></trkpt>
      <trkpt lat="46.18183" lon="12.27610"><ele>397</ele></trkpt>
      <trkpt lat="46.18180" lon="12.27608"><ele>397</ele></trkpt>
      <trkpt lat="46.18176" lon="12.27606"><ele>397</ele></trkpt>
      <trkpt lat="46.18173" lon="12.27606"><ele>397</ele></trkpt>
      <trkpt lat="46.18135" lon="12.27595"><ele>397</ele></trkpt>
      <trkpt lat="46.18133" lon="12.27594"><ele>397</ele></trkpt>
      <trkpt lat="46.18131" lon="12.27594"><ele>397</ele></trkpt>
      <trkpt lat="46.18120" lon="12.27591"><ele>397</ele></trkpt>
      <trkpt lat="46.18116" lon="12.27590"><ele>397</ele></trkpt>
      <trkpt lat="46.18112" lon="12.27587"><ele>397</ele></trkpt>
      <trkpt lat="46.18104" lon="12.27578"><ele>397</ele></trkpt>
      <trkpt lat="46.18102" lon="12.27572"><ele>397</ele></trkpt>
      <trkpt lat="46.18101" lon="12.27552"><ele>397</ele></trkpt>
      <trkpt lat="46.18101" lon="12.27541"><ele>397</ele></trkpt>
      <trkpt lat="46.18105" lon="12.27521"><ele>397</ele></trkpt>
      <trkpt lat="46.18108" lon="12.27496"><ele>397</ele></trkpt>
      <trkpt lat="46.18113" lon="12.27461"><ele>396</ele></trkpt>
      <trkpt lat="46.18117" lon="12.27435"><ele>396</ele></trkpt>
      <trkpt lat="46.18121" lon="12.27411"><ele>396</ele></trkpt>
      <trkpt lat="46.18122" lon="12.27405"><ele>396</ele></trkpt>
      <trkpt lat="46.18124" lon="12.27391"><ele>396</ele></trkpt>
      <trkpt lat="46.18126" lon="12.27370"><ele>395</ele></trkpt>
      <trkpt lat="46.18130" lon="12.27335"><ele>395</ele></trkpt>
      <trkpt lat="46.18131" lon="12.27319"><ele>395</ele></trkpt>
      <trkpt lat="46.18131" lon="12.27303"><ele>395</ele></trkpt>
      <trkpt lat="46.18130" lon="12.27295"><ele>395</ele></trkpt>
      <trkpt lat="46.18133" lon="12.27280"><ele>395</ele></trkpt>
      <trkpt lat="46.18133" lon="12.27253"><ele>394</ele></trkpt>
      <trkpt lat="46.18129" lon="12.27213"><ele>393</ele></trkpt>
      <trkpt lat="46.18127" lon="12.27199"><ele>393</ele></trkpt>
      <trkpt lat="46.18123" lon="12.27182"><ele>393</ele></trkpt>
      <trkpt lat="46.18121" lon="12.27172"><ele>393</ele></trkpt>
      <trkpt lat="46.18119" lon="12.27163"><ele>393</ele></trkpt>
      <trkpt lat="46.18129" lon="12.27163"><ele>393</ele></trkpt>
      <trkpt lat="46.18142" lon="12.27162"><ele>393</ele></trkpt>
      <trkpt lat="46.18152" lon="12.27162"><ele>393</ele></trkpt>
      <trkpt lat="46.18159" lon="12.27162"><ele>393</ele></trkpt>
      <trkpt lat="46.18164" lon="12.27162"><ele>393</ele></trkpt>
      <trkpt lat="46.18171" lon="12.27159"><ele>393</ele></trkpt>
      <trkpt lat="46.18176" lon="12.27154"><ele>393</ele></trkpt>
      <trkpt lat="46.18181" lon="12.27148"><ele>394</ele></trkpt>
      <trkpt lat="46.18182" lon="12.27143"><ele>394</ele></trkpt>
      <trkpt lat="46.18182" lon="12.27141"><ele>394</ele></trkpt>
      <trkpt lat="46.18181" lon="12.27124"><ele>394</ele></trkpt>
      <trkpt lat="46.18180" lon="12.27100"><ele>393</ele></trkpt>
      <trkpt lat="46.18178" lon="12.27061"><ele>394</ele></trkpt>
      <trkpt lat="46.18174" lon="12.26963"><ele>395</ele></trkpt>
      <trkpt lat="46.18173" lon="12.26958"><ele>394</ele></trkpt>
      <trkpt lat="46.18173" lon="12.26953"><ele>394</ele></trkpt>
      <trkpt lat="46.18170" lon="12.26890"><ele>394</ele></trkpt>
      <trkpt lat="46.18170" lon="12.26878"><ele>394</ele></trkpt>
      <trkpt lat="46.18165" lon="12.26781"><ele>397</ele></trkpt>
      <trkpt lat="46.18162" lon="12.26781"><ele>397</ele></trkpt>
      <trkpt lat="46.18160" lon="12.26782"><ele>397</ele></trkpt>
      <trkpt lat="46.18008" lon="12.26799"><ele>399</ele></trkpt>
      <trkpt lat="46.18005" lon="12.26791"><ele>400</ele></trkpt>
      <trkpt lat="46.18002" lon="12.26785"><ele>401</ele></trkpt>
      <trkpt lat="46.17956" lon="12.26731"><ele>406</ele></trkpt>
      <trkpt lat="46.17951" lon="12.26731"><ele>406</ele></trkpt>
      <trkpt lat="46.17947" lon="12.26732"><ele>405</ele></trkpt>
      <trkpt lat="46.17942" lon="12.26736"><ele>405</ele></trkpt>
      <trkpt lat="46.17938" lon="12.26738"><ele>404</ele></trkpt>
      <trkpt lat="46.17933" lon="12.26738"><ele>404</ele></trkpt>
      <trkpt lat="46.17930" lon="12.26736"><ele>405</ele></trkpt>
      <trkpt lat="46.17922" lon="12.26727"><ele>406</ele></trkpt>
      <trkpt lat="46.17889" lon="12.26680"><ele>405</ele></trkpt>
      <trkpt lat="46.17888" lon="12.26677"><ele>405</ele></trkpt>
      <trkpt lat="46.17889" lon="12.26671"><ele>405</ele></trkpt>
      <trkpt lat="46.17896" lon="12.26656"><ele>404</ele></trkpt>
      <trkpt lat="46.17898" lon="12.26650"><ele>403</ele></trkpt>
      <trkpt lat="46.17900" lon="12.26642"><ele>402</ele></trkpt>
      <trkpt lat="46.17900" lon="12.26638"><ele>402</ele></trkpt>
      <trkpt lat="46.17900" lon="12.26633"><ele>402</ele></trkpt>
      <trkpt lat="46.17897" lon="12.26623"><ele>401</ele></trkpt>
      <trkpt lat="46.17892" lon="12.26614"><ele>400</ele></trkpt>
      <trkpt lat="46.17891" lon="12.26612"><ele>399</ele></trkpt>
      <trkpt lat="46.17886" lon="12.26608"><ele>400</ele></trkpt>
      <trkpt lat="46.17883" lon="12.26608"><ele>400</ele></trkpt>
      <trkpt lat="46.17874" lon="12.26609"><ele>401</ele></trkpt>
      <trkpt lat="46.17869" lon="12.26611"><ele>401</ele></trkpt>
      <trkpt lat="46.17827" lon="12.26632"><ele>398</ele></trkpt>
      <trkpt lat="46.17794" lon="12.26650"><ele>396</ele></trkpt>
      <trkpt lat="46.17783" lon="12.26664"><ele>395</ele></trkpt>
      <trkpt lat="46.17780" lon="12.26665"><ele>396</ele></trkpt>
      <trkpt lat="46.17772" lon="12.26666"><ele>396</ele></trkpt>
      <trkpt lat="46.17767" lon="12.26664"><ele>396</ele></trkpt>
      <trkpt lat="46.17765" lon="12.26662"><ele>396</ele></trkpt>
      <trkpt lat="46.17667" lon="12.26532"><ele>399</ele></trkpt>
      <trkpt lat="46.17636" lon="12.26483"><ele>399</ele></trkpt>
      <trkpt lat="46.17568" lon="12.26393"><ele>398</ele></trkpt>
      <trkpt lat="46.17557" lon="12.26374"><ele>398</ele></trkpt>
      <trkpt lat="46.17543" lon="12.26347"><ele>398</ele></trkpt>
      <trkpt lat="46.17529" lon="12.26318"><ele>398</ele></trkpt>
      <trkpt lat="46.17506" lon="12.26281"><ele>398</ele></trkpt>
      <trkpt lat="46.17492" lon="12.26252"><ele>398</ele></trkpt>
      <trkpt lat="46.17454" lon="12.26145"><ele>397</ele></trkpt>
      <trkpt lat="46.17429" lon="12.26092"><ele>396</ele></trkpt>
      <trkpt lat="46.17423" lon="12.26074"><ele>396</ele></trkpt>
      <trkpt lat="46.17418" lon="12.26050"><ele>395</ele></trkpt>
      <trkpt lat="46.17416" lon="12.26039"><ele>395</ele></trkpt>
      <trkpt lat="46.17415" lon="12.26023"><ele>395</ele></trkpt>
      <trkpt lat="46.17409" lon="12.25980"><ele>396</ele></trkpt>
      <trkpt lat="46.17396" lon="12.25914"><ele>395</ele></trkpt>
      <trkpt lat="46.17390" lon="12.25895"><ele>395</ele></trkpt>
      <trkpt lat="46.17384" lon="12.25884"><ele>394</ele></trkpt>
      <trkpt lat="46.17375" lon="12.25859"><ele>394</ele></trkpt>
      <trkpt lat="46.17372" lon="12.25838"><ele>393</ele></trkpt>
      <trkpt lat="46.17368" lon="12.25735"><ele>393</ele></trkpt>
      <trkpt lat="46.17368" lon="12.25702"><ele>393</ele></trkpt>
      <trkpt lat="46.17370" lon="12.25663"><ele>392</ele></trkpt>
      <trkpt lat="46.17366" lon="12.25653"><ele>391</ele></trkpt>
      <trkpt lat="46.17358" lon="12.25645"><ele>390</ele></trkpt>
      <trkpt lat="46.17357" lon="12.25633"><ele>390</ele></trkpt>
      <trkpt lat="46.17358" lon="12.25616"><ele>390</ele></trkpt>
      <trkpt lat="46.17374" lon="12.25482"><ele>386</ele></trkpt>
      <trkpt lat="46.17367" lon="12.25482"><ele>386</ele></trkpt>
      <trkpt lat="46.17350" lon="12.25477"><ele>385</ele></trkpt>
      <trkpt lat="46.17347" lon="12.25475"><ele>385</ele></trkpt>
      <trkpt lat="46.17345" lon="12.25473"><ele>385</ele></trkpt>
      <trkpt lat="46.17343" lon="12.25469"><ele>385</ele></trkpt>
      <trkpt lat="46.17331" lon="12.25406"><ele>384</ele></trkpt>
      <trkpt lat="46.17320" lon="12.25359"><ele>384</ele></trkpt>
      <trkpt lat="46.17295" lon="12.25276"><ele>384</ele></trkpt>
      <trkpt lat="46.17293" lon="12.25270"><ele>384</ele></trkpt>
      <trkpt lat="46.17290" lon="12.25267"><ele>383</ele></trkpt>
      <trkpt lat="46.17286" lon="12.25267"><ele>383</ele></trkpt>
      <trkpt lat="46.17269" lon="12.25279"><ele>383</ele></trkpt>
      <trkpt lat="46.17268" lon="12.25275"><ele>383</ele></trkpt>
      <trkpt lat="46.17258" lon="12.25238"><ele>383</ele></trkpt>
      <trkpt lat="46.17256" lon="12.25234"><ele>383</ele></trkpt>
      <trkpt lat="46.17250" lon="12.25226"><ele>383</ele></trkpt>
      <trkpt lat="46.17248" lon="12.25222"><ele>383</ele></trkpt>
      <trkpt lat="46.17233" lon="12.25171"><ele>383</ele></trkpt>
      <trkpt lat="46.17226" lon="12.25147"><ele>383</ele></trkpt>
      <trkpt lat="46.17212" lon="12.25088"><ele>383</ele></trkpt>
      <trkpt lat="46.17195" lon="12.24966"><ele>382</ele></trkpt>
      <trkpt lat="46.17194" lon="12.24959"><ele>382</ele></trkpt>
      <trkpt lat="46.17181" lon="12.24901"><ele>382</ele></trkpt>
      <trkpt lat="46.17164" lon="12.24847"><ele>382</ele></trkpt>
      <trkpt lat="46.17142" lon="12.24785"><ele>381</ele></trkpt>
      <trkpt lat="46.17133" lon="12.24762"><ele>381</ele></trkpt>
      <trkpt lat="46.17124" lon="12.24743"><ele>381</ele></trkpt>
      <trkpt lat="46.17121" lon="12.24737"><ele>381</ele></trkpt>
      <trkpt lat="46.17111" lon="12.24699"><ele>381</ele></trkpt>
      <trkpt lat="46.17082" lon="12.24586"><ele>383</ele></trkpt>
      <trkpt lat="46.17080" lon="12.24568"><ele>383</ele></trkpt>
      <trkpt lat="46.17077" lon="12.24492"><ele>386</ele></trkpt>
      <trkpt lat="46.17077" lon="12.24478"><ele>386</ele></trkpt>
      <trkpt lat="46.17075" lon="12.24462"><ele>386</ele></trkpt>
      <trkpt lat="46.17074" lon="12.24456"><ele>387</ele></trkpt>
      <trkpt lat="46.17068" lon="12.24441"><ele>388</ele></trkpt>
      <trkpt lat="46.17065" lon="12.24434"><ele>388</ele></trkpt>
      <trkpt lat="46.17054" lon="12.24417"><ele>389</ele></trkpt>
      <trkpt lat="46.17040" lon="12.24400"><ele>390</ele></trkpt>
      <trkpt lat="46.17023" lon="12.24377"><ele>390</ele></trkpt>
      <trkpt lat="46.17012" lon="12.24363"><ele>390</ele></trkpt>
      <trkpt lat="46.17008" lon="12.24358"><ele>390</ele></trkpt>
      <trkpt lat="46.17005" lon="12.24350"><ele>390</ele></trkpt>
      <trkpt lat="46.16998" lon="12.24321"><ele>392</ele></trkpt>
      <trkpt lat="46.16992" lon="12.24299"><ele>392</ele></trkpt>
      <trkpt lat="46.16990" lon="12.24293"><ele>393</ele></trkpt>
      <trkpt lat="46.16986" lon="12.24280"><ele>393</ele></trkpt>
      <trkpt lat="46.16983" lon="12.24263"><ele>394</ele></trkpt>
      <trkpt lat="46.16981" lon="12.24222"><ele>396</ele></trkpt>
      <trkpt lat="46.16980" lon="12.24211"><ele>397</ele></trkpt>
      <trkpt lat="46.16950" lon="12.24149"><ele>400</ele></trkpt>
      <trkpt lat="46.16945" lon="12.24138"><ele>400</ele></trkpt>
      <trkpt lat="46.16936" lon="12.24106"><ele>400</ele></trkpt>
      <trkpt lat="46.16931" lon="12.24090"><ele>401</ele></trkpt>
      <trkpt lat="46.16927" lon="12.24080"><ele>401</ele></trkpt>
      <trkpt lat="46.16923" lon="12.24073"><ele>401</ele></trkpt>
      <trkpt lat="46.16909" lon="12.24055"><ele>401</ele></trkpt>
      <trkpt lat="46.16884" lon="12.24026"><ele>400</ele></trkpt>
      <trkpt lat="46.16854" lon="12.23991"><ele>399</ele></trkpt>
      <trkpt lat="46.16841" lon="12.23977"><ele>399</ele></trkpt>
      <trkpt lat="46.16833" lon="12.23968"><ele>399</ele></trkpt>
      <trkpt lat="46.16830" lon="12.23964"><ele>398</ele></trkpt>
      <trkpt lat="46.16809" lon="12.23941"><ele>396</ele></trkpt>
      <trkpt lat="46.16798" lon="12.23925"><ele>395</ele></trkpt>
      <trkpt lat="46.16792" lon="12.23913"><ele>395</ele></trkpt>
      <trkpt lat="46.16776" lon="12.23864"><ele>394</ele></trkpt>
      <trkpt lat="46.16772" lon="12.23851"><ele>394</ele></trkpt>
      <trkpt lat="46.16767" lon="12.23841"><ele>394</ele></trkpt>
      <trkpt lat="46.16762" lon="12.23833"><ele>394</ele></trkpt>
      <trkpt lat="46.16755" lon="12.23824"><ele>394</ele></trkpt>
      <trkpt lat="46.16748" lon="12.23818"><ele>394</ele></trkpt>
      <trkpt lat="46.16740" lon="12.23810"><ele>394</ele></trkpt>
      <trkpt lat="46.16730" lon="12.23803"><ele>394</ele></trkpt>
      <trkpt lat="46.16719" lon="12.23799"><ele>393</ele></trkpt>
      <trkpt lat="46.16657" lon="12.23782"><ele>390</ele></trkpt>
      <trkpt lat="46.16637" lon="12.23777"><ele>389</ele></trkpt>
      <trkpt lat="46.16606" lon="12.23770"><ele>388</ele></trkpt>
      <trkpt lat="46.16598" lon="12.23767"><ele>388</ele></trkpt>
      <trkpt lat="46.16591" lon="12.23762"><ele>388</ele></trkpt>
      <trkpt lat="46.16532" lon="12.23708"><ele>390</ele></trkpt>
      <trkpt lat="46.16528" lon="12.23704"><ele>390</ele></trkpt>
      <trkpt lat="46.16526" lon="12.23698"><ele>390</ele></trkpt>
      <trkpt lat="46.16523" lon="12.23691"><ele>390</ele></trkpt>
      <trkpt lat="46.16516" lon="12.23652"><ele>389</ele></trkpt>
      <trkpt lat="46.16512" lon="12.23638"><ele>390</ele></trkpt>
      <trkpt lat="46.16503" lon="12.23611"><ele>391</ele></trkpt>
      <trkpt lat="46.16477" lon="12.23548"><ele>393</ele></trkpt>
      <trkpt lat="46.16471" lon="12.23529"><ele>393</ele></trkpt>
      <trkpt lat="46.16467" lon="12.23512"><ele>393</ele></trkpt>
      <trkpt lat="46.16461" lon="12.23458"><ele>394</ele></trkpt>
      <trkpt lat="46.16454" lon="12.23420"><ele>396</ele></trkpt>
      <trkpt lat="46.16447" lon="12.23391"><ele>397</ele></trkpt>
      <trkpt lat="46.16440" lon="12.23371"><ele>396</ele></trkpt>
      <trkpt lat="46.16431" lon="12.23352"><ele>396</ele></trkpt>
      <trkpt lat="46.16396" lon="12.23291"><ele>393</ele></trkpt>
      <trkpt lat="46.16358" lon="12.23228"><ele>391</ele></trkpt>
      <trkpt lat="46.16331" lon="12.23188"><ele>389</ele></trkpt>
      <trkpt lat="46.16264" lon="12.23083"><ele>388</ele></trkpt>
      <trkpt lat="46.16257" lon="12.23072"><ele>388</ele></trkpt>
      <trkpt lat="46.16246" lon="12.23061"><ele>388</ele></trkpt>
      <trkpt lat="46.16240" lon="12.23057"><ele>388</ele></trkpt>
      <trkpt lat="46.16233" lon="12.23053"><ele>388</ele></trkpt>
      <trkpt lat="46.16224" lon="12.23049"><ele>388</ele></trkpt>
      <trkpt lat="46.16190" lon="12.23036"><ele>386</ele></trkpt>
      <trkpt lat="46.16184" lon="12.23034"><ele>386</ele></trkpt>
      <trkpt lat="46.16178" lon="12.23032"><ele>386</ele></trkpt>
      <trkpt lat="46.16156" lon="12.23023"><ele>384</ele></trkpt>
      <trkpt lat="46.16128" lon="12.23011"><ele>384</ele></trkpt>
      <trkpt lat="46.16087" lon="12.22987"><ele>384</ele></trkpt>
      <trkpt lat="46.15993" lon="12.22932"><ele>383</ele></trkpt>
      <trkpt lat="46.15966" lon="12.22914"><ele>384</ele></trkpt>
      <trkpt lat="46.15867" lon="12.22836"><ele>385</ele></trkpt>
      <trkpt lat="46.15840" lon="12.22813"><ele>384</ele></trkpt>
      <trkpt lat="46.15832" lon="12.22806"><ele>383</ele></trkpt>
      <trkpt lat="46.15828" lon="12.22802"><ele>383</ele></trkpt>
      <trkpt lat="46.15810" lon="12.22766"><ele>384</ele></trkpt>
      <trkpt lat="46.15767" lon="12.22677"><ele>384</ele></trkpt>
      <trkpt lat="46.15761" lon="12.22662"><ele>383</ele></trkpt>
      <trkpt lat="46.15760" lon="12.22659"><ele>383</ele></trkpt>
      <trkpt lat="46.15754" lon="12.22647"><ele>383</ele></trkpt>
      <trkpt lat="46.15745" lon="12.22632"><ele>383</ele></trkpt>
      <trkpt lat="46.15747" lon="12.22630"><ele>383</ele></trkpt>
      <trkpt lat="46.15749" lon="12.22627"><ele>383</ele></trkpt>
      <trkpt lat="46.15749" lon="12.22623"><ele>383</ele></trkpt>
      <trkpt lat="46.15749" lon="12.22619"><ele>383</ele></trkpt>
      <trkpt lat="46.15748" lon="12.22616"><ele>383</ele></trkpt>
      <trkpt lat="46.15746" lon="12.22613"><ele>383</ele></trkpt>
      <trkpt lat="46.15744" lon="12.22612"><ele>383</ele></trkpt>
      <trkpt lat="46.15739" lon="12.22612"><ele>383</ele></trkpt>
      <trkpt lat="46.15736" lon="12.22616"><ele>383</ele></trkpt>
      <trkpt lat="46.15734" lon="12.22622"><ele>383</ele></trkpt>
      <trkpt lat="46.15728" lon="12.22621"><ele>383</ele></trkpt>
      <trkpt lat="46.15721" lon="12.22621"><ele>383</ele></trkpt>
      <trkpt lat="46.15714" lon="12.22619"><ele>383</ele></trkpt>
      <trkpt lat="46.15691" lon="12.22610"><ele>384</ele></trkpt>
      <trkpt lat="46.15677" lon="12.22601"><ele>384</ele></trkpt>
      <trkpt lat="46.15669" lon="12.22594"><ele>384</ele></trkpt>
      <trkpt lat="46.15663" lon="12.22586"><ele>385</ele></trkpt>
      <trkpt lat="46.15637" lon="12.22541"><ele>386</ele></trkpt>
      <trkpt lat="46.15615" lon="12.22497"><ele>387</ele></trkpt>
      <trkpt lat="46.15613" lon="12.22493"><ele>387</ele></trkpt>
      <trkpt lat="46.15598" lon="12.22463"><ele>388</ele></trkpt>
      <trkpt lat="46.15594" lon="12.22455"><ele>388</ele></trkpt>
      <trkpt lat="46.15592" lon="12.22448"><ele>388</ele></trkpt>
      <trkpt lat="46.15591" lon="12.22441"><ele>388</ele></trkpt>
      <trkpt lat="46.15563" lon="12.22451"><ele>388</ele></trkpt>
      <trkpt lat="46.15546" lon="12.22459"><ele>388</ele></trkpt>
      <trkpt lat="46.15539" lon="12.22464"><ele>388</ele></trkpt>
      <trkpt lat="46.15530" lon="12.22472"><ele>388</ele></trkpt>
      <trkpt lat="46.15506" lon="12.22503"><ele>388</ele></trkpt>
      <trkpt lat="46.15501" lon="12.22508"><ele>388</ele></trkpt>
      <trkpt lat="46.15491" lon="12.22516"><ele>387</ele></trkpt>
      <trkpt lat="46.15486" lon="12.22519"><ele>387</ele></trkpt>
      <trkpt lat="46.15481" lon="12.22520"><ele>387</ele></trkpt>
      <trkpt lat="46.15471" lon="12.22520"><ele>387</ele></trkpt>
      <trkpt lat="46.15466" lon="12.22519"><ele>387</ele></trkpt>
      <trkpt lat="46.15461" lon="12.22516"><ele>388</ele></trkpt>
      <trkpt lat="46.15456" lon="12.22512"><ele>388</ele></trkpt>
      <trkpt lat="46.15414" lon="12.22467"><ele>389</ele></trkpt>
      <trkpt lat="46.15407" lon="12.22463"><ele>389</ele></trkpt>
      <trkpt lat="46.15391" lon="12.22455"><ele>390</ele></trkpt>
      <trkpt lat="46.15381" lon="12.22453"><ele>390</ele></trkpt>
      <trkpt lat="46.15370" lon="12.22452"><ele>390</ele></trkpt>
      <trkpt lat="46.15334" lon="12.22451"><ele>390</ele></trkpt>
      <trkpt lat="46.15323" lon="12.22450"><ele>391</ele></trkpt>
      <trkpt lat="46.15314" lon="12.22447"><ele>391</ele></trkpt>
      <trkpt lat="46.15220" lon="12.22394"><ele>392</ele></trkpt>
      <trkpt lat="46.15214" lon="12.22391"><ele>392</ele></trkpt>
      <trkpt lat="46.15154" lon="12.22367"><ele>392</ele></trkpt>
      <trkpt lat="46.15094" lon="12.22354"><ele>393</ele></trkpt>
      <trkpt lat="46.15050" lon="12.22335"><ele>394</ele></trkpt>
      <trkpt lat="46.15044" lon="12.22334"><ele>394</ele></trkpt>
      <trkpt lat="46.15020" lon="12.22329"><ele>395</ele></trkpt>
      <trkpt lat="46.15021" lon="12.22323"><ele>395</ele></trkpt>
      <trkpt lat="46.15021" lon="12.22318"><ele>395</ele></trkpt>
      <trkpt lat="46.15015" lon="12.22315"><ele>395</ele></trkpt>
      <trkpt lat="46.15005" lon="12.22304"><ele>395</ele></trkpt>
      <trkpt lat="46.14943" lon="12.22209"><ele>396</ele></trkpt>
      <trkpt lat="46.14914" lon="12.22140"><ele>397</ele></trkpt>
      <trkpt lat="46.14866" lon="12.22031"><ele>399</ele></trkpt>
      <trkpt lat="46.14834" lon="12.21969"><ele>400</ele></trkpt>
      <trkpt lat="46.14817" lon="12.21927"><ele>402</ele></trkpt>
      <trkpt lat="46.14814" lon="12.21929"><ele>402</ele></trkpt>
      <trkpt lat="46.14804" lon="12.21904"><ele>402</ele></trkpt>
      <trkpt lat="46.14803" lon="12.21902"><ele>402</ele></trkpt>
      <trkpt lat="46.14802" lon="12.21900"><ele>402</ele></trkpt>
      <trkpt lat="46.14803" lon="12.21897"><ele>402</ele></trkpt>
      <trkpt lat="46.14804" lon="12.21891"><ele>402</ele></trkpt>
      <trkpt lat="46.14803" lon="12.21881"><ele>402</ele></trkpt>
      <trkpt lat="46.14802" lon="12.21878"><ele>402</ele></trkpt>
      <trkpt lat="46.14800" lon="12.21877"><ele>402</ele></trkpt>
      <trkpt lat="46.14799" lon="12.21877"><ele>402</ele></trkpt>
      <trkpt lat="46.14798" lon="12.21874"><ele>402</ele></trkpt>
      <trkpt lat="46.14794" lon="12.21867"><ele>402</ele></trkpt>
      <trkpt lat="46.14777" lon="12.21827"><ele>402</ele></trkpt>
      <trkpt lat="46.14749" lon="12.21791"><ele>402</ele></trkpt>
      <trkpt lat="46.14741" lon="12.21782"><ele>402</ele></trkpt>
      <trkpt lat="46.14733" lon="12.21775"><ele>401</ele></trkpt>
      <trkpt lat="46.14729" lon="12.21771"><ele>401</ele></trkpt>
      <trkpt lat="46.14726" lon="12.21769"><ele>401</ele></trkpt>
      <trkpt lat="46.14720" lon="12.21764"><ele>400</ele></trkpt>
      <trkpt lat="46.14714" lon="12.21760"><ele>400</ele></trkpt>
      <trkpt lat="46.14707" lon="12.21759"><ele>398</ele></trkpt>
      <trkpt lat="46.14700" lon="12.21759"><ele>398</ele></trkpt>
      <trkpt lat="46.14684" lon="12.21761"><ele>397</ele></trkpt>
      <trkpt lat="46.14681" lon="12.21761"><ele>397</ele></trkpt>
      <trkpt lat="46.14675" lon="12.21761"><ele>397</ele></trkpt>
      <trkpt lat="46.14664" lon="12.21761"><ele>397</ele></trkpt>
      <trkpt lat="46.14659" lon="12.21761"><ele>396</ele></trkpt>
      <trkpt lat="46.14659" lon="12.21737"><ele>397</ele></trkpt>
      <trkpt lat="46.14657" lon="12.21727"><ele>397</ele></trkpt>
      <trkpt lat="46.14655" lon="12.21716"><ele>398</ele></trkpt>
      <trkpt lat="46.14653" lon="12.21707"><ele>398</ele></trkpt>
      <trkpt lat="46.14650" lon="12.21700"><ele>397</ele></trkpt>
      <trkpt lat="46.14644" lon="12.21687"><ele>397</ele></trkpt>
      <trkpt lat="46.14639" lon="12.21679"><ele>397</ele></trkpt>
      <trkpt lat="46.14622" lon="12.21653"><ele>395</ele></trkpt>
      <trkpt lat="46.14615" lon="12.21642"><ele>394</ele></trkpt>
      <trkpt lat="46.14427" lon="12.21341"><ele>396</ele></trkpt>
      <trkpt lat="46.14417" lon="12.21326"><ele>398</ele></trkpt>
      <trkpt lat="46.14410" lon="12.21315"><ele>400</ele></trkpt>
      <trkpt lat="46.14407" lon="12.21308"><ele>400</ele></trkpt>
      <trkpt lat="46.14406" lon="12.21307"><ele>400</ele></trkpt>
      <trkpt lat="46.14406" lon="12.21305"><ele>400</ele></trkpt>
      <trkpt lat="46.14406" lon="12.21300"><ele>401</ele></trkpt>
      <trkpt lat="46.14404" lon="12.21294"><ele>402</ele></trkpt>
      <trkpt lat="46.14400" lon="12.21290"><ele>402</ele></trkpt>
      <trkpt lat="46.14396" lon="12.21289"><ele>402</ele></trkpt>
      <trkpt lat="46.14392" lon="12.21290"><ele>402</ele></trkpt>
      <trkpt lat="46.14389" lon="12.21293"><ele>402</ele></trkpt>
      <trkpt lat="46.14386" lon="12.21298"><ele>402</ele></trkpt>
      <trkpt lat="46.14385" lon="12.21304"><ele>401</ele></trkpt>
      <trkpt lat="46.14382" lon="12.21314"><ele>400</ele></trkpt>
      <trkpt lat="46.14377" lon="12.21323"><ele>400</ele></trkpt>
      <trkpt lat="46.14373" lon="12.21329"><ele>400</ele></trkpt>
      <trkpt lat="46.14349" lon="12.21346"><ele>399</ele></trkpt>
      <trkpt lat="46.14310" lon="12.21374"><ele>398</ele></trkpt>
      <trkpt lat="46.14303" lon="12.21379"><ele>398</ele></trkpt>
      <trkpt lat="46.14289" lon="12.21390"><ele>398</ele></trkpt>
      <trkpt lat="46.14261" lon="12.21410"><ele>396</ele></trkpt>
      <trkpt lat="46.14242" lon="12.21424"><ele>396</ele></trkpt>
      <trkpt lat="46.14240" lon="12.21417"><ele>396</ele></trkpt>
      <trkpt lat="46.14230" lon="12.21388"><ele>396</ele></trkpt>
      <trkpt lat="46.14155" lon="12.21170"><ele>394</ele></trkpt>
      <trkpt lat="46.14137" lon="12.21117"><ele>393</ele></trkpt>
      <trkpt lat="46.14135" lon="12.21112"><ele>393</ele></trkpt>
      <trkpt lat="46.14131" lon="12.21098"><ele>392</ele></trkpt>
      <trkpt lat="46.14126" lon="12.21089"><ele>392</ele></trkpt>
      <trkpt lat="46.14124" lon="12.21084"><ele>392</ele></trkpt>
      <trkpt lat="46.14119" lon="12.21091"><ele>392</ele></trkpt>
      <trkpt lat="46.14113" lon="12.21104"><ele>392</ele></trkpt>
      <trkpt lat="46.14110" lon="12.21111"><ele>392</ele></trkpt>
      <trkpt lat="46.14100" lon="12.21145"><ele>392</ele></trkpt>
      <trkpt lat="46.14090" lon="12.21174"><ele>392</ele></trkpt>
      <trkpt lat="46.14084" lon="12.21193"><ele>392</ele></trkpt>
      <trkpt lat="46.14080" lon="12.21207"><ele>392</ele></trkpt>
      <trkpt lat="46.14076" lon="12.21223"><ele>392</ele></trkpt>
      <trkpt lat="46.14074" lon="12.21229"><ele>392</ele></trkpt>
      <trkpt lat="46.14065" lon="12.21262"><ele>392</ele></trkpt>
      <trkpt lat="46.14061" lon="12.21270"><ele>392</ele></trkpt>
      <trkpt lat="46.14058" lon="12.21273"><ele>392</ele></trkpt>
      <trkpt lat="46.14048" lon="12.21279"><ele>392</ele></trkpt>
      <trkpt lat="46.13994" lon="12.21310"><ele>390</ele></trkpt>
      <trkpt lat="46.13980" lon="12.21321"><ele>389</ele></trkpt>
      <trkpt lat="46.13968" lon="12.21334"><ele>389</ele></trkpt>
      <trkpt lat="46.13960" lon="12.21344"><ele>388</ele></trkpt>
      <trkpt lat="46.13949" lon="12.21351"><ele>388</ele></trkpt>
      <trkpt lat="46.13930" lon="12.21363"><ele>387</ele></trkpt>
      <trkpt lat="46.13928" lon="12.21367"><ele>387</ele></trkpt>
      <trkpt lat="46.13928" lon="12.21381"><ele>387</ele></trkpt>
      <trkpt lat="46.13928" lon="12.21394"><ele>387</ele></trkpt>
      <trkpt lat="46.13929" lon="12.21418"><ele>387</ele></trkpt>
      <trkpt lat="46.13938" lon="12.21481"><ele>388</ele></trkpt>
      <trkpt lat="46.13940" lon="12.21506"><ele>388</ele></trkpt>
      <trkpt lat="46.13939" lon="12.21512"><ele>388</ele></trkpt>
      <trkpt lat="46.13920" lon="12.21515"><ele>387</ele></trkpt>
      <trkpt lat="46.13878" lon="12.21521"><ele>387</ele></trkpt>
      <trkpt lat="46.13874" lon="12.21521"><ele>387</ele></trkpt>
      <trkpt lat="46.13874" lon="12.21525"><ele>387</ele></trkpt>
      <trkpt lat="46.13875" lon="12.21538"><ele>388</ele></trkpt>
      <trkpt lat="46.13877" lon="12.21545"><ele>388</ele></trkpt>
      <trkpt lat="46.13911" lon="12.21643"><ele>388</ele></trkpt>
      <trkpt lat="46.13909" lon="12.21644"><ele>388</ele></trkpt>
      <trkpt lat="46.13910" lon="12.21647"><ele>388</ele></trkpt>
      <trkpt lat="46.13916" lon="12.21667"><ele>387</ele></trkpt>
    </trkseg>
  </trk>
</gpx>
