<?xml version="1.0" encoding="UTF-8"?>
<gpx version="1.1" creator="dolomites-trip" xmlns="http://www.topografix.com/GPX/1/1">
  <metadata><name>День 4: Feltre → Borgo-Valsugana</name></metadata>
  <trk>
    <name>День 4: Feltre → Borgo-Valsugana</name>
    <trkseg>
      <trkpt lat="46.01897" lon="11.90799"><ele>290</ele></trkpt>
      <trkpt lat="46.01899" lon="11.90788"><ele>287</ele></trkpt>
      <trkpt lat="46.01902" lon="11.90761"><ele>281</ele></trkpt>
      <trkpt lat="46.01909" lon="11.90777"><ele>280</ele></trkpt>
      <trkpt lat="46.01927" lon="11.90819"><ele>279</ele></trkpt>
      <trkpt lat="46.01978" lon="11.90996"><ele>281</ele></trkpt>
      <trkpt lat="46.01994" lon="11.91052"><ele>280</ele></trkpt>
      <trkpt lat="46.01997" lon="11.91052"><ele>280</ele></trkpt>
      <trkpt lat="46.02001" lon="11.91050"><ele>279</ele></trkpt>
      <trkpt lat="46.02006" lon="11.91049"><ele>278</ele></trkpt>
      <trkpt lat="46.02011" lon="11.91051"><ele>277</ele></trkpt>
      <trkpt lat="46.02014" lon="11.91055"><ele>277</ele></trkpt>
      <trkpt lat="46.02018" lon="11.91064"><ele>276</ele></trkpt>
      <trkpt lat="46.02022" lon="11.91085"><ele>276</ele></trkpt>
      <trkpt lat="46.02027" lon="11.91121"><ele>278</ele></trkpt>
      <trkpt lat="46.02030" lon="11.91134"><ele>279</ele></trkpt>
      <trkpt lat="46.02036" lon="11.91176"><ele>280</ele></trkpt>
      <trkpt lat="46.02039" lon="11.91188"><ele>280</ele></trkpt>
      <trkpt lat="46.02050" lon="11.91205"><ele>279</ele></trkpt>
      <trkpt lat="46.02058" lon="11.91241"><ele>281</ele></trkpt>
      <trkpt lat="46.02061" lon="11.91257"><ele>281</ele></trkpt>
      <trkpt lat="46.02047" lon="11.91273"><ele>284</ele></trkpt>
      <trkpt lat="46.02040" lon="11.91283"><ele>284</ele></trkpt>
      <trkpt lat="46.02030" lon="11.91310"><ele>285</ele></trkpt>
      <trkpt lat="46.02021" lon="11.91311"><ele>286</ele></trkpt>
      <trkpt lat="46.02012" lon="11.91322"><ele>286</ele></trkpt>
      <trkpt lat="46.02004" lon="11.91335"><ele>284</ele></trkpt>
      <trkpt lat="46.01999" lon="11.91349"><ele>284</ele></trkpt>
      <trkpt lat="46.01997" lon="11.91356"><ele>283</ele></trkpt>
      <trkpt lat="46.01994" lon="11.91367"><ele>282</ele></trkpt>
      <trkpt lat="46.01991" lon="11.91370"><ele>282</ele></trkpt>
      <trkpt lat="46.01989" lon="11.91371"><ele>282</ele></trkpt>
      <trkpt lat="46.01977" lon="11.91370"><ele>282</ele></trkpt>
      <trkpt lat="46.01966" lon="11.91367"><ele>281</ele></trkpt>
      <trkpt lat="46.01954" lon="11.91362"><ele>280</ele></trkpt>
      <trkpt lat="46.01924" lon="11.91339"><ele>281</ele></trkpt>
      <trkpt lat="46.01898" lon="11.91319"><ele>281</ele></trkpt>
      <trkpt lat="46.01873" lon="11.91292"><ele>283</ele></trkpt>
      <trkpt lat="46.01829" lon="11.91229"><ele>286</ele></trkpt>
      <trkpt lat="46.01754" lon="11.91106"><ele>278</ele></trkpt>
      <trkpt lat="46.01739" lon="11.91080"><ele>276</ele></trkpt>
      <trkpt lat="46.01736" lon="11.91070"><ele>276</ele></trkpt>
      <trkpt lat="46.01736" lon="11.91060"><ele>276</ele></trkpt>
      <trkpt lat="46.01732" lon="11.91033"><ele>276</ele></trkpt>
      <trkpt lat="46.01730" lon="11.91005"><ele>276</ele></trkpt>
      <trkpt lat="46.01729" lon="11.90996"><ele>276</ele></trkpt>
      <trkpt lat="46.01720" lon="11.90889"><ele>274</ele></trkpt>
      <trkpt lat="46.01719" lon="11.90883"><ele>273</ele></trkpt>
      <trkpt lat="46.01713" lon="11.90819"><ele>274</ele></trkpt>
      <trkpt lat="46.01709" lon="11.90791"><ele>272</ele></trkpt>
      <trkpt lat="46.01699" lon="11.90732"><ele>270</ele></trkpt>
      <trkpt lat="46.01692" lon="11.90703"><ele>269</ele></trkpt>
      <trkpt lat="46.01681" lon="11.90660"><ele>268</ele></trkpt>
      <trkpt lat="46.01676" lon="11.90642"><ele>268</ele></trkpt>
      <trkpt lat="46.01674" lon="11.90636"><ele>268</ele></trkpt>
      <trkpt lat="46.01671" lon="11.90633"><ele>268</ele></trkpt>
      <trkpt lat="46.01671" lon="11.90626"><ele>268</ele></trkpt>
      <trkpt lat="46.01665" lon="11.90601"><ele>268</ele></trkpt>
      <trkpt lat="46.01664" lon="11.90597"><ele>268</ele></trkpt>
      <trkpt lat="46.01659" lon="11.90584"><ele>267</ele></trkpt>
      <trkpt lat="46.01656" lon="11.90578"><ele>267</ele></trkpt>
      <trkpt lat="46.01652" lon="11.90570"><ele>267</ele></trkpt>
      <trkpt lat="46.01650" lon="11.90546"><ele>267</ele></trkpt>
      <trkpt lat="46.01649" lon="11.90532"><ele>266</ele></trkpt>
      <trkpt lat="46.01650" lon="11.90502"><ele>265</ele></trkpt>
      <trkpt lat="46.01650" lon="11.90498"><ele>265</ele></trkpt>
      <trkpt lat="46.01651" lon="11.90492"><ele>264</ele></trkpt>
      <trkpt lat="46.01655" lon="11.90465"><ele>264</ele></trkpt>
      <trkpt lat="46.01657" lon="11.90463"><ele>264</ele></trkpt>
      <trkpt lat="46.01667" lon="11.90446"><ele>264</ele></trkpt>
      <trkpt lat="46.01655" lon="11.90424"><ele>264</ele></trkpt>
      <trkpt lat="46.01642" lon="11.90408"><ele>265</ele></trkpt>
      <trkpt lat="46.01618" lon="11.90388"><ele>265</ele></trkpt>
      <trkpt lat="46.01611" lon="11.90382"><ele>265</ele></trkpt>
      <trkpt lat="46.01610" lon="11.90358"><ele>266</ele></trkpt>
      <trkpt lat="46.01608" lon="11.90347"><ele>266</ele></trkpt>
      <trkpt lat="46.01601" lon="11.90329"><ele>266</ele></trkpt>
      <trkpt lat="46.01597" lon="11.90317"><ele>266</ele></trkpt>
      <trkpt lat="46.01587" lon="11.90306"><ele>266</ele></trkpt>
      <trkpt lat="46.01579" lon="11.90301"><ele>266</ele></trkpt>
      <trkpt lat="46.01567" lon="11.90296"><ele>265</ele></trkpt>
      <trkpt lat="46.01562" lon="11.90295"><ele>265</ele></trkpt>
      <trkpt lat="46.01564" lon="11.90288"><ele>264</ele></trkpt>
      <trkpt lat="46.01568" lon="11.90256"><ele>265</ele></trkpt>
      <trkpt lat="46.01570" lon="11.90244"><ele>266</ele></trkpt>
      <trkpt lat="46.01575" lon="11.90212"><ele>266</ele></trkpt>
      <trkpt lat="46.01575" lon="11.90208"><ele>266</ele></trkpt>
      <trkpt lat="46.01575" lon="11.90203"><ele>266</ele></trkpt>
      <trkpt lat="46.01565" lon="11.90184"><ele>265</ele></trkpt>
      <trkpt lat="46.01541" lon="11.90130"><ele>264</ele></trkpt>
      <trkpt lat="46.01535" lon="11.90115"><ele>264</ele></trkpt>
      <trkpt lat="46.01503" lon="11.90063"><ele>264</ele></trkpt>
      <trkpt lat="46.01481" lon="11.90016"><ele>263</ele></trkpt>
      <trkpt lat="46.01467" lon="11.89982"><ele>263</ele></trkpt>
      <trkpt lat="46.01450" lon="11.89978"><ele>262</ele></trkpt>
      <trkpt lat="46.01342" lon="11.89974"><ele>261</ele></trkpt>
      <trkpt lat="46.01305" lon="11.89984"><ele>260</ele></trkpt>
      <trkpt lat="46.01293" lon="11.89986"><ele>260</ele></trkpt>
      <trkpt lat="46.01284" lon="11.89985"><ele>260</ele></trkpt>
      <trkpt lat="46.01262" lon="11.89983"><ele>261</ele></trkpt>
      <trkpt lat="46.01254" lon="11.89981"><ele>261</ele></trkpt>
      <trkpt lat="46.01237" lon="11.89975"><ele>262</ele></trkpt>
      <trkpt lat="46.01225" lon="11.89968"><ele>262</ele></trkpt>
      <trkpt lat="46.01222" lon="11.89965"><ele>262</ele></trkpt>
      <trkpt lat="46.01224" lon="11.89961"><ele>262</ele></trkpt>
      <trkpt lat="46.01225" lon="11.89955"><ele>262</ele></trkpt>
      <trkpt lat="46.01224" lon="11.89949"><ele>262</ele></trkpt>
      <trkpt lat="46.01222" lon="11.89945"><ele>263</ele></trkpt>
      <trkpt lat="46.01225" lon="11.89915"><ele>264</ele></trkpt>
      <trkpt lat="46.01230" lon="11.89819"><ele>264</ele></trkpt>
      <trkpt lat="46.01228" lon="11.89784"><ele>264</ele></trkpt>
      <trkpt lat="46.01223" lon="11.89740"><ele>264</ele></trkpt>
      <trkpt lat="46.01200" lon="11.89589"><ele>266</ele></trkpt>
      <trkpt lat="46.01198" lon="11.89498"><ele>266</ele></trkpt>
      <trkpt lat="46.01189" lon="11.89419"><ele>266</ele></trkpt>
      <trkpt lat="46.01161" lon="11.89302"><ele>268</ele></trkpt>
      <trkpt lat="46.01158" lon="11.89294"><ele>268</ele></trkpt>
      <trkpt lat="46.01133" lon="11.89272"><ele>273</ele></trkpt>
      <trkpt lat="46.01128" lon="11.89263"><ele>274</ele></trkpt>
      <trkpt lat="46.01111" lon="11.89186"><ele>272</ele></trkpt>
      <trkpt lat="46.01088" lon="11.89112"><ele>272</ele></trkpt>
      <trkpt lat="46.01040" lon="11.89003"><ele>274</ele></trkpt>
      <trkpt lat="46.00965" lon="11.88836"><ele>273</ele></trkpt>
      <trkpt lat="46.00911" lon="11.88736"><ele>276</ele></trkpt>
      <trkpt lat="46.00840" lon="11.88585"><ele>277</ele></trkpt>
      <trkpt lat="46.00780" lon="11.88405"><ele>279</ele></trkpt>
      <trkpt lat="46.00753" lon="11.88312"><ele>277</ele></trkpt>
      <trkpt lat="46.00740" lon="11.88272"><ele>278</ele></trkpt>
      <trkpt lat="46.00696" lon="11.88166"><ele>278</ele></trkpt>
      <trkpt lat="46.00658" lon="11.88078"><ele>280</ele></trkpt>
      <trkpt lat="46.00522" lon="11.87810"><ele>284</ele></trkpt>
      <trkpt lat="46.00503" lon="11.87776"><ele>286</ele></trkpt>
      <trkpt lat="46.00486" lon="11.87736"><ele>287</ele></trkpt>
      <trkpt lat="46.00407" lon="11.87519"><ele>292</ele></trkpt>
      <trkpt lat="46.00381" lon="11.87429"><ele>294</ele></trkpt>
      <trkpt lat="46.00332" lon="11.87234"><ele>298</ele></trkpt>
      <trkpt lat="46.00322" lon="11.87201"><ele>298</ele></trkpt>
      <trkpt lat="46.00309" lon="11.87166"><ele>298</ele></trkpt>
      <trkpt lat="46.00285" lon="11.87115"><ele>300</ele></trkpt>
      <trkpt lat="46.00245" lon="11.87030"><ele>304</ele></trkpt>
      <trkpt lat="46.00124" lon="11.86774"><ele>313</ele></trkpt>
      <trkpt lat="46.00115" lon="11.86751"><ele>314</ele></trkpt>
      <trkpt lat="46.00106" lon="11.86726"><ele>314</ele></trkpt>
      <trkpt lat="46.00099" lon="11.86691"><ele>316</ele></trkpt>
      <trkpt lat="46.00085" lon="11.86596"><ele>318</ele></trkpt>
      <trkpt lat="46.00078" lon="11.86571"><ele>319</ele></trkpt>
      <trkpt lat="46.00067" lon="11.86539"><ele>320</ele></trkpt>
      <trkpt lat="46.00052" lon="11.86513"><ele>322</ele></trkpt>
      <trkpt lat="46.00035" lon="11.86491"><ele>322</ele></trkpt>
      <trkpt lat="45.99968" lon="11.86429"><ele>326</ele></trkpt>
      <trkpt lat="45.99965" lon="11.86425"><ele>327</ele></trkpt>
      <trkpt lat="45.99958" lon="11.86417"><ele>328</ele></trkpt>
      <trkpt lat="45.99946" lon="11.86400"><ele>328</ele></trkpt>
      <trkpt lat="45.99935" lon="11.86381"><ele>329</ele></trkpt>
      <trkpt lat="45.99888" lon="11.86277"><ele>333</ele></trkpt>
      <trkpt lat="45.99881" lon="11.86260"><ele>332</ele></trkpt>
      <trkpt lat="45.99876" lon="11.86250"><ele>332</ele></trkpt>
      <trkpt lat="45.99873" lon="11.86242"><ele>332</ele></trkpt>
      <trkpt lat="45.99834" lon="11.86156"><ele>331</ele></trkpt>
      <trkpt lat="45.99780" lon="11.86039"><ele>327</ele></trkpt>
      <trkpt lat="45.99743" lon="11.85976"><ele>325</ele></trkpt>
      <trkpt lat="45.99736" lon="11.85965"><ele>325</ele></trkpt>
      <trkpt lat="45.99726" lon="11.85948"><ele>324</ele></trkpt>
      <trkpt lat="45.99704" lon="11.85922"><ele>324</ele></trkpt>
      <trkpt lat="45.99697" lon="11.85914"><ele>324</ele></trkpt>
      <trkpt lat="45.99690" lon="11.85900"><ele>325</ele></trkpt>
      <trkpt lat="45.99671" lon="11.85851"><ele>324</ele></trkpt>
      <trkpt lat="45.99657" lon="11.85823"><ele>323</ele></trkpt>
      <trkpt lat="45.99641" lon="11.85793"><ele>322</ele></trkpt>
      <trkpt lat="45.99634" lon="11.85772"><ele>322</ele></trkpt>
      <trkpt lat="45.99630" lon="11.85739"><ele>321</ele></trkpt>
      <trkpt lat="45.99630" lon="11.85730"><ele>320</ele></trkpt>
      <trkpt lat="45.99628" lon="11.85715"><ele>320</ele></trkpt>
      <trkpt lat="45.99629" lon="11.85710"><ele>320</ele></trkpt>
      <trkpt lat="45.99632" lon="11.85630"><ele>318</ele></trkpt>
      <trkpt lat="45.99632" lon="11.85489"><ele>314</ele></trkpt>
      <trkpt lat="45.99631" lon="11.85467"><ele>314</ele></trkpt>
      <trkpt lat="45.99629" lon="11.85430"><ele>314</ele></trkpt>
      <trkpt lat="45.99627" lon="11.85420"><ele>314</ele></trkpt>
      <trkpt lat="45.99625" lon="11.85410"><ele>314</ele></trkpt>
      <trkpt lat="45.99620" lon="11.85393"><ele>314</ele></trkpt>
      <trkpt lat="45.99556" lon="11.85270"><ele>317</ele></trkpt>
      <trkpt lat="45.99523" lon="11.85206"><ele>318</ele></trkpt>
      <trkpt lat="45.99507" lon="11.85181"><ele>319</ele></trkpt>
      <trkpt lat="45.99493" lon="11.85163"><ele>319</ele></trkpt>
      <trkpt lat="45.99483" lon="11.85153"><ele>319</ele></trkpt>
      <trkpt lat="45.99470" lon="11.85140"><ele>320</ele></trkpt>
      <trkpt lat="45.99417" lon="11.85103"><ele>322</ele></trkpt>
      <trkpt lat="45.99408" lon="11.85095"><ele>322</ele></trkpt>
      <trkpt lat="45.99402" lon="11.85087"><ele>322</ele></trkpt>
      <trkpt lat="45.99396" lon="11.85078"><ele>323</ele></trkpt>
      <trkpt lat="45.99390" lon="11.85063"><ele>324</ele></trkpt>
      <trkpt lat="45.99382" lon="11.85023"><ele>325</ele></trkpt>
      <trkpt lat="45.99366" lon="11.84951"><ele>328</ele></trkpt>
      <trkpt lat="45.99361" lon="11.84928"><ele>330</ele></trkpt>
      <trkpt lat="45.99354" lon="11.84908"><ele>330</ele></trkpt>
      <trkpt lat="45.99339" lon="11.84870"><ele>331</ele></trkpt>
      <trkpt lat="45.99335" lon="11.84863"><ele>331</ele></trkpt>
      <trkpt lat="45.99324" lon="11.84841"><ele>331</ele></trkpt>
      <trkpt lat="45.99316" lon="11.84826"><ele>331</ele></trkpt>
      <trkpt lat="45.99309" lon="11.84816"><ele>330</ele></trkpt>
      <trkpt lat="45.99321" lon="11.84806"><ele>329</ele></trkpt>
      <trkpt lat="45.99343" lon="11.84801"><ele>328</ele></trkpt>
      <trkpt lat="45.99348" lon="11.84798"><ele>328</ele></trkpt>
      <trkpt lat="45.99357" lon="11.84787"><ele>328</ele></trkpt>
      <trkpt lat="45.99371" lon="11.84739"><ele>326</ele></trkpt>
      <trkpt lat="45.99378" lon="11.84700"><ele>327</ele></trkpt>
      <trkpt lat="45.99378" lon="11.84692"><ele>327</ele></trkpt>
      <trkpt lat="45.99379" lon="11.84662"><ele>328</ele></trkpt>
      <trkpt lat="45.99376" lon="11.84647"><ele>329</ele></trkpt>
      <trkpt lat="45.99370" lon="11.84614"><ele>330</ele></trkpt>
      <trkpt lat="45.99368" lon="11.84604"><ele>330</ele></trkpt>
      <trkpt lat="45.99370" lon="11.84592"><ele>330</ele></trkpt>
      <trkpt lat="45.99371" lon="11.84587"><ele>330</ele></trkpt>
      <trkpt lat="45.99374" lon="11.84581"><ele>330</ele></trkpt>
      <trkpt lat="45.99384" lon="11.84572"><ele>330</ele></trkpt>
      <trkpt lat="45.99399" lon="11.84554"><ele>330</ele></trkpt>
      <trkpt lat="45.99404" lon="11.84542"><ele>330</ele></trkpt>
      <trkpt lat="45.99407" lon="11.84530"><ele>330</ele></trkpt>
      <trkpt lat="45.99408" lon="11.84509"><ele>330</ele></trkpt>
      <trkpt lat="45.99406" lon="11.84497"><ele>330</ele></trkpt>
      <trkpt lat="45.99398" lon="11.84460"><ele>330</ele></trkpt>
      <trkpt lat="45.99390" lon="11.84409"><ele>331</ele></trkpt>
      <trkpt lat="45.99389" lon="11.84396"><ele>331</ele></trkpt>
      <trkpt lat="45.99391" lon="11.84314"><ele>331</ele></trkpt>
      <trkpt lat="45.99394" lon="11.84262"><ele>332</ele></trkpt>
      <trkpt lat="45.99385" lon="11.84207"><ele>332</ele></trkpt>
      <trkpt lat="45.99372" lon="11.84137"><ele>333</ele></trkpt>
      <trkpt lat="45.99372" lon="11.84086"><ele>333</ele></trkpt>
      <trkpt lat="45.99368" lon="11.84071"><ele>333</ele></trkpt>
      <trkpt lat="45.99333" lon="11.83994"><ele>334</ele></trkpt>
      <trkpt lat="45.99325" lon="11.83983"><ele>334</ele></trkpt>
      <trkpt lat="45.99268" lon="11.83928"><ele>335</ele></trkpt>
      <trkpt lat="45.99263" lon="11.83920"><ele>335</ele></trkpt>
      <trkpt lat="45.99251" lon="11.83888"><ele>335</ele></trkpt>
      <trkpt lat="45.99238" lon="11.83842"><ele>338</ele></trkpt>
      <trkpt lat="45.99235" lon="11.83821"><ele>338</ele></trkpt>
      <trkpt lat="45.99233" lon="11.83818"><ele>338</ele></trkpt>
      <trkpt lat="45.99235" lon="11.83815"><ele>338</ele></trkpt>
      <trkpt lat="45.99238" lon="11.83813"><ele>338</ele></trkpt>
      <trkpt lat="45.99243" lon="11.83804"><ele>338</ele></trkpt>
      <trkpt lat="45.99243" lon="11.83801"><ele>338</ele></trkpt>
      <trkpt lat="45.99240" lon="11.83797"><ele>338</ele></trkpt>
      <trkpt lat="45.99228" lon="11.83795"><ele>338</ele></trkpt>
      <trkpt lat="45.99224" lon="11.83795"><ele>339</ele></trkpt>
      <trkpt lat="45.99214" lon="11.83788"><ele>340</ele></trkpt>
      <trkpt lat="45.99214" lon="11.83785"><ele>340</ele></trkpt>
      <trkpt lat="45.99226" lon="11.83690"><ele>341</ele></trkpt>
      <trkpt lat="45.99238" lon="11.83668"><ele>341</ele></trkpt>
      <trkpt lat="45.99247" lon="11.83661"><ele>341</ele></trkpt>
      <trkpt lat="45.99255" lon="11.83657"><ele>340</ele></trkpt>
      <trkpt lat="45.99272" lon="11.83654"><ele>340</ele></trkpt>
      <trkpt lat="45.99281" lon="11.83654"><ele>340</ele></trkpt>
      <trkpt lat="45.99289" lon="11.83658"><ele>340</ele></trkpt>
      <trkpt lat="45.99296" lon="11.83653"><ele>340</ele></trkpt>
      <trkpt lat="45.99303" lon="11.83654"><ele>339</ele></trkpt>
      <trkpt lat="45.99321" lon="11.83662"><ele>337</ele></trkpt>
      <trkpt lat="45.99359" lon="11.83676"><ele>335</ele></trkpt>
      <trkpt lat="45.99378" lon="11.83665"><ele>334</ele></trkpt>
      <trkpt lat="45.99389" lon="11.83654"><ele>334</ele></trkpt>
      <trkpt lat="45.99399" lon="11.83649"><ele>334</ele></trkpt>
      <trkpt lat="45.99407" lon="11.83648"><ele>334</ele></trkpt>
      <trkpt lat="45.99422" lon="11.83648"><ele>334</ele></trkpt>
      <trkpt lat="45.99432" lon="11.83652"><ele>334</ele></trkpt>
      <trkpt lat="45.99438" lon="11.83642"><ele>334</ele></trkpt>
      <trkpt lat="45.99443" lon="11.83628"><ele>334</ele></trkpt>
      <trkpt lat="45.99446" lon="11.83609"><ele>334</ele></trkpt>
      <trkpt lat="45.99443" lon="11.83604"><ele>334</ele></trkpt>
      <trkpt lat="45.99443" lon="11.83597"><ele>334</ele></trkpt>
      <trkpt lat="45.99448" lon="11.83580"><ele>334</ele></trkpt>
      <trkpt lat="45.99453" lon="11.83569"><ele>334</ele></trkpt>
      <trkpt lat="45.99506" lon="11.83579"><ele>333</ele></trkpt>
      <trkpt lat="45.99508" lon="11.83562"><ele>332</ele></trkpt>
      <trkpt lat="45.99511" lon="11.83538"><ele>332</ele></trkpt>
      <trkpt lat="45.99518" lon="11.83517"><ele>332</ele></trkpt>
      <trkpt lat="45.99531" lon="11.83483"><ele>332</ele></trkpt>
      <trkpt lat="45.99543" lon="11.83461"><ele>332</ele></trkpt>
      <trkpt lat="45.99566" lon="11.83432"><ele>330</ele></trkpt>
      <trkpt lat="45.99580" lon="11.83410"><ele>330</ele></trkpt>
      <trkpt lat="45.99592" lon="11.83391"><ele>330</ele></trkpt>
      <trkpt lat="45.99611" lon="11.83368"><ele>330</ele></trkpt>
      <trkpt lat="45.99626" lon="11.83347"><ele>329</ele></trkpt>
      <trkpt lat="45.99629" lon="11.83340"><ele>329</ele></trkpt>
      <trkpt lat="45.99640" lon="11.83316"><ele>329</ele></trkpt>
      <trkpt lat="45.99668" lon="11.83269"><ele>328</ele></trkpt>
      <trkpt lat="45.99676" lon="11.83244"><ele>328</ele></trkpt>
      <trkpt lat="45.99685" lon="11.83223"><ele>328</ele></trkpt>
      <trkpt lat="45.99695" lon="11.83208"><ele>328</ele></trkpt>
      <trkpt lat="45.99727" lon="11.83172"><ele>327</ele></trkpt>
      <trkpt lat="45.99742" lon="11.83140"><ele>326</ele></trkpt>
      <trkpt lat="45.99759" lon="11.83114"><ele>326</ele></trkpt>
      <trkpt lat="45.99783" lon="11.83083"><ele>325</ele></trkpt>
      <trkpt lat="45.99784" lon="11.83064"><ele>325</ele></trkpt>
      <trkpt lat="45.99783" lon="11.83038"><ele>325</ele></trkpt>
      <trkpt lat="45.99782" lon="11.83020"><ele>324</ele></trkpt>
      <trkpt lat="45.99783" lon="11.82999"><ele>324</ele></trkpt>
      <trkpt lat="45.99787" lon="11.82982"><ele>324</ele></trkpt>
      <trkpt lat="45.99800" lon="11.82943"><ele>323</ele></trkpt>
      <trkpt lat="45.99814" lon="11.82873"><ele>322</ele></trkpt>
      <trkpt lat="45.99831" lon="11.82818"><ele>322</ele></trkpt>
      <trkpt lat="45.99846" lon="11.82791"><ele>322</ele></trkpt>
      <trkpt lat="45.99852" lon="11.82759"><ele>321</ele></trkpt>
      <trkpt lat="45.99864" lon="11.82739"><ele>320</ele></trkpt>
      <trkpt lat="45.99884" lon="11.82712"><ele>320</ele></trkpt>
      <trkpt lat="45.99891" lon="11.82692"><ele>319</ele></trkpt>
      <trkpt lat="45.99900" lon="11.82657"><ele>318</ele></trkpt>
      <trkpt lat="45.99915" lon="11.82628"><ele>318</ele></trkpt>
      <trkpt lat="45.99930" lon="11.82605"><ele>317</ele></trkpt>
      <trkpt lat="45.99940" lon="11.82584"><ele>317</ele></trkpt>
      <trkpt lat="45.99952" lon="11.82571"><ele>316</ele></trkpt>
      <trkpt lat="45.99961" lon="11.82526"><ele>316</ele></trkpt>
      <trkpt lat="45.99972" lon="11.82500"><ele>316</ele></trkpt>
      <trkpt lat="45.99991" lon="11.82466"><ele>315</ele></trkpt>
      <trkpt lat="45.99999" lon="11.82432"><ele>315</ele></trkpt>
      <trkpt lat="45.99999" lon="11.82407"><ele>315</ele></trkpt>
      <trkpt lat="46.00007" lon="11.82383"><ele>314</ele></trkpt>
      <trkpt lat="46.00018" lon="11.82356"><ele>314</ele></trkpt>
      <trkpt lat="46.00026" lon="11.82326"><ele>314</ele></trkpt>
      <trkpt lat="46.00040" lon="11.82308"><ele>313</ele></trkpt>
      <trkpt lat="46.00046" lon="11.82290"><ele>313</ele></trkpt>
      <trkpt lat="46.00045" lon="11.82279"><ele>313</ele></trkpt>
      <trkpt lat="46.00039" lon="11.82257"><ele>314</ele></trkpt>
      <trkpt lat="46.00040" lon="11.82230"><ele>314</ele></trkpt>
      <trkpt lat="46.00050" lon="11.82201"><ele>314</ele></trkpt>
      <trkpt lat="46.00049" lon="11.82180"><ele>314</ele></trkpt>
      <trkpt lat="46.00052" lon="11.82150"><ele>315</ele></trkpt>
      <trkpt lat="46.00068" lon="11.82109"><ele>314</ele></trkpt>
      <trkpt lat="46.00075" lon="11.82090"><ele>315</ele></trkpt>
      <trkpt lat="46.00082" lon="11.82079"><ele>314</ele></trkpt>
      <trkpt lat="46.00086" lon="11.82074"><ele>314</ele></trkpt>
      <trkpt lat="46.00091" lon="11.82068"><ele>313</ele></trkpt>
      <trkpt lat="46.00102" lon="11.82026"><ele>312</ele></trkpt>
      <trkpt lat="46.00102" lon="11.82004"><ele>312</ele></trkpt>
      <trkpt lat="46.00099" lon="11.81978"><ele>311</ele></trkpt>
      <trkpt lat="46.00097" lon="11.81943"><ele>311</ele></trkpt>
      <trkpt lat="46.00101" lon="11.81915"><ele>310</ele></trkpt>
      <trkpt lat="46.00114" lon="11.81860"><ele>308</ele></trkpt>
      <trkpt lat="46.00110" lon="11.81839"><ele>308</ele></trkpt>
      <trkpt lat="46.00108" lon="11.81804"><ele>307</ele></trkpt>
      <trkpt lat="46.00110" lon="11.81782"><ele>307</ele></trkpt>
      <trkpt lat="46.00117" lon="11.81741"><ele>307</ele></trkpt>
      <trkpt lat="46.00120" lon="11.81708"><ele>306</ele></trkpt>
      <trkpt lat="46.00123" lon="11.81655"><ele>306</ele></trkpt>
      <trkpt lat="46.00121" lon="11.81612"><ele>306</ele></trkpt>
      <trkpt lat="46.00114" lon="11.81518"><ele>305</ele></trkpt>
      <trkpt lat="46.00114" lon="11.81487"><ele>304</ele></trkpt>
      <trkpt lat="46.00117" lon="11.81467"><ele>303</ele></trkpt>
      <trkpt lat="46.00122" lon="11.81428"><ele>303</ele></trkpt>
      <trkpt lat="46.00128" lon="11.81398"><ele>302</ele></trkpt>
      <trkpt lat="46.00128" lon="11.81380"><ele>302</ele></trkpt>
      <trkpt lat="46.00107" lon="11.81348"><ele>303</ele></trkpt>
      <trkpt lat="46.00097" lon="11.81327"><ele>304</ele></trkpt>
      <trkpt lat="46.00093" lon="11.81302"><ele>304</ele></trkpt>
      <trkpt lat="46.00091" lon="11.81273"><ele>303</ele></trkpt>
      <trkpt lat="46.00095" lon="11.81230"><ele>302</ele></trkpt>
      <trkpt lat="46.00094" lon="11.81207"><ele>300</ele></trkpt>
      <trkpt lat="46.00087" lon="11.81175"><ele>299</ele></trkpt>
      <trkpt lat="46.00076" lon="11.81139"><ele>299</ele></trkpt>
      <trkpt lat="46.00062" lon="11.81118"><ele>300</ele></trkpt>
      <trkpt lat="46.00050" lon="11.81098"><ele>301</ele></trkpt>
      <trkpt lat="46.00046" lon="11.81074"><ele>300</ele></trkpt>
      <trkpt lat="46.00040" lon="11.81058"><ele>302</ele></trkpt>
      <trkpt lat="46.00033" lon="11.81014"><ele>300</ele></trkpt>
      <trkpt lat="46.00031" lon="11.80983"><ele>299</ele></trkpt>
      <trkpt lat="46.00029" lon="11.80958"><ele>298</ele></trkpt>
      <trkpt lat="46.00027" lon="11.80893"><ele>296</ele></trkpt>
      <trkpt lat="46.00026" lon="11.80852"><ele>296</ele></trkpt>
      <trkpt lat="46.00026" lon="11.80789"><ele>297</ele></trkpt>
      <trkpt lat="46.00026" lon="11.80738"><ele>298</ele></trkpt>
      <trkpt lat="46.00038" lon="11.80675"><ele>297</ele></trkpt>
      <trkpt lat="46.00048" lon="11.80638"><ele>296</ele></trkpt>
      <trkpt lat="46.00058" lon="11.80609"><ele>296</ele></trkpt>
      <trkpt lat="46.00072" lon="11.80583"><ele>297</ele></trkpt>
      <trkpt lat="46.00080" lon="11.80579"><ele>296</ele></trkpt>
      <trkpt lat="46.00089" lon="11.80579"><ele>295</ele></trkpt>
      <trkpt lat="46.00108" lon="11.80586"><ele>295</ele></trkpt>
      <trkpt lat="46.00126" lon="11.80590"><ele>294</ele></trkpt>
      <trkpt lat="46.00145" lon="11.80592"><ele>294</ele></trkpt>
      <trkpt lat="46.00182" lon="11.80600"><ele>294</ele></trkpt>
      <trkpt lat="46.00211" lon="11.80608"><ele>295</ele></trkpt>
      <trkpt lat="46.00229" lon="11.80607"><ele>295</ele></trkpt>
      <trkpt lat="46.00242" lon="11.80603"><ele>295</ele></trkpt>
      <trkpt lat="46.00259" lon="11.80592"><ele>296</ele></trkpt>
      <trkpt lat="46.00253" lon="11.80573"><ele>294</ele></trkpt>
      <trkpt lat="46.00251" lon="11.80532"><ele>294</ele></trkpt>
      <trkpt lat="46.00239" lon="11.80466"><ele>293</ele></trkpt>
      <trkpt lat="46.00230" lon="11.80411"><ele>292</ele></trkpt>
      <trkpt lat="46.00205" lon="11.80324"><ele>293</ele></trkpt>
      <trkpt lat="46.00190" lon="11.80293"><ele>293</ele></trkpt>
      <trkpt lat="46.00174" lon="11.80249"><ele>293</ele></trkpt>
      <trkpt lat="46.00163" lon="11.80203"><ele>293</ele></trkpt>
      <trkpt lat="46.00161" lon="11.80167"><ele>294</ele></trkpt>
      <trkpt lat="46.00217" lon="11.80163"><ele>293</ele></trkpt>
      <trkpt lat="46.00259" lon="11.80161"><ele>293</ele></trkpt>
      <trkpt lat="46.00297" lon="11.80150"><ele>294</ele></trkpt>
      <trkpt lat="46.00338" lon="11.80149"><ele>294</ele></trkpt>
      <trkpt lat="46.00407" lon="11.80170"><ele>294</ele></trkpt>
      <trkpt lat="46.00433" lon="11.80174"><ele>295</ele></trkpt>
      <trkpt lat="46.00461" lon="11.80171"><ele>295</ele></trkpt>
      <trkpt lat="46.00481" lon="11.80179"><ele>295</ele></trkpt>
      <trkpt lat="46.00518" lon="11.80213"><ele>296</ele></trkpt>
      <trkpt lat="46.00541" lon="11.80247"><ele>297</ele></trkpt>
      <trkpt lat="46.00545" lon="11.80251"><ele>297</ele></trkpt>
      <trkpt lat="46.00580" lon="11.80288"><ele>297</ele></trkpt>
      <trkpt lat="46.00591" lon="11.80309"><ele>297</ele></trkpt>
      <trkpt lat="46.00595" lon="11.80316"><ele>297</ele></trkpt>
      <trkpt lat="46.00603" lon="11.80329"><ele>297</ele></trkpt>
      <trkpt lat="46.00619" lon="11.80362"><ele>297</ele></trkpt>
      <trkpt lat="46.00625" lon="11.80368"><ele>297</ele></trkpt>
      <trkpt lat="46.00635" lon="11.80373"><ele>297</ele></trkpt>
      <trkpt lat="46.00641" lon="11.80371"><ele>297</ele></trkpt>
      <trkpt lat="46.00651" lon="11.80364"><ele>297</ele></trkpt>
      <trkpt lat="46.00716" lon="11.80299"><ele>298</ele></trkpt>
      <trkpt lat="46.00728" lon="11.80288"><ele>298</ele></trkpt>
      <trkpt lat="46.00743" lon="11.80283"><ele>298</ele></trkpt>
      <trkpt lat="46.00753" lon="11.80283"><ele>298</ele></trkpt>
      <trkpt lat="46.00784" lon="11.80290"><ele>299</ele></trkpt>
      <trkpt lat="46.00836" lon="11.80307"><ele>299</ele></trkpt>
      <trkpt lat="46.00848" lon="11.80309"><ele>300</ele></trkpt>
      <trkpt lat="46.00863" lon="11.80309"><ele>300</ele></trkpt>
      <trkpt lat="46.00884" lon="11.80305"><ele>300</ele></trkpt>
      <trkpt lat="46.00924" lon="11.80294"><ele>300</ele></trkpt>
      <trkpt lat="46.00968" lon="11.80264"><ele>301</ele></trkpt>
      <trkpt lat="46.00981" lon="11.80249"><ele>301</ele></trkpt>
      <trkpt lat="46.01008" lon="11.80223"><ele>302</ele></trkpt>
      <trkpt lat="46.01031" lon="11.80204"><ele>304</ele></trkpt>
      <trkpt lat="46.01047" lon="11.80196"><ele>304</ele></trkpt>
      <trkpt lat="46.01070" lon="11.80190"><ele>304</ele></trkpt>
      <trkpt lat="46.01088" lon="11.80196"><ele>306</ele></trkpt>
      <trkpt lat="46.01102" lon="11.80204"><ele>307</ele></trkpt>
      <trkpt lat="46.01107" lon="11.80210"><ele>308</ele></trkpt>
      <trkpt lat="46.01117" lon="11.80223"><ele>308</ele></trkpt>
      <trkpt lat="46.01147" lon="11.80256"><ele>309</ele></trkpt>
      <trkpt lat="46.01170" lon="11.80277"><ele>310</ele></trkpt>
      <trkpt lat="46.01201" lon="11.80291"><ele>311</ele></trkpt>
      <trkpt lat="46.01217" lon="11.80292"><ele>312</ele></trkpt>
      <trkpt lat="46.01240" lon="11.80288"><ele>312</ele></trkpt>
      <trkpt lat="46.01268" lon="11.80285"><ele>314</ele></trkpt>
      <trkpt lat="46.01281" lon="11.80285"><ele>315</ele></trkpt>
      <trkpt lat="46.01297" lon="11.80289"><ele>315</ele></trkpt>
      <trkpt lat="46.01321" lon="11.80299"><ele>316</ele></trkpt>
      <trkpt lat="46.01351" lon="11.80309"><ele>316</ele></trkpt>
      <trkpt lat="46.01367" lon="11.80299"><ele>316</ele></trkpt>
      <trkpt lat="46.01391" lon="11.80281"><ele>316</ele></trkpt>
      <trkpt lat="46.01400" lon="11.80273"><ele>316</ele></trkpt>
      <trkpt lat="46.01412" lon="11.80261"><ele>316</ele></trkpt>
      <trkpt lat="46.01440" lon="11.80230"><ele>317</ele></trkpt>
      <trkpt lat="46.01446" lon="11.80225"><ele>317</ele></trkpt>
      <trkpt lat="46.01462" lon="11.80204"><ele>317</ele></trkpt>
      <trkpt lat="46.01470" lon="11.80196"><ele>317</ele></trkpt>
      <trkpt lat="46.01488" lon="11.80184"><ele>317</ele></trkpt>
      <trkpt lat="46.01518" lon="11.80171"><ele>317</ele></trkpt>
      <trkpt lat="46.01542" lon="11.80159"><ele>317</ele></trkpt>
      <trkpt lat="46.01560" lon="11.80141"><ele>318</ele></trkpt>
      <trkpt lat="46.01589" lon="11.80115"><ele>318</ele></trkpt>
      <trkpt lat="46.01611" lon="11.80100"><ele>318</ele></trkpt>
      <trkpt lat="46.01625" lon="11.80096"><ele>319</ele></trkpt>
      <trkpt lat="46.01638" lon="11.80093"><ele>319</ele></trkpt>
      <trkpt lat="46.01674" lon="11.80093"><ele>319</ele></trkpt>
      <trkpt lat="46.01685" lon="11.80099"><ele>319</ele></trkpt>
      <trkpt lat="46.01689" lon="11.80096"><ele>319</ele></trkpt>
      <trkpt lat="46.01695" lon="11.80089"><ele>320</ele></trkpt>
      <trkpt lat="46.01703" lon="11.80077"><ele>320</ele></trkpt>
      <trkpt lat="46.01711" lon="11.80068"><ele>320</ele></trkpt>
      <trkpt lat="46.01732" lon="11.80041"><ele>320</ele></trkpt>
      <trkpt lat="46.01737" lon="11.80039"><ele>320</ele></trkpt>
      <trkpt lat="46.01756" lon="11.80018"><ele>320</ele></trkpt>
      <trkpt lat="46.01774" lon="11.79996"><ele>321</ele></trkpt>
      <trkpt lat="46.01779" lon="11.79971"><ele>321</ele></trkpt>
      <trkpt lat="46.01783" lon="11.79951"><ele>321</ele></trkpt>
      <trkpt lat="46.01762" lon="11.79936"><ele>321</ele></trkpt>
      <trkpt lat="46.01738" lon="11.79913"><ele>321</ele></trkpt>
      <trkpt lat="46.01694" lon="11.79831"><ele>322</ele></trkpt>
      <trkpt lat="46.01676" lon="11.79805"><ele>322</ele></trkpt>
      <trkpt lat="46.01650" lon="11.79776"><ele>323</ele></trkpt>
      <trkpt lat="46.01562" lon="11.79699"><ele>324</ele></trkpt>
      <trkpt lat="46.01532" lon="11.79675"><ele>324</ele></trkpt>
      <trkpt lat="46.01487" lon="11.79588"><ele>324</ele></trkpt>
      <trkpt lat="46.01459" lon="11.79544"><ele>322</ele></trkpt>
      <trkpt lat="46.01441" lon="11.79529"><ele>322</ele></trkpt>
      <trkpt lat="46.01421" lon="11.79521"><ele>320</ele></trkpt>
      <trkpt lat="46.01401" lon="11.79518"><ele>318</ele></trkpt>
      <trkpt lat="46.01375" lon="11.79521"><ele>316</ele></trkpt>
      <trkpt lat="46.01353" lon="11.79530"><ele>315</ele></trkpt>
      <trkpt lat="46.01332" lon="11.79544"><ele>312</ele></trkpt>
      <trkpt lat="46.01319" lon="11.79546"><ele>311</ele></trkpt>
      <trkpt lat="46.01308" lon="11.79541"><ele>310</ele></trkpt>
      <trkpt lat="46.01299" lon="11.79534"><ele>310</ele></trkpt>
      <trkpt lat="46.01250" lon="11.79431"><ele>308</ele></trkpt>
      <trkpt lat="46.01237" lon="11.79403"><ele>306</ele></trkpt>
      <trkpt lat="46.01232" lon="11.79391"><ele>307</ele></trkpt>
      <trkpt lat="46.01234" lon="11.79378"><ele>307</ele></trkpt>
      <trkpt lat="46.01233" lon="11.79371"><ele>307</ele></trkpt>
      <trkpt lat="46.01230" lon="11.79359"><ele>308</ele></trkpt>
      <trkpt lat="46.01227" lon="11.79355"><ele>308</ele></trkpt>
      <trkpt lat="46.01224" lon="11.79352"><ele>308</ele></trkpt>
      <trkpt lat="46.01221" lon="11.79350"><ele>308</ele></trkpt>
      <trkpt lat="46.01212" lon="11.79348"><ele>308</ele></trkpt>
      <trkpt lat="46.01206" lon="11.79349"><ele>309</ele></trkpt>
      <trkpt lat="46.01199" lon="11.79345"><ele>309</ele></trkpt>
      <trkpt lat="46.01187" lon="11.79332"><ele>308</ele></trkpt>
      <trkpt lat="46.01170" lon="11.79310"><ele>308</ele></trkpt>
      <trkpt lat="46.01087" lon="11.79197"><ele>308</ele></trkpt>
      <trkpt lat="46.01035" lon="11.79125"><ele>308</ele></trkpt>
      <trkpt lat="46.01026" lon="11.79115"><ele>308</ele></trkpt>
      <trkpt lat="46.01020" lon="11.79113"><ele>308</ele></trkpt>
      <trkpt lat="46.01018" lon="11.79112"><ele>309</ele></trkpt>
      <trkpt lat="46.01003" lon="11.79121"><ele>308</ele></trkpt>
      <trkpt lat="46.00962" lon="11.79143"><ele>305</ele></trkpt>
      <trkpt lat="46.00944" lon="11.79153"><ele>305</ele></trkpt>
      <trkpt lat="46.00932" lon="11.79179"><ele>304</ele></trkpt>
      <trkpt lat="46.00906" lon="11.79219"><ele>302</ele></trkpt>
      <trkpt lat="46.00888" lon="11.79237"><ele>302</ele></trkpt>
      <trkpt lat="46.00882" lon="11.79248"><ele>302</ele></trkpt>
      <trkpt lat="46.00864" lon="11.79272"><ele>301</ele></trkpt>
      <trkpt lat="46.00841" lon="11.79321"><ele>300</ele></trkpt>
      <trkpt lat="46.00822" lon="11.79341"><ele>298</ele></trkpt>
      <trkpt lat="46.00758" lon="11.79396"><ele>298</ele></trkpt>
      <trkpt lat="46.00692" lon="11.79446"><ele>296</ele></trkpt>
      <trkpt lat="46.00670" lon="11.79457"><ele>296</ele></trkpt>
      <trkpt lat="46.00576" lon="11.79451"><ele>296</ele></trkpt>
      <trkpt lat="46.00498" lon="11.79420"><ele>294</ele></trkpt>
      <trkpt lat="46.00457" lon="11.79421"><ele>294</ele></trkpt>
      <trkpt lat="46.00422" lon="11.79432"><ele>294</ele></trkpt>
      <trkpt lat="46.00312" lon="11.79462"><ele>294</ele></trkpt>
      <trkpt lat="46.00118" lon="11.79573"><ele>290</ele></trkpt>
      <trkpt lat="46.00043" lon="11.79607"><ele>289</ele></trkpt>
      <trkpt lat="45.99970" lon="11.79611"><ele>288</ele></trkpt>
      <trkpt lat="45.99935" lon="11.79607"><ele>288</ele></trkpt>
      <trkpt lat="45.99888" lon="11.79598"><ele>287</ele></trkpt>
      <trkpt lat="45.99840" lon="11.79584"><ele>285</ele></trkpt>
      <trkpt lat="45.99765" lon="11.79550"><ele>286</ele></trkpt>
      <trkpt lat="45.99664" lon="11.79484"><ele>284</ele></trkpt>
      <trkpt lat="45.99608" lon="11.79438"><ele>285</ele></trkpt>
      <trkpt lat="45.99551" lon="11.79384"><ele>284</ele></trkpt>
      <trkpt lat="45.99481" lon="11.79235"><ele>282</ele></trkpt>
      <trkpt lat="45.99345" lon="11.78932"><ele>279</ele></trkpt>
      <trkpt lat="45.99225" lon="11.78681"><ele>279</ele></trkpt>
      <trkpt lat="45.99138" lon="11.78538"><ele>276</ele></trkpt>
      <trkpt lat="45.99084" lon="11.78460"><ele>276</ele></trkpt>
      <trkpt lat="45.98999" lon="11.78351"><ele>274</ele></trkpt>
      <trkpt lat="45.98850" lon="11.78205"><ele>272</ele></trkpt>
      <trkpt lat="45.98606" lon="11.78083"><ele>274</ele></trkpt>
      <trkpt lat="45.98583" lon="11.78101"><ele>275</ele></trkpt>
      <trkpt lat="45.98539" lon="11.78135"><ele>274</ele></trkpt>
      <trkpt lat="45.98523" lon="11.78141"><ele>274</ele></trkpt>
      <trkpt lat="45.98507" lon="11.78142"><ele>274</ele></trkpt>
      <trkpt lat="45.98473" lon="11.78136"><ele>276</ele></trkpt>
      <trkpt lat="45.98460" lon="11.78139"><ele>274</ele></trkpt>
      <trkpt lat="45.98443" lon="11.78147"><ele>273</ele></trkpt>
      <trkpt lat="45.98414" lon="11.78147"><ele>273</ele></trkpt>
      <trkpt lat="45.98401" lon="11.78148"><ele>272</ele></trkpt>
      <trkpt lat="45.98379" lon="11.78150"><ele>272</ele></trkpt>
      <trkpt lat="45.98362" lon="11.78154"><ele>272</ele></trkpt>
      <trkpt lat="45.98343" lon="11.78169"><ele>272</ele></trkpt>
      <trkpt lat="45.98327" lon="11.78172"><ele>272</ele></trkpt>
      <trkpt lat="45.98316" lon="11.78165"><ele>274</ele></trkpt>
      <trkpt lat="45.98300" lon="11.78166"><ele>272</ele></trkpt>
      <trkpt lat="45.98282" lon="11.78165"><ele>274</ele></trkpt>
      <trkpt lat="45.98259" lon="11.78170"><ele>272</ele></trkpt>
      <trkpt lat="45.98240" lon="11.78173"><ele>272</ele></trkpt>
      <trkpt lat="45.98236" lon="11.78172"><ele>272</ele></trkpt>
      <trkpt lat="45.98222" lon="11.78170"><ele>271</ele></trkpt>
      <trkpt lat="45.98189" lon="11.78160"><ele>272</ele></trkpt>
      <trkpt lat="45.98147" lon="11.78137"><ele>271</ele></trkpt>
      <trkpt lat="45.98076" lon="11.78082"><ele>269</ele></trkpt>
      <trkpt lat="45.98076" lon="11.78063"><ele>269</ele></trkpt>
      <trkpt lat="45.98079" lon="11.78027"><ele>269</ele></trkpt>
      <trkpt lat="45.98081" lon="11.78024"><ele>270</ele></trkpt>
      <trkpt lat="45.98083" lon="11.78020"><ele>270</ele></trkpt>
      <trkpt lat="45.98083" lon="11.78015"><ele>270</ele></trkpt>
      <trkpt lat="45.98082" lon="11.78011"><ele>270</ele></trkpt>
      <trkpt lat="45.98095" lon="11.77959"><ele>274</ele></trkpt>
      <trkpt lat="45.98118" lon="11.77846"><ele>278</ele></trkpt>
      <trkpt lat="45.98132" lon="11.77753"><ele>281</ele></trkpt>
      <trkpt lat="45.98154" lon="11.77625"><ele>283</ele></trkpt>
      <trkpt lat="45.98170" lon="11.77561"><ele>288</ele></trkpt>
      <trkpt lat="45.98191" lon="11.77496"><ele>291</ele></trkpt>
      <trkpt lat="45.98197" lon="11.77459"><ele>292</ele></trkpt>
      <trkpt lat="45.98201" lon="11.77403"><ele>292</ele></trkpt>
      <trkpt lat="45.98204" lon="11.77385"><ele>293</ele></trkpt>
      <trkpt lat="45.98212" lon="11.77367"><ele>295</ele></trkpt>
      <trkpt lat="45.98230" lon="11.77328"><ele>299</ele></trkpt>
      <trkpt lat="45.98251" lon="11.77254"><ele>301</ele></trkpt>
      <trkpt lat="45.98264" lon="11.77186"><ele>305</ele></trkpt>
      <trkpt lat="45.98273" lon="11.77088"><ele>305</ele></trkpt>
      <trkpt lat="45.98273" lon="11.77057"><ele>306</ele></trkpt>
      <trkpt lat="45.98263" lon="11.77025"><ele>306</ele></trkpt>
      <trkpt lat="45.98158" lon="11.76893"><ele>312</ele></trkpt>
      <trkpt lat="45.98151" lon="11.76885"><ele>312</ele></trkpt>
      <trkpt lat="45.98131" lon="11.76861"><ele>312</ele></trkpt>
      <trkpt lat="45.98116" lon="11.76821"><ele>312</ele></trkpt>
      <trkpt lat="45.98102" lon="11.76751"><ele>314</ele></trkpt>
      <trkpt lat="45.98092" lon="11.76696"><ele>310</ele></trkpt>
      <trkpt lat="45.98091" lon="11.76689"><ele>311</ele></trkpt>
      <trkpt lat="45.98092" lon="11.76647"><ele>314</ele></trkpt>
      <trkpt lat="45.98099" lon="11.76617"><ele>315</ele></trkpt>
      <trkpt lat="45.98103" lon="11.76597"><ele>316</ele></trkpt>
      <trkpt lat="45.98117" lon="11.76531"><ele>316</ele></trkpt>
      <trkpt lat="45.98124" lon="11.76510"><ele>316</ele></trkpt>
      <trkpt lat="45.98124" lon="11.76506"><ele>316</ele></trkpt>
      <trkpt lat="45.98129" lon="11.76505"><ele>317</ele></trkpt>
      <trkpt lat="45.98131" lon="11.76502"><ele>317</ele></trkpt>
      <trkpt lat="45.98133" lon="11.76499"><ele>317</ele></trkpt>
      <trkpt lat="45.98134" lon="11.76495"><ele>317</ele></trkpt>
      <trkpt lat="45.98134" lon="11.76490"><ele>317</ele></trkpt>
      <trkpt lat="45.98132" lon="11.76484"><ele>317</ele></trkpt>
      <trkpt lat="45.98134" lon="11.76480"><ele>317</ele></trkpt>
      <trkpt lat="45.98135" lon="11.76477"><ele>317</ele></trkpt>
      <trkpt lat="45.98166" lon="11.76396"><ele>316</ele></trkpt>
      <trkpt lat="45.98201" lon="11.76291"><ele>317</ele></trkpt>
      <trkpt lat="45.98219" lon="11.76248"><ele>315</ele></trkpt>
      <trkpt lat="45.98234" lon="11.76221"><ele>314</ele></trkpt>
      <trkpt lat="45.98241" lon="11.76215"><ele>315</ele></trkpt>
      <trkpt lat="45.98247" lon="11.76209"><ele>316</ele></trkpt>
      <trkpt lat="45.98259" lon="11.76200"><ele>316</ele></trkpt>
      <trkpt lat="45.98314" lon="11.76160"><ele>315</ele></trkpt>
      <trkpt lat="45.98329" lon="11.76141"><ele>315</ele></trkpt>
      <trkpt lat="45.98331" lon="11.76138"><ele>316</ele></trkpt>
      <trkpt lat="45.98341" lon="11.76099"><ele>315</ele></trkpt>
      <trkpt lat="45.98349" lon="11.76007"><ele>314</ele></trkpt>
      <trkpt lat="45.98354" lon="11.75954"><ele>314</ele></trkpt>
      <trkpt lat="45.98360" lon="11.75889"><ele>314</ele></trkpt>
      <trkpt lat="45.98362" lon="11.75861"><ele>314</ele></trkpt>
      <trkpt lat="45.98362" lon="11.75844"><ele>313</ele></trkpt>
      <trkpt lat="45.98358" lon="11.75813"><ele>313</ele></trkpt>
      <trkpt lat="45.98353" lon="11.75780"><ele>312</ele></trkpt>
      <trkpt lat="45.98352" lon="11.75776"><ele>311</ele></trkpt>
      <trkpt lat="45.98348" lon="11.75762"><ele>311</ele></trkpt>
      <trkpt lat="45.98336" lon="11.75698"><ele>312</ele></trkpt>
      <trkpt lat="45.98321" lon="11.75612"><ele>316</ele></trkpt>
      <trkpt lat="45.98309" lon="11.75579"><ele>318</ele></trkpt>
      <trkpt lat="45.98282" lon="11.75540"><ele>318</ele></trkpt>
      <trkpt lat="45.98269" lon="11.75513"><ele>318</ele></trkpt>
      <trkpt lat="45.98246" lon="11.75441"><ele>318</ele></trkpt>
      <trkpt lat="45.98228" lon="11.75404"><ele>317</ele></trkpt>
      <trkpt lat="45.98219" lon="11.75388"><ele>316</ele></trkpt>
      <trkpt lat="45.98212" lon="11.75369"><ele>315</ele></trkpt>
      <trkpt lat="45.98194" lon="11.75299"><ele>314</ele></trkpt>
      <trkpt lat="45.98183" lon="11.75268"><ele>315</ele></trkpt>
      <trkpt lat="45.98178" lon="11.75256"><ele>316</ele></trkpt>
      <trkpt lat="45.98168" lon="11.75235"><ele>316</ele></trkpt>
      <trkpt lat="45.98149" lon="11.75203"><ele>316</ele></trkpt>
      <trkpt lat="45.98124" lon="11.75170"><ele>314</ele></trkpt>
      <trkpt lat="45.98117" lon="11.75153"><ele>314</ele></trkpt>
      <trkpt lat="45.98103" lon="11.75115"><ele>316</ele></trkpt>
      <trkpt lat="45.98094" lon="11.75089"><ele>318</ele></trkpt>
      <trkpt lat="45.98083" lon="11.75049"><ele>319</ele></trkpt>
      <trkpt lat="45.98081" lon="11.75025"><ele>322</ele></trkpt>
      <trkpt lat="45.98078" lon="11.74999"><ele>323</ele></trkpt>
      <trkpt lat="45.98078" lon="11.74937"><ele>324</ele></trkpt>
      <trkpt lat="45.98082" lon="11.74909"><ele>323</ele></trkpt>
      <trkpt lat="45.98087" lon="11.74897"><ele>323</ele></trkpt>
      <trkpt lat="45.98101" lon="11.74877"><ele>324</ele></trkpt>
      <trkpt lat="45.98119" lon="11.74865"><ele>324</ele></trkpt>
      <trkpt lat="45.98136" lon="11.74861"><ele>324</ele></trkpt>
      <trkpt lat="45.98180" lon="11.74841"><ele>326</ele></trkpt>
      <trkpt lat="45.98188" lon="11.74836"><ele>325</ele></trkpt>
      <trkpt lat="45.98207" lon="11.74821"><ele>325</ele></trkpt>
      <trkpt lat="45.98234" lon="11.74788"><ele>326</ele></trkpt>
      <trkpt lat="45.98253" lon="11.74753"><ele>328</ele></trkpt>
      <trkpt lat="45.98268" lon="11.74706"><ele>329</ele></trkpt>
      <trkpt lat="45.98279" lon="11.74639"><ele>329</ele></trkpt>
      <trkpt lat="45.98292" lon="11.74590"><ele>328</ele></trkpt>
      <trkpt lat="45.98307" lon="11.74551"><ele>329</ele></trkpt>
      <trkpt lat="45.98327" lon="11.74516"><ele>332</ele></trkpt>
      <trkpt lat="45.98391" lon="11.74412"><ele>333</ele></trkpt>
      <trkpt lat="45.98419" lon="11.74348"><ele>336</ele></trkpt>
      <trkpt lat="45.98443" lon="11.74302"><ele>336</ele></trkpt>
      <trkpt lat="45.98472" lon="11.74264"><ele>336</ele></trkpt>
      <trkpt lat="45.98497" lon="11.74245"><ele>337</ele></trkpt>
      <trkpt lat="45.98596" lon="11.74196"><ele>343</ele></trkpt>
      <trkpt lat="45.98628" lon="11.74162"><ele>344</ele></trkpt>
      <trkpt lat="45.98656" lon="11.74121"><ele>345</ele></trkpt>
      <trkpt lat="45.98671" lon="11.74087"><ele>347</ele></trkpt>
      <trkpt lat="45.98684" lon="11.74047"><ele>347</ele></trkpt>
      <trkpt lat="45.98691" lon="11.74019"><ele>348</ele></trkpt>
      <trkpt lat="45.98694" lon="11.73981"><ele>349</ele></trkpt>
      <trkpt lat="45.98693" lon="11.73952"><ele>349</ele></trkpt>
      <trkpt lat="45.98688" lon="11.73917"><ele>350</ele></trkpt>
      <trkpt lat="45.98668" lon="11.73804"><ele>348</ele></trkpt>
      <trkpt lat="45.98647" lon="11.73714"><ele>348</ele></trkpt>
      <trkpt lat="45.98638" lon="11.73683"><ele>347</ele></trkpt>
      <trkpt lat="45.98619" lon="11.73629"><ele>355</ele></trkpt>
      <trkpt lat="45.98617" lon="11.73616"><ele>358</ele></trkpt>
      <trkpt lat="45.98624" lon="11.73582"><ele>356</ele></trkpt>
      <trkpt lat="45.98633" lon="11.73562"><ele>352</ele></trkpt>
      <trkpt lat="45.98654" lon="11.73544"><ele>352</ele></trkpt>
      <trkpt lat="45.98663" lon="11.73536"><ele>352</ele></trkpt>
      <trkpt lat="45.98698" lon="11.73522"><ele>352</ele></trkpt>
      <trkpt lat="45.98728" lon="11.73507"><ele>350</ele></trkpt>
      <trkpt lat="45.98736" lon="11.73495"><ele>351</ele></trkpt>
      <trkpt lat="45.98747" lon="11.73473"><ele>351</ele></trkpt>
      <trkpt lat="45.98748" lon="11.73449"><ele>352</ele></trkpt>
      <trkpt lat="45.98758" lon="11.73055"><ele>353</ele></trkpt>
      <trkpt lat="45.98754" lon="11.73005"><ele>352</ele></trkpt>
      <trkpt lat="45.98742" lon="11.72952"><ele>353</ele></trkpt>
      <trkpt lat="45.98731" lon="11.72912"><ele>353</ele></trkpt>
      <trkpt lat="45.98719" lon="11.72844"><ele>354</ele></trkpt>
      <trkpt lat="45.98683" lon="11.72744"><ele>356</ele></trkpt>
      <trkpt lat="45.98661" lon="11.72688"><ele>357</ele></trkpt>
      <trkpt lat="45.98648" lon="11.72661"><ele>357</ele></trkpt>
      <trkpt lat="45.98640" lon="11.72649"><ele>357</ele></trkpt>
      <trkpt lat="45.98628" lon="11.72636"><ele>358</ele></trkpt>
      <trkpt lat="45.98563" lon="11.72626"><ele>356</ele></trkpt>
      <trkpt lat="45.98553" lon="11.72625"><ele>356</ele></trkpt>
      <trkpt lat="45.98502" lon="11.72618"><ele>358</ele></trkpt>
      <trkpt lat="45.98459" lon="11.72608"><ele>358</ele></trkpt>
      <trkpt lat="45.98419" lon="11.72576"><ele>358</ele></trkpt>
      <trkpt lat="45.98358" lon="11.72522"><ele>358</ele></trkpt>
      <trkpt lat="45.98319" lon="11.72488"><ele>359</ele></trkpt>
      <trkpt lat="45.98306" lon="11.72469"><ele>357</ele></trkpt>
      <trkpt lat="45.98293" lon="11.72446"><ele>358</ele></trkpt>
      <trkpt lat="45.98285" lon="11.72423"><ele>357</ele></trkpt>
      <trkpt lat="45.98279" lon="11.72396"><ele>357</ele></trkpt>
      <trkpt lat="45.98276" lon="11.72378"><ele>357</ele></trkpt>
      <trkpt lat="45.98273" lon="11.72350"><ele>357</ele></trkpt>
      <trkpt lat="45.98271" lon="11.72311"><ele>356</ele></trkpt>
      <trkpt lat="45.98268" lon="11.72277"><ele>356</ele></trkpt>
      <trkpt lat="45.98244" lon="11.72185"><ele>356</ele></trkpt>
      <trkpt lat="45.98236" lon="11.72167"><ele>356</ele></trkpt>
      <trkpt lat="45.98219" lon="11.72139"><ele>356</ele></trkpt>
      <trkpt lat="45.98196" lon="11.72113"><ele>358</ele></trkpt>
      <trkpt lat="45.98167" lon="11.72105"><ele>357</ele></trkpt>
      <trkpt lat="45.98070" lon="11.72088"><ele>353</ele></trkpt>
      <trkpt lat="45.98035" lon="11.72076"><ele>353</ele></trkpt>
      <trkpt lat="45.98008" lon="11.72072"><ele>353</ele></trkpt>
      <trkpt lat="45.97974" lon="11.72074"><ele>352</ele></trkpt>
      <trkpt lat="45.97937" lon="11.72071"><ele>353</ele></trkpt>
      <trkpt lat="45.97829" lon="11.72032"><ele>352</ele></trkpt>
      <trkpt lat="45.97774" lon="11.72010"><ele>352</ele></trkpt>
      <trkpt lat="45.97749" lon="11.71992"><ele>352</ele></trkpt>
      <trkpt lat="45.97743" lon="11.71986"><ele>352</ele></trkpt>
      <trkpt lat="45.97598" lon="11.71880"><ele>351</ele></trkpt>
      <trkpt lat="45.97546" lon="11.71847"><ele>352</ele></trkpt>
      <trkpt lat="45.97467" lon="11.71803"><ele>354</ele></trkpt>
      <trkpt lat="45.97422" lon="11.71774"><ele>352</ele></trkpt>
      <trkpt lat="45.97368" lon="11.71737"><ele>353</ele></trkpt>
      <trkpt lat="45.97360" lon="11.71732"><ele>352</ele></trkpt>
      <trkpt lat="45.97349" lon="11.71725"><ele>352</ele></trkpt>
      <trkpt lat="45.97334" lon="11.71717"><ele>351</ele></trkpt>
      <trkpt lat="45.97325" lon="11.71714"><ele>351</ele></trkpt>
      <trkpt lat="45.97301" lon="11.71710"><ele>351</ele></trkpt>
      <trkpt lat="45.97268" lon="11.71713"><ele>350</ele></trkpt>
      <trkpt lat="45.97250" lon="11.71715"><ele>350</ele></trkpt>
      <trkpt lat="45.97234" lon="11.71717"><ele>350</ele></trkpt>
      <trkpt lat="45.97201" lon="11.71717"><ele>350</ele></trkpt>
      <trkpt lat="45.97170" lon="11.71714"><ele>350</ele></trkpt>
      <trkpt lat="45.97077" lon="11.71705"><ele>350</ele></trkpt>
      <trkpt lat="45.97005" lon="11.71697"><ele>350</ele></trkpt>
      <trkpt lat="45.96961" lon="11.71690"><ele>350</ele></trkpt>
      <trkpt lat="45.96935" lon="11.71682"><ele>350</ele></trkpt>
      <trkpt lat="45.96926" lon="11.71678"><ele>350</ele></trkpt>
      <trkpt lat="45.96920" lon="11.71673"><ele>350</ele></trkpt>
      <trkpt lat="45.96915" lon="11.71667"><ele>350</ele></trkpt>
      <trkpt lat="45.96905" lon="11.71651"><ele>350</ele></trkpt>
      <trkpt lat="45.96895" lon="11.71632"><ele>350</ele></trkpt>
      <trkpt lat="45.96886" lon="11.71612"><ele>351</ele></trkpt>
      <trkpt lat="45.96882" lon="11.71606"><ele>350</ele></trkpt>
      <trkpt lat="45.96878" lon="11.71604"><ele>350</ele></trkpt>
      <trkpt lat="45.96874" lon="11.71604"><ele>350</ele></trkpt>
      <trkpt lat="45.96870" lon="11.71606"><ele>350</ele></trkpt>
      <trkpt lat="45.96863" lon="11.71612"><ele>351</ele></trkpt>
      <trkpt lat="45.96840" lon="11.71636"><ele>350</ele></trkpt>
      <trkpt lat="45.96807" lon="11.71657"><ele>350</ele></trkpt>
      <trkpt lat="45.96796" lon="11.71662"><ele>350</ele></trkpt>
      <trkpt lat="45.96740" lon="11.71688"><ele>346</ele></trkpt>
      <trkpt lat="45.96722" lon="11.71692"><ele>346</ele></trkpt>
      <trkpt lat="45.96705" lon="11.71690"><ele>345</ele></trkpt>
      <trkpt lat="45.96679" lon="11.71672"><ele>343</ele></trkpt>
      <trkpt lat="45.96666" lon="11.71658"><ele>341</ele></trkpt>
      <trkpt lat="45.96662" lon="11.71650"><ele>341</ele></trkpt>
      <trkpt lat="45.96659" lon="11.71641"><ele>341</ele></trkpt>
      <trkpt lat="45.96654" lon="11.71608"><ele>338</ele></trkpt>
      <trkpt lat="45.96651" lon="11.71580"><ele>338</ele></trkpt>
      <trkpt lat="45.96647" lon="11.71558"><ele>338</ele></trkpt>
      <trkpt lat="45.96639" lon="11.71534"><ele>335</ele></trkpt>
      <trkpt lat="45.96617" lon="11.71483"><ele>332</ele></trkpt>
      <trkpt lat="45.96614" lon="11.71306"><ele>324</ele></trkpt>
      <trkpt lat="45.96592" lon="11.71157"><ele>319</ele></trkpt>
      <trkpt lat="45.96592" lon="11.71137"><ele>318</ele></trkpt>
      <trkpt lat="45.96592" lon="11.71128"><ele>318</ele></trkpt>
      <trkpt lat="45.96590" lon="11.71124"><ele>318</ele></trkpt>
      <trkpt lat="45.96586" lon="11.71121"><ele>315</ele></trkpt>
      <trkpt lat="45.96582" lon="11.71121"><ele>312</ele></trkpt>
      <trkpt lat="45.96578" lon="11.71123"><ele>311</ele></trkpt>
      <trkpt lat="45.96537" lon="11.71219"><ele>303</ele></trkpt>
      <trkpt lat="45.96506" lon="11.71318"><ele>302</ele></trkpt>
      <trkpt lat="45.96499" lon="11.71325"><ele>304</ele></trkpt>
      <trkpt lat="45.96495" lon="11.71325"><ele>304</ele></trkpt>
      <trkpt lat="45.96491" lon="11.71320"><ele>304</ele></trkpt>
      <trkpt lat="45.96490" lon="11.71316"><ele>303</ele></trkpt>
      <trkpt lat="45.96491" lon="11.71311"><ele>302</ele></trkpt>
      <trkpt lat="45.96554" lon="11.71150"><ele>304</ele></trkpt>
      <trkpt lat="45.96555" lon="11.71144"><ele>303</ele></trkpt>
      <trkpt lat="45.96552" lon="11.71135"><ele>302</ele></trkpt>
      <trkpt lat="45.96549" lon="11.71133"><ele>301</ele></trkpt>
      <trkpt lat="45.96542" lon="11.71135"><ele>299</ele></trkpt>
      <trkpt lat="45.96499" lon="11.71231"><ele>297</ele></trkpt>
      <trkpt lat="45.96496" lon="11.71231"><ele>296</ele></trkpt>
      <trkpt lat="45.96491" lon="11.71230"><ele>295</ele></trkpt>
      <trkpt lat="45.96489" lon="11.71228"><ele>294</ele></trkpt>
      <trkpt lat="45.96488" lon="11.71221"><ele>294</ele></trkpt>
      <trkpt lat="45.96489" lon="11.71211"><ele>293</ele></trkpt>
      <trkpt lat="45.96503" lon="11.71179"><ele>293</ele></trkpt>
      <trkpt lat="45.96510" lon="11.71162"><ele>292</ele></trkpt>
      <trkpt lat="45.96541" lon="11.71064"><ele>296</ele></trkpt>
      <trkpt lat="45.96545" lon="11.71046"><ele>299</ele></trkpt>
      <trkpt lat="45.96545" lon="11.71035"><ele>298</ele></trkpt>
      <trkpt lat="45.96541" lon="11.71030"><ele>294</ele></trkpt>
      <trkpt lat="45.96539" lon="11.71028"><ele>291</ele></trkpt>
      <trkpt lat="45.96535" lon="11.71028"><ele>287</ele></trkpt>
      <trkpt lat="45.96530" lon="11.71035"><ele>284</ele></trkpt>
      <trkpt lat="45.96501" lon="11.71132"><ele>284</ele></trkpt>
      <trkpt lat="45.96496" lon="11.71148"><ele>284</ele></trkpt>
      <trkpt lat="45.96483" lon="11.71174"><ele>284</ele></trkpt>
      <trkpt lat="45.96472" lon="11.71187"><ele>282</ele></trkpt>
      <trkpt lat="45.96448" lon="11.71209"><ele>280</ele></trkpt>
      <trkpt lat="45.96440" lon="11.71214"><ele>279</ele></trkpt>
      <trkpt lat="45.96386" lon="11.71213"><ele>279</ele></trkpt>
      <trkpt lat="45.96384" lon="11.71211"><ele>279</ele></trkpt>
      <trkpt lat="45.96383" lon="11.71208"><ele>278</ele></trkpt>
      <trkpt lat="45.96383" lon="11.71198"><ele>276</ele></trkpt>
      <trkpt lat="45.96391" lon="11.71188"><ele>273</ele></trkpt>
      <trkpt lat="45.96406" lon="11.71179"><ele>271</ele></trkpt>
      <trkpt lat="45.96461" lon="11.71159"><ele>274</ele></trkpt>
      <trkpt lat="45.96461" lon="11.71151"><ele>272</ele></trkpt>
      <trkpt lat="45.96458" lon="11.71148"><ele>270</ele></trkpt>
      <trkpt lat="45.96416" lon="11.71153"><ele>262</ele></trkpt>
      <trkpt lat="45.96404" lon="11.71156"><ele>262</ele></trkpt>
      <trkpt lat="45.96395" lon="11.71160"><ele>263</ele></trkpt>
      <trkpt lat="45.96382" lon="11.71160"><ele>262</ele></trkpt>
      <trkpt lat="45.96352" lon="11.71153"><ele>259</ele></trkpt>
      <trkpt lat="45.96296" lon="11.71149"><ele>254</ele></trkpt>
      <trkpt lat="45.96207" lon="11.71102"><ele>248</ele></trkpt>
      <trkpt lat="45.96184" lon="11.71090"><ele>250</ele></trkpt>
      <trkpt lat="45.96180" lon="11.71087"><ele>250</ele></trkpt>
      <trkpt lat="45.96180" lon="11.71082"><ele>248</ele></trkpt>
      <trkpt lat="45.96181" lon="11.71077"><ele>245</ele></trkpt>
      <trkpt lat="45.96183" lon="11.71074"><ele>243</ele></trkpt>
      <trkpt lat="45.96187" lon="11.71073"><ele>242</ele></trkpt>
      <trkpt lat="45.96208" lon="11.71089"><ele>243</ele></trkpt>
      <trkpt lat="45.96218" lon="11.71095"><ele>243</ele></trkpt>
      <trkpt lat="45.96229" lon="11.71101"><ele>242</ele></trkpt>
      <trkpt lat="45.96243" lon="11.71105"><ele>241</ele></trkpt>
      <trkpt lat="45.96281" lon="11.71107"><ele>236</ele></trkpt>
      <trkpt lat="45.96382" lon="11.71115"><ele>230</ele></trkpt>
      <trkpt lat="45.96392" lon="11.71114"><ele>230</ele></trkpt>
      <trkpt lat="45.96404" lon="11.71110"><ele>228</ele></trkpt>
      <trkpt lat="45.96414" lon="11.71102"><ele>226</ele></trkpt>
      <trkpt lat="45.96432" lon="11.71081"><ele>225</ele></trkpt>
      <trkpt lat="45.96458" lon="11.71048"><ele>224</ele></trkpt>
      <trkpt lat="45.96463" lon="11.71037"><ele>224</ele></trkpt>
      <trkpt lat="45.96468" lon="11.71024"><ele>222</ele></trkpt>
      <trkpt lat="45.96475" lon="11.70978"><ele>221</ele></trkpt>
      <trkpt lat="45.96474" lon="11.70963"><ele>220</ele></trkpt>
      <trkpt lat="45.96471" lon="11.70945"><ele>219</ele></trkpt>
      <trkpt lat="45.96476" lon="11.70933"><ele>219</ele></trkpt>
      <trkpt lat="45.96465" lon="11.70919"><ele>219</ele></trkpt>
      <trkpt lat="45.96442" lon="11.70895"><ele>217</ele></trkpt>
      <trkpt lat="45.96413" lon="11.70833"><ele>216</ele></trkpt>
      <trkpt lat="45.96411" lon="11.70825"><ele>216</ele></trkpt>
      <trkpt lat="45.96410" lon="11.70805"><ele>216</ele></trkpt>
      <trkpt lat="45.96410" lon="11.70785"><ele>215</ele></trkpt>
      <trkpt lat="45.96407" lon="11.70780"><ele>215</ele></trkpt>
      <trkpt lat="45.96394" lon="11.70798"><ele>216</ele></trkpt>
      <trkpt lat="45.96381" lon="11.70811"><ele>216</ele></trkpt>
      <trkpt lat="45.96370" lon="11.70821"><ele>216</ele></trkpt>
      <trkpt lat="45.96357" lon="11.70831"><ele>216</ele></trkpt>
      <trkpt lat="45.96341" lon="11.70842"><ele>216</ele></trkpt>
      <trkpt lat="45.96333" lon="11.70844"><ele>216</ele></trkpt>
      <trkpt lat="45.96325" lon="11.70847"><ele>216</ele></trkpt>
      <trkpt lat="45.96305" lon="11.70853"><ele>216</ele></trkpt>
      <trkpt lat="45.96295" lon="11.70856"><ele>216</ele></trkpt>
      <trkpt lat="45.96254" lon="11.70862"><ele>216</ele></trkpt>
      <trkpt lat="45.96188" lon="11.70870"><ele>216</ele></trkpt>
      <trkpt lat="45.96072" lon="11.70889"><ele>217</ele></trkpt>
      <trkpt lat="45.96056" lon="11.70892"><ele>217</ele></trkpt>
      <trkpt lat="45.96025" lon="11.70899"><ele>218</ele></trkpt>
      <trkpt lat="45.96005" lon="11.70905"><ele>218</ele></trkpt>
      <trkpt lat="45.95980" lon="11.70921"><ele>220</ele></trkpt>
      <trkpt lat="45.95968" lon="11.70930"><ele>220</ele></trkpt>
      <trkpt lat="45.95958" lon="11.70941"><ele>220</ele></trkpt>
      <trkpt lat="45.95920" lon="11.70983"><ele>218</ele></trkpt>
      <trkpt lat="45.95832" lon="11.71064"><ele>222</ele></trkpt>
      <trkpt lat="45.95821" lon="11.71072"><ele>221</ele></trkpt>
      <trkpt lat="45.95814" lon="11.71074"><ele>220</ele></trkpt>
      <trkpt lat="45.95806" lon="11.71073"><ele>220</ele></trkpt>
      <trkpt lat="45.95800" lon="11.71070"><ele>219</ele></trkpt>
      <trkpt lat="45.95794" lon="11.71064"><ele>219</ele></trkpt>
      <trkpt lat="45.95772" lon="11.71034"><ele>216</ele></trkpt>
      <trkpt lat="45.95767" lon="11.71024"><ele>216</ele></trkpt>
      <trkpt lat="45.95766" lon="11.71014"><ele>215</ele></trkpt>
      <trkpt lat="45.95765" lon="11.71004"><ele>214</ele></trkpt>
      <trkpt lat="45.95767" lon="11.70992"><ele>214</ele></trkpt>
      <trkpt lat="45.95771" lon="11.70984"><ele>213</ele></trkpt>
      <trkpt lat="45.95774" lon="11.70980"><ele>214</ele></trkpt>
      <trkpt lat="45.95779" lon="11.70975"><ele>214</ele></trkpt>
      <trkpt lat="45.95785" lon="11.70971"><ele>214</ele></trkpt>
      <trkpt lat="45.95832" lon="11.70965"><ele>216</ele></trkpt>
      <trkpt lat="45.95839" lon="11.70963"><ele>216</ele></trkpt>
      <trkpt lat="45.95845" lon="11.70960"><ele>216</ele></trkpt>
      <trkpt lat="45.95862" lon="11.70947"><ele>217</ele></trkpt>
      <trkpt lat="45.95924" lon="11.70889"><ele>217</ele></trkpt>
      <trkpt lat="45.95936" lon="11.70876"><ele>217</ele></trkpt>
      <trkpt lat="45.95943" lon="11.70865"><ele>218</ele></trkpt>
      <trkpt lat="45.95947" lon="11.70853"><ele>218</ele></trkpt>
      <trkpt lat="45.95949" lon="11.70844"><ele>218</ele></trkpt>
      <trkpt lat="45.95949" lon="11.70831"><ele>218</ele></trkpt>
      <trkpt lat="45.95947" lon="11.70809"><ele>215</ele></trkpt>
      <trkpt lat="45.95934" lon="11.70675"><ele>219</ele></trkpt>
      <trkpt lat="45.95934" lon="11.70666"><ele>220</ele></trkpt>
      <trkpt lat="45.95935" lon="11.70657"><ele>222</ele></trkpt>
      <trkpt lat="45.95948" lon="11.70660"><ele>222</ele></trkpt>
      <trkpt lat="45.95966" lon="11.70663"><ele>220</ele></trkpt>
      <trkpt lat="45.95977" lon="11.70663"><ele>220</ele></trkpt>
      <trkpt lat="45.96027" lon="11.70652"><ele>220</ele></trkpt>
      <trkpt lat="45.96040" lon="11.70652"><ele>220</ele></trkpt>
      <trkpt lat="45.96049" lon="11.70656"><ele>220</ele></trkpt>
      <trkpt lat="45.96086" lon="11.70674"><ele>219</ele></trkpt>
      <trkpt lat="45.96167" lon="11.70713"><ele>218</ele></trkpt>
      <trkpt lat="45.96176" lon="11.70721"><ele>218</ele></trkpt>
      <trkpt lat="45.96181" lon="11.70726"><ele>218</ele></trkpt>
      <trkpt lat="45.96185" lon="11.70736"><ele>218</ele></trkpt>
      <trkpt lat="45.96189" lon="11.70748"><ele>218</ele></trkpt>
      <trkpt lat="45.96189" lon="11.70763"><ele>218</ele></trkpt>
      <trkpt lat="45.96188" lon="11.70777"><ele>218</ele></trkpt>
      <trkpt lat="45.96182" lon="11.70792"><ele>218</ele></trkpt>
      <trkpt lat="45.96173" lon="11.70803"><ele>218</ele></trkpt>
      <trkpt lat="45.96167" lon="11.70808"><ele>218</ele></trkpt>
      <trkpt lat="45.96160" lon="11.70812"><ele>218</ele></trkpt>
      <trkpt lat="45.96152" lon="11.70814"><ele>218</ele></trkpt>
      <trkpt lat="45.96132" lon="11.70812"><ele>218</ele></trkpt>
      <trkpt lat="45.96120" lon="11.70813"><ele>218</ele></trkpt>
      <trkpt lat="45.96090" lon="11.70808"><ele>217</ele></trkpt>
      <trkpt lat="45.96069" lon="11.70808"><ele>217</ele></trkpt>
      <trkpt lat="45.96048" lon="11.70815"><ele>217</ele></trkpt>
      <trkpt lat="45.96040" lon="11.70820"><ele>217</ele></trkpt>
      <trkpt lat="45.96030" lon="11.70826"><ele>218</ele></trkpt>
      <trkpt lat="45.96020" lon="11.70829"><ele>218</ele></trkpt>
      <trkpt lat="45.96019" lon="11.70830"><ele>218</ele></trkpt>
      <trkpt lat="45.95979" lon="11.70870"><ele>218</ele></trkpt>
      <trkpt lat="45.95960" lon="11.70887"><ele>218</ele></trkpt>
      <trkpt lat="45.95864" lon="11.70967"><ele>217</ele></trkpt>
      <trkpt lat="45.95783" lon="11.71042"><ele>216</ele></trkpt>
      <trkpt lat="45.95653" lon="11.71165"><ele>216</ele></trkpt>
      <trkpt lat="45.95633" lon="11.71190"><ele>215</ele></trkpt>
      <trkpt lat="45.95579" lon="11.71264"><ele>216</ele></trkpt>
      <trkpt lat="45.95548" lon="11.71310"><ele>216</ele></trkpt>
      <trkpt lat="45.95519" lon="11.71361"><ele>215</ele></trkpt>
      <trkpt lat="45.95501" lon="11.71396"><ele>216</ele></trkpt>
      <trkpt lat="45.95491" lon="11.71426"><ele>215</ele></trkpt>
      <trkpt lat="45.95501" lon="11.71396"><ele>216</ele></trkpt>
      <trkpt lat="45.95519" lon="11.71361"><ele>215</ele></trkpt>
      <trkpt lat="45.95548" lon="11.71310"><ele>216</ele></trkpt>
      <trkpt lat="45.95579" lon="11.71264"><ele>216</ele></trkpt>
      <trkpt lat="45.95633" lon="11.71190"><ele>215</ele></trkpt>
      <trkpt lat="45.95653" lon="11.71165"><ele>216</ele></trkpt>
      <trkpt lat="45.95783" lon="11.71042"><ele>216</ele></trkpt>
      <trkpt lat="45.95864" lon="11.70967"><ele>217</ele></trkpt>
      <trkpt lat="45.95960" lon="11.70887"><ele>218</ele></trkpt>
      <trkpt lat="45.95979" lon="11.70870"><ele>218</ele></trkpt>
      <trkpt lat="45.96019" lon="11.70830"><ele>218</ele></trkpt>
      <trkpt lat="45.96020" lon="11.70829"><ele>218</ele></trkpt>
      <trkpt lat="45.96030" lon="11.70826"><ele>218</ele></trkpt>
      <trkpt lat="45.96040" lon="11.70820"><ele>217</ele></trkpt>
      <trkpt lat="45.96048" lon="11.70815"><ele>217</ele></trkpt>
      <trkpt lat="45.96069" lon="11.70808"><ele>217</ele></trkpt>
      <trkpt lat="45.96090" lon="11.70808"><ele>217</ele></trkpt>
      <trkpt lat="45.96120" lon="11.70813"><ele>218</ele></trkpt>
      <trkpt lat="45.96132" lon="11.70812"><ele>218</ele></trkpt>
      <trkpt lat="45.96152" lon="11.70814"><ele>218</ele></trkpt>
      <trkpt lat="45.96160" lon="11.70812"><ele>218</ele></trkpt>
      <trkpt lat="45.96167" lon="11.70808"><ele>218</ele></trkpt>
      <trkpt lat="45.96173" lon="11.70803"><ele>218</ele></trkpt>
      <trkpt lat="45.96182" lon="11.70792"><ele>218</ele></trkpt>
      <trkpt lat="45.96188" lon="11.70777"><ele>218</ele></trkpt>
      <trkpt lat="45.96189" lon="11.70763"><ele>218</ele></trkpt>
      <trkpt lat="45.96189" lon="11.70748"><ele>218</ele></trkpt>
      <trkpt lat="45.96185" lon="11.70736"><ele>218</ele></trkpt>
      <trkpt lat="45.96181" lon="11.70726"><ele>218</ele></trkpt>
      <trkpt lat="45.96176" lon="11.70721"><ele>218</ele></trkpt>
      <trkpt lat="45.96167" lon="11.70713"><ele>218</ele></trkpt>
      <trkpt lat="45.96086" lon="11.70674"><ele>219</ele></trkpt>
      <trkpt lat="45.96049" lon="11.70656"><ele>220</ele></trkpt>
      <trkpt lat="45.96040" lon="11.70652"><ele>220</ele></trkpt>
      <trkpt lat="45.96027" lon="11.70652"><ele>220</ele></trkpt>
      <trkpt lat="45.95977" lon="11.70663"><ele>220</ele></trkpt>
      <trkpt lat="45.95966" lon="11.70663"><ele>220</ele></trkpt>
      <trkpt lat="45.95948" lon="11.70660"><ele>222</ele></trkpt>
      <trkpt lat="45.95958" lon="11.70653"><ele>222</ele></trkpt>
      <trkpt lat="45.95995" lon="11.70645"><ele>223</ele></trkpt>
      <trkpt lat="45.96004" lon="11.70644"><ele>222</ele></trkpt>
      <trkpt lat="45.96013" lon="11.70641"><ele>220</ele></trkpt>
      <trkpt lat="45.96017" lon="11.70637"><ele>220</ele></trkpt>
      <trkpt lat="45.96019" lon="11.70639"><ele>219</ele></trkpt>
      <trkpt lat="45.96029" lon="11.70642"><ele>216</ele></trkpt>
      <trkpt lat="45.96032" lon="11.70644"><ele>216</ele></trkpt>
      <trkpt lat="45.96036" lon="11.70652"><ele>215</ele></trkpt>
      <trkpt lat="45.96036" lon="11.70661"><ele>214</ele></trkpt>
      <trkpt lat="45.96032" lon="11.70674"><ele>214</ele></trkpt>
      <trkpt lat="45.96024" lon="11.70684"><ele>213</ele></trkpt>
      <trkpt lat="45.96002" lon="11.70696"><ele>214</ele></trkpt>
      <trkpt lat="45.95980" lon="11.70707"><ele>213</ele></trkpt>
      <trkpt lat="45.95954" lon="11.70718"><ele>214</ele></trkpt>
      <trkpt lat="45.95949" lon="11.70718"><ele>214</ele></trkpt>
      <trkpt lat="45.95946" lon="11.70716"><ele>214</ele></trkpt>
      <trkpt lat="45.95939" lon="11.70710"><ele>215</ele></trkpt>
      <trkpt lat="45.95937" lon="11.70709"><ele>215</ele></trkpt>
      <trkpt lat="45.95930" lon="11.70710"><ele>215</ele></trkpt>
      <trkpt lat="45.95928" lon="11.70711"><ele>215</ele></trkpt>
      <trkpt lat="45.95922" lon="11.70721"><ele>215</ele></trkpt>
      <trkpt lat="45.95919" lon="11.70724"><ele>214</ele></trkpt>
      <trkpt lat="45.95912" lon="11.70727"><ele>214</ele></trkpt>
      <trkpt lat="45.95876" lon="11.70740"><ele>213</ele></trkpt>
      <trkpt lat="45.95834" lon="11.70760"><ele>212</ele></trkpt>
      <trkpt lat="45.95817" lon="11.70770"><ele>214</ele></trkpt>
      <trkpt lat="45.95809" lon="11.70777"><ele>214</ele></trkpt>
      <trkpt lat="45.95804" lon="11.70785"><ele>214</ele></trkpt>
      <trkpt lat="45.95798" lon="11.70801"><ele>213</ele></trkpt>
      <trkpt lat="45.95790" lon="11.70815"><ele>213</ele></trkpt>
      <trkpt lat="45.95783" lon="11.70827"><ele>214</ele></trkpt>
      <trkpt lat="45.95766" lon="11.70847"><ele>213</ele></trkpt>
      <trkpt lat="45.95758" lon="11.70858"><ele>213</ele></trkpt>
      <trkpt lat="45.95750" lon="11.70875"><ele>213</ele></trkpt>
      <trkpt lat="45.95744" lon="11.70892"><ele>213</ele></trkpt>
      <trkpt lat="45.95714" lon="11.70953"><ele>213</ele></trkpt>
      <trkpt lat="45.95703" lon="11.70972"><ele>213</ele></trkpt>
      <trkpt lat="45.95698" lon="11.70979"><ele>213</ele></trkpt>
      <trkpt lat="45.95694" lon="11.70986"><ele>214</ele></trkpt>
      <trkpt lat="45.95679" lon="11.71022"><ele>213</ele></trkpt>
      <trkpt lat="45.95673" lon="11.71035"><ele>214</ele></trkpt>
      <trkpt lat="45.95664" lon="11.71054"><ele>214</ele></trkpt>
      <trkpt lat="45.95646" lon="11.71090"><ele>212</ele></trkpt>
      <trkpt lat="45.95616" lon="11.71132"><ele>211</ele></trkpt>
      <trkpt lat="45.95601" lon="11.71157"><ele>210</ele></trkpt>
      <trkpt lat="45.95548" lon="11.71213"><ele>211</ele></trkpt>
      <trkpt lat="45.95543" lon="11.71227"><ele>210</ele></trkpt>
      <trkpt lat="45.95535" lon="11.71239"><ele>211</ele></trkpt>
      <trkpt lat="45.95523" lon="11.71255"><ele>211</ele></trkpt>
      <trkpt lat="45.95506" lon="11.71281"><ele>212</ele></trkpt>
      <trkpt lat="45.95498" lon="11.71300"><ele>210</ele></trkpt>
      <trkpt lat="45.95495" lon="11.71307"><ele>210</ele></trkpt>
      <trkpt lat="45.95491" lon="11.71320"><ele>210</ele></trkpt>
      <trkpt lat="45.95469" lon="11.71357"><ele>211</ele></trkpt>
      <trkpt lat="45.95459" lon="11.71382"><ele>211</ele></trkpt>
      <trkpt lat="45.95451" lon="11.71406"><ele>211</ele></trkpt>
      <trkpt lat="45.95445" lon="11.71433"><ele>211</ele></trkpt>
      <trkpt lat="45.95436" lon="11.71498"><ele>209</ele></trkpt>
      <trkpt lat="45.95429" lon="11.71562"><ele>210</ele></trkpt>
      <trkpt lat="45.95415" lon="11.71609"><ele>210</ele></trkpt>
      <trkpt lat="45.95411" lon="11.71622"><ele>210</ele></trkpt>
      <trkpt lat="45.95398" lon="11.71637"><ele>212</ele></trkpt>
      <trkpt lat="45.95392" lon="11.71653"><ele>214</ele></trkpt>
      <trkpt lat="45.95389" lon="11.71679"><ele>214</ele></trkpt>
      <trkpt lat="45.95362" lon="11.71762"><ele>214</ele></trkpt>
      <trkpt lat="45.95356" lon="11.71798"><ele>215</ele></trkpt>
      <trkpt lat="45.95345" lon="11.71830"><ele>216</ele></trkpt>
      <trkpt lat="45.95335" lon="11.71882"><ele>214</ele></trkpt>
      <trkpt lat="45.95330" lon="11.71945"><ele>215</ele></trkpt>
      <trkpt lat="45.95320" lon="11.71983"><ele>214</ele></trkpt>
      <trkpt lat="45.95312" lon="11.72004"><ele>213</ele></trkpt>
      <trkpt lat="45.95295" lon="11.72037"><ele>214</ele></trkpt>
      <trkpt lat="45.95187" lon="11.72225"><ele>216</ele></trkpt>
      <trkpt lat="45.95171" lon="11.72250"><ele>216</ele></trkpt>
      <trkpt lat="45.95154" lon="11.72270"><ele>219</ele></trkpt>
      <trkpt lat="45.95136" lon="11.72284"><ele>220</ele></trkpt>
      <trkpt lat="45.95117" lon="11.72297"><ele>221</ele></trkpt>
      <trkpt lat="45.95097" lon="11.72315"><ele>218</ele></trkpt>
      <trkpt lat="45.95079" lon="11.72324"><ele>218</ele></trkpt>
      <trkpt lat="45.95049" lon="11.72336"><ele>216</ele></trkpt>
      <trkpt lat="45.95018" lon="11.72346"><ele>218</ele></trkpt>
      <trkpt lat="45.94991" lon="11.72358"><ele>212</ele></trkpt>
      <trkpt lat="45.94964" lon="11.72365"><ele>213</ele></trkpt>
      <trkpt lat="45.94937" lon="11.72381"><ele>215</ele></trkpt>
      <trkpt lat="45.94914" lon="11.72403"><ele>213</ele></trkpt>
      <trkpt lat="45.94900" lon="11.72409"><ele>218</ele></trkpt>
      <trkpt lat="45.94889" lon="11.72419"><ele>215</ele></trkpt>
      <trkpt lat="45.94882" lon="11.72430"><ele>218</ele></trkpt>
      <trkpt lat="45.94873" lon="11.72455"><ele>213</ele></trkpt>
      <trkpt lat="45.94861" lon="11.72473"><ele>209</ele></trkpt>
      <trkpt lat="45.94850" lon="11.72482"><ele>210</ele></trkpt>
      <trkpt lat="45.94834" lon="11.72491"><ele>209</ele></trkpt>
      <trkpt lat="45.94797" lon="11.72498"><ele>214</ele></trkpt>
      <trkpt lat="45.94785" lon="11.72505"><ele>215</ele></trkpt>
      <trkpt lat="45.94773" lon="11.72518"><ele>214</ele></trkpt>
      <trkpt lat="45.94754" lon="11.72529"><ele>214</ele></trkpt>
      <trkpt lat="45.94727" lon="11.72543"><ele>216</ele></trkpt>
      <trkpt lat="45.94703" lon="11.72558"><ele>213</ele></trkpt>
      <trkpt lat="45.94690" lon="11.72565"><ele>213</ele></trkpt>
      <trkpt lat="45.94659" lon="11.72575"><ele>213</ele></trkpt>
      <trkpt lat="45.94638" lon="11.72579"><ele>214</ele></trkpt>
      <trkpt lat="45.94621" lon="11.72581"><ele>213</ele></trkpt>
      <trkpt lat="45.94603" lon="11.72580"><ele>214</ele></trkpt>
      <trkpt lat="45.94585" lon="11.72582"><ele>214</ele></trkpt>
      <trkpt lat="45.94568" lon="11.72581"><ele>213</ele></trkpt>
      <trkpt lat="45.94538" lon="11.72585"><ele>212</ele></trkpt>
      <trkpt lat="45.94523" lon="11.72589"><ele>212</ele></trkpt>
      <trkpt lat="45.94512" lon="11.72595"><ele>211</ele></trkpt>
      <trkpt lat="45.94502" lon="11.72601"><ele>210</ele></trkpt>
      <trkpt lat="45.94493" lon="11.72608"><ele>209</ele></trkpt>
      <trkpt lat="45.94485" lon="11.72613"><ele>209</ele></trkpt>
      <trkpt lat="45.94477" lon="11.72614"><ele>210</ele></trkpt>
      <trkpt lat="45.94467" lon="11.72612"><ele>211</ele></trkpt>
      <trkpt lat="45.94440" lon="11.72619"><ele>210</ele></trkpt>
      <trkpt lat="45.94411" lon="11.72620"><ele>208</ele></trkpt>
      <trkpt lat="45.94403" lon="11.72617"><ele>208</ele></trkpt>
      <trkpt lat="45.94398" lon="11.72614"><ele>208</ele></trkpt>
      <trkpt lat="45.94393" lon="11.72599"><ele>210</ele></trkpt>
      <trkpt lat="45.94394" lon="11.72575"><ele>215</ele></trkpt>
      <trkpt lat="45.94391" lon="11.72568"><ele>216</ele></trkpt>
      <trkpt lat="45.94385" lon="11.72564"><ele>217</ele></trkpt>
      <trkpt lat="45.94371" lon="11.72560"><ele>216</ele></trkpt>
      <trkpt lat="45.94353" lon="11.72551"><ele>217</ele></trkpt>
      <trkpt lat="45.94334" lon="11.72549"><ele>216</ele></trkpt>
      <trkpt lat="45.94315" lon="11.72544"><ele>217</ele></trkpt>
      <trkpt lat="45.94298" lon="11.72542"><ele>218</ele></trkpt>
      <trkpt lat="45.94286" lon="11.72546"><ele>215</ele></trkpt>
      <trkpt lat="45.94260" lon="11.72545"><ele>214</ele></trkpt>
      <trkpt lat="45.94242" lon="11.72547"><ele>211</ele></trkpt>
      <trkpt lat="45.94233" lon="11.72545"><ele>211</ele></trkpt>
      <trkpt lat="45.94215" lon="11.72533"><ele>213</ele></trkpt>
      <trkpt lat="45.94203" lon="11.72529"><ele>212</ele></trkpt>
      <trkpt lat="45.94181" lon="11.72520"><ele>212</ele></trkpt>
      <trkpt lat="45.94170" lon="11.72515"><ele>212</ele></trkpt>
      <trkpt lat="45.94118" lon="11.72497"><ele>210</ele></trkpt>
      <trkpt lat="45.94069" lon="11.72473"><ele>212</ele></trkpt>
      <trkpt lat="45.94056" lon="11.72471"><ele>212</ele></trkpt>
      <trkpt lat="45.94042" lon="11.72471"><ele>211</ele></trkpt>
      <trkpt lat="45.93997" lon="11.72480"><ele>210</ele></trkpt>
      <trkpt lat="45.93983" lon="11.72481"><ele>210</ele></trkpt>
      <trkpt lat="45.93973" lon="11.72480"><ele>209</ele></trkpt>
      <trkpt lat="45.93962" lon="11.72475"><ele>209</ele></trkpt>
      <trkpt lat="45.93945" lon="11.72463"><ele>212</ele></trkpt>
      <trkpt lat="45.93936" lon="11.72459"><ele>212</ele></trkpt>
      <trkpt lat="45.93926" lon="11.72458"><ele>211</ele></trkpt>
      <trkpt lat="45.93914" lon="11.72458"><ele>209</ele></trkpt>
      <trkpt lat="45.93905" lon="11.72456"><ele>209</ele></trkpt>
      <trkpt lat="45.93891" lon="11.72449"><ele>210</ele></trkpt>
      <trkpt lat="45.93876" lon="11.72434"><ele>212</ele></trkpt>
      <trkpt lat="45.93865" lon="11.72419"><ele>213</ele></trkpt>
      <trkpt lat="45.93861" lon="11.72408"><ele>226</ele></trkpt>
      <trkpt lat="45.93853" lon="11.72392"><ele>238</ele></trkpt>
      <trkpt lat="45.93842" lon="11.72383"><ele>234</ele></trkpt>
      <trkpt lat="45.93822" lon="11.72374"><ele>217</ele></trkpt>
      <trkpt lat="45.93804" lon="11.72368"><ele>213</ele></trkpt>
      <trkpt lat="45.93794" lon="11.72367"><ele>211</ele></trkpt>
      <trkpt lat="45.93763" lon="11.72371"><ele>206</ele></trkpt>
      <trkpt lat="45.93734" lon="11.72380"><ele>204</ele></trkpt>
      <trkpt lat="45.93717" lon="11.72386"><ele>204</ele></trkpt>
      <trkpt lat="45.93691" lon="11.72403"><ele>204</ele></trkpt>
      <trkpt lat="45.93685" lon="11.72407"><ele>203</ele></trkpt>
      <trkpt lat="45.93629" lon="11.72453"><ele>202</ele></trkpt>
      <trkpt lat="45.93625" lon="11.72438"><ele>203</ele></trkpt>
      <trkpt lat="45.93619" lon="11.72426"><ele>204</ele></trkpt>
      <trkpt lat="45.93614" lon="11.72425"><ele>205</ele></trkpt>
      <trkpt lat="45.93589" lon="11.72438"><ele>204</ele></trkpt>
      <trkpt lat="45.93542" lon="11.72462"><ele>203</ele></trkpt>
      <trkpt lat="45.93532" lon="11.72467"><ele>202</ele></trkpt>
      <trkpt lat="45.93526" lon="11.72469"><ele>202</ele></trkpt>
      <trkpt lat="45.93520" lon="11.72470"><ele>202</ele></trkpt>
      <trkpt lat="45.93514" lon="11.72470"><ele>202</ele></trkpt>
      <trkpt lat="45.93511" lon="11.72469"><ele>203</ele></trkpt>
      <trkpt lat="45.93500" lon="11.72464"><ele>204</ele></trkpt>
      <trkpt lat="45.93497" lon="11.72463"><ele>204</ele></trkpt>
      <trkpt lat="45.93474" lon="11.72452"><ele>204</ele></trkpt>
      <trkpt lat="45.93465" lon="11.72449"><ele>204</ele></trkpt>
      <trkpt lat="45.93457" lon="11.72447"><ele>204</ele></trkpt>
      <trkpt lat="45.93442" lon="11.72446"><ele>204</ele></trkpt>
      <trkpt lat="45.93358" lon="11.72443"><ele>204</ele></trkpt>
      <trkpt lat="45.93338" lon="11.72440"><ele>205</ele></trkpt>
      <trkpt lat="45.93325" lon="11.72434"><ele>206</ele></trkpt>
      <trkpt lat="45.93301" lon="11.72423"><ele>206</ele></trkpt>
      <trkpt lat="45.93277" lon="11.72413"><ele>206</ele></trkpt>
      <trkpt lat="45.93251" lon="11.72407"><ele>205</ele></trkpt>
      <trkpt lat="45.93212" lon="11.72404"><ele>204</ele></trkpt>
      <trkpt lat="45.93195" lon="11.72402"><ele>204</ele></trkpt>
      <trkpt lat="45.93141" lon="11.72391"><ele>205</ele></trkpt>
      <trkpt lat="45.93108" lon="11.72389"><ele>205</ele></trkpt>
      <trkpt lat="45.93093" lon="11.72390"><ele>205</ele></trkpt>
      <trkpt lat="45.93085" lon="11.72394"><ele>204</ele></trkpt>
      <trkpt lat="45.93057" lon="11.72414"><ele>203</ele></trkpt>
      <trkpt lat="45.93049" lon="11.72418"><ele>203</ele></trkpt>
      <trkpt lat="45.93040" lon="11.72421"><ele>203</ele></trkpt>
      <trkpt lat="45.93033" lon="11.72422"><ele>203</ele></trkpt>
      <trkpt lat="45.92955" lon="11.72402"><ele>203</ele></trkpt>
      <trkpt lat="45.92939" lon="11.72400"><ele>203</ele></trkpt>
      <trkpt lat="45.92895" lon="11.72400"><ele>203</ele></trkpt>
      <trkpt lat="45.92854" lon="11.72407"><ele>202</ele></trkpt>
      <trkpt lat="45.92809" lon="11.72408"><ele>202</ele></trkpt>
      <trkpt lat="45.92799" lon="11.72406"><ele>202</ele></trkpt>
      <trkpt lat="45.92761" lon="11.72393"><ele>203</ele></trkpt>
      <trkpt lat="45.92683" lon="11.72383"><ele>201</ele></trkpt>
      <trkpt lat="45.92663" lon="11.72377"><ele>201</ele></trkpt>
      <trkpt lat="45.92645" lon="11.72370"><ele>201</ele></trkpt>
      <trkpt lat="45.92617" lon="11.72356"><ele>202</ele></trkpt>
      <trkpt lat="45.92581" lon="11.72354"><ele>201</ele></trkpt>
      <trkpt lat="45.92571" lon="11.72365"><ele>197</ele></trkpt>
      <trkpt lat="45.92493" lon="11.72372"><ele>195</ele></trkpt>
      <trkpt lat="45.92485" lon="11.72375"><ele>194</ele></trkpt>
      <trkpt lat="45.92468" lon="11.72385"><ele>193</ele></trkpt>
      <trkpt lat="45.92466" lon="11.72392"><ele>193</ele></trkpt>
      <trkpt lat="45.92462" lon="11.72420"><ele>192</ele></trkpt>
      <trkpt lat="45.92457" lon="11.72463"><ele>194</ele></trkpt>
      <trkpt lat="45.92456" lon="11.72472"><ele>195</ele></trkpt>
      <trkpt lat="45.92460" lon="11.72481"><ele>196</ele></trkpt>
      <trkpt lat="45.92468" lon="11.72486"><ele>196</ele></trkpt>
      <trkpt lat="45.92518" lon="11.72496"><ele>198</ele></trkpt>
      <trkpt lat="45.92527" lon="11.72500"><ele>198</ele></trkpt>
      <trkpt lat="45.92530" lon="11.72508"><ele>198</ele></trkpt>
      <trkpt lat="45.92532" lon="11.72525"><ele>198</ele></trkpt>
      <trkpt lat="45.92526" lon="11.72652"><ele>198</ele></trkpt>
      <trkpt lat="45.92524" lon="11.72771"><ele>200</ele></trkpt>
      <trkpt lat="45.92523" lon="11.72782"><ele>200</ele></trkpt>
      <trkpt lat="45.92523" lon="11.72808"><ele>200</ele></trkpt>
      <trkpt lat="45.92523" lon="11.72825"><ele>199</ele></trkpt>
      <trkpt lat="45.92523" lon="11.72834"><ele>199</ele></trkpt>
      <trkpt lat="45.92521" lon="11.72912"><ele>199</ele></trkpt>
      <trkpt lat="45.92521" lon="11.72920"><ele>199</ele></trkpt>
      <trkpt lat="45.92512" lon="11.72921"><ele>199</ele></trkpt>
      <trkpt lat="45.92437" lon="11.72927"><ele>199</ele></trkpt>
      <trkpt lat="45.92285" lon="11.72942"><ele>196</ele></trkpt>
      <trkpt lat="45.92212" lon="11.72948"><ele>198</ele></trkpt>
      <trkpt lat="45.92166" lon="11.72954"><ele>200</ele></trkpt>
      <trkpt lat="45.92047" lon="11.72980"><ele>196</ele></trkpt>
      <trkpt lat="45.92024" lon="11.72984"><ele>195</ele></trkpt>
      <trkpt lat="45.91963" lon="11.72998"><ele>196</ele></trkpt>
      <trkpt lat="45.91938" lon="11.73003"><ele>197</ele></trkpt>
      <trkpt lat="45.91937" lon="11.73011"><ele>200</ele></trkpt>
      <trkpt lat="45.91938" lon="11.73003"><ele>197</ele></trkpt>
      <trkpt lat="45.91880" lon="11.73015"><ele>198</ele></trkpt>
      <trkpt lat="45.91810" lon="11.73027"><ele>199</ele></trkpt>
      <trkpt lat="45.91741" lon="11.73037"><ele>201</ele></trkpt>
      <trkpt lat="45.91702" lon="11.73033"><ele>201</ele></trkpt>
      <trkpt lat="45.91690" lon="11.73003"><ele>199</ele></trkpt>
      <trkpt lat="45.91687" lon="11.72991"><ele>199</ele></trkpt>
      <trkpt lat="45.91687" lon="11.72975"><ele>199</ele></trkpt>
      <trkpt lat="45.91691" lon="11.72956"><ele>198</ele></trkpt>
      <trkpt lat="45.91776" lon="11.72811"><ele>196</ele></trkpt>
      <trkpt lat="45.91800" lon="11.72742"><ele>193</ele></trkpt>
      <trkpt lat="45.91883" lon="11.72513"><ele>193</ele></trkpt>
      <trkpt lat="45.91888" lon="11.72499"><ele>193</ele></trkpt>
      <trkpt lat="45.91890" lon="11.72481"><ele>194</ele></trkpt>
      <trkpt lat="45.91883" lon="11.72469"><ele>193</ele></trkpt>
      <trkpt lat="45.91888" lon="11.72310"><ele>193</ele></trkpt>
      <trkpt lat="45.91893" lon="11.72261"><ele>196</ele></trkpt>
      <trkpt lat="45.91928" lon="11.72276"><ele>196</ele></trkpt>
      <trkpt lat="45.91956" lon="11.72283"><ele>196</ele></trkpt>
      <trkpt lat="45.92047" lon="11.72298"><ele>200</ele></trkpt>
      <trkpt lat="45.92092" lon="11.72316"><ele>200</ele></trkpt>
      <trkpt lat="45.92138" lon="11.72332"><ele>199</ele></trkpt>
      <trkpt lat="45.92168" lon="11.72337"><ele>199</ele></trkpt>
      <trkpt lat="45.92195" lon="11.72341"><ele>199</ele></trkpt>
      <trkpt lat="45.92236" lon="11.72337"><ele>204</ele></trkpt>
      <trkpt lat="45.92263" lon="11.72337"><ele>204</ele></trkpt>
      <trkpt lat="45.92290" lon="11.72335"><ele>204</ele></trkpt>
      <trkpt lat="45.92318" lon="11.72338"><ele>204</ele></trkpt>
      <trkpt lat="45.92351" lon="11.72338"><ele>205</ele></trkpt>
      <trkpt lat="45.92385" lon="11.72336"><ele>205</ele></trkpt>
      <trkpt lat="45.92408" lon="11.72340"><ele>203</ele></trkpt>
      <trkpt lat="45.92430" lon="11.72343"><ele>202</ele></trkpt>
      <trkpt lat="45.92476" lon="11.72343"><ele>200</ele></trkpt>
      <trkpt lat="45.92581" lon="11.72354"><ele>201</ele></trkpt>
      <trkpt lat="45.92617" lon="11.72356"><ele>202</ele></trkpt>
      <trkpt lat="45.92645" lon="11.72370"><ele>201</ele></trkpt>
      <trkpt lat="45.92663" lon="11.72377"><ele>201</ele></trkpt>
      <trkpt lat="45.92683" lon="11.72383"><ele>201</ele></trkpt>
      <trkpt lat="45.92761" lon="11.72393"><ele>203</ele></trkpt>
      <trkpt lat="45.92799" lon="11.72406"><ele>202</ele></trkpt>
      <trkpt lat="45.92809" lon="11.72408"><ele>202</ele></trkpt>
      <trkpt lat="45.92854" lon="11.72407"><ele>202</ele></trkpt>
      <trkpt lat="45.92895" lon="11.72400"><ele>203</ele></trkpt>
      <trkpt lat="45.92939" lon="11.72400"><ele>203</ele></trkpt>
      <trkpt lat="45.92955" lon="11.72402"><ele>203</ele></trkpt>
      <trkpt lat="45.93033" lon="11.72422"><ele>203</ele></trkpt>
      <trkpt lat="45.93040" lon="11.72421"><ele>203</ele></trkpt>
      <trkpt lat="45.93049" lon="11.72418"><ele>203</ele></trkpt>
      <trkpt lat="45.93057" lon="11.72414"><ele>203</ele></trkpt>
      <trkpt lat="45.93085" lon="11.72394"><ele>204</ele></trkpt>
      <trkpt lat="45.93093" lon="11.72390"><ele>205</ele></trkpt>
      <trkpt lat="45.93108" lon="11.72389"><ele>205</ele></trkpt>
      <trkpt lat="45.93141" lon="11.72391"><ele>205</ele></trkpt>
      <trkpt lat="45.93195" lon="11.72402"><ele>204</ele></trkpt>
      <trkpt lat="45.93212" lon="11.72404"><ele>204</ele></trkpt>
      <trkpt lat="45.93251" lon="11.72407"><ele>205</ele></trkpt>
      <trkpt lat="45.93277" lon="11.72413"><ele>206</ele></trkpt>
      <trkpt lat="45.93301" lon="11.72423"><ele>206</ele></trkpt>
      <trkpt lat="45.93325" lon="11.72434"><ele>206</ele></trkpt>
      <trkpt lat="45.93338" lon="11.72440"><ele>205</ele></trkpt>
      <trkpt lat="45.93358" lon="11.72443"><ele>204</ele></trkpt>
      <trkpt lat="45.93442" lon="11.72446"><ele>204</ele></trkpt>
      <trkpt lat="45.93457" lon="11.72447"><ele>204</ele></trkpt>
      <trkpt lat="45.93465" lon="11.72449"><ele>204</ele></trkpt>
      <trkpt lat="45.93474" lon="11.72452"><ele>204</ele></trkpt>
      <trkpt lat="45.93497" lon="11.72463"><ele>204</ele></trkpt>
      <trkpt lat="45.93500" lon="11.72464"><ele>204</ele></trkpt>
      <trkpt lat="45.93511" lon="11.72469"><ele>203</ele></trkpt>
      <trkpt lat="45.93514" lon="11.72470"><ele>202</ele></trkpt>
      <trkpt lat="45.93520" lon="11.72470"><ele>202</ele></trkpt>
      <trkpt lat="45.93526" lon="11.72469"><ele>202</ele></trkpt>
      <trkpt lat="45.93532" lon="11.72467"><ele>202</ele></trkpt>
      <trkpt lat="45.93542" lon="11.72462"><ele>203</ele></trkpt>
      <trkpt lat="45.93589" lon="11.72438"><ele>204</ele></trkpt>
      <trkpt lat="45.93614" lon="11.72425"><ele>205</ele></trkpt>
      <trkpt lat="45.93619" lon="11.72426"><ele>204</ele></trkpt>
      <trkpt lat="45.93625" lon="11.72438"><ele>203</ele></trkpt>
      <trkpt lat="45.93629" lon="11.72453"><ele>202</ele></trkpt>
      <trkpt lat="45.93685" lon="11.72407"><ele>203</ele></trkpt>
      <trkpt lat="45.93691" lon="11.72403"><ele>204</ele></trkpt>
      <trkpt lat="45.93717" lon="11.72386"><ele>204</ele></trkpt>
      <trkpt lat="45.93734" lon="11.72380"><ele>204</ele></trkpt>
      <trkpt lat="45.93763" lon="11.72371"><ele>206</ele></trkpt>
      <trkpt lat="45.93794" lon="11.72367"><ele>211</ele></trkpt>
      <trkpt lat="45.93804" lon="11.72368"><ele>213</ele></trkpt>
      <trkpt lat="45.93822" lon="11.72374"><ele>217</ele></trkpt>
      <trkpt lat="45.93842" lon="11.72383"><ele>234</ele></trkpt>
      <trkpt lat="45.93853" lon="11.72392"><ele>238</ele></trkpt>
      <trkpt lat="45.93861" lon="11.72408"><ele>226</ele></trkpt>
      <trkpt lat="45.93865" lon="11.72419"><ele>213</ele></trkpt>
      <trkpt lat="45.93876" lon="11.72434"><ele>212</ele></trkpt>
      <trkpt lat="45.93891" lon="11.72449"><ele>210</ele></trkpt>
      <trkpt lat="45.93905" lon="11.72456"><ele>209</ele></trkpt>
      <trkpt lat="45.93914" lon="11.72458"><ele>209</ele></trkpt>
      <trkpt lat="45.93926" lon="11.72458"><ele>211</ele></trkpt>
      <trkpt lat="45.93936" lon="11.72459"><ele>212</ele></trkpt>
      <trkpt lat="45.93945" lon="11.72463"><ele>212</ele></trkpt>
      <trkpt lat="45.93962" lon="11.72475"><ele>209</ele></trkpt>
      <trkpt lat="45.93973" lon="11.72480"><ele>209</ele></trkpt>
      <trkpt lat="45.93983" lon="11.72481"><ele>210</ele></trkpt>
      <trkpt lat="45.93997" lon="11.72480"><ele>210</ele></trkpt>
      <trkpt lat="45.94042" lon="11.72471"><ele>211</ele></trkpt>
      <trkpt lat="45.94056" lon="11.72471"><ele>212</ele></trkpt>
      <trkpt lat="45.94069" lon="11.72473"><ele>212</ele></trkpt>
      <trkpt lat="45.94118" lon="11.72497"><ele>210</ele></trkpt>
      <trkpt lat="45.94170" lon="11.72515"><ele>212</ele></trkpt>
      <trkpt lat="45.94181" lon="11.72520"><ele>212</ele></trkpt>
      <trkpt lat="45.94203" lon="11.72529"><ele>212</ele></trkpt>
      <trkpt lat="45.94215" lon="11.72533"><ele>213</ele></trkpt>
      <trkpt lat="45.94233" lon="11.72545"><ele>211</ele></trkpt>
      <trkpt lat="45.94242" lon="11.72547"><ele>211</ele></trkpt>
      <trkpt lat="45.94260" lon="11.72545"><ele>214</ele></trkpt>
      <trkpt lat="45.94286" lon="11.72546"><ele>215</ele></trkpt>
      <trkpt lat="45.94298" lon="11.72542"><ele>218</ele></trkpt>
      <trkpt lat="45.94315" lon="11.72544"><ele>217</ele></trkpt>
      <trkpt lat="45.94334" lon="11.72549"><ele>216</ele></trkpt>
      <trkpt lat="45.94353" lon="11.72551"><ele>217</ele></trkpt>
      <trkpt lat="45.94371" lon="11.72560"><ele>216</ele></trkpt>
      <trkpt lat="45.94385" lon="11.72564"><ele>217</ele></trkpt>
      <trkpt lat="45.94391" lon="11.72568"><ele>216</ele></trkpt>
      <trkpt lat="45.94394" lon="11.72575"><ele>215</ele></trkpt>
      <trkpt lat="45.94393" lon="11.72599"><ele>210</ele></trkpt>
      <trkpt lat="45.94398" lon="11.72614"><ele>208</ele></trkpt>
      <trkpt lat="45.94403" lon="11.72617"><ele>208</ele></trkpt>
      <trkpt lat="45.94411" lon="11.72620"><ele>208</ele></trkpt>
      <trkpt lat="45.94440" lon="11.72619"><ele>210</ele></trkpt>
      <trkpt lat="45.94467" lon="11.72612"><ele>211</ele></trkpt>
      <trkpt lat="45.94477" lon="11.72614"><ele>210</ele></trkpt>
      <trkpt lat="45.94485" lon="11.72613"><ele>209</ele></trkpt>
      <trkpt lat="45.94493" lon="11.72608"><ele>209</ele></trkpt>
      <trkpt lat="45.94502" lon="11.72601"><ele>210</ele></trkpt>
      <trkpt lat="45.94512" lon="11.72595"><ele>211</ele></trkpt>
      <trkpt lat="45.94523" lon="11.72589"><ele>212</ele></trkpt>
      <trkpt lat="45.94538" lon="11.72585"><ele>212</ele></trkpt>
      <trkpt lat="45.94568" lon="11.72581"><ele>213</ele></trkpt>
      <trkpt lat="45.94585" lon="11.72582"><ele>214</ele></trkpt>
      <trkpt lat="45.94603" lon="11.72580"><ele>214</ele></trkpt>
      <trkpt lat="45.94621" lon="11.72581"><ele>213</ele></trkpt>
      <trkpt lat="45.94638" lon="11.72579"><ele>214</ele></trkpt>
      <trkpt lat="45.94659" lon="11.72575"><ele>213</ele></trkpt>
      <trkpt lat="45.94690" lon="11.72565"><ele>213</ele></trkpt>
      <trkpt lat="45.94703" lon="11.72558"><ele>213</ele></trkpt>
      <trkpt lat="45.94727" lon="11.72543"><ele>216</ele></trkpt>
      <trkpt lat="45.94754" lon="11.72529"><ele>214</ele></trkpt>
      <trkpt lat="45.94773" lon="11.72518"><ele>214</ele></trkpt>
      <trkpt lat="45.94785" lon="11.72505"><ele>215</ele></trkpt>
      <trkpt lat="45.94797" lon="11.72498"><ele>214</ele></trkpt>
      <trkpt lat="45.94834" lon="11.72491"><ele>209</ele></trkpt>
      <trkpt lat="45.94850" lon="11.72482"><ele>210</ele></trkpt>
      <trkpt lat="45.94861" lon="11.72473"><ele>209</ele></trkpt>
      <trkpt lat="45.94873" lon="11.72455"><ele>213</ele></trkpt>
      <trkpt lat="45.94882" lon="11.72430"><ele>218</ele></trkpt>
      <trkpt lat="45.94889" lon="11.72419"><ele>215</ele></trkpt>
      <trkpt lat="45.94900" lon="11.72409"><ele>218</ele></trkpt>
      <trkpt lat="45.94914" lon="11.72403"><ele>213</ele></trkpt>
      <trkpt lat="45.94937" lon="11.72381"><ele>215</ele></trkpt>
      <trkpt lat="45.94964" lon="11.72365"><ele>213</ele></trkpt>
      <trkpt lat="45.94991" lon="11.72358"><ele>212</ele></trkpt>
      <trkpt lat="45.95018" lon="11.72346"><ele>218</ele></trkpt>
      <trkpt lat="45.95049" lon="11.72336"><ele>216</ele></trkpt>
      <trkpt lat="45.95079" lon="11.72324"><ele>218</ele></trkpt>
      <trkpt lat="45.95097" lon="11.72315"><ele>218</ele></trkpt>
      <trkpt lat="45.95117" lon="11.72297"><ele>221</ele></trkpt>
      <trkpt lat="45.95136" lon="11.72284"><ele>220</ele></trkpt>
      <trkpt lat="45.95154" lon="11.72270"><ele>219</ele></trkpt>
      <trkpt lat="45.95171" lon="11.72250"><ele>216</ele></trkpt>
      <trkpt lat="45.95187" lon="11.72225"><ele>216</ele></trkpt>
      <trkpt lat="45.95295" lon="11.72037"><ele>214</ele></trkpt>
      <trkpt lat="45.95312" lon="11.72004"><ele>213</ele></trkpt>
      <trkpt lat="45.95320" lon="11.71983"><ele>214</ele></trkpt>
      <trkpt lat="45.95330" lon="11.71945"><ele>215</ele></trkpt>
      <trkpt lat="45.95335" lon="11.71882"><ele>214</ele></trkpt>
      <trkpt lat="45.95345" lon="11.71830"><ele>216</ele></trkpt>
      <trkpt lat="45.95356" lon="11.71798"><ele>215</ele></trkpt>
      <trkpt lat="45.95362" lon="11.71762"><ele>214</ele></trkpt>
      <trkpt lat="45.95389" lon="11.71679"><ele>214</ele></trkpt>
      <trkpt lat="45.95392" lon="11.71653"><ele>214</ele></trkpt>
      <trkpt lat="45.95398" lon="11.71637"><ele>212</ele></trkpt>
      <trkpt lat="45.95411" lon="11.71622"><ele>210</ele></trkpt>
      <trkpt lat="45.95415" lon="11.71609"><ele>210</ele></trkpt>
      <trkpt lat="45.95429" lon="11.71562"><ele>210</ele></trkpt>
      <trkpt lat="45.95436" lon="11.71498"><ele>209</ele></trkpt>
      <trkpt lat="45.95445" lon="11.71433"><ele>211</ele></trkpt>
      <trkpt lat="45.95451" lon="11.71406"><ele>211</ele></trkpt>
      <trkpt lat="45.95459" lon="11.71382"><ele>211</ele></trkpt>
      <trkpt lat="45.95469" lon="11.71357"><ele>211</ele></trkpt>
      <trkpt lat="45.95491" lon="11.71320"><ele>210</ele></trkpt>
      <trkpt lat="45.95495" lon="11.71307"><ele>210</ele></trkpt>
      <trkpt lat="45.95498" lon="11.71300"><ele>210</ele></trkpt>
      <trkpt lat="45.95506" lon="11.71281"><ele>212</ele></trkpt>
      <trkpt lat="45.95523" lon="11.71255"><ele>211</ele></trkpt>
      <trkpt lat="45.95535" lon="11.71239"><ele>211</ele></trkpt>
      <trkpt lat="45.95543" lon="11.71227"><ele>210</ele></trkpt>
      <trkpt lat="45.95548" lon="11.71213"><ele>211</ele></trkpt>
      <trkpt lat="45.95601" lon="11.71157"><ele>210</ele></trkpt>
      <trkpt lat="45.95616" lon="11.71132"><ele>211</ele></trkpt>
      <trkpt lat="45.95646" lon="11.71090"><ele>212</ele></trkpt>
      <trkpt lat="45.95664" lon="11.71054"><ele>214</ele></trkpt>
      <trkpt lat="45.95673" lon="11.71035"><ele>214</ele></trkpt>
      <trkpt lat="45.95679" lon="11.71022"><ele>213</ele></trkpt>
      <trkpt lat="45.95694" lon="11.70986"><ele>214</ele></trkpt>
      <trkpt lat="45.95698" lon="11.70979"><ele>213</ele></trkpt>
      <trkpt lat="45.95703" lon="11.70972"><ele>213</ele></trkpt>
      <trkpt lat="45.95714" lon="11.70953"><ele>213</ele></trkpt>
      <trkpt lat="45.95744" lon="11.70892"><ele>213</ele></trkpt>
      <trkpt lat="45.95750" lon="11.70875"><ele>213</ele></trkpt>
      <trkpt lat="45.95758" lon="11.70858"><ele>213</ele></trkpt>
      <trkpt lat="45.95766" lon="11.70847"><ele>213</ele></trkpt>
      <trkpt lat="45.95783" lon="11.70827"><ele>214</ele></trkpt>
      <trkpt lat="45.95790" lon="11.70815"><ele>213</ele></trkpt>
      <trkpt lat="45.95798" lon="11.70801"><ele>213</ele></trkpt>
      <trkpt lat="45.95804" lon="11.70785"><ele>214</ele></trkpt>
      <trkpt lat="45.95809" lon="11.70777"><ele>214</ele></trkpt>
      <trkpt lat="45.95817" lon="11.70770"><ele>214</ele></trkpt>
      <trkpt lat="45.95834" lon="11.70760"><ele>212</ele></trkpt>
      <trkpt lat="45.95876" lon="11.70740"><ele>213</ele></trkpt>
      <trkpt lat="45.95912" lon="11.70727"><ele>214</ele></trkpt>
      <trkpt lat="45.95919" lon="11.70724"><ele>214</ele></trkpt>
      <trkpt lat="45.95922" lon="11.70721"><ele>215</ele></trkpt>
      <trkpt lat="45.95928" lon="11.70711"><ele>215</ele></trkpt>
      <trkpt lat="45.95930" lon="11.70710"><ele>215</ele></trkpt>
      <trkpt lat="45.95937" lon="11.70709"><ele>215</ele></trkpt>
      <trkpt lat="45.95939" lon="11.70710"><ele>215</ele></trkpt>
      <trkpt lat="45.95946" lon="11.70716"><ele>214</ele></trkpt>
      <trkpt lat="45.95949" lon="11.70718"><ele>214</ele></trkpt>
      <trkpt lat="45.95954" lon="11.70718"><ele>214</ele></trkpt>
      <trkpt lat="45.95980" lon="11.70707"><ele>213</ele></trkpt>
      <trkpt lat="45.96002" lon="11.70696"><ele>214</ele></trkpt>
      <trkpt lat="45.96024" lon="11.70684"><ele>213</ele></trkpt>
      <trkpt lat="45.96032" lon="11.70674"><ele>214</ele></trkpt>
      <trkpt lat="45.96036" lon="11.70661"><ele>214</ele></trkpt>
      <trkpt lat="45.96036" lon="11.70652"><ele>215</ele></trkpt>
      <trkpt lat="45.96032" lon="11.70644"><ele>216</ele></trkpt>
      <trkpt lat="45.96029" lon="11.70642"><ele>216</ele></trkpt>
      <trkpt lat="45.96019" lon="11.70639"><ele>219</ele></trkpt>
      <trkpt lat="45.96017" lon="11.70637"><ele>220</ele></trkpt>
      <trkpt lat="45.96013" lon="11.70641"><ele>220</ele></trkpt>
      <trkpt lat="45.96004" lon="11.70644"><ele>222</ele></trkpt>
      <trkpt lat="45.95995" lon="11.70645"><ele>223</ele></trkpt>
      <trkpt lat="45.95958" lon="11.70653"><ele>222</ele></trkpt>
      <trkpt lat="45.95948" lon="11.70660"><ele>222</ele></trkpt>
      <trkpt lat="45.95935" lon="11.70657"><ele>222</ele></trkpt>
      <trkpt lat="45.95934" lon="11.70666"><ele>220</ele></trkpt>
      <trkpt lat="45.95934" lon="11.70675"><ele>219</ele></trkpt>
      <trkpt lat="45.95947" lon="11.70809"><ele>215</ele></trkpt>
      <trkpt lat="45.95949" lon="11.70831"><ele>218</ele></trkpt>
      <trkpt lat="45.95949" lon="11.70844"><ele>218</ele></trkpt>
      <trkpt lat="45.95947" lon="11.70853"><ele>218</ele></trkpt>
      <trkpt lat="45.95943" lon="11.70865"><ele>218</ele></trkpt>
      <trkpt lat="45.95936" lon="11.70876"><ele>217</ele></trkpt>
      <trkpt lat="45.95924" lon="11.70889"><ele>217</ele></trkpt>
      <trkpt lat="45.95862" lon="11.70947"><ele>217</ele></trkpt>
      <trkpt lat="45.95845" lon="11.70960"><ele>216</ele></trkpt>
      <trkpt lat="45.95839" lon="11.70963"><ele>216</ele></trkpt>
      <trkpt lat="45.95832" lon="11.70965"><ele>216</ele></trkpt>
      <trkpt lat="45.95785" lon="11.70971"><ele>214</ele></trkpt>
      <trkpt lat="45.95779" lon="11.70975"><ele>214</ele></trkpt>
      <trkpt lat="45.95774" lon="11.70980"><ele>214</ele></trkpt>
      <trkpt lat="45.95771" lon="11.70984"><ele>214</ele></trkpt>
      <trkpt lat="45.95767" lon="11.70992"><ele>214</ele></trkpt>
      <trkpt lat="45.95765" lon="11.71004"><ele>215</ele></trkpt>
      <trkpt lat="45.95766" lon="11.71014"><ele>216</ele></trkpt>
      <trkpt lat="45.95767" lon="11.71024"><ele>216</ele></trkpt>
      <trkpt lat="45.95772" lon="11.71034"><ele>217</ele></trkpt>
      <trkpt lat="45.95794" lon="11.71064"><ele>220</ele></trkpt>
      <trkpt lat="45.95800" lon="11.71070"><ele>220</ele></trkpt>
      <trkpt lat="45.95806" lon="11.71073"><ele>221</ele></trkpt>
      <trkpt lat="45.95814" lon="11.71074"><ele>222</ele></trkpt>
      <trkpt lat="45.95821" lon="11.71072"><ele>222</ele></trkpt>
      <trkpt lat="45.95832" lon="11.71064"><ele>222</ele></trkpt>
      <trkpt lat="45.95920" lon="11.70983"><ele>218</ele></trkpt>
      <trkpt lat="45.95958" lon="11.70941"><ele>220</ele></trkpt>
      <trkpt lat="45.95968" lon="11.70930"><ele>220</ele></trkpt>
      <trkpt lat="45.95980" lon="11.70921"><ele>220</ele></trkpt>
      <trkpt lat="45.96005" lon="11.70905"><ele>218</ele></trkpt>
      <trkpt lat="45.96025" lon="11.70899"><ele>218</ele></trkpt>
      <trkpt lat="45.96056" lon="11.70892"><ele>217</ele></trkpt>
      <trkpt lat="45.96072" lon="11.70889"><ele>217</ele></trkpt>
      <trkpt lat="45.96188" lon="11.70870"><ele>216</ele></trkpt>
      <trkpt lat="45.96254" lon="11.70862"><ele>216</ele></trkpt>
      <trkpt lat="45.96295" lon="11.70856"><ele>216</ele></trkpt>
      <trkpt lat="45.96305" lon="11.70853"><ele>216</ele></trkpt>
      <trkpt lat="45.96325" lon="11.70847"><ele>216</ele></trkpt>
      <trkpt lat="45.96333" lon="11.70844"><ele>216</ele></trkpt>
      <trkpt lat="45.96341" lon="11.70842"><ele>216</ele></trkpt>
      <trkpt lat="45.96357" lon="11.70831"><ele>216</ele></trkpt>
      <trkpt lat="45.96370" lon="11.70821"><ele>216</ele></trkpt>
      <trkpt lat="45.96381" lon="11.70811"><ele>216</ele></trkpt>
      <trkpt lat="45.96394" lon="11.70798"><ele>216</ele></trkpt>
      <trkpt lat="45.96407" lon="11.70780"><ele>215</ele></trkpt>
      <trkpt lat="45.96418" lon="11.70765"><ele>215</ele></trkpt>
      <trkpt lat="45.96431" lon="11.70742"><ele>215</ele></trkpt>
      <trkpt lat="45.96441" lon="11.70717"><ele>215</ele></trkpt>
      <trkpt lat="45.96452" lon="11.70683"><ele>216</ele></trkpt>
      <trkpt lat="45.96462" lon="11.70646"><ele>216</ele></trkpt>
      <trkpt lat="45.96536" lon="11.70311"><ele>218</ele></trkpt>
      <trkpt lat="45.96548" lon="11.70257"><ele>218</ele></trkpt>
      <trkpt lat="45.96555" lon="11.70222"><ele>219</ele></trkpt>
      <trkpt lat="45.96560" lon="11.70208"><ele>218</ele></trkpt>
      <trkpt lat="45.96563" lon="11.70203"><ele>218</ele></trkpt>
      <trkpt lat="45.96565" lon="11.70199"><ele>218</ele></trkpt>
      <trkpt lat="45.96570" lon="11.70187"><ele>218</ele></trkpt>
      <trkpt lat="45.96571" lon="11.70183"><ele>218</ele></trkpt>
      <trkpt lat="45.96571" lon="11.70177"><ele>219</ele></trkpt>
      <trkpt lat="45.96573" lon="11.70177"><ele>219</ele></trkpt>
      <trkpt lat="45.96576" lon="11.70174"><ele>219</ele></trkpt>
      <trkpt lat="45.96577" lon="11.70171"><ele>219</ele></trkpt>
      <trkpt lat="45.96578" lon="11.70165"><ele>219</ele></trkpt>
      <trkpt lat="45.96577" lon="11.70162"><ele>219</ele></trkpt>
      <trkpt lat="45.96578" lon="11.70149"><ele>219</ele></trkpt>
      <trkpt lat="45.96578" lon="11.70130"><ele>219</ele></trkpt>
      <trkpt lat="45.96577" lon="11.70112"><ele>219</ele></trkpt>
      <trkpt lat="45.96581" lon="11.70064"><ele>219</ele></trkpt>
      <trkpt lat="45.96584" lon="11.69975"><ele>219</ele></trkpt>
      <trkpt lat="45.96593" lon="11.69916"><ele>222</ele></trkpt>
      <trkpt lat="45.96606" lon="11.69843"><ele>220</ele></trkpt>
      <trkpt lat="45.96610" lon="11.69825"><ele>220</ele></trkpt>
      <trkpt lat="45.96616" lon="11.69805"><ele>220</ele></trkpt>
      <trkpt lat="45.96623" lon="11.69785"><ele>220</ele></trkpt>
      <trkpt lat="45.96635" lon="11.69758"><ele>219</ele></trkpt>
      <trkpt lat="45.96650" lon="11.69732"><ele>220</ele></trkpt>
      <trkpt lat="45.96696" lon="11.69665"><ele>219</ele></trkpt>
      <trkpt lat="45.96748" lon="11.69588"><ele>221</ele></trkpt>
      <trkpt lat="45.96773" lon="11.69549"><ele>221</ele></trkpt>
      <trkpt lat="45.96798" lon="11.69508"><ele>221</ele></trkpt>
      <trkpt lat="45.96820" lon="11.69465"><ele>220</ele></trkpt>
      <trkpt lat="45.96928" lon="11.69251"><ele>222</ele></trkpt>
      <trkpt lat="45.96967" lon="11.69177"><ele>224</ele></trkpt>
      <trkpt lat="45.96999" lon="11.69134"><ele>224</ele></trkpt>
      <trkpt lat="45.97029" lon="11.69087"><ele>225</ele></trkpt>
      <trkpt lat="45.97052" lon="11.69040"><ele>226</ele></trkpt>
      <trkpt lat="45.97072" lon="11.68986"><ele>228</ele></trkpt>
      <trkpt lat="45.97120" lon="11.68859"><ele>227</ele></trkpt>
      <trkpt lat="45.97138" lon="11.68797"><ele>225</ele></trkpt>
      <trkpt lat="45.97146" lon="11.68773"><ele>226</ele></trkpt>
      <trkpt lat="45.97172" lon="11.68717"><ele>224</ele></trkpt>
      <trkpt lat="45.97189" lon="11.68684"><ele>224</ele></trkpt>
      <trkpt lat="45.97201" lon="11.68663"><ele>224</ele></trkpt>
      <trkpt lat="45.97217" lon="11.68642"><ele>225</ele></trkpt>
      <trkpt lat="45.97237" lon="11.68617"><ele>227</ele></trkpt>
      <trkpt lat="45.97267" lon="11.68585"><ele>227</ele></trkpt>
      <trkpt lat="45.97299" lon="11.68562"><ele>229</ele></trkpt>
      <trkpt lat="45.97338" lon="11.68543"><ele>229</ele></trkpt>
      <trkpt lat="45.97362" lon="11.68537"><ele>231</ele></trkpt>
      <trkpt lat="45.97438" lon="11.68506"><ele>228</ele></trkpt>
      <trkpt lat="45.97465" lon="11.68483"><ele>230</ele></trkpt>
      <trkpt lat="45.97487" lon="11.68453"><ele>230</ele></trkpt>
      <trkpt lat="45.97496" lon="11.68414"><ele>232</ele></trkpt>
      <trkpt lat="45.97499" lon="11.68386"><ele>234</ele></trkpt>
      <trkpt lat="45.97503" lon="11.68365"><ele>235</ele></trkpt>
      <trkpt lat="45.97511" lon="11.68345"><ele>234</ele></trkpt>
      <trkpt lat="45.97522" lon="11.68329"><ele>234</ele></trkpt>
      <trkpt lat="45.97527" lon="11.68322"><ele>234</ele></trkpt>
      <trkpt lat="45.97593" lon="11.68239"><ele>232</ele></trkpt>
      <trkpt lat="45.97607" lon="11.68222"><ele>231</ele></trkpt>
      <trkpt lat="45.97647" lon="11.68171"><ele>229</ele></trkpt>
      <trkpt lat="45.97653" lon="11.68164"><ele>229</ele></trkpt>
      <trkpt lat="45.97668" lon="11.68151"><ele>229</ele></trkpt>
      <trkpt lat="45.97678" lon="11.68144"><ele>229</ele></trkpt>
      <trkpt lat="45.97676" lon="11.68141"><ele>228</ele></trkpt>
      <trkpt lat="45.97671" lon="11.68137"><ele>228</ele></trkpt>
      <trkpt lat="45.97651" lon="11.68129"><ele>226</ele></trkpt>
      <trkpt lat="45.97645" lon="11.68128"><ele>226</ele></trkpt>
      <trkpt lat="45.97641" lon="11.68126"><ele>226</ele></trkpt>
      <trkpt lat="45.97638" lon="11.68124"><ele>225</ele></trkpt>
      <trkpt lat="45.97636" lon="11.68120"><ele>225</ele></trkpt>
      <trkpt lat="45.97611" lon="11.68075"><ele>223</ele></trkpt>
      <trkpt lat="45.97599" lon="11.68051"><ele>225</ele></trkpt>
      <trkpt lat="45.97640" lon="11.68002"><ele>226</ele></trkpt>
      <trkpt lat="45.97644" lon="11.67999"><ele>225</ele></trkpt>
      <trkpt lat="45.97648" lon="11.67991"><ele>225</ele></trkpt>
      <trkpt lat="45.97650" lon="11.67979"><ele>225</ele></trkpt>
      <trkpt lat="45.97650" lon="11.67972"><ele>225</ele></trkpt>
      <trkpt lat="45.97648" lon="11.67952"><ele>225</ele></trkpt>
      <trkpt lat="45.97646" lon="11.67916"><ele>224</ele></trkpt>
      <trkpt lat="45.97646" lon="11.67900"><ele>225</ele></trkpt>
      <trkpt lat="45.97649" lon="11.67870"><ele>225</ele></trkpt>
      <trkpt lat="45.97651" lon="11.67859"><ele>226</ele></trkpt>
      <trkpt lat="45.97654" lon="11.67852"><ele>226</ele></trkpt>
      <trkpt lat="45.97674" lon="11.67811"><ele>227</ele></trkpt>
      <trkpt lat="45.97694" lon="11.67763"><ele>228</ele></trkpt>
      <trkpt lat="45.97698" lon="11.67752"><ele>228</ele></trkpt>
      <trkpt lat="45.97702" lon="11.67737"><ele>228</ele></trkpt>
      <trkpt lat="45.97705" lon="11.67726"><ele>228</ele></trkpt>
      <trkpt lat="45.97719" lon="11.67620"><ele>226</ele></trkpt>
      <trkpt lat="45.97724" lon="11.67602"><ele>227</ele></trkpt>
      <trkpt lat="45.97727" lon="11.67592"><ele>228</ele></trkpt>
      <trkpt lat="45.97732" lon="11.67585"><ele>228</ele></trkpt>
      <trkpt lat="45.97756" lon="11.67559"><ele>227</ele></trkpt>
      <trkpt lat="45.97767" lon="11.67550"><ele>228</ele></trkpt>
      <trkpt lat="45.97828" lon="11.67505"><ele>228</ele></trkpt>
      <trkpt lat="45.97878" lon="11.67455"><ele>229</ele></trkpt>
      <trkpt lat="45.97897" lon="11.67441"><ele>229</ele></trkpt>
      <trkpt lat="45.97903" lon="11.67434"><ele>229</ele></trkpt>
      <trkpt lat="45.97908" lon="11.67427"><ele>228</ele></trkpt>
      <trkpt lat="45.97912" lon="11.67418"><ele>228</ele></trkpt>
      <trkpt lat="45.97931" lon="11.67368"><ele>230</ele></trkpt>
      <trkpt lat="45.97935" lon="11.67359"><ele>230</ele></trkpt>
      <trkpt lat="45.97941" lon="11.67353"><ele>230</ele></trkpt>
      <trkpt lat="45.97964" lon="11.67333"><ele>230</ele></trkpt>
      <trkpt lat="45.97971" lon="11.67324"><ele>230</ele></trkpt>
      <trkpt lat="45.97978" lon="11.67312"><ele>230</ele></trkpt>
      <trkpt lat="45.98015" lon="11.67248"><ele>228</ele></trkpt>
      <trkpt lat="45.98024" lon="11.67238"><ele>229</ele></trkpt>
      <trkpt lat="45.98033" lon="11.67230"><ele>229</ele></trkpt>
      <trkpt lat="45.98067" lon="11.67205"><ele>230</ele></trkpt>
      <trkpt lat="45.98084" lon="11.67191"><ele>232</ele></trkpt>
      <trkpt lat="45.98097" lon="11.67183"><ele>232</ele></trkpt>
      <trkpt lat="45.98104" lon="11.67177"><ele>232</ele></trkpt>
      <trkpt lat="45.98118" lon="11.67159"><ele>232</ele></trkpt>
      <trkpt lat="45.98141" lon="11.67117"><ele>232</ele></trkpt>
      <trkpt lat="45.98168" lon="11.67086"><ele>230</ele></trkpt>
      <trkpt lat="45.98195" lon="11.67052"><ele>228</ele></trkpt>
      <trkpt lat="45.98201" lon="11.67045"><ele>228</ele></trkpt>
      <trkpt lat="45.98208" lon="11.67040"><ele>228</ele></trkpt>
      <trkpt lat="45.98223" lon="11.67032"><ele>228</ele></trkpt>
      <trkpt lat="45.98277" lon="11.67006"><ele>227</ele></trkpt>
      <trkpt lat="45.98322" lon="11.66984"><ele>228</ele></trkpt>
      <trkpt lat="45.98351" lon="11.66968"><ele>228</ele></trkpt>
      <trkpt lat="45.98366" lon="11.66959"><ele>229</ele></trkpt>
      <trkpt lat="45.98401" lon="11.66934"><ele>231</ele></trkpt>
      <trkpt lat="45.98408" lon="11.66927"><ele>231</ele></trkpt>
      <trkpt lat="45.98412" lon="11.66921"><ele>232</ele></trkpt>
      <trkpt lat="45.98435" lon="11.66872"><ele>233</ele></trkpt>
      <trkpt lat="45.98463" lon="11.66801"><ele>234</ele></trkpt>
      <trkpt lat="45.98467" lon="11.66794"><ele>234</ele></trkpt>
      <trkpt lat="45.98472" lon="11.66786"><ele>234</ele></trkpt>
      <trkpt lat="45.98477" lon="11.66780"><ele>234</ele></trkpt>
      <trkpt lat="45.98483" lon="11.66775"><ele>234</ele></trkpt>
      <trkpt lat="45.98492" lon="11.66769"><ele>234</ele></trkpt>
      <trkpt lat="45.98514" lon="11.66757"><ele>235</ele></trkpt>
      <trkpt lat="45.98524" lon="11.66754"><ele>236</ele></trkpt>
      <trkpt lat="45.98539" lon="11.66754"><ele>235</ele></trkpt>
      <trkpt lat="45.98543" lon="11.66755"><ele>235</ele></trkpt>
      <trkpt lat="45.98553" lon="11.66759"><ele>235</ele></trkpt>
      <trkpt lat="45.98562" lon="11.66765"><ele>234</ele></trkpt>
      <trkpt lat="45.98567" lon="11.66767"><ele>234</ele></trkpt>
      <trkpt lat="45.98576" lon="11.66769"><ele>233</ele></trkpt>
      <trkpt lat="45.98584" lon="11.66769"><ele>233</ele></trkpt>
      <trkpt lat="45.98588" lon="11.66768"><ele>233</ele></trkpt>
      <trkpt lat="45.98598" lon="11.66766"><ele>233</ele></trkpt>
      <trkpt lat="45.98611" lon="11.66763"><ele>232</ele></trkpt>
      <trkpt lat="45.98618" lon="11.66761"><ele>232</ele></trkpt>
      <trkpt lat="45.98631" lon="11.66759"><ele>232</ele></trkpt>
      <trkpt lat="45.98669" lon="11.66756"><ele>232</ele></trkpt>
      <trkpt lat="45.98684" lon="11.66754"><ele>231</ele></trkpt>
      <trkpt lat="45.98698" lon="11.66750"><ele>231</ele></trkpt>
      <trkpt lat="45.98740" lon="11.66736"><ele>230</ele></trkpt>
      <trkpt lat="45.98755" lon="11.66730"><ele>230</ele></trkpt>
      <trkpt lat="45.98794" lon="11.66710"><ele>230</ele></trkpt>
      <trkpt lat="45.98842" lon="11.66689"><ele>230</ele></trkpt>
      <trkpt lat="45.98860" lon="11.66683"><ele>230</ele></trkpt>
      <trkpt lat="45.98866" lon="11.66680"><ele>230</ele></trkpt>
      <trkpt lat="45.98872" lon="11.66676"><ele>229</ele></trkpt>
      <trkpt lat="45.98877" lon="11.66671"><ele>229</ele></trkpt>
      <trkpt lat="45.98909" lon="11.66629"><ele>229</ele></trkpt>
      <trkpt lat="45.98917" lon="11.66616"><ele>230</ele></trkpt>
      <trkpt lat="45.98929" lon="11.66592"><ele>229</ele></trkpt>
      <trkpt lat="45.98935" lon="11.66585"><ele>229</ele></trkpt>
      <trkpt lat="45.98938" lon="11.66581"><ele>229</ele></trkpt>
      <trkpt lat="45.98941" lon="11.66577"><ele>230</ele></trkpt>
      <trkpt lat="45.98944" lon="11.66581"><ele>229</ele></trkpt>
      <trkpt lat="45.98980" lon="11.66629"><ele>230</ele></trkpt>
      <trkpt lat="45.98986" lon="11.66636"><ele>230</ele></trkpt>
      <trkpt lat="45.98988" lon="11.66633"><ele>230</ele></trkpt>
      <trkpt lat="45.98997" lon="11.66615"><ele>232</ele></trkpt>
      <trkpt lat="45.99025" lon="11.66569"><ele>230</ele></trkpt>
      <trkpt lat="45.99032" lon="11.66558"><ele>231</ele></trkpt>
      <trkpt lat="45.99060" lon="11.66518"><ele>231</ele></trkpt>
      <trkpt lat="45.99090" lon="11.66478"><ele>230</ele></trkpt>
      <trkpt lat="45.99108" lon="11.66467"><ele>231</ele></trkpt>
      <trkpt lat="45.99144" lon="11.66454"><ele>231</ele></trkpt>
      <trkpt lat="45.99192" lon="11.66440"><ele>233</ele></trkpt>
      <trkpt lat="45.99241" lon="11.66427"><ele>230</ele></trkpt>
      <trkpt lat="45.99425" lon="11.66391"><ele>232</ele></trkpt>
      <trkpt lat="45.99487" lon="11.66371"><ele>232</ele></trkpt>
      <trkpt lat="45.99542" lon="11.66348"><ele>233</ele></trkpt>
      <trkpt lat="45.99556" lon="11.66348"><ele>234</ele></trkpt>
      <trkpt lat="45.99558" lon="11.66346"><ele>233</ele></trkpt>
      <trkpt lat="45.99570" lon="11.66326"><ele>232</ele></trkpt>
      <trkpt lat="45.99602" lon="11.66296"><ele>232</ele></trkpt>
      <trkpt lat="45.99635" lon="11.66263"><ele>232</ele></trkpt>
      <trkpt lat="45.99698" lon="11.66190"><ele>234</ele></trkpt>
      <trkpt lat="45.99731" lon="11.66147"><ele>232</ele></trkpt>
      <trkpt lat="45.99760" lon="11.66098"><ele>233</ele></trkpt>
      <trkpt lat="45.99786" lon="11.66047"><ele>233</ele></trkpt>
      <trkpt lat="45.99811" lon="11.65993"><ele>234</ele></trkpt>
      <trkpt lat="45.99958" lon="11.65574"><ele>235</ele></trkpt>
      <trkpt lat="46.00199" lon="11.64886"><ele>238</ele></trkpt>
      <trkpt lat="46.00274" lon="11.64741"><ele>239</ele></trkpt>
      <trkpt lat="46.00447" lon="11.64460"><ele>241</ele></trkpt>
      <trkpt lat="46.00449" lon="11.64456"><ele>240</ele></trkpt>
      <trkpt lat="46.00452" lon="11.64452"><ele>240</ele></trkpt>
      <trkpt lat="46.00467" lon="11.64424"><ele>241</ele></trkpt>
      <trkpt lat="46.00509" lon="11.64361"><ele>240</ele></trkpt>
      <trkpt lat="46.00624" lon="11.64178"><ele>242</ele></trkpt>
      <trkpt lat="46.00669" lon="11.64113"><ele>243</ele></trkpt>
      <trkpt lat="46.00716" lon="11.64051"><ele>243</ele></trkpt>
      <trkpt lat="46.00746" lon="11.64018"><ele>244</ele></trkpt>
      <trkpt lat="46.00779" lon="11.63983"><ele>244</ele></trkpt>
      <trkpt lat="46.00798" lon="11.63965"><ele>244</ele></trkpt>
      <trkpt lat="46.00837" lon="11.63927"><ele>244</ele></trkpt>
      <trkpt lat="46.00920" lon="11.63858"><ele>248</ele></trkpt>
      <trkpt lat="46.00934" lon="11.63848"><ele>246</ele></trkpt>
      <trkpt lat="46.00939" lon="11.63838"><ele>246</ele></trkpt>
      <trkpt lat="46.00954" lon="11.63827"><ele>247</ele></trkpt>
      <trkpt lat="46.00967" lon="11.63814"><ele>247</ele></trkpt>
      <trkpt lat="46.00987" lon="11.63802"><ele>247</ele></trkpt>
      <trkpt lat="46.00990" lon="11.63795"><ele>246</ele></trkpt>
      <trkpt lat="46.00991" lon="11.63789"><ele>245</ele></trkpt>
      <trkpt lat="46.00984" lon="11.63732"><ele>244</ele></trkpt>
      <trkpt lat="46.00983" lon="11.63722"><ele>245</ele></trkpt>
      <trkpt lat="46.00982" lon="11.63718"><ele>246</ele></trkpt>
      <trkpt lat="46.00977" lon="11.63712"><ele>246</ele></trkpt>
      <trkpt lat="46.00971" lon="11.63711"><ele>246</ele></trkpt>
      <trkpt lat="46.00928" lon="11.63728"><ele>244</ele></trkpt>
      <trkpt lat="46.00925" lon="11.63728"><ele>244</ele></trkpt>
      <trkpt lat="46.00922" lon="11.63724"><ele>244</ele></trkpt>
      <trkpt lat="46.00921" lon="11.63711"><ele>244</ele></trkpt>
      <trkpt lat="46.00931" lon="11.63709"><ele>244</ele></trkpt>
      <trkpt lat="46.00934" lon="11.63706"><ele>245</ele></trkpt>
      <trkpt lat="46.00939" lon="11.63707"><ele>245</ele></trkpt>
      <trkpt lat="46.00963" lon="11.63697"><ele>248</ele></trkpt>
      <trkpt lat="46.00982" lon="11.63691"><ele>248</ele></trkpt>
      <trkpt lat="46.00997" lon="11.63688"><ele>247</ele></trkpt>
      <trkpt lat="46.01015" lon="11.63685"><ele>248</ele></trkpt>
      <trkpt lat="46.01039" lon="11.63685"><ele>248</ele></trkpt>
      <trkpt lat="46.01166" lon="11.63696"><ele>252</ele></trkpt>
      <trkpt lat="46.01196" lon="11.63684"><ele>254</ele></trkpt>
      <trkpt lat="46.01216" lon="11.63681"><ele>254</ele></trkpt>
      <trkpt lat="46.01222" lon="11.63691"><ele>254</ele></trkpt>
      <trkpt lat="46.01232" lon="11.63704"><ele>253</ele></trkpt>
      <trkpt lat="46.01237" lon="11.63707"><ele>253</ele></trkpt>
      <trkpt lat="46.01266" lon="11.63709"><ele>253</ele></trkpt>
      <trkpt lat="46.01288" lon="11.63707"><ele>254</ele></trkpt>
      <trkpt lat="46.01400" lon="11.63683"><ele>258</ele></trkpt>
      <trkpt lat="46.01403" lon="11.63681"><ele>258</ele></trkpt>
      <trkpt lat="46.01406" lon="11.63678"><ele>258</ele></trkpt>
      <trkpt lat="46.01408" lon="11.63674"><ele>258</ele></trkpt>
      <trkpt lat="46.01413" lon="11.63661"><ele>260</ele></trkpt>
      <trkpt lat="46.01435" lon="11.63616"><ele>260</ele></trkpt>
      <trkpt lat="46.01483" lon="11.63523"><ele>260</ele></trkpt>
      <trkpt lat="46.01484" lon="11.63517"><ele>260</ele></trkpt>
      <trkpt lat="46.01485" lon="11.63510"><ele>260</ele></trkpt>
      <trkpt lat="46.01483" lon="11.63503"><ele>260</ele></trkpt>
      <trkpt lat="46.01486" lon="11.63501"><ele>260</ele></trkpt>
      <trkpt lat="46.01491" lon="11.63498"><ele>260</ele></trkpt>
      <trkpt lat="46.01504" lon="11.63490"><ele>261</ele></trkpt>
      <trkpt lat="46.01508" lon="11.63489"><ele>261</ele></trkpt>
      <trkpt lat="46.01515" lon="11.63593"><ele>263</ele></trkpt>
      <trkpt lat="46.01519" lon="11.63658"><ele>262</ele></trkpt>
      <trkpt lat="46.01522" lon="11.63657"><ele>262</ele></trkpt>
      <trkpt lat="46.01523" lon="11.63657"><ele>262</ele></trkpt>
      <trkpt lat="46.01551" lon="11.63656"><ele>263</ele></trkpt>
      <trkpt lat="46.01553" lon="11.63656"><ele>263</ele></trkpt>
      <trkpt lat="46.01586" lon="11.63655"><ele>264</ele></trkpt>
      <trkpt lat="46.01590" lon="11.63654"><ele>264</ele></trkpt>
      <trkpt lat="46.01674" lon="11.63645"><ele>269</ele></trkpt>
      <trkpt lat="46.01677" lon="11.63643"><ele>269</ele></trkpt>
      <trkpt lat="46.01680" lon="11.63638"><ele>269</ele></trkpt>
      <trkpt lat="46.01695" lon="11.63607"><ele>269</ele></trkpt>
      <trkpt lat="46.01701" lon="11.63596"><ele>268</ele></trkpt>
      <trkpt lat="46.01702" lon="11.63593"><ele>268</ele></trkpt>
      <trkpt lat="46.01701" lon="11.63596"><ele>268</ele></trkpt>
      <trkpt lat="46.01695" lon="11.63607"><ele>269</ele></trkpt>
      <trkpt lat="46.01680" lon="11.63638"><ele>269</ele></trkpt>
      <trkpt lat="46.01677" lon="11.63643"><ele>269</ele></trkpt>
      <trkpt lat="46.01674" lon="11.63645"><ele>269</ele></trkpt>
      <trkpt lat="46.01590" lon="11.63654"><ele>264</ele></trkpt>
      <trkpt lat="46.01586" lon="11.63655"><ele>264</ele></trkpt>
      <trkpt lat="46.01553" lon="11.63656"><ele>263</ele></trkpt>
      <trkpt lat="46.01551" lon="11.63656"><ele>263</ele></trkpt>
      <trkpt lat="46.01523" lon="11.63657"><ele>262</ele></trkpt>
      <trkpt lat="46.01522" lon="11.63657"><ele>262</ele></trkpt>
      <trkpt lat="46.01519" lon="11.63658"><ele>262</ele></trkpt>
      <trkpt lat="46.01515" lon="11.63593"><ele>263</ele></trkpt>
      <trkpt lat="46.01508" lon="11.63489"><ele>261</ele></trkpt>
      <trkpt lat="46.01504" lon="11.63490"><ele>261</ele></trkpt>
      <trkpt lat="46.01491" lon="11.63498"><ele>260</ele></trkpt>
      <trkpt lat="46.01486" lon="11.63501"><ele>260</ele></trkpt>
      <trkpt lat="46.01483" lon="11.63503"><ele>260</ele></trkpt>
      <trkpt lat="46.01473" lon="11.63478"><ele>261</ele></trkpt>
      <trkpt lat="46.01463" lon="11.63441"><ele>260</ele></trkpt>
      <trkpt lat="46.01459" lon="11.63427"><ele>259</ele></trkpt>
      <trkpt lat="46.01449" lon="11.63397"><ele>258</ele></trkpt>
      <trkpt lat="46.01435" lon="11.63383"><ele>258</ele></trkpt>
      <trkpt lat="46.01414" lon="11.63361"><ele>257</ele></trkpt>
      <trkpt lat="46.01400" lon="11.63346"><ele>256</ele></trkpt>
      <trkpt lat="46.01364" lon="11.63320"><ele>255</ele></trkpt>
      <trkpt lat="46.01354" lon="11.63310"><ele>254</ele></trkpt>
      <trkpt lat="46.01368" lon="11.63281"><ele>254</ele></trkpt>
      <trkpt lat="46.01375" lon="11.63258"><ele>254</ele></trkpt>
      <trkpt lat="46.01376" lon="11.63252"><ele>254</ele></trkpt>
      <trkpt lat="46.01373" lon="11.63249"><ele>254</ele></trkpt>
      <trkpt lat="46.01371" lon="11.63244"><ele>254</ele></trkpt>
      <trkpt lat="46.01369" lon="11.63239"><ele>254</ele></trkpt>
      <trkpt lat="46.01369" lon="11.63234"><ele>254</ele></trkpt>
      <trkpt lat="46.01370" lon="11.63229"><ele>254</ele></trkpt>
      <trkpt lat="46.01372" lon="11.63223"><ele>254</ele></trkpt>
      <trkpt lat="46.01335" lon="11.63199"><ele>253</ele></trkpt>
      <trkpt lat="46.01329" lon="11.63195"><ele>253</ele></trkpt>
      <trkpt lat="46.01315" lon="11.63184"><ele>252</ele></trkpt>
      <trkpt lat="46.01301" lon="11.63164"><ele>252</ele></trkpt>
      <trkpt lat="46.01295" lon="11.63154"><ele>252</ele></trkpt>
      <trkpt lat="46.01291" lon="11.63142"><ele>251</ele></trkpt>
      <trkpt lat="46.01287" lon="11.63131"><ele>251</ele></trkpt>
      <trkpt lat="46.01287" lon="11.63128"><ele>251</ele></trkpt>
      <trkpt lat="46.01284" lon="11.63120"><ele>251</ele></trkpt>
      <trkpt lat="46.01282" lon="11.63117"><ele>251</ele></trkpt>
      <trkpt lat="46.01280" lon="11.63114"><ele>251</ele></trkpt>
      <trkpt lat="46.01275" lon="11.63112"><ele>251</ele></trkpt>
      <trkpt lat="46.01273" lon="11.63112"><ele>252</ele></trkpt>
      <trkpt lat="46.01266" lon="11.63114"><ele>252</ele></trkpt>
      <trkpt lat="46.01263" lon="11.63118"><ele>252</ele></trkpt>
      <trkpt lat="46.01260" lon="11.63124"><ele>252</ele></trkpt>
      <trkpt lat="46.01259" lon="11.63130"><ele>251</ele></trkpt>
      <trkpt lat="46.01259" lon="11.63137"><ele>250</ele></trkpt>
      <trkpt lat="46.01256" lon="11.63138"><ele>250</ele></trkpt>
      <trkpt lat="46.01247" lon="11.63130"><ele>251</ele></trkpt>
      <trkpt lat="46.01234" lon="11.63119"><ele>251</ele></trkpt>
      <trkpt lat="46.01204" lon="11.63094"><ele>250</ele></trkpt>
      <trkpt lat="46.01190" lon="11.63081"><ele>250</ele></trkpt>
      <trkpt lat="46.01169" lon="11.63063"><ele>249</ele></trkpt>
      <trkpt lat="46.01145" lon="11.63046"><ele>248</ele></trkpt>
      <trkpt lat="46.01111" lon="11.63028"><ele>251</ele></trkpt>
      <trkpt lat="46.01112" lon="11.63014"><ele>249</ele></trkpt>
      <trkpt lat="46.01115" lon="11.62999"><ele>248</ele></trkpt>
      <trkpt lat="46.01138" lon="11.62915"><ele>250</ele></trkpt>
      <trkpt lat="46.01147" lon="11.62852"><ele>248</ele></trkpt>
      <trkpt lat="46.01149" lon="11.62821"><ele>248</ele></trkpt>
      <trkpt lat="46.01150" lon="11.62776"><ele>248</ele></trkpt>
      <trkpt lat="46.01150" lon="11.62745"><ele>248</ele></trkpt>
      <trkpt lat="46.01149" lon="11.62716"><ele>248</ele></trkpt>
      <trkpt lat="46.01139" lon="11.62635"><ele>250</ele></trkpt>
      <trkpt lat="46.01129" lon="11.62577"><ele>248</ele></trkpt>
      <trkpt lat="46.01115" lon="11.62494"><ele>250</ele></trkpt>
      <trkpt lat="46.01102" lon="11.62381"><ele>249</ele></trkpt>
      <trkpt lat="46.01093" lon="11.62254"><ele>249</ele></trkpt>
      <trkpt lat="46.01090" lon="11.62174"><ele>250</ele></trkpt>
      <trkpt lat="46.01093" lon="11.62022"><ele>250</ele></trkpt>
      <trkpt lat="46.01104" lon="11.61867"><ele>252</ele></trkpt>
      <trkpt lat="46.01118" lon="11.61749"><ele>251</ele></trkpt>
      <trkpt lat="46.01138" lon="11.61629"><ele>254</ele></trkpt>
      <trkpt lat="46.01167" lon="11.61502"><ele>254</ele></trkpt>
      <trkpt lat="46.01199" lon="11.61419"><ele>253</ele></trkpt>
      <trkpt lat="46.01232" lon="11.61355"><ele>254</ele></trkpt>
      <trkpt lat="46.01261" lon="11.61310"><ele>254</ele></trkpt>
      <trkpt lat="46.01287" lon="11.61275"><ele>254</ele></trkpt>
      <trkpt lat="46.01316" lon="11.61244"><ele>255</ele></trkpt>
      <trkpt lat="46.01342" lon="11.61220"><ele>255</ele></trkpt>
      <trkpt lat="46.01359" lon="11.61207"><ele>255</ele></trkpt>
      <trkpt lat="46.01378" lon="11.61191"><ele>255</ele></trkpt>
      <trkpt lat="46.01569" lon="11.61062"><ele>257</ele></trkpt>
      <trkpt lat="46.01687" lon="11.60978"><ele>258</ele></trkpt>
      <trkpt lat="46.01734" lon="11.60943"><ele>258</ele></trkpt>
      <trkpt lat="46.01775" lon="11.60916"><ele>260</ele></trkpt>
      <trkpt lat="46.01788" lon="11.60905"><ele>260</ele></trkpt>
      <trkpt lat="46.01797" lon="11.60895"><ele>260</ele></trkpt>
      <trkpt lat="46.01800" lon="11.60890"><ele>259</ele></trkpt>
      <trkpt lat="46.01812" lon="11.60876"><ele>260</ele></trkpt>
      <trkpt lat="46.01851" lon="11.60817"><ele>259</ele></trkpt>
      <trkpt lat="46.01871" lon="11.60791"><ele>260</ele></trkpt>
      <trkpt lat="46.01889" lon="11.60766"><ele>260</ele></trkpt>
      <trkpt lat="46.01916" lon="11.60720"><ele>260</ele></trkpt>
      <trkpt lat="46.01928" lon="11.60695"><ele>260</ele></trkpt>
      <trkpt lat="46.01943" lon="11.60659"><ele>261</ele></trkpt>
      <trkpt lat="46.02016" lon="11.60410"><ele>264</ele></trkpt>
      <trkpt lat="46.02039" lon="11.60342"><ele>264</ele></trkpt>
      <trkpt lat="46.02046" lon="11.60323"><ele>264</ele></trkpt>
      <trkpt lat="46.02055" lon="11.60291"><ele>264</ele></trkpt>
      <trkpt lat="46.02068" lon="11.60240"><ele>264</ele></trkpt>
      <trkpt lat="46.02077" lon="11.60191"><ele>265</ele></trkpt>
      <trkpt lat="46.02087" lon="11.60145"><ele>264</ele></trkpt>
      <trkpt lat="46.02099" lon="11.60107"><ele>264</ele></trkpt>
      <trkpt lat="46.02108" lon="11.60079"><ele>264</ele></trkpt>
      <trkpt lat="46.02112" lon="11.60063"><ele>264</ele></trkpt>
      <trkpt lat="46.02111" lon="11.60046"><ele>264</ele></trkpt>
      <trkpt lat="46.02105" lon="11.60021"><ele>264</ele></trkpt>
      <trkpt lat="46.02097" lon="11.59992"><ele>263</ele></trkpt>
      <trkpt lat="46.02094" lon="11.59978"><ele>264</ele></trkpt>
      <trkpt lat="46.02084" lon="11.59941"><ele>264</ele></trkpt>
      <trkpt lat="46.02070" lon="11.59893"><ele>264</ele></trkpt>
      <trkpt lat="46.02056" lon="11.59844"><ele>265</ele></trkpt>
      <trkpt lat="46.02049" lon="11.59828"><ele>264</ele></trkpt>
      <trkpt lat="46.02040" lon="11.59816"><ele>264</ele></trkpt>
      <trkpt lat="46.02031" lon="11.59807"><ele>265</ele></trkpt>
      <trkpt lat="46.02028" lon="11.59802"><ele>265</ele></trkpt>
      <trkpt lat="46.02025" lon="11.59786"><ele>264</ele></trkpt>
      <trkpt lat="46.02019" lon="11.59750"><ele>264</ele></trkpt>
      <trkpt lat="46.01987" lon="11.59593"><ele>264</ele></trkpt>
      <trkpt lat="46.01948" lon="11.59426"><ele>266</ele></trkpt>
      <trkpt lat="46.01922" lon="11.59309"><ele>266</ele></trkpt>
      <trkpt lat="46.01914" lon="11.59264"><ele>267</ele></trkpt>
      <trkpt lat="46.01913" lon="11.59247"><ele>268</ele></trkpt>
      <trkpt lat="46.01933" lon="11.59199"><ele>268</ele></trkpt>
      <trkpt lat="46.01942" lon="11.59173"><ele>269</ele></trkpt>
      <trkpt lat="46.01944" lon="11.59159"><ele>270</ele></trkpt>
      <trkpt lat="46.01943" lon="11.59120"><ele>270</ele></trkpt>
      <trkpt lat="46.01942" lon="11.59092"><ele>270</ele></trkpt>
      <trkpt lat="46.01938" lon="11.59059"><ele>270</ele></trkpt>
      <trkpt lat="46.01938" lon="11.59035"><ele>270</ele></trkpt>
      <trkpt lat="46.01942" lon="11.59009"><ele>270</ele></trkpt>
      <trkpt lat="46.01952" lon="11.58989"><ele>270</ele></trkpt>
      <trkpt lat="46.01960" lon="11.58974"><ele>270</ele></trkpt>
      <trkpt lat="46.01968" lon="11.58957"><ele>270</ele></trkpt>
      <trkpt lat="46.01974" lon="11.58937"><ele>271</ele></trkpt>
      <trkpt lat="46.01976" lon="11.58915"><ele>271</ele></trkpt>
      <trkpt lat="46.01978" lon="11.58880"><ele>271</ele></trkpt>
      <trkpt lat="46.01982" lon="11.58846"><ele>270</ele></trkpt>
      <trkpt lat="46.01987" lon="11.58821"><ele>270</ele></trkpt>
      <trkpt lat="46.01987" lon="11.58809"><ele>270</ele></trkpt>
      <trkpt lat="46.01986" lon="11.58793"><ele>270</ele></trkpt>
      <trkpt lat="46.01987" lon="11.58774"><ele>271</ele></trkpt>
      <trkpt lat="46.01992" lon="11.58754"><ele>272</ele></trkpt>
      <trkpt lat="46.01998" lon="11.58737"><ele>272</ele></trkpt>
      <trkpt lat="46.02002" lon="11.58715"><ele>272</ele></trkpt>
      <trkpt lat="46.02003" lon="11.58701"><ele>273</ele></trkpt>
      <trkpt lat="46.02001" lon="11.58685"><ele>273</ele></trkpt>
      <trkpt lat="46.02000" lon="11.58671"><ele>273</ele></trkpt>
      <trkpt lat="46.01996" lon="11.58653"><ele>272</ele></trkpt>
      <trkpt lat="46.01992" lon="11.58648"><ele>272</ele></trkpt>
      <trkpt lat="46.01989" lon="11.58644"><ele>272</ele></trkpt>
      <trkpt lat="46.01969" lon="11.58635"><ele>272</ele></trkpt>
      <trkpt lat="46.01965" lon="11.58632"><ele>272</ele></trkpt>
      <trkpt lat="46.01961" lon="11.58627"><ele>271</ele></trkpt>
      <trkpt lat="46.01959" lon="11.58621"><ele>270</ele></trkpt>
      <trkpt lat="46.01958" lon="11.58613"><ele>270</ele></trkpt>
      <trkpt lat="46.01961" lon="11.58598"><ele>270</ele></trkpt>
      <trkpt lat="46.01971" lon="11.58558"><ele>273</ele></trkpt>
      <trkpt lat="46.01990" lon="11.58492"><ele>272</ele></trkpt>
      <trkpt lat="46.02033" lon="11.58378"><ele>272</ele></trkpt>
      <trkpt lat="46.02146" lon="11.58127"><ele>274</ele></trkpt>
      <trkpt lat="46.02182" lon="11.58050"><ele>274</ele></trkpt>
      <trkpt lat="46.02203" lon="11.58009"><ele>275</ele></trkpt>
      <trkpt lat="46.02225" lon="11.57973"><ele>275</ele></trkpt>
      <trkpt lat="46.02402" lon="11.57708"><ele>279</ele></trkpt>
      <trkpt lat="46.02521" lon="11.57527"><ele>281</ele></trkpt>
      <trkpt lat="46.02609" lon="11.57393"><ele>282</ele></trkpt>
      <trkpt lat="46.02640" lon="11.57355"><ele>283</ele></trkpt>
      <trkpt lat="46.02698" lon="11.57293"><ele>284</ele></trkpt>
      <trkpt lat="46.02784" lon="11.57207"><ele>284</ele></trkpt>
      <trkpt lat="46.02864" lon="11.57129"><ele>284</ele></trkpt>
      <trkpt lat="46.02926" lon="11.57064"><ele>284</ele></trkpt>
      <trkpt lat="46.02952" lon="11.57028"><ele>286</ele></trkpt>
      <trkpt lat="46.02975" lon="11.56992"><ele>287</ele></trkpt>
      <trkpt lat="46.02990" lon="11.56964"><ele>286</ele></trkpt>
      <trkpt lat="46.03001" lon="11.56933"><ele>288</ele></trkpt>
      <trkpt lat="46.03011" lon="11.56904"><ele>286</ele></trkpt>
      <trkpt lat="46.03019" lon="11.56871"><ele>287</ele></trkpt>
      <trkpt lat="46.03027" lon="11.56832"><ele>289</ele></trkpt>
      <trkpt lat="46.03035" lon="11.56789"><ele>288</ele></trkpt>
      <trkpt lat="46.03041" lon="11.56740"><ele>287</ele></trkpt>
      <trkpt lat="46.03050" lon="11.56682"><ele>290</ele></trkpt>
      <trkpt lat="46.03052" lon="11.56678"><ele>290</ele></trkpt>
      <trkpt lat="46.03054" lon="11.56639"><ele>292</ele></trkpt>
      <trkpt lat="46.03056" lon="11.56621"><ele>291</ele></trkpt>
      <trkpt lat="46.03059" lon="11.56599"><ele>290</ele></trkpt>
      <trkpt lat="46.03059" lon="11.56586"><ele>288</ele></trkpt>
      <trkpt lat="46.03061" lon="11.56572"><ele>288</ele></trkpt>
      <trkpt lat="46.03070" lon="11.56481"><ele>290</ele></trkpt>
      <trkpt lat="46.03086" lon="11.56381"><ele>292</ele></trkpt>
      <trkpt lat="46.03097" lon="11.56326"><ele>291</ele></trkpt>
      <trkpt lat="46.03102" lon="11.56308"><ele>291</ele></trkpt>
      <trkpt lat="46.03105" lon="11.56299"><ele>292</ele></trkpt>
      <trkpt lat="46.03112" lon="11.56282"><ele>292</ele></trkpt>
      <trkpt lat="46.03137" lon="11.56228"><ele>292</ele></trkpt>
      <trkpt lat="46.03169" lon="11.56165"><ele>294</ele></trkpt>
      <trkpt lat="46.03216" lon="11.56091"><ele>293</ele></trkpt>
      <trkpt lat="46.03254" lon="11.56051"><ele>294</ele></trkpt>
      <trkpt lat="46.03294" lon="11.56028"><ele>295</ele></trkpt>
      <trkpt lat="46.03303" lon="11.56014"><ele>294</ele></trkpt>
      <trkpt lat="46.03313" lon="11.55979"><ele>295</ele></trkpt>
      <trkpt lat="46.03321" lon="11.55968"><ele>296</ele></trkpt>
      <trkpt lat="46.03343" lon="11.55956"><ele>295</ele></trkpt>
      <trkpt lat="46.03390" lon="11.55905"><ele>296</ele></trkpt>
      <trkpt lat="46.03403" lon="11.55882"><ele>296</ele></trkpt>
      <trkpt lat="46.03461" lon="11.55783"><ele>297</ele></trkpt>
      <trkpt lat="46.03525" lon="11.55699"><ele>298</ele></trkpt>
      <trkpt lat="46.03552" lon="11.55665"><ele>298</ele></trkpt>
      <trkpt lat="46.03634" lon="11.55578"><ele>298</ele></trkpt>
      <trkpt lat="46.03741" lon="11.55444"><ele>300</ele></trkpt>
      <trkpt lat="46.03859" lon="11.55254"><ele>302</ele></trkpt>
      <trkpt lat="46.03916" lon="11.55129"><ele>302</ele></trkpt>
      <trkpt lat="46.03964" lon="11.55001"><ele>302</ele></trkpt>
      <trkpt lat="46.03992" lon="11.54916"><ele>303</ele></trkpt>
      <trkpt lat="46.04012" lon="11.54841"><ele>304</ele></trkpt>
      <trkpt lat="46.04025" lon="11.54842"><ele>305</ele></trkpt>
      <trkpt lat="46.04037" lon="11.54840"><ele>306</ele></trkpt>
      <trkpt lat="46.04043" lon="11.54837"><ele>306</ele></trkpt>
      <trkpt lat="46.04048" lon="11.54831"><ele>306</ele></trkpt>
      <trkpt lat="46.04051" lon="11.54824"><ele>306</ele></trkpt>
      <trkpt lat="46.04064" lon="11.54777"><ele>305</ele></trkpt>
      <trkpt lat="46.04070" lon="11.54767"><ele>305</ele></trkpt>
      <trkpt lat="46.04075" lon="11.54759"><ele>304</ele></trkpt>
      <trkpt lat="46.04082" lon="11.54755"><ele>304</ele></trkpt>
      <trkpt lat="46.04089" lon="11.54753"><ele>304</ele></trkpt>
      <trkpt lat="46.04097" lon="11.54753"><ele>305</ele></trkpt>
      <trkpt lat="46.04104" lon="11.54756"><ele>306</ele></trkpt>
      <trkpt lat="46.04146" lon="11.54792"><ele>305</ele></trkpt>
      <trkpt lat="46.04178" lon="11.54817"><ele>305</ele></trkpt>
      <trkpt lat="46.04182" lon="11.54821"><ele>306</ele></trkpt>
      <trkpt lat="46.04187" lon="11.54830"><ele>306</ele></trkpt>
      <trkpt lat="46.04190" lon="11.54841"><ele>307</ele></trkpt>
      <trkpt lat="46.04190" lon="11.54854"><ele>308</ele></trkpt>
      <trkpt lat="46.04189" lon="11.54872"><ele>308</ele></trkpt>
      <trkpt lat="46.04189" lon="11.54879"><ele>308</ele></trkpt>
      <trkpt lat="46.04200" lon="11.54884"><ele>309</ele></trkpt>
      <trkpt lat="46.04205" lon="11.54889"><ele>310</ele></trkpt>
      <trkpt lat="46.04274" lon="11.54964"><ele>316</ele></trkpt>
      <trkpt lat="46.04327" lon="11.55020"><ele>325</ele></trkpt>
      <trkpt lat="46.04334" lon="11.55027"><ele>326</ele></trkpt>
      <trkpt lat="46.04339" lon="11.55032"><ele>326</ele></trkpt>
      <trkpt lat="46.04357" lon="11.55053"><ele>328</ele></trkpt>
      <trkpt lat="46.04370" lon="11.55068"><ele>330</ele></trkpt>
      <trkpt lat="46.04377" lon="11.55081"><ele>331</ele></trkpt>
      <trkpt lat="46.04386" lon="11.55101"><ele>333</ele></trkpt>
      <trkpt lat="46.04389" lon="11.55108"><ele>334</ele></trkpt>
      <trkpt lat="46.04390" lon="11.55113"><ele>334</ele></trkpt>
      <trkpt lat="46.04393" lon="11.55119"><ele>334</ele></trkpt>
      <trkpt lat="46.04411" lon="11.55160"><ele>337</ele></trkpt>
      <trkpt lat="46.04418" lon="11.55174"><ele>338</ele></trkpt>
      <trkpt lat="46.04420" lon="11.55177"><ele>339</ele></trkpt>
      <trkpt lat="46.04415" lon="11.55183"><ele>339</ele></trkpt>
      <trkpt lat="46.04410" lon="11.55190"><ele>339</ele></trkpt>
      <trkpt lat="46.04405" lon="11.55207"><ele>340</ele></trkpt>
      <trkpt lat="46.04404" lon="11.55213"><ele>340</ele></trkpt>
      <trkpt lat="46.04402" lon="11.55218"><ele>340</ele></trkpt>
      <trkpt lat="46.04400" lon="11.55223"><ele>341</ele></trkpt>
      <trkpt lat="46.04398" lon="11.55228"><ele>341</ele></trkpt>
      <trkpt lat="46.04393" lon="11.55237"><ele>341</ele></trkpt>
      <trkpt lat="46.04385" lon="11.55246"><ele>341</ele></trkpt>
      <trkpt lat="46.04368" lon="11.55265"><ele>342</ele></trkpt>
      <trkpt lat="46.04364" lon="11.55269"><ele>342</ele></trkpt>
      <trkpt lat="46.04363" lon="11.55271"><ele>342</ele></trkpt>
      <trkpt lat="46.04362" lon="11.55273"><ele>342</ele></trkpt>
      <trkpt lat="46.04358" lon="11.55280"><ele>343</ele></trkpt>
      <trkpt lat="46.04348" lon="11.55290"><ele>342</ele></trkpt>
      <trkpt lat="46.04350" lon="11.55296"><ele>343</ele></trkpt>
      <trkpt lat="46.04352" lon="11.55301"><ele>347</ele></trkpt>
      <trkpt lat="46.04350" lon="11.55296"><ele>343</ele></trkpt>
      <trkpt lat="46.04348" lon="11.55290"><ele>342</ele></trkpt>
      <trkpt lat="46.04358" lon="11.55280"><ele>343</ele></trkpt>
      <trkpt lat="46.04362" lon="11.55273"><ele>342</ele></trkpt>
      <trkpt lat="46.04363" lon="11.55271"><ele>342</ele></trkpt>
      <trkpt lat="46.04364" lon="11.55269"><ele>342</ele></trkpt>
      <trkpt lat="46.04368" lon="11.55265"><ele>342</ele></trkpt>
      <trkpt lat="46.04385" lon="11.55246"><ele>341</ele></trkpt>
      <trkpt lat="46.04393" lon="11.55237"><ele>341</ele></trkpt>
      <trkpt lat="46.04398" lon="11.55228"><ele>341</ele></trkpt>
      <trkpt lat="46.04400" lon="11.55223"><ele>341</ele></trkpt>
      <trkpt lat="46.04402" lon="11.55218"><ele>340</ele></trkpt>
      <trkpt lat="46.04404" lon="11.55213"><ele>340</ele></trkpt>
      <trkpt lat="46.04405" lon="11.55207"><ele>340</ele></trkpt>
      <trkpt lat="46.04410" lon="11.55190"><ele>339</ele></trkpt>
      <trkpt lat="46.04415" lon="11.55183"><ele>339</ele></trkpt>
      <trkpt lat="46.04420" lon="11.55177"><ele>339</ele></trkpt>
      <trkpt lat="46.04418" lon="11.55174"><ele>338</ele></trkpt>
      <trkpt lat="46.04411" lon="11.55160"><ele>337</ele></trkpt>
      <trkpt lat="46.04393" lon="11.55119"><ele>334</ele></trkpt>
      <trkpt lat="46.04390" lon="11.55113"><ele>334</ele></trkpt>
      <trkpt lat="46.04389" lon="11.55108"><ele>334</ele></trkpt>
      <trkpt lat="46.04386" lon="11.55101"><ele>333</ele></trkpt>
      <trkpt lat="46.04377" lon="11.55081"><ele>331</ele></trkpt>
      <trkpt lat="46.04370" lon="11.55068"><ele>330</ele></trkpt>
      <trkpt lat="46.04357" lon="11.55053"><ele>328</ele></trkpt>
      <trkpt lat="46.04339" lon="11.55032"><ele>326</ele></trkpt>
      <trkpt lat="46.04334" lon="11.55027"><ele>326</ele></trkpt>
      <trkpt lat="46.04327" lon="11.55020"><ele>325</ele></trkpt>
      <trkpt lat="46.04274" lon="11.54964"><ele>316</ele></trkpt>
      <trkpt lat="46.04205" lon="11.54889"><ele>310</ele></trkpt>
      <trkpt lat="46.04200" lon="11.54884"><ele>309</ele></trkpt>
      <trkpt lat="46.04189" lon="11.54879"><ele>308</ele></trkpt>
      <trkpt lat="46.04189" lon="11.54872"><ele>308</ele></trkpt>
      <trkpt lat="46.04190" lon="11.54854"><ele>308</ele></trkpt>
      <trkpt lat="46.04190" lon="11.54841"><ele>307</ele></trkpt>
      <trkpt lat="46.04187" lon="11.54830"><ele>306</ele></trkpt>
      <trkpt lat="46.04182" lon="11.54821"><ele>306</ele></trkpt>
      <trkpt lat="46.04178" lon="11.54817"><ele>305</ele></trkpt>
      <trkpt lat="46.04146" lon="11.54792"><ele>305</ele></trkpt>
      <trkpt lat="46.04104" lon="11.54756"><ele>306</ele></trkpt>
      <trkpt lat="46.04097" lon="11.54753"><ele>305</ele></trkpt>
      <trkpt lat="46.04089" lon="11.54753"><ele>304</ele></trkpt>
      <trkpt lat="46.04082" lon="11.54755"><ele>304</ele></trkpt>
      <trkpt lat="46.04075" lon="11.54759"><ele>304</ele></trkpt>
      <trkpt lat="46.04070" lon="11.54767"><ele>305</ele></trkpt>
      <trkpt lat="46.04064" lon="11.54777"><ele>305</ele></trkpt>
      <trkpt lat="46.04051" lon="11.54824"><ele>306</ele></trkpt>
      <trkpt lat="46.04048" lon="11.54831"><ele>306</ele></trkpt>
      <trkpt lat="46.04043" lon="11.54837"><ele>306</ele></trkpt>
      <trkpt lat="46.04037" lon="11.54840"><ele>306</ele></trkpt>
      <trkpt lat="46.04025" lon="11.54842"><ele>305</ele></trkpt>
      <trkpt lat="46.04012" lon="11.54841"><ele>304</ele></trkpt>
      <trkpt lat="46.04046" lon="11.54677"><ele>305</ele></trkpt>
      <trkpt lat="46.04096" lon="11.54411"><ele>306</ele></trkpt>
      <trkpt lat="46.04120" lon="11.54282"><ele>308</ele></trkpt>
      <trkpt lat="46.04146" lon="11.54137"><ele>310</ele></trkpt>
      <trkpt lat="46.04152" lon="11.54083"><ele>310</ele></trkpt>
      <trkpt lat="46.04165" lon="11.53962"><ele>312</ele></trkpt>
      <trkpt lat="46.04176" lon="11.53895"><ele>311</ele></trkpt>
      <trkpt lat="46.04199" lon="11.53819"><ele>312</ele></trkpt>
      <trkpt lat="46.04267" lon="11.53637"><ele>314</ele></trkpt>
      <trkpt lat="46.04302" lon="11.53554"><ele>316</ele></trkpt>
      <trkpt lat="46.04321" lon="11.53502"><ele>315</ele></trkpt>
      <trkpt lat="46.04327" lon="11.53475"><ele>316</ele></trkpt>
      <trkpt lat="46.04338" lon="11.53450"><ele>316</ele></trkpt>
      <trkpt lat="46.04367" lon="11.53360"><ele>316</ele></trkpt>
      <trkpt lat="46.04372" lon="11.53340"><ele>316</ele></trkpt>
      <trkpt lat="46.04381" lon="11.53316"><ele>317</ele></trkpt>
      <trkpt lat="46.04415" lon="11.53210"><ele>318</ele></trkpt>
      <trkpt lat="46.04438" lon="11.53142"><ele>319</ele></trkpt>
      <trkpt lat="46.04518" lon="11.52927"><ele>321</ele></trkpt>
      <trkpt lat="46.04566" lon="11.52774"><ele>322</ele></trkpt>
      <trkpt lat="46.04581" lon="11.52711"><ele>323</ele></trkpt>
      <trkpt lat="46.04592" lon="11.52646"><ele>323</ele></trkpt>
      <trkpt lat="46.04597" lon="11.52634"><ele>324</ele></trkpt>
      <trkpt lat="46.04600" lon="11.52626"><ele>324</ele></trkpt>
      <trkpt lat="46.04601" lon="11.52616"><ele>324</ele></trkpt>
      <trkpt lat="46.04600" lon="11.52603"><ele>324</ele></trkpt>
      <trkpt lat="46.04600" lon="11.52590"><ele>325</ele></trkpt>
      <trkpt lat="46.04600" lon="11.52582"><ele>326</ele></trkpt>
      <trkpt lat="46.04600" lon="11.52575"><ele>325</ele></trkpt>
      <trkpt lat="46.04600" lon="11.52573"><ele>325</ele></trkpt>
      <trkpt lat="46.04599" lon="11.52560"><ele>325</ele></trkpt>
      <trkpt lat="46.04600" lon="11.52526"><ele>325</ele></trkpt>
      <trkpt lat="46.04598" lon="11.52492"><ele>326</ele></trkpt>
      <trkpt lat="46.04581" lon="11.52272"><ele>327</ele></trkpt>
      <trkpt lat="46.04576" lon="11.52182"><ele>327</ele></trkpt>
      <trkpt lat="46.04577" lon="11.52137"><ele>327</ele></trkpt>
      <trkpt lat="46.04581" lon="11.52085"><ele>328</ele></trkpt>
      <trkpt lat="46.04582" lon="11.52074"><ele>329</ele></trkpt>
      <trkpt lat="46.04583" lon="11.52057"><ele>329</ele></trkpt>
      <trkpt lat="46.04585" lon="11.52041"><ele>329</ele></trkpt>
      <trkpt lat="46.04587" lon="11.52024"><ele>329</ele></trkpt>
      <trkpt lat="46.04592" lon="11.52006"><ele>330</ele></trkpt>
      <trkpt lat="46.04596" lon="11.51994"><ele>330</ele></trkpt>
      <trkpt lat="46.04601" lon="11.51984"><ele>331</ele></trkpt>
      <trkpt lat="46.04609" lon="11.51973"><ele>332</ele></trkpt>
      <trkpt lat="46.04619" lon="11.51963"><ele>332</ele></trkpt>
      <trkpt lat="46.04630" lon="11.51955"><ele>333</ele></trkpt>
      <trkpt lat="46.04644" lon="11.51948"><ele>334</ele></trkpt>
      <trkpt lat="46.04666" lon="11.51948"><ele>335</ele></trkpt>
      <trkpt lat="46.04691" lon="11.51953"><ele>336</ele></trkpt>
      <trkpt lat="46.04716" lon="11.51961"><ele>337</ele></trkpt>
      <trkpt lat="46.04722" lon="11.51962"><ele>338</ele></trkpt>
      <trkpt lat="46.04727" lon="11.51962"><ele>338</ele></trkpt>
      <trkpt lat="46.04732" lon="11.51961"><ele>338</ele></trkpt>
      <trkpt lat="46.04734" lon="11.51960"><ele>338</ele></trkpt>
      <trkpt lat="46.04736" lon="11.51955"><ele>337</ele></trkpt>
      <trkpt lat="46.04736" lon="11.51952"><ele>337</ele></trkpt>
      <trkpt lat="46.04739" lon="11.51895"><ele>339</ele></trkpt>
      <trkpt lat="46.04739" lon="11.51890"><ele>340</ele></trkpt>
      <trkpt lat="46.04738" lon="11.51887"><ele>340</ele></trkpt>
      <trkpt lat="46.04736" lon="11.51885"><ele>340</ele></trkpt>
      <trkpt lat="46.04730" lon="11.51883"><ele>339</ele></trkpt>
      <trkpt lat="46.04713" lon="11.51884"><ele>337</ele></trkpt>
      <trkpt lat="46.04690" lon="11.51882"><ele>335</ele></trkpt>
      <trkpt lat="46.04665" lon="11.51874"><ele>335</ele></trkpt>
      <trkpt lat="46.04631" lon="11.51860"><ele>334</ele></trkpt>
      <trkpt lat="46.04622" lon="11.51854"><ele>334</ele></trkpt>
      <trkpt lat="46.04617" lon="11.51850"><ele>333</ele></trkpt>
      <trkpt lat="46.04606" lon="11.51837"><ele>332</ele></trkpt>
      <trkpt lat="46.04600" lon="11.51825"><ele>331</ele></trkpt>
      <trkpt lat="46.04598" lon="11.51815"><ele>331</ele></trkpt>
      <trkpt lat="46.04597" lon="11.51802"><ele>331</ele></trkpt>
      <trkpt lat="46.04595" lon="11.51779"><ele>331</ele></trkpt>
      <trkpt lat="46.04595" lon="11.51742"><ele>331</ele></trkpt>
      <trkpt lat="46.04592" lon="11.51732"><ele>331</ele></trkpt>
      <trkpt lat="46.04588" lon="11.51723"><ele>332</ele></trkpt>
      <trkpt lat="46.04582" lon="11.51707"><ele>331</ele></trkpt>
      <trkpt lat="46.04573" lon="11.51658"><ele>332</ele></trkpt>
      <trkpt lat="46.04542" lon="11.51546"><ele>332</ele></trkpt>
      <trkpt lat="46.04540" lon="11.51537"><ele>332</ele></trkpt>
      <trkpt lat="46.04539" lon="11.51526"><ele>332</ele></trkpt>
      <trkpt lat="46.04540" lon="11.51511"><ele>333</ele></trkpt>
      <trkpt lat="46.04543" lon="11.51492"><ele>334</ele></trkpt>
      <trkpt lat="46.04549" lon="11.51458"><ele>336</ele></trkpt>
      <trkpt lat="46.04555" lon="11.51437"><ele>337</ele></trkpt>
      <trkpt lat="46.04561" lon="11.51417"><ele>338</ele></trkpt>
      <trkpt lat="46.04571" lon="11.51391"><ele>338</ele></trkpt>
      <trkpt lat="46.04571" lon="11.51388"><ele>338</ele></trkpt>
      <trkpt lat="46.04570" lon="11.51387"><ele>338</ele></trkpt>
      <trkpt lat="46.04566" lon="11.51384"><ele>337</ele></trkpt>
      <trkpt lat="46.04532" lon="11.51361"><ele>336</ele></trkpt>
      <trkpt lat="46.04529" lon="11.51357"><ele>337</ele></trkpt>
      <trkpt lat="46.04529" lon="11.51353"><ele>336</ele></trkpt>
      <trkpt lat="46.04551" lon="11.51314"><ele>336</ele></trkpt>
      <trkpt lat="46.04565" lon="11.51293"><ele>337</ele></trkpt>
      <trkpt lat="46.04576" lon="11.51280"><ele>338</ele></trkpt>
      <trkpt lat="46.04585" lon="11.51272"><ele>338</ele></trkpt>
      <trkpt lat="46.04590" lon="11.51263"><ele>338</ele></trkpt>
      <trkpt lat="46.04594" lon="11.51256"><ele>338</ele></trkpt>
      <trkpt lat="46.04595" lon="11.51240"><ele>338</ele></trkpt>
      <trkpt lat="46.04594" lon="11.51204"><ele>338</ele></trkpt>
      <trkpt lat="46.04595" lon="11.51162"><ele>337</ele></trkpt>
      <trkpt lat="46.04593" lon="11.51141"><ele>337</ele></trkpt>
      <trkpt lat="46.04589" lon="11.51107"><ele>336</ele></trkpt>
      <trkpt lat="46.04591" lon="11.51084"><ele>336</ele></trkpt>
      <trkpt lat="46.04596" lon="11.51064"><ele>336</ele></trkpt>
      <trkpt lat="46.04607" lon="11.51026"><ele>337</ele></trkpt>
      <trkpt lat="46.04609" lon="11.51003"><ele>337</ele></trkpt>
      <trkpt lat="46.04609" lon="11.50981"><ele>337</ele></trkpt>
      <trkpt lat="46.04607" lon="11.50956"><ele>336</ele></trkpt>
      <trkpt lat="46.04606" lon="11.50915"><ele>337</ele></trkpt>
      <trkpt lat="46.04611" lon="11.50896"><ele>338</ele></trkpt>
      <trkpt lat="46.04622" lon="11.50868"><ele>336</ele></trkpt>
      <trkpt lat="46.04631" lon="11.50842"><ele>337</ele></trkpt>
      <trkpt lat="46.04648" lon="11.50802"><ele>338</ele></trkpt>
      <trkpt lat="46.04653" lon="11.50788"><ele>338</ele></trkpt>
      <trkpt lat="46.04679" lon="11.50714"><ele>339</ele></trkpt>
      <trkpt lat="46.04727" lon="11.50576"><ele>341</ele></trkpt>
      <trkpt lat="46.04763" lon="11.50468"><ele>341</ele></trkpt>
      <trkpt lat="46.04780" lon="11.50410"><ele>344</ele></trkpt>
      <trkpt lat="46.04802" lon="11.50316"><ele>344</ele></trkpt>
      <trkpt lat="46.04814" lon="11.50248"><ele>344</ele></trkpt>
      <trkpt lat="46.04835" lon="11.50078"><ele>346</ele></trkpt>
      <trkpt lat="46.04879" lon="11.49740"><ele>347</ele></trkpt>
      <trkpt lat="46.04905" lon="11.49553"><ele>349</ele></trkpt>
      <trkpt lat="46.04928" lon="11.49390"><ele>351</ele></trkpt>
      <trkpt lat="46.04928" lon="11.49385"><ele>351</ele></trkpt>
      <trkpt lat="46.04928" lon="11.49380"><ele>351</ele></trkpt>
      <trkpt lat="46.04929" lon="11.49280"><ele>351</ele></trkpt>
      <trkpt lat="46.04928" lon="11.49261"><ele>351</ele></trkpt>
      <trkpt lat="46.04925" lon="11.49236"><ele>352</ele></trkpt>
      <trkpt lat="46.04920" lon="11.49197"><ele>353</ele></trkpt>
      <trkpt lat="46.04907" lon="11.49127"><ele>354</ele></trkpt>
      <trkpt lat="46.04894" lon="11.49065"><ele>354</ele></trkpt>
      <trkpt lat="46.04870" lon="11.48939"><ele>356</ele></trkpt>
      <trkpt lat="46.04863" lon="11.48896"><ele>357</ele></trkpt>
      <trkpt lat="46.04859" lon="11.48855"><ele>358</ele></trkpt>
      <trkpt lat="46.04850" lon="11.48724"><ele>358</ele></trkpt>
      <trkpt lat="46.04849" lon="11.48649"><ele>358</ele></trkpt>
      <trkpt lat="46.04850" lon="11.48489"><ele>360</ele></trkpt>
      <trkpt lat="46.04852" lon="11.48465"><ele>360</ele></trkpt>
      <trkpt lat="46.04854" lon="11.48457"><ele>361</ele></trkpt>
      <trkpt lat="46.04855" lon="11.48452"><ele>361</ele></trkpt>
      <trkpt lat="46.04850" lon="11.48448"><ele>360</ele></trkpt>
      <trkpt lat="46.04823" lon="11.48426"><ele>360</ele></trkpt>
      <trkpt lat="46.04818" lon="11.48422"><ele>361</ele></trkpt>
      <trkpt lat="46.04831" lon="11.48398"><ele>361</ele></trkpt>
      <trkpt lat="46.04839" lon="11.48376"><ele>361</ele></trkpt>
      <trkpt lat="46.04851" lon="11.48325"><ele>360</ele></trkpt>
      <trkpt lat="46.04861" lon="11.48286"><ele>362</ele></trkpt>
      <trkpt lat="46.04872" lon="11.48245"><ele>362</ele></trkpt>
      <trkpt lat="46.04887" lon="11.48199"><ele>362</ele></trkpt>
      <trkpt lat="46.04912" lon="11.48111"><ele>364</ele></trkpt>
      <trkpt lat="46.04931" lon="11.48046"><ele>363</ele></trkpt>
      <trkpt lat="46.04949" lon="11.47990"><ele>365</ele></trkpt>
      <trkpt lat="46.04973" lon="11.47923"><ele>366</ele></trkpt>
      <trkpt lat="46.04997" lon="11.47858"><ele>365</ele></trkpt>
      <trkpt lat="46.05009" lon="11.47827"><ele>365</ele></trkpt>
      <trkpt lat="46.05022" lon="11.47795"><ele>366</ele></trkpt>
      <trkpt lat="46.05030" lon="11.47780"><ele>366</ele></trkpt>
      <trkpt lat="46.05035" lon="11.47764"><ele>366</ele></trkpt>
      <trkpt lat="46.05039" lon="11.47735"><ele>366</ele></trkpt>
      <trkpt lat="46.05045" lon="11.47664"><ele>368</ele></trkpt>
      <trkpt lat="46.05048" lon="11.47630"><ele>368</ele></trkpt>
      <trkpt lat="46.05060" lon="11.47590"><ele>369</ele></trkpt>
      <trkpt lat="46.05081" lon="11.47550"><ele>369</ele></trkpt>
      <trkpt lat="46.05139" lon="11.47464"><ele>372</ele></trkpt>
      <trkpt lat="46.05144" lon="11.47455"><ele>372</ele></trkpt>
      <trkpt lat="46.05145" lon="11.47450"><ele>372</ele></trkpt>
      <trkpt lat="46.05146" lon="11.47444"><ele>372</ele></trkpt>
      <trkpt lat="46.05147" lon="11.47417"><ele>374</ele></trkpt>
      <trkpt lat="46.05145" lon="11.47386"><ele>376</ele></trkpt>
      <trkpt lat="46.05143" lon="11.47368"><ele>376</ele></trkpt>
      <trkpt lat="46.05139" lon="11.47349"><ele>376</ele></trkpt>
      <trkpt lat="46.05134" lon="11.47333"><ele>375</ele></trkpt>
      <trkpt lat="46.05109" lon="11.47262"><ele>378</ele></trkpt>
      <trkpt lat="46.05092" lon="11.47222"><ele>380</ele></trkpt>
      <trkpt lat="46.05080" lon="11.47194"><ele>380</ele></trkpt>
      <trkpt lat="46.05074" lon="11.47182"><ele>380</ele></trkpt>
      <trkpt lat="46.05051" lon="11.47142"><ele>383</ele></trkpt>
      <trkpt lat="46.05048" lon="11.47138"><ele>383</ele></trkpt>
      <trkpt lat="46.05051" lon="11.47132"><ele>382</ele></trkpt>
      <trkpt lat="46.05069" lon="11.47094"><ele>382</ele></trkpt>
      <trkpt lat="46.05071" lon="11.47091"><ele>382</ele></trkpt>
      <trkpt lat="46.05070" lon="11.47090"><ele>383</ele></trkpt>
      <trkpt lat="46.05069" lon="11.47089"><ele>383</ele></trkpt>
      <trkpt lat="46.05054" lon="11.47072"><ele>384</ele></trkpt>
      <trkpt lat="46.05039" lon="11.47056"><ele>384</ele></trkpt>
      <trkpt lat="46.05036" lon="11.47052"><ele>384</ele></trkpt>
      <trkpt lat="46.05017" lon="11.47031"><ele>384</ele></trkpt>
      <trkpt lat="46.04935" lon="11.46930"><ele>388</ele></trkpt>
      <trkpt lat="46.04904" lon="11.46895"><ele>389</ele></trkpt>
      <trkpt lat="46.04888" lon="11.46878"><ele>390</ele></trkpt>
      <trkpt lat="46.04841" lon="11.46820"><ele>392</ele></trkpt>
      <trkpt lat="46.04817" lon="11.46790"><ele>393</ele></trkpt>
      <trkpt lat="46.04751" lon="11.46709"><ele>397</ele></trkpt>
      <trkpt lat="46.04747" lon="11.46701"><ele>398</ele></trkpt>
      <trkpt lat="46.04748" lon="11.46692"><ele>398</ele></trkpt>
      <trkpt lat="46.04755" lon="11.46683"><ele>398</ele></trkpt>
      <trkpt lat="46.04767" lon="11.46671"><ele>397</ele></trkpt>
      <trkpt lat="46.04798" lon="11.46644"><ele>398</ele></trkpt>
      <trkpt lat="46.04815" lon="11.46627"><ele>398</ele></trkpt>
      <trkpt lat="46.04837" lon="11.46589"><ele>398</ele></trkpt>
      <trkpt lat="46.04840" lon="11.46584"><ele>398</ele></trkpt>
      <trkpt lat="46.04854" lon="11.46547"><ele>398</ele></trkpt>
      <trkpt lat="46.04858" lon="11.46534"><ele>398</ele></trkpt>
      <trkpt lat="46.04865" lon="11.46513"><ele>398</ele></trkpt>
      <trkpt lat="46.04871" lon="11.46493"><ele>398</ele></trkpt>
      <trkpt lat="46.04879" lon="11.46470"><ele>398</ele></trkpt>
      <trkpt lat="46.04882" lon="11.46459"><ele>398</ele></trkpt>
      <trkpt lat="46.04888" lon="11.46442"><ele>400</ele></trkpt>
      <trkpt lat="46.04902" lon="11.46400"><ele>399</ele></trkpt>
      <trkpt lat="46.04922" lon="11.46338"><ele>400</ele></trkpt>
      <trkpt lat="46.04933" lon="11.46310"><ele>400</ele></trkpt>
      <trkpt lat="46.04945" lon="11.46280"><ele>400</ele></trkpt>
      <trkpt lat="46.04950" lon="11.46269"><ele>400</ele></trkpt>
      <trkpt lat="46.04971" lon="11.46224"><ele>400</ele></trkpt>
      <trkpt lat="46.04995" lon="11.46137"><ele>400</ele></trkpt>
      <trkpt lat="46.05020" lon="11.46048"><ele>398</ele></trkpt>
      <trkpt lat="46.05021" lon="11.46044"><ele>398</ele></trkpt>
      <trkpt lat="46.05039" lon="11.46013"><ele>396</ele></trkpt>
      <trkpt lat="46.05043" lon="11.46003"><ele>395</ele></trkpt>
      <trkpt lat="46.05044" lon="11.45993"><ele>396</ele></trkpt>
      <trkpt lat="46.05045" lon="11.45980"><ele>397</ele></trkpt>
      <trkpt lat="46.05045" lon="11.45973"><ele>398</ele></trkpt>
      <trkpt lat="46.05062" lon="11.45968"><ele>398</ele></trkpt>
      <trkpt lat="46.05091" lon="11.45955"><ele>396</ele></trkpt>
      <trkpt lat="46.05100" lon="11.45952"><ele>395</ele></trkpt>
      <trkpt lat="46.05099" lon="11.45949"><ele>395</ele></trkpt>
      <trkpt lat="46.05088" lon="11.45891"><ele>395</ele></trkpt>
      <trkpt lat="46.05072" lon="11.45804"><ele>394</ele></trkpt>
      <trkpt lat="46.05057" lon="11.45721"><ele>394</ele></trkpt>
      <trkpt lat="46.05058" lon="11.45715"><ele>394</ele></trkpt>
      <trkpt lat="46.05060" lon="11.45709"><ele>394</ele></trkpt>
      <trkpt lat="46.05076" lon="11.45673"><ele>394</ele></trkpt>
      <trkpt lat="46.05076" lon="11.45670"><ele>394</ele></trkpt>
      <trkpt lat="46.05078" lon="11.45664"><ele>394</ele></trkpt>
      <trkpt lat="46.05086" lon="11.45661"><ele>393</ele></trkpt>
      <trkpt lat="46.05127" lon="11.45648"><ele>391</ele></trkpt>
      <trkpt lat="46.05129" lon="11.45648"><ele>391</ele></trkpt>
      <trkpt lat="46.05135" lon="11.45646"><ele>391</ele></trkpt>
      <trkpt lat="46.05136" lon="11.45646"><ele>391</ele></trkpt>
      <trkpt lat="46.05146" lon="11.45644"><ele>390</ele></trkpt>
      <trkpt lat="46.05159" lon="11.45640"><ele>390</ele></trkpt>
      <trkpt lat="46.05161" lon="11.45640"><ele>390</ele></trkpt>
      <trkpt lat="46.05165" lon="11.45639"><ele>390</ele></trkpt>
      <trkpt lat="46.05181" lon="11.45634"><ele>389</ele></trkpt>
      <trkpt lat="46.05196" lon="11.45629"><ele>388</ele></trkpt>
      <trkpt lat="46.05202" lon="11.45627"><ele>388</ele></trkpt>
      <trkpt lat="46.05224" lon="11.45619"><ele>386</ele></trkpt>
      <trkpt lat="46.05223" lon="11.45608"><ele>387</ele></trkpt>
      <trkpt lat="46.05240" lon="11.45605"><ele>386</ele></trkpt>
      <trkpt lat="46.05254" lon="11.45600"><ele>384</ele></trkpt>
    </trkseg>
  </trk>
</gpx>
